is_muted,time_unmuted,is_speaking,speaking_duration,camera_on,hand_raised,hand_raise_count,message_length,hesitation_count,has_question,confidence_level,missing_assignments,grade_trend,struggle_label
1,606,0,239,0,0,0,20,5,0,38,1,96,0
0,301,0,48,0,0,3,35,2,1,61,1,107,0
1,487,0,281,0,1,1,9,1,0,77,2,116,0
0,570,1,276,1,0,1,22,3,0,78,1,103,0
0,374,0,235,1,1,3,2,1,0,63,2,94,1
0,1305,0,256,0,0,3,40,1,0,47,2,99,1
1,142,0,5,0,0,2,20,4,0,7,3,80,1
0,772,1,294,0,0,2,48,2,0,65,2,89,0
0,465,1,314,0,0,4,33,3,0,86,4,80,1
1,0,0,0,0,0,0,16,2,0,10,3,104,0
1,693,1,135,0,0,1,0,4,0,59,4,84,1
0,782,0,132,1,0,1,5,0,0,44,2,99,0
1,37,0,13,0,0,1,0,4,0,28,1,113,0
1,991,0,169,0,0,2,32,0,0,54,3,104,0
1,61,0,0,1,0,0,13,6,0,0,2,107,0
1,579,0,313,0,0,0,36,1,0,43,4,90,1
1,411,0,59,0,0,1,6,3,0,45,3,98,0
0,256,1,76,1,0,2,34,0,0,78,3,70,1
0,441,0,114,1,0,1,6,2,1,40,1,82,0
1,193,0,94,1,0,0,14,3,0,26,0,126,0
0,215,1,91,1,0,2,22,0,0,73,4,70,1
1,305,0,77,0,0,3,45,1,0,54,3,100,0
0,262,1,43,1,0,0,35,2,0,45,4,89,0
1,996,1,235,0,0,1,27,0,1,53,1,115,0
0,456,1,146,1,0,2,27,5,0,75,0,102,0
0,143,1,189,1,0,2,22,0,0,71,4,71,1
1,1040,0,191,0,0,2,47,1,0,60,4,72,1
1,0,0,65,0,0,2,56,3,0,0,4,88,1
0,641,1,29,1,0,1,32,2,0,81,2,104,0
1,547,0,87,1,1,1,25,1,0,54,2,85,0
1,132,0,182,1,0,1,29,0,0,45,3,109,1
0,955,1,354,1,1,3,71,0,1,77,3,84,0
1,961,1,201,0,0,1,50,3,0,41,4,78,1
1,269,0,244,1,0,1,24,5,0,30,4,102,0
1,562,0,112,0,0,1,21,5,0,15,1,95,0
1,586,1,216,0,0,2,63,1,0,74,4,70,1
0,724,1,233,1,0,2,32,4,0,68,4,83,0
0,807,1,42,0,0,1,36,0,0,61,3,104,0
0,1018,1,186,1,0,1,31,1,1,76,3,89,0
0,400,0,298,1,1,2,61,4,0,72,3,84,0
0,1211,0,121,0,0,3,15,1,0,74,1,110,0
0,1332,1,362,1,1,3,36,0,0,79,2,89,1
0,2,0,277,0,0,1,16,1,0,57,3,113,0
0,977,0,183,0,0,1,41,1,0,34,4,72,1
1,1136,0,66,0,1,2,10,0,0,54,0,106,1
0,1017,0,123,1,0,4,23,2,0,60,1,99,0
0,476,0,131,1,0,2,21,3,0,36,3,99,0
0,228,0,47,0,0,2,20,4,1,64,2,97,0
0,292,0,195,0,0,1,9,1,1,65,2,106,0
0,925,0,142,1,1,1,34,1,0,55,4,97,0
1,658,0,0,1,1,1,22,2,0,63,2,92,0
1,360,0,115,1,0,1,0,2,0,33,4,76,1
1,308,0,112,0,0,0,0,1,0,39,2,96,0
0,1072,0,339,1,0,2,12,2,0,72,4,98,0
0,973,0,185,1,1,5,43,2,1,65,2,101,1
1,0,0,76,1,0,2,8,2,0,31,0,112,0
1,420,1,163,1,0,3,35,2,0,44,4,74,1
1,0,0,0,0,0,0,0,3,0,22,2,74,1
1,1047,0,193,0,0,3,39,0,1,64,1,90,0
0,1800,0,328,1,0,2,43,3,0,91,4,84,1
0,429,0,0,1,1,0,21,2,0,54,4,85,0
1,0,0,59,0,1,1,11,4,0,17,1,117,0
0,0,0,0,0,1,4,5,2,0,40,3,100,1
0,863,0,176,0,0,2,35,3,0,56,1,130,1
0,1054,0,151,0,0,2,5,2,0,45,3,77,1
0,885,1,228,0,1,3,19,0,0,88,3,93,0
1,163,0,246,0,0,2,7,4,0,46,2,77,1
0,258,1,138,1,0,2,15,0,0,73,3,82,1
1,673,0,0,1,1,2,34,3,0,40,2,91,0
0,700,1,157,1,0,1,27,5,0,25,2,88,0
1,552,0,0,0,0,1,0,5,0,32,2,114,0
1,1172,0,288,1,0,3,14,1,0,38,2,91,0
0,381,1,55,0,0,1,17,2,0,71,0,87,0
1,217,0,92,1,0,0,0,5,0,15,4,74,1
1,626,0,84,1,0,1,7,4,0,10,2,111,0
1,83,0,76,1,0,0,54,3,0,14,3,78,1
1,0,1,89,1,0,0,11,5,0,13,3,71,0
1,878,1,109,0,0,1,26,1,0,48,3,71,1
0,1149,0,407,0,1,0,55,2,1,67,3,87,1
0,1169,0,256,1,1,1,28,1,1,69,3,94,0
0,0,0,319,1,0,3,33,5,1,64,1,107,0
0,1127,0,139,0,0,2,16,0,1,82,2,82,0
0,1135,1,270,1,0,4,27,1,1,81,3,76,0
1,971,0,332,1,1,3,45,0,1,66,3,103,0
1,933,0,351,1,0,3,13,2,0,72,0,112,0
1,0,0,0,0,0,2,7,3,0,8,1,113,0
1,627,0,73,0,0,1,23,4,0,59,3,84,0
1,226,0,263,1,0,3,19,0,0,63,4,83,0
0,1671,0,184,1,1,4,12,1,1,94,3,91,0
0,1233,0,86,1,0,2,36,1,0,75,4,90,0
1,118,0,120,1,0,0,0,5,0,22,0,126,0
0,1132,0,143,0,0,5,43,0,1,84,2,106,0
0,764,0,204,0,1,4,25,2,0,32,4,80,1
0,0,1,98,0,0,0,9,0,0,59,1,97,0
0,1277,0,138,1,1,3,21,3,1,46,3,96,0
0,921,0,80,1,0,5,34,0,0,73,4,107,0
0,1181,0,165,1,0,2,10,2,0,76,2,86,0
1,0,0,153,0,0,4,39,0,1,33,4,90,1
0,834,1,269,1,1,1,29,3,1,54,1,100,0
0,663,0,134,0,0,1,14,4,0,29,3,94,0
1,329,0,99,1,1,1,0,0,0,38,2,122,1
0,748,1,310,1,1,3,15,4,1,87,2,91,0
1,0,1,0,0,1,2,8,2,1,41,2,114,0
0,1030,1,335,1,1,4,21,0,1,67,1,93,0
1,756,0,194,1,0,5,3,1,0,67,3,86,0
0,1195,0,0,0,0,4,47,0,0,85,3,85,1
0,969,0,139,1,1,4,30,1,0,86,3,94,0
0,701,0,33,1,0,3,11,1,0,65,3,94,1
0,1010,0,160,1,0,2,43,2,0,86,4,76,1
1,948,0,216,0,1,3,15,2,0,21,3,86,1
1,780,0,55,0,1,2,4,3,0,38,0,93,0
1,332,1,0,1,0,1,26,0,1,27,0,113,0
0,949,0,300,0,0,2,30,3,0,63,3,103,1
1,0,0,44,0,0,0,21,3,0,30,4,76,0
0,1149,1,242,1,0,2,29,4,0,74,4,82,0
1,846,0,276,0,0,1,67,3,1,48,4,70,1
0,944,0,302,1,0,2,37,0,0,69,3,105,0
1,626,0,64,1,0,2,31,3,0,52,2,116,0
0,802,1,144,1,0,1,19,1,0,41,2,88,0
1,885,0,286,1,0,0,28,3,0,62,2,111,0
1,0,0,51,1,0,2,0,2,0,12,3,85,0
1,840,0,196,0,0,1,0,4,0,52,2,88,0
1,500,0,300,1,1,2,27,2,0,96,2,121,0
1,635,0,157,0,0,1,17,3,0,30,1,100,1
0,398,0,81,1,0,0,8,1,0,64,2,91,0
1,427,0,108,1,1,1,25,2,1,87,0,99,0
1,710,0,61,1,1,4,21,2,0,58,0,107,0
0,702,0,83,1,0,1,16,4,0,54,2,95,1
1,869,0,23,0,0,0,5,3,0,15,4,104,0
1,171,0,163,1,0,0,14,2,0,47,3,89,1
0,15,0,37,0,0,0,0,2,1,30,3,97,0
0,1014,0,72,0,1,1,58,2,1,57,4,78,1
1,0,0,0,0,1,2,34,5,0,24,1,122,0
0,834,0,133,0,0,3,17,0,0,59,2,83,0
1,833,0,86,1,0,0,1,1,0,51,2,102,0
1,705,1,167,1,0,1,19,7,0,29,2,120,0
0,566,0,56,1,0,2,16,1,0,67,3,83,0
0,450,1,150,0,0,2,60,6,1,80,3,82,1
1,891,0,8,1,0,0,0,6,0,17,4,74,1
0,429,0,39,0,0,1,20,5,0,30,3,85,0
1,315,0,18,0,0,0,8,4,1,37,1,117,0
0,819,1,265,1,0,0,58,3,0,87,3,85,0
0,1135,0,140,0,1,1,35,3,0,62,4,100,0
0,482,0,167,1,0,3,30,2,0,66,3,81,0
1,1159,1,146,1,0,2,24,0,0,65,2,115,1
1,1491,0,115,1,1,3,21,1,1,77,2,104,0
0,711,0,185,0,0,2,48,1,0,69,4,80,1
0,347,1,72,0,0,1,65,0,0,44,3,76,1
0,0,0,121,1,0,1,9,3,0,28,2,106,0
1,0,0,140,0,0,1,51,3,0,36,4,82,1
1,0,0,0,0,0,1,18,4,0,39,4,102,0
1,635,1,0,0,1,1,0,4,0,17,4,107,0
1,62,0,175,0,0,1,25,2,0,60,2,80,1
0,778,1,167,1,1,3,42,2,0,58,0,116,0
1,1347,0,238,1,0,2,48,1,1,79,3,83,0
0,1585,1,121,1,1,3,21,1,0,100,3,90,0
1,812,0,194,0,0,5,22,2,0,53,2,100,0
0,952,1,447,0,1,4,36,0,0,84,1,130,0
0,1298,1,182,0,0,2,23,0,0,95,2,106,0
1,1086,0,260,1,1,2,37,2,1,86,3,94,0
0,591,0,152,0,0,2,36,4,0,32,4,72,1
0,640,1,361,1,1,2,37,0,1,83,2,89,0
0,848,1,189,0,1,0,21,2,0,57,3,90,0
1,488,0,230,0,0,1,5,3,1,35,2,95,0
1,516,0,65,1,1,1,24,1,0,55,3,108,1
1,0,0,0,0,0,0,17,7,0,25,0,130,0
1,0,0,0,0,0,0,0,0,0,5,2,70,1
0,1146,0,237,1,0,2,44,2,0,52,3,71,1
1,779,0,205,0,1,3,30,0,1,73,3,105,0
1,464,1,65,0,0,2,38,2,0,29,4,77,1
0,350,0,40,1,1,1,23,2,0,23,3,100,0
0,1334,0,0,1,0,3,15,5,1,56,3,88,0
1,497,0,120,0,0,1,0,6,0,23,2,100,0
1,494,0,159,1,0,0,7,2,0,41,3,86,0
1,555,1,188,0,0,2,30,1,1,35,3,84,0
0,1236,1,161,0,1,4,38,2,0,68,4,73,1
0,945,0,139,0,0,2,53,2,0,55,0,119,1
0,1042,0,88,1,0,0,7,1,0,41,2,112,0
0,1378,0,227,1,1,5,30,0,1,98,1,130,0
1,429,1,24,0,0,2,48,2,0,4,4,70,1
0,747,0,322,1,0,2,29,1,0,67,1,108,0
0,918,0,186,1,0,1,23,1,0,71,4,80,0
0,731,0,0,0,0,1,34,4,1,69,4,88,0
0,1313,1,307,1,1,3,13,0,1,69,4,70,1
1,0,0,64,0,0,1,18,2,0,38,3,79,1
0,1482,0,242,0,1,2,7,2,0,27,4,79,1
1,84,0,202,0,1,1,19,3,0,54,3,109,0
1,0,0,117,0,0,2,6,2,0,23,0,112,0
0,442,0,182,0,0,3,24,4,1,42,4,74,1
0,482,0,163,1,0,2,46,1,0,56,4,81,1
0,1082,1,296,1,1,2,18,1,1,74,1,123,0
0,648,0,144,1,0,2,22,0,0,55,4,87,0
0,1236,0,125,1,0,1,27,3,0,75,3,77,0
0,704,1,271,0,1,3,22,0,1,82,2,112,0
1,646,0,110,1,0,1,1,1,0,16,3,102,0
0,1339,1,256,0,0,2,20,0,0,77,2,101,0
0,1105,0,280,1,1,2,31,0,0,94,2,101,0
0,910,0,313,1,0,2,18,0,0,86,2,99,0
1,0,0,48,0,0,0,32,4,0,10,1,102,0
1,428,0,249,1,0,0,18,3,0,65,2,99,0
1,0,0,56,0,0,1,10,1,0,41,2,102,0
0,1380,0,196,1,1,1,57,0,0,88,0,115,0
1,2,0,0,0,0,3,0,5,0,37,2,106,1
1,1228,1,329,1,0,1,13,1,0,67,2,86,0
1,639,0,81,1,0,0,29,1,0,60,1,109,0
1,476,0,83,1,0,2,24,2,0,30,4,94,0
1,189,0,0,1,0,2,11,5,0,22,2,107,0
1,0,0,143,0,0,1,43,5,0,9,4,70,1
0,550,0,0,1,0,0,8,4,0,36,1,114,1
1,690,0,153,1,1,2,18,1,0,57,2,108,0
1,460,0,90,0,0,1,12,6,0,25,4,94,1
1,367,0,0,1,1,0,0,1,1,17,1,123,0
0,905,1,343,0,0,3,29,2,0,78,4,75,1
0,100,1,195,1,0,2,33,0,0,55,3,72,1
1,695,0,224,1,1,0,41,2,1,49,1,106,0
0,1176,1,241,0,0,2,54,1,0,63,3,75,1
1,626,0,0,0,0,2,26,3,0,22,3,90,0
1,1350,0,181,0,1,1,12,2,1,62,1,106,0
0,480,0,7,1,0,1,28,3,0,34,4,72,1
1,854,0,192,1,0,1,37,4,1,56,3,83,0
0,749,0,132,0,0,0,2,2,0,36,0,106,1
1,959,0,160,0,1,2,34,4,0,60,2,92,0
1,58,0,188,0,1,1,31,3,1,25,4,95,1
1,386,1,3,0,0,0,32,2,0,30,2,102,0
0,781,0,135,1,0,2,16,4,1,49,2,83,0
1,153,0,111,0,1,1,13,4,0,10,3,76,1
1,1144,0,309,1,0,2,18,0,0,63,0,113,0
1,894,0,38,1,0,3,17,4,1,46,2,97,0
1,655,1,177,0,0,0,21,1,1,55,2,92,0
1,251,0,132,1,1,0,15,3,0,32,4,113,0
0,1154,0,182,0,0,3,29,0,0,61,3,81,0
1,470,1,216,0,0,3,10,2,0,62,1,116,0
1,320,0,27,1,0,0,22,2,0,66,1,99,0
0,0,1,205,0,0,0,0,4,0,33,3,89,0
1,1148,0,138,0,0,0,48,7,0,13,3,90,0
1,975,0,215,1,0,2,42,1,0,62,3,88,0
0,887,0,72,0,0,1,13,6,1,44,2,88,0
0,1508,1,202,1,1,1,9,1,0,77,2,92,0
1,496,1,130,1,0,0,63,3,0,3,3,74,1
0,923,0,139,1,1,1,21,0,1,72,2,107,0
1,762,0,162,1,1,3,14,3,0,57,2,88,0
0,414,0,0,1,0,2,12,2,1,57,0,130,0
0,1274,1,172,1,1,3,28,1,0,83,3,101,1
0,709,0,161,1,0,1,54,2,0,49,3,72,1
0,1178,1,27,1,0,2,36,1,0,69,1,120,0
0,26,0,261,0,0,2,0,1,1,49,3,97,1
0,533,1,0,1,0,1,10,4,0,46,3,85,0
1,88,0,118,0,0,3,3,1,0,55,2,101,0
1,1055,1,150,1,0,3,29,3,0,56,3,99,0
1,959,0,177,1,0,2,16,3,0,33,1,116,0
1,905,0,78,1,0,0,29,3,0,44,3,108,0
0,1134,1,213,1,1,3,20,0,1,79,2,109,0
0,320,0,87,0,0,0,28,3,0,35,2,92,0
1,57,1,114,1,0,2,3,3,0,26,4,88,0
0,389,0,195,0,1,2,8,1,0,37,2,103,0
1,372,0,60,0,0,3,39,2,0,61,4,96,0
1,0,0,165,1,0,0,15,3,0,49,2,107,1
1,2,0,0,0,0,0,0,4,0,19,1,75,1
0,1215,0,233,1,1,2,19,1,0,70,0,110,1
1,0,0,0,1,0,1,23,4,0,33,1,109,0
1,574,1,23,0,0,0,22,4,0,23,3,114,0
0,0,0,80,1,0,2,3,3,0,25,1,86,0
1,838,1,151,1,1,2,4,2,0,79,3,102,0
0,1100,1,260,0,0,3,35,2,0,65,2,107,0
0,867,0,135,1,1,2,17,2,1,60,1,99,0
0,802,0,16,0,0,2,4,2,1,43,3,104,0
0,672,0,71,0,0,1,16,5,0,25,1,85,0
1,894,0,13,0,0,1,28,3,1,61,3,97,0
0,1022,0,196,0,0,4,20,0,1,67,4,95,0
0,691,0,197,1,0,0,0,5,0,41,4,100,0
0,824,0,183,1,0,2,32,2,1,59,1,109,0
1,1400,0,191,0,0,3,17,0,0,57,4,89,1
0,1093,0,323,0,0,1,26,3,1,51,2,109,0
0,542,0,263,0,1,5,22,1,0,79,1,103,0
0,931,0,60,1,1,1,13,1,0,51,4,88,0
0,467,1,19,0,0,2,47,4,0,61,4,92,0
0,653,0,27,1,0,2,8,4,0,34,4,92,0
0,1370,0,0,1,1,1,30,2,0,77,0,116,0
1,535,1,85,0,0,1,19,2,0,24,4,72,1
1,572,0,101,0,0,2,30,2,1,47,2,108,0
0,843,0,91,0,0,2,11,1,1,64,2,105,1
0,1304,0,257,0,0,3,10,3,1,67,1,101,0
0,0,0,33,1,0,0,10,3,0,0,3,110,0
1,6,0,0,0,0,0,0,1,0,0,1,72,1
0,708,0,156,0,0,0,17,1,1,36,4,70,1
1,803,1,78,0,0,0,18,2,1,43,2,103,0
1,539,0,45,1,0,0,19,1,0,6,4,70,1
0,702,0,29,1,0,0,15,2,0,51,2,118,0
0,1190,0,125,1,1,4,64,1,1,84,4,77,1
1,933,0,224,1,0,2,24,0,0,65,2,87,0
1,608,0,59,1,0,1,68,0,1,58,4,82,1
0,0,1,0,0,0,2,69,4,0,53,4,81,1
1,679,0,183,0,0,2,17,1,0,71,0,129,0
0,862,0,100,1,0,2,12,1,0,90,2,107,0
0,1660,1,411,0,0,4,41,1,0,100,1,103,0
1,1183,0,0,1,0,2,39,3,1,48,4,88,0
1,0,0,0,0,0,2,20,3,0,31,4,80,1
1,867,0,65,0,0,0,48,3,0,24,4,84,1
1,335,0,247,0,1,1,41,1,0,58,0,130,0
1,272,0,87,0,1,2,0,1,0,20,1,105,0
0,742,1,345,1,0,1,28,0,0,76,1,92,1
1,123,1,148,0,0,2,28,1,0,56,2,97,0
0,805,0,233,1,0,2,26,1,0,79,3,102,0
1,494,0,45,0,0,0,11,3,0,28,1,110,0
1,950,0,267,1,0,1,0,2,0,59,4,88,0
0,1119,0,285,1,0,3,46,2,1,82,0,115,0
0,0,0,125,0,1,1,7,3,1,15,3,82,1
1,114,0,0,0,0,3,12,2,0,33,2,125,1
1,976,1,181,1,0,3,29,4,0,53,1,104,0
0,1299,0,311,1,0,1,6,1,0,66,0,101,0
1,253,0,0,0,0,2,0,2,0,56,4,96,0
1,1243,0,207,1,0,1,27,1,0,86,0,111,0
1,101,1,97,1,0,1,0,2,1,46,2,87,0
0,839,0,363,1,1,3,38,0,0,71,1,111,0
1,193,0,97,0,0,1,22,1,1,20,3,93,1
1,653,0,26,0,1,3,18,4,0,52,2,111,0
1,319,0,202,1,0,2,6,5,0,43,4,85,0
1,71,0,127,1,0,0,5,3,0,0,3,79,1
0,1433,1,130,0,1,4,22,4,0,32,1,99,0
0,301,0,101,1,0,1,9,1,0,58,3,78,1
0,1450,0,221,0,1,4,52,1,0,96,2,78,0
1,260,1,315,0,0,3,23,0,0,48,1,105,0
1,491,0,94,1,0,1,3,3,0,26,1,101,0
1,0,0,29,0,0,0,22,5,0,9,4,79,1
0,337,0,0,1,0,2,22,2,0,47,1,119,0
1,0,0,33,0,1,0,16,4,0,32,2,100,0
1,718,0,272,1,1,2,24,4,0,28,3,93,0
0,327,1,78,0,0,2,8,2,1,30,2,107,0
1,732,0,0,1,0,0,46,3,1,22,4,82,0
1,1105,1,235,0,0,1,32,2,0,83,3,105,0
0,837,0,162,0,1,4,19,3,0,67,4,81,1
1,583,0,0,1,0,0,29,2,0,64,3,89,0
1,466,0,141,0,0,1,1,3,0,47,1,107,0
0,939,0,137,0,0,2,1,1,0,40,4,81,1
1,714,0,46,1,0,1,24,4,0,32,1,98,0
0,98,0,106,0,0,2,20,5,0,28,2,103,1
1,0,0,56,0,1,0,15,2,0,38,4,71,1
0,819,0,262,1,0,3,16,1,0,68,3,70,0
1,1108,0,257,1,0,6,49,0,0,84,3,84,0
1,891,0,190,0,0,4,22,1,0,54,2,91,1
0,1183,1,447,1,1,4,42,2,1,63,2,119,1
1,436,0,180,1,0,1,13,1,1,52,3,117,0
1,542,0,195,0,1,0,41,0,0,84,1,123,0
1,345,0,0,0,0,1,11,3,0,51,3,93,0
0,1111,0,308,1,0,3,37,0,0,91,0,102,1
0,443,0,124,1,0,4,32,2,0,97,2,101,0
0,824,0,327,1,0,2,54,3,0,46,4,80,1
1,11,0,122,0,0,2,13,0,0,47,3,89,0
1,611,0,267,1,0,2,21,2,1,57,1,116,0
0,1305,0,247,0,0,3,21,2,0,61,2,92,0
1,1168,1,70,1,0,2,71,2,1,47,4,72,1
1,1668,0,49,1,0,3,35,0,1,86,2,106,0
1,0,0,2,1,0,0,9,4,0,22,4,85,1
0,267,0,190,1,0,2,21,3,0,43,1,115,0
1,0,0,148,0,0,2,20,3,0,41,2,77,0
1,85,0,0,1,0,2,12,4,0,42,1,130,0
1,0,1,33,0,0,0,16,2,0,26,4,84,1
1,0,0,103,0,1,1,3,3,0,35,1,115,0
0,855,0,0,1,0,1,30,4,1,22,3,93,0
1,423,1,77,0,0,1,51,1,1,35,4,88,1
0,891,0,258,1,0,3,34,1,1,73,4,87,0
0,584,0,210,1,0,2,14,1,1,52,2,117,0
0,1210,1,335,0,1,4,61,3,1,69,4,80,1
1,675,0,267,0,1,1,8,0,0,49,2,104,0
1,581,1,93,1,0,3,23,2,1,76,3,102,1
0,771,1,174,1,0,2,30,2,0,85,2,98,0
0,1118,0,198,1,0,2,29,1,0,53,0,115,0
0,1015,1,322,1,1,4,25,1,0,60,0,104,1
1,120,0,13,1,0,0,13,6,0,7,3,90,0
0,1015,0,341,0,1,2,39,0,0,79,4,107,0
1,1004,1,68,0,0,4,0,2,1,66,0,115,1
1,396,1,66,0,0,2,11,1,1,42,2,71,0
1,208,0,255,1,1,4,38,0,1,57,4,86,0
1,0,0,82,0,0,2,0,1,0,14,1,110,0
1,81,1,266,1,0,2,13,5,0,49,2,98,0
0,1107,1,375,1,0,4,26,2,1,69,3,112,0
1,376,1,81,0,0,2,6,3,0,33,1,104,0
1,1338,1,108,1,1,3,38,1,0,86,3,83,0
0,763,0,290,0,1,2,29,0,0,84,2,77,0
1,527,0,64,1,1,2,11,1,1,37,2,87,1
0,1117,1,269,0,0,3,43,1,1,59,2,119,0
1,1390,0,220,1,0,2,12,1,0,42,1,89,0
1,396,0,103,1,0,1,1,5,1,21,1,116,0
1,809,0,65,0,0,0,1,4,0,0,0,107,0
1,678,0,0,0,0,2,14,3,0,45,0,120,0
0,1341,0,108,1,1,2,22,0,0,77,4,94,1
1,1096,0,298,1,0,1,16,5,0,0,3,92,0
1,1102,0,243,0,1,5,17,0,1,81,1,118,0
1,697,0,161,1,0,0,2,2,0,44,0,110,0
0,389,0,83,0,0,2,0,0,0,71,4,88,0
1,236,1,90,0,0,1,20,3,0,37,3,102,0
1,952,0,250,0,0,2,36,4,0,58,4,93,0
1,0,0,199,0,0,0,7,2,0,52,0,113,0
1,550,0,262,0,0,0,18,3,0,51,2,101,1
1,942,0,70,0,1,3,26,2,1,58,4,97,0
0,1054,1,289,0,1,3,21,0,0,89,0,93,0
0,752,1,239,1,0,2,30,3,1,67,1,112,0
0,1027,1,157,0,0,4,16,2,0,43,3,102,0
1,368,0,247,0,0,0,21,3,0,29,0,108,1
0,747,0,244,1,0,3,13,3,0,67,2,95,0
1,345,0,3,0,0,0,2,0,0,58,1,82,0
0,932,0,217,0,0,3,20,0,0,60,4,76,0
0,622,0,39,1,1,1,47,0,0,76,1,120,0
1,75,0,0,0,0,1,18,2,0,43,3,91,0
0,907,1,356,0,1,3,22,0,0,100,0,119,0
0,902,1,223,1,0,2,39,0,1,81,2,76,0
1,497,0,113,1,0,1,19,0,0,44,0,122,0
1,180,0,179,0,0,3,56,3,0,16,4,82,1
1,204,0,0,1,0,0,19,2,1,63,3,96,0
0,435,0,52,0,0,4,0,3,0,39,2,84,0
0,3,0,166,0,1,1,12,2,0,78,3,102,0
0,624,0,268,1,0,4,33,0,0,58,0,116,0
1,242,0,103,0,1,0,13,6,0,45,3,88,0
0,667,0,174,1,1,3,0,1,0,61,2,88,0
0,160,1,206,1,0,2,28,0,0,68,2,70,1
0,793,0,77,0,0,1,13,2,0,19,2,106,0
0,1046,0,98,1,0,1,33,1,0,74,2,92,1
1,677,0,204,0,0,0,62,1,0,63,4,83,1
0,30,0,0,1,0,0,2,4,0,35,2,79,0
0,591,0,106,0,0,0,21,0,1,45,3,80,1
0,305,0,0,0,1,0,8,5,0,38,1,107,0
1,0,0,27,0,0,0,0,6,0,31,2,86,0
0,1452,1,203,0,0,4,20,0,1,85,3,84,0
1,718,0,230,0,1,0,29,0,1,62,1,113,0
1,10,0,0,0,0,0,0,1,0,9,2,72,0
0,984,0,0,1,1,1,45,0,1,72,3,99,1
0,91,1,191,0,0,0,0,3,0,45,1,123,0
1,1075,0,148,1,0,2,52,2,0,68,4,78,1
1,1588,0,257,1,1,3,34,2,0,82,2,107,0
1,917,0,235,1,0,0,20,1,0,70,1,106,0
1,0,0,70,1,0,1,10,8,1,12,4,80,1
1,302,0,60,0,0,3,0,5,0,13,2,96,0
0,691,0,330,0,1,1,37,0,0,84,0,112,0
0,577,0,0,0,0,1,34,4,0,44,4,83,1
1,687,1,423,0,0,2,37,0,0,92,3,88,0
1,72,0,205,0,0,2,57,0,1,63,3,86,0
1,805,1,289,1,0,2,22,1,1,86,3,94,0
0,1349,0,236,1,1,2,27,0,1,81,1,101,0
1,694,0,11,0,0,3,25,1,1,81,3,73,1
1,0,0,78,0,0,3,10,3,0,7,0,107,1
0,254,0,167,1,0,1,52,3,0,38,3,76,0
0,908,0,163,1,0,2,20,2,1,56,3,70,1
1,0,0,0,0,0,0,0,0,0,25,1,71,1
1,640,0,101,0,0,3,22,1,1,74,3,93,0
0,619,0,42,1,1,0,18,2,1,62,3,96,0
1,207,0,0,0,0,1,0,1,1,33,4,89,1
1,662,0,8,0,0,0,0,5,0,16,4,94,1
1,406,0,35,0,0,1,0,5,0,15,3,103,0
1,486,0,155,0,0,2,0,0,0,52,2,108,0
0,491,0,0,1,1,3,4,5,1,52,3,90,0
1,26,0,24,0,0,0,0,4,1,17,4,97,0
0,698,1,126,1,1,2,34,4,0,58,3,76,0
1,198,0,180,1,0,1,11,0,0,53,3,85,0
1,506,0,355,0,1,5,16,1,0,100,4,90,0
0,326,0,200,0,1,2,25,1,0,68,1,95,0
0,1236,1,230,1,1,3,42,2,1,61,4,79,1
1,1276,1,89,1,0,2,14,4,0,58,3,87,0
1,532,0,63,0,0,0,15,4,0,20,3,75,1
0,843,0,276,1,0,1,19,0,1,34,4,82,1
1,219,0,103,0,1,2,22,0,0,63,4,107,0
1,165,0,87,0,0,2,13,4,0,30,3,97,0
1,340,0,0,0,0,1,22,4,0,11,4,87,1
1,1199,1,147,1,0,0,20,1,0,84,2,98,0
0,784,0,157,1,1,0,24,2,1,67,2,90,0
1,200,0,177,0,0,2,15,3,0,54,3,90,0
0,604,0,188,0,0,2,28,2,0,64,1,118,1
1,362,0,214,0,1,2,12,3,0,84,4,87,0
0,931,1,190,0,1,3,33,0,1,64,3,98,1
1,1288,1,172,1,1,1,16,1,0,62,3,72,1
1,0,0,240,0,1,2,29,2,0,37,2,102,0
0,674,0,307,1,0,3,4,1,0,59,2,116,0
0,806,0,196,1,1,2,17,1,0,59,3,89,0
1,699,0,14,1,0,1,15,5,0,53,0,116,0
1,1038,0,115,1,0,0,8,4,0,52,1,101,0
1,0,0,199,0,0,1,10,3,0,28,1,107,1
1,426,0,0,0,0,0,9,4,0,12,3,101,0
0,936,0,388,1,0,4,25,2,0,86,3,83,1
1,287,0,70,0,0,0,1,3,0,49,4,103,0
1,437,0,0,0,0,0,54,0,0,53,3,70,0
0,1511,1,313,1,0,1,67,1,1,88,3,89,0
0,917,0,68,1,0,3,45,3,1,44,3,98,0
1,904,1,164,0,0,1,19,1,0,58,1,84,0
1,31,0,0,0,0,2,0,3,1,24,2,94,0
1,1102,0,28,1,0,3,21,0,0,56,2,120,0
0,926,0,135,0,1,2,23,0,1,78,3,96,0
0,1396,0,58,1,1,3,27,1,0,93,2,95,0
1,0,0,141,0,0,1,33,4,0,54,4,81,1
1,3,0,73,0,0,2,43,4,0,22,4,73,1
0,1501,0,293,1,0,2,26,2,0,63,1,117,0
1,19,0,70,0,0,0,25,5,0,8,2,91,0
0,564,0,169,0,0,2,12,1,0,52,3,105,1
0,1513,1,334,1,0,1,45,0,0,69,0,112,0
0,561,0,67,0,0,3,54,6,0,42,3,82,0
1,4,0,0,0,0,0,0,1,0,5,1,79,0
1,378,0,131,1,0,1,22,2,0,32,4,83,1
0,1017,0,203,0,0,4,20,3,0,39,1,108,0
0,173,0,127,0,1,0,3,2,0,46,3,90,0
1,307,0,143,1,1,6,59,0,1,100,4,70,1
1,0,0,280,1,0,4,35,1,1,66,2,123,0
1,292,0,199,0,0,0,36,6,0,36,4,70,0
1,83,0,18,1,0,0,7,5,0,23,3,98,0
1,1551,0,227,0,0,1,49,4,0,94,4,80,1
0,833,0,203,1,0,1,40,3,0,55,4,75,1
0,914,0,217,1,0,2,38,4,0,57,3,98,0
1,21,0,155,0,0,1,13,3,1,56,2,84,0
0,1134,1,268,1,1,2,23,1,0,59,1,101,0
1,498,0,68,0,0,0,0,5,0,11,2,123,0
0,268,1,171,1,0,2,42,0,0,88,3,74,1
0,1444,0,138,1,0,2,62,0,0,60,3,84,0
1,1012,1,116,1,0,5,18,2,1,56,3,80,0
1,130,0,33,0,0,1,19,3,0,53,1,114,0
1,882,1,117,0,0,1,33,4,0,45,3,94,0
1,1003,0,105,0,0,1,12,2,1,29,4,78,1
0,437,0,141,0,1,2,38,2,0,58,4,84,0
1,552,0,101,1,1,4,23,2,0,26,4,80,1
1,466,0,127,1,0,1,1,2,0,55,2,116,0
0,566,0,43,0,0,2,26,3,0,32,1,110,0
0,569,1,289,1,0,3,19,2,1,81,2,122,0
0,507,0,7,1,0,4,13,2,0,56,3,95,0
1,275,0,87,1,0,1,29,4,0,9,4,72,0
1,143,1,23,0,0,0,0,3,0,22,2,121,0
0,1612,1,413,1,1,2,27,2,0,86,1,94,0
0,402,0,163,1,0,2,1,4,0,46,2,108,0
0,953,0,3,1,0,3,16,0,1,44,4,91,0
0,1394,0,158,1,0,2,38,2,1,79,4,73,1
1,919,0,0,1,0,1,22,1,0,56,2,113,0
1,315,0,91,0,0,0,26,3,0,46,3,99,0
0,780,0,307,1,0,3,32,2,0,55,4,72,1
0,1199,0,0,1,1,2,38,0,0,68,1,105,0
1,1296,0,115,1,0,3,32,1,0,90,3,98,0
1,813,0,102,1,0,0,19,0,0,76,4,94,1
0,1007,0,70,1,0,3,13,0,0,84,4,90,0
0,1300,1,216,1,0,3,49,0,1,80,0,106,1
0,253,1,143,1,0,2,33,0,0,72,3,85,1
1,323,1,72,0,0,1,64,4,0,19,4,70,1
0,1178,0,395,1,0,5,35,1,0,75,0,123,1
0,538,0,62,1,0,1,36,2,0,37,1,93,0
1,142,1,19,0,0,1,4,4,0,43,1,92,0
0,712,0,191,0,0,3,21,1,1,76,1,109,0
1,107,0,297,1,0,1,43,1,0,53,4,83,0
0,331,1,111,0,1,5,35,0,1,77,1,108,0
1,0,0,42,1,1,0,29,5,0,51,3,101,0
1,277,0,175,0,0,0,24,4,0,40,3,89,0
1,0,1,198,1,0,2,0,1,1,51,1,97,0
1,0,0,100,0,1,1,0,4,0,22,1,113,0
0,1234,0,137,0,0,2,34,1,1,59,1,117,0
0,0,0,0,1,0,1,10,5,0,23,0,118,0
1,64,0,67,0,0,2,53,2,0,34,2,87,0
0,826,0,191,1,1,0,47,2,1,78,4,81,0
0,817,0,219,0,0,0,44,0,0,44,4,83,1
1,939,0,199,0,0,1,90,1,1,33,4,82,1
0,874,0,72,0,1,3,22,1,0,65,3,94,0
0,1635,0,211,1,0,3,28,0,1,72,4,80,0
0,1261,1,266,0,0,2,26,0,1,82,1,117,0
0,833,0,285,1,0,3,16,1,1,86,1,92,0
1,83,0,0,0,0,0,26,3,0,12,2,106,0
1,549,0,0,1,0,0,5,3,0,27,3,99,0
1,261,0,141,1,0,3,20,4,0,25,4,73,0
1,743,1,133,0,0,2,37,2,0,63,2,115,0
1,596,1,305,0,0,3,34,1,0,74,3,88,0
0,113,1,117,1,0,2,17,0,0,66,3,70,0
0,1125,0,164,1,0,4,25,0,0,81,2,78,0
0,562,1,221,1,0,2,6,4,0,58,3,85,1
0,173,1,109,1,0,2,20,0,0,60,2,70,0
0,217,1,132,1,0,2,34,0,0,77,3,75,1
0,1176,1,326,1,1,2,30,4,0,51,2,85,0
1,980,1,48,1,0,0,10,6,0,38,2,92,0
1,0,0,202,1,0,1,0,2,0,30,2,99,0
0,663,0,108,1,1,1,25,0,0,34,3,76,0
1,767,1,39,1,0,2,10,2,0,57,2,115,0
1,0,0,55,0,0,3,0,1,0,37,2,119,0
1,668,1,187,1,0,1,34,2,0,65,3,103,0
0,690,1,212,0,1,2,27,2,0,53,2,103,0
1,0,0,64,1,0,2,54,2,0,46,3,93,0
1,884,0,144,0,0,0,3,2,0,47,2,91,0
1,0,1,37,0,0,1,19,4,1,33,3,95,0
0,232,1,158,1,0,2,45,0,0,65,3,70,1
0,748,0,93,0,0,4,0,0,0,69,0,109,0
1,397,0,0,0,0,0,0,3,0,5,0,128,0
1,613,0,4,0,0,4,5,3,0,50,2,94,0
0,1138,1,251,0,0,1,26,3,0,50,3,78,1
1,247,0,9,0,0,0,4,1,0,33,2,98,0
1,29,0,209,1,0,2,23,3,0,14,2,94,0
1,392,0,73,0,0,2,58,5,0,52,4,84,1
0,410,0,0,1,0,3,30,3,0,25,4,79,1
0,802,0,283,1,0,2,29,0,0,91,3,86,1
1,0,0,38,1,0,1,0,0,1,17,3,81,0
0,886,0,0,0,0,3,35,1,0,50,4,84,1
1,637,0,124,0,0,2,0,0,0,25,4,107,0
0,1259,0,196,1,1,3,12,0,0,71,1,101,0
1,650,0,151,0,0,1,24,2,1,53,2,87,0
1,337,0,136,0,1,0,11,5,0,27,3,80,0
0,1493,1,104,1,0,1,31,1,1,57,4,70,1
0,236,1,201,1,0,2,14,0,0,84,3,81,1
1,544,0,37,0,0,0,8,5,0,30,4,112,0
1,211,0,142,1,0,2,12,4,0,29,2,114,0
1,67,0,116,0,0,2,0,5,0,33,4,85,1
1,373,0,203,0,0,1,25,6,0,33,2,112,0
1,143,0,159,0,1,1,55,1,0,53,4,77,1
0,629,1,142,0,0,1,7,0,0,56,1,107,1
1,437,1,235,0,0,2,16,0,1,47,1,119,0
0,835,0,83,1,0,3,40,1,0,77,0,119,1
0,236,1,151,1,0,2,34,0,0,58,3,70,1
1,202,1,0,1,0,2,35,1,0,42,2,106,0
1,538,0,245,0,1,0,25,5,0,40,4,82,1
1,487,1,197,1,0,3,37,0,0,82,4,117,0
1,293,0,148,1,0,0,62,2,0,37,3,89,0
1,0,1,62,1,0,1,14,5,0,31,4,77,1
1,0,0,0,0,0,0,0,2,0,6,1,70,1
1,722,0,246,1,0,0,31,5,0,21,3,81,0
0,312,0,69,0,1,0,33,2,0,19,2,85,1
1,199,0,232,1,0,0,9,4,0,29,0,118,0
1,131,0,0,0,0,1,6,2,0,44,4,92,0
1,462,0,0,0,0,0,14,1,1,17,2,85,0
1,130,1,141,0,0,0,54,1,0,35,4,90,1
1,1073,0,332,1,1,1,10,1,1,60,2,104,0
1,483,0,89,1,0,1,21,1,0,43,2,86,0
1,870,0,80,1,0,0,16,1,1,60,2,92,0
1,96,1,234,1,1,1,22,4,1,46,3,79,0
1,1141,1,117,1,0,2,14,2,0,94,2,116,0
0,412,0,0,0,0,3,47,0,1,78,3,88,0
0,1440,1,377,1,1,2,31,3,0,64,2,113,0
1,753,1,22,0,0,3,3,1,0,51,2,102,0
0,1143,0,91,0,0,0,0,3,0,50,4,101,0
0,786,0,88,1,0,4,37,0,0,84,4,79,0
0,1547,1,219,1,0,3,16,0,1,100,2,113,0
0,390,0,130,1,0,2,12,2,1,36,2,99,0
0,714,0,363,0,0,2,26,2,0,69,4,91,0
1,476,0,24,0,0,0,48,6,0,16,4,86,1
0,943,0,298,0,0,0,27,2,0,61,0,130,1
1,1386,0,350,1,0,3,13,2,0,52,2,111,0
0,1106,0,283,0,0,2,1,0,0,78,0,104,0
0,227,1,0,0,0,1,18,2,1,61,2,93,0
0,1409,0,191,1,0,2,33,1,0,54,3,110,1
1,1019,0,194,1,1,5,44,2,0,68,4,72,1
1,749,0,1,0,0,2,30,4,1,41,2,124,0
1,0,0,139,0,0,0,2,2,0,41,1,94,0
1,864,1,39,0,0,0,18,6,0,46,2,105,0
1,862,0,0,1,0,1,22,2,0,39,4,84,1
1,888,1,417,0,0,2,35,0,0,65,3,113,0
0,726,1,140,1,1,1,46,2,0,71,1,100,0
1,0,0,0,0,0,0,5,2,0,33,2,105,0
0,814,0,249,1,0,0,37,1,1,71,4,98,0
1,465,0,63,1,0,0,0,3,0,41,2,85,0
1,703,0,0,1,0,3,0,2,1,26,3,100,0
1,107,0,24,0,0,0,14,7,0,21,3,99,0
0,233,0,194,0,0,2,26,1,0,89,2,87,0
1,0,0,117,0,0,0,6,5,0,41,3,85,0
1,0,0,0,0,0,1,18,1,0,41,1,105,0
0,1422,0,260,1,1,4,39,0,0,78,3,84,0
1,748,0,102,1,1,2,34,2,1,43,4,77,1
0,921,0,75,0,0,2,24,0,0,65,3,102,0
1,223,0,0,0,0,1,55,4,0,53,4,70,0
1,303,0,45,1,0,2,3,4,0,45,4,113,0
0,231,1,89,1,0,2,31,0,0,65,4,70,1
1,0,0,0,0,0,0,0,3,0,14,2,78,1
0,727,0,75,0,0,1,28,0,0,68,2,107,0
1,1224,0,244,0,0,0,20,2,1,32,3,102,0
0,932,0,97,1,0,1,1,3,0,23,3,101,0
0,602,0,247,0,0,0,57,2,0,51,3,72,1
1,1099,0,215,1,0,3,32,2,1,73,3,107,0
1,636,0,122,0,0,2,38,4,0,44,4,75,1
1,953,0,64,0,0,2,32,3,0,38,4,73,1
0,1313,0,211,1,0,4,39,1,0,81,2,86,0
1,190,0,155,0,0,2,21,4,0,31,3,89,0
1,153,0,135,0,0,1,0,3,0,37,4,89,1
1,1230,0,388,1,1,1,54,3,1,70,2,107,0
0,1318,1,207,1,0,3,27,0,0,99,2,100,0
0,1631,0,0,0,0,2,55,3,1,88,2,101,0
1,1325,0,83,1,0,2,48,5,0,32,3,78,1
0,1077,0,231,1,0,2,45,1,0,91,4,82,0
1,0,0,102,0,0,2,22,6,0,41,0,128,0
0,917,0,74,0,0,3,7,3,0,45,4,87,1
1,1272,0,229,1,0,2,21,5,0,82,2,113,0
0,138,0,222,1,0,1,5,2,1,45,1,106,0
0,604,0,277,1,0,3,47,0,1,82,4,90,0
0,1499,0,343,1,1,2,36,1,0,71,3,85,0
0,737,0,149,1,0,3,24,3,0,53,1,90,0
1,956,0,313,0,0,2,1,3,0,54,3,95,0
1,92,0,99,1,0,1,0,5,0,30,0,124,0
0,657,0,163,0,0,3,29,3,0,60,1,109,1
1,716,0,0,1,0,3,22,1,0,65,3,83,0
0,414,1,12,0,0,0,0,1,0,63,2,90,0
1,0,0,66,0,0,2,11,3,0,53,1,100,0
1,539,0,122,0,0,1,6,4,0,30,1,96,0
1,515,1,123,1,1,2,23,3,0,51,3,108,0
1,184,0,0,0,0,0,17,2,0,41,2,101,0
0,974,0,337,1,0,5,5,0,0,65,1,111,0
0,1285,0,225,1,0,2,41,2,0,60,4,84,0
0,1062,1,286,1,1,3,12,0,1,76,4,89,0
0,896,1,178,1,0,0,45,1,0,59,3,79,0
1,311,0,0,1,0,0,15,4,0,8,1,100,0
0,0,0,187,1,0,1,15,2,0,58,3,87,0
1,813,0,97,1,0,1,28,2,0,63,4,93,0
1,7,0,0,0,0,0,0,3,0,18,1,77,1
1,1202,1,304,1,0,6,40,0,0,85,2,94,0
0,792,0,98,0,0,1,26,1,0,59,1,119,0
1,0,0,35,0,0,2,21,4,0,23,0,116,0
0,0,0,167,0,0,0,28,4,0,39,3,91,0
0,1127,1,109,0,0,3,48,1,0,77,0,107,0
0,693,0,148,0,0,2,22,2,0,37,4,91,1
1,689,0,75,0,0,1,12,3,0,14,2,82,0
1,893,1,84,1,1,2,7,0,0,61,4,80,0
1,991,0,41,0,0,0,6,3,1,24,1,105,1
0,328,1,234,0,0,1,22,0,0,60,1,92,0
0,1316,0,309,0,0,0,11,3,0,31,2,84,0
0,805,0,133,1,0,3,4,0,1,66,2,86,0
1,783,0,0,1,0,0,27,4,0,32,4,90,0
1,0,0,194,0,0,3,9,3,0,33,3,93,0
1,105,0,0,1,0,0,0,4,0,22,2,97,1
0,1071,1,322,1,0,1,28,0,0,65,1,112,0
0,955,1,221,1,0,2,26,2,0,63,3,110,0
0,1331,1,356,1,0,2,41,3,1,80,3,113,0
1,696,0,183,1,0,1,3,5,1,51,2,115,0
1,582,0,169,0,0,0,73,4,0,58,4,84,1
1,389,1,234,1,0,1,8,2,0,53,1,113,0
1,294,0,76,0,0,1,5,0,1,36,3,92,0
1,262,1,264,1,0,3,12,3,1,47,2,95,0
1,522,1,277,0,0,2,0,0,0,56,0,102,0
1,5,0,0,0,0,0,0,6,0,14,1,71,1
1,1062,1,226,0,1,3,41,0,0,100,1,117,0
1,249,0,79,0,0,1,51,1,0,19,4,78,1
1,777,1,160,1,0,3,33,1,1,81,0,119,0
1,561,0,88,0,0,1,0,7,0,45,2,88,0
0,153,1,205,1,0,2,55,0,0,76,3,70,1
1,851,0,173,0,0,1,4,2,0,38,3,109,0
1,909,0,154,0,0,0,1,3,1,30,0,113,0
1,419,0,148,1,0,1,14,2,0,44,3,109,0
0,930,1,372,1,0,2,24,0,1,70,1,98,0
0,385,0,0,0,0,3,16,4,0,71,4,83,1
0,323,1,102,1,0,2,10,0,0,56,4,85,1
0,796,0,113,0,0,3,28,1,0,59,3,100,0
0,139,0,146,0,0,0,0,3,0,49,4,84,1
1,477,0,39,1,0,0,0,3,0,57,4,99,0
0,1119,0,129,1,1,2,10,2,0,74,4,88,0
1,0,0,96,0,0,2,13,5,0,16,2,97,0
1,372,0,218,1,0,0,21,1,0,56,2,88,0
1,162,1,116,1,0,1,14,2,0,38,1,108,0
1,339,0,118,1,0,2,44,2,0,25,2,81,0
0,854,0,138,0,0,3,19,0,0,86,4,94,0
1,662,0,192,0,0,1,29,6,0,34,2,111,0
0,260,0,104,1,0,0,55,5,0,35,4,71,0
1,383,1,207,1,1,4,21,2,0,67,3,103,0
1,569,0,137,1,0,2,5,2,1,56,2,95,0
1,1126,0,245,0,1,2,11,0,0,79,0,115,0
0,1243,1,183,1,0,2,36,1,0,74,3,82,1
1,126,0,0,0,0,0,1,6,1,27,2,118,0
0,1412,1,247,1,1,4,18,2,1,83,3,105,0
1,544,0,171,0,0,1,49,0,0,67,4,87,1
0,252,0,64,1,1,1,31,3,0,52,4,75,0
1,137,0,229,0,0,2,39,0,0,66,3,86,0
1,532,1,253,1,1,2,22,2,0,41,1,101,0
1,969,0,263,0,0,2,24,0,1,71,3,101,0
1,950,1,231,0,0,3,39,2,0,78,4,79,0
1,887,0,117,1,0,3,35,1,0,50,2,107,0
1,582,0,85,0,0,0,0,1,0,22,2,106,0
1,844,0,43,1,0,1,30,4,0,59,4,85,0
0,1281,0,189,1,0,2,41,1,0,92,3,84,0
1,685,0,11,0,0,1,15,5,1,36,2,109,0
0,425,0,111,0,0,2,56,4,0,21,2,89,0
1,117,0,4,1,0,0,1,4,0,9,4,107,0
1,714,0,259,1,0,1,39,2,0,49,3,84,0
0,1246,1,252,1,0,3,56,0,0,86,4,80,1
1,9,0,35,1,0,0,10,4,0,23,3,107,0
0,1223,0,59,1,0,2,16,2,1,94,1,120,0
0,1371,1,305,0,1,3,20,0,1,61,3,100,0
1,676,0,36,1,0,1,24,5,1,30,3,86,0
0,101,0,221,0,0,1,23,1,0,30,4,72,1
1,331,0,294,1,1,0,17,1,0,58,4,115,1
1,241,1,283,0,0,1,27,4,1,62,0,106,0
1,0,0,64,0,0,0,1,3,1,21,1,111,0
0,1673,1,246,0,0,3,37,3,0,61,4,78,0
1,892,0,178,0,0,2,36,2,1,60,4,86,1
1,1142,0,84,1,0,2,9,1,1,62,2,96,0
1,171,0,74,0,0,0,16,4,0,38,1,118,0
1,198,0,0,0,0,0,0,4,0,12,3,87,0
0,761,0,152,1,0,4,27,1,0,92,2,91,0
1,703,0,78,0,0,0,40,1,0,39,4,88,1
0,738,0,255,1,1,2,31,3,0,33,4,91,0
1,0,0,56,0,0,2,18,4,0,33,2,99,0
1,108,1,113,0,0,0,39,0,0,30,4,80,1
1,238,0,77,1,0,0,10,3,0,28,1,106,0
0,196,1,175,1,0,2,36,0,0,56,4,70,1
0,1139,1,314,1,0,3,29,1,0,65,4,100,0
0,245,1,172,1,0,2,27,0,0,60,4,70,0
1,0,0,0,0,0,0,1,5,0,19,1,111,0
0,1056,0,173,0,0,2,35,1,0,81,4,83,0
1,1047,0,374,0,0,2,37,1,1,70,3,89,0
0,617,0,180,0,0,2,12,3,0,52,2,115,0
0,146,1,200,1,1,3,36,4,0,51,2,88,1
0,853,0,108,1,0,3,52,4,0,36,3,78,1
0,927,1,366,1,0,2,38,0,0,82,2,100,0
0,646,0,56,1,0,1,18,1,0,66,1,115,0
0,833,0,185,0,0,2,1,1,1,62,1,105,0
1,0,0,36,1,0,0,16,4,0,33,3,102,0
1,404,0,13,0,0,1,12,3,0,17,0,105,0
1,988,0,108,1,1,3,23,3,0,46,3,70,1
0,940,0,40,1,1,3,44,1,0,47,1,99,0
0,691,1,237,0,0,2,32,3,0,45,2,98,0
0,376,1,36,0,0,0,25,4,0,52,4,71,1
0,816,0,162,0,0,3,26,6,1,42,1,117,0
0,1416,0,230,0,1,3,3,2,0,92,2,110,1
0,330,0,90,1,0,0,0,0,0,44,3,114,0
1,157,0,186,0,1,0,34,4,0,31,2,82,0
0,1276,1,264,0,0,2,49,0,0,86,0,111,0
1,224,0,33,1,0,1,58,2,0,62,4,85,0
0,475,1,250,0,0,3,24,3,1,76,1,117,0
1,781,0,0,1,0,1,0,4,0,28,3,111,0
0,530,0,0,1,0,3,4,2,0,46,0,106,0
0,556,1,370,1,0,3,16,2,0,64,2,95,0
0,676,1,183,0,1,2,64,0,1,100,4,86,0
0,722,0,96,0,0,2,9,3,0,52,2,94,0
0,1127,1,212,1,1,3,7,5,0,38,0,130,0
1,80,0,104,0,0,3,60,2,0,62,3,88,0
0,1222,1,339,1,0,4,34,0,1,100,1,114,0
0,1348,0,245,1,0,3,33,1,0,92,2,102,0
0,1323,1,363,1,0,5,32,0,0,94,4,83,0
1,250,0,158,1,0,3,29,6,0,19,1,121,0
0,1158,1,383,1,1,3,36,2,0,92,4,92,0
1,251,0,80,1,0,0,4,6,0,24,1,100,0
0,1435,0,151,1,0,1,24,2,0,34,2,104,0
0,755,1,248,0,0,4,25,1,0,77,2,119,0
0,950,1,140,1,0,0,26,3,1,53,4,86,0
1,0,0,13,0,0,0,17,2,0,2,3,89,0
1,0,0,73,0,0,0,16,3,0,35,0,108,1
1,790,0,84,0,0,2,0,1,0,14,2,101,0
1,380,0,0,0,0,2,30,2,0,39,2,111,0
0,650,0,65,0,0,2,15,2,0,46,2,92,1
0,468,0,0,0,0,1,40,2,0,53,4,77,1
0,177,1,159,1,0,2,21,0,0,77,3,70,1
0,1215,0,153,1,1,2,37,0,0,74,1,106,0
0,1197,1,0,0,0,3,14,2,0,54,2,99,0
1,710,0,0,1,0,2,13,3,0,37,3,88,0
1,491,0,86,0,1,1,22,1,0,52,2,77,0
0,1043,0,0,1,0,2,35,0,1,68,2,98,0
0,1027,0,262,1,0,2,14,0,1,58,1,122,0
1,0,0,142,1,1,1,0,4,0,29,4,85,1
1,698,0,161,0,0,3,27,0,1,81,0,100,0
1,59,0,0,0,0,2,41,2,0,56,0,117,0
1,284,0,145,1,1,2,15,0,1,47,4,72,1
0,495,1,164,0,1,2,26,2,1,69,4,99,1
1,261,1,0,1,0,2,0,3,0,44,3,74,1
1,675,0,238,0,0,1,20,5,1,55,2,94,0
0,914,0,120,1,0,1,26,4,0,68,2,100,0
1,158,0,53,0,1,1,0,4,0,20,2,99,0
1,726,0,119,0,1,2,8,2,0,36,0,116,0
1,704,1,350,0,0,3,30,0,0,60,3,108,0
0,163,1,156,1,0,2,26,0,0,81,3,70,1
1,818,0,0,0,1,1,22,0,0,42,0,119,0
1,175,0,224,0,0,4,61,2,0,57,2,77,0
1,480,0,176,1,0,3,32,0,1,57,1,127,0
1,0,0,254,0,0,1,56,1,0,67,4,70,1
1,325,0,199,0,0,3,3,4,0,35,3,122,0
0,531,0,136,0,0,1,19,2,0,76,3,110,0
1,762,0,41,0,0,1,9,3,0,34,4,84,1
1,686,0,80,0,0,3,20,2,1,37,0,113,1
1,919,1,92,1,0,2,16,1,0,57,4,102,0
1,774,0,232,1,0,1,12,2,0,48,3,103,0
0,563,1,186,0,1,0,33,4,1,74,3,79,0
0,751,0,285,0,0,3,34,4,1,62,3,87,0
1,262,0,335,1,0,1,43,3,0,35,4,72,1
1,714,0,167,1,0,1,14,3,0,36,2,95,0
0,367,0,258,1,0,2,36,3,1,59,3,83,0
0,1282,1,291,1,0,3,30,1,0,75,2,84,0
0,117,0,151,1,0,0,37,4,0,7,3,81,0
1,0,0,182,1,1,2,36,2,1,21,3,95,0
0,728,0,140,0,0,4,24,0,0,69,4,86,1
1,0,0,9,0,0,1,45,4,0,55,1,116,1
1,91,0,74,1,0,3,10,1,0,40,3,87,0
1,233,0,160,0,0,1,40,2,1,55,1,103,0
1,364,0,194,1,0,1,49,2,0,27,4,79,1
1,0,0,0,0,1,1,19,4,1,33,2,100,0
1,966,0,211,1,0,3,21,0,1,68,1,113,0
0,710,1,146,1,0,0,18,1,0,55,3,84,0
0,943,0,83,1,1,3,14,1,1,82,4,102,0
0,586,0,77,0,0,1,0,1,0,52,2,94,0
0,884,0,244,1,0,2,7,3,0,49,0,87,0
1,333,0,63,1,0,2,6,5,1,59,4,90,0
0,1552,1,179,1,0,1,52,0,1,87,4,74,1
1,367,0,0,1,0,0,0,4,1,24,3,95,1
1,836,1,170,0,0,0,30,0,0,37,2,85,0
1,324,0,87,1,0,1,0,5,0,22,4,86,1
1,459,1,163,1,1,2,36,2,1,41,4,75,1
0,1482,1,211,1,1,2,33,0,0,84,4,80,0
1,1063,0,241,1,0,1,5,3,0,62,1,100,0
1,387,1,255,1,0,0,17,0,0,41,2,97,0
1,303,0,0,0,0,1,28,1,0,32,1,101,1
1,398,0,60,0,0,3,41,3,1,68,2,95,1
1,879,0,0,0,0,1,17,2,1,37,1,96,0
0,1148,1,269,1,1,3,38,0,0,100,2,100,0
1,1375,0,253,1,1,3,17,1,0,69,2,117,0
0,1536,0,183,1,0,2,32,0,1,79,1,108,0
0,1020,0,236,1,1,3,18,1,1,72,1,102,0
1,992,0,105,0,0,2,0,4,0,49,4,82,1
0,1413,0,33,0,0,1,2,1,1,66,3,82,0
0,1036,0,86,0,0,3,1,3,0,47,2,89,1
0,876,0,88,0,0,1,19,3,0,57,3,85,0
0,663,1,233,0,0,1,25,1,0,35,4,70,1
0,1028,0,231,0,1,4,49,0,0,85,4,79,1
1,769,1,193,1,1,4,31,1,1,54,2,81,0
1,539,1,111,0,0,0,0,1,0,31,2,91,0
1,844,0,10,1,0,3,22,4,0,53,3,96,0
1,0,0,0,0,0,1,8,4,1,8,4,74,1
1,351,0,18,0,0,2,0,2,0,35,4,79,1
1,457,0,89,0,0,3,9,3,0,63,3,110,0
0,667,1,322,1,0,3,31,2,1,71,4,82,0
1,900,0,290,1,0,1,36,1,0,63,0,119,0
1,287,0,316,0,1,0,0,1,0,51,3,73,1
1,371,0,37,0,0,0,12,3,1,23,1,120,0
1,913,0,44,1,0,3,14,3,0,61,1,94,0
0,898,0,14,0,0,0,16,3,0,43,2,101,0
0,242,1,226,1,0,3,20,1,1,47,3,102,0
0,764,0,144,1,0,3,29,0,0,37,2,80,0
0,1108,1,343,0,0,2,29,2,1,67,1,124,0
0,1212,1,254,1,0,2,27,1,1,69,4,70,0
0,830,0,195,1,1,3,18,0,1,57,2,93,1
0,883,0,255,0,0,3,33,2,1,61,2,97,0
0,96,1,0,0,0,0,12,4,0,46,3,86,0
0,651,0,73,1,0,0,0,0,0,47,3,96,0
1,1067,0,210,0,0,2,14,1,0,64,1,104,1
1,197,0,293,1,0,1,38,1,0,19,3,70,1
0,1079,1,229,1,0,3,30,0,0,100,4,83,0
1,1503,1,312,1,0,2,51,0,1,72,4,87,0
1,810,0,235,0,1,3,28,2,0,83,3,94,0
0,713,0,113,1,1,2,23,2,0,43,2,111,0
0,570,0,60,0,0,3,51,4,0,58,4,83,1
0,1042,0,68,1,0,1,22,2,0,72,3,95,0
0,551,0,9,0,1,0,15,3,1,44,2,91,0
0,1456,1,220,1,0,2,43,0,0,68,1,107,0
1,707,0,134,0,1,2,60,1,1,55,3,75,1
1,746,1,120,0,1,2,23,0,0,65,2,99,1
0,427,0,326,0,0,2,21,1,0,52,0,118,0
0,198,1,184,1,0,2,47,0,0,71,3,77,1
1,605,0,0,0,0,0,21,4,0,24,4,89,1
0,208,0,174,0,0,2,13,0,1,50,1,96,0
0,1003,0,193,1,0,1,38,3,1,73,2,88,0
0,1032,1,158,1,1,2,24,3,0,80,4,91,0
0,691,0,184,0,0,1,48,2,0,40,2,81,1
1,615,0,147,0,0,0,35,4,1,65,2,85,0
1,678,0,93,0,0,3,16,3,0,68,1,114,0
1,158,1,260,0,0,4,27,0,0,62,1,109,0
0,1255,0,296,1,1,4,20,1,0,70,0,116,0
0,1197,0,251,1,0,0,12,3,0,59,2,123,0
1,503,0,228,1,0,0,49,5,0,38,4,75,1
1,898,0,257,0,0,0,11,2,1,79,2,97,0
0,1067,0,36,1,0,2,34,0,0,54,4,75,1
0,35,1,161,1,0,1,33,4,0,19,3,95,0
0,737,0,76,0,0,0,0,4,0,42,3,104,0
1,479,0,66,1,1,2,9,2,0,34,3,94,0
1,243,1,369,0,0,1,11,1,0,49,0,122,0
1,8,0,0,0,0,0,0,1,0,16,1,70,1
0,622,0,129,1,0,4,29,4,1,61,1,121,0
0,859,0,212,1,0,2,6,0,0,92,0,125,0
1,121,0,64,0,0,1,0,5,1,15,3,88,1
0,444,0,50,1,0,1,17,1,0,50,2,101,1
0,795,0,118,0,1,3,17,1,1,88,1,114,0
1,158,1,150,1,0,0,64,5,0,29,3,78,0
1,0,1,85,1,0,2,0,5,0,52,0,121,0
0,770,0,63,0,1,2,70,3,0,19,3,80,1
0,529,0,27,0,1,1,11,4,0,35,3,101,0
0,1369,0,0,1,1,3,28,0,0,97,3,88,0
1,212,0,0,0,1,0,0,3,1,11,4,88,1
0,1038,1,140,0,1,2,10,3,1,77,1,130,0
1,1352,0,366,1,1,1,28,0,1,86,1,106,0
0,1023,1,75,0,0,1,4,1,0,53,4,89,1
1,0,0,57,0,0,1,2,2,1,41,4,114,0
1,400,0,15,1,1,1,23,6,0,32,2,99,0
1,8,0,207,0,0,2,0,1,0,68,1,118,0
0,461,0,0,1,0,1,19,3,0,46,3,91,1
1,781,0,82,1,0,3,28,3,0,28,1,103,0
1,0,0,0,0,0,0,0,1,0,13,1,84,1
1,533,0,0,1,0,2,57,2,0,14,3,75,1
0,873,0,135,1,0,1,17,0,0,48,0,124,0
1,241,0,54,0,1,1,1,5,0,18,2,86,0
1,357,0,118,1,0,3,22,2,1,52,3,101,0
0,1212,1,315,0,0,0,24,1,0,59,1,116,0
1,275,0,111,1,1,1,4,3,0,44,2,110,0
0,820,0,101,0,0,0,0,5,1,13,4,91,1
1,0,0,179,1,0,0,0,4,0,36,1,106,0
1,0,0,285,0,0,0,7,4,0,55,0,115,0
0,747,0,28,1,0,3,0,3,0,30,2,91,0
1,454,0,22,0,0,0,22,1,0,45,3,87,0
0,658,0,168,1,0,2,35,1,0,57,2,105,0
1,825,1,210,1,0,2,36,1,1,61,1,112,0
0,1106,0,375,0,0,0,26,3,0,100,4,70,1
0,1622,0,173,1,1,1,22,5,1,84,3,95,1
1,302,0,0,0,0,0,18,3,1,38,3,72,1
0,1338,0,0,1,0,3,19,0,0,61,0,114,0
1,0,0,29,0,0,0,47,3,0,16,3,74,0
0,119,1,165,1,0,2,25,0,0,79,3,70,1
0,183,1,271,1,0,2,24,0,0,61,3,71,1
0,189,1,154,1,0,2,29,0,0,61,3,70,1
1,961,0,78,0,0,0,57,5,1,38,4,77,1
1,652,0,73,1,1,0,23,2,0,59,4,91,1
1,1020,0,268,1,0,3,9,5,0,64,2,95,0
1,956,1,300,0,1,3,34,1,0,100,4,75,1
0,445,0,75,1,1,1,0,1,0,89,2,115,0
1,1014,0,0,1,0,0,16,3,0,35,3,86,0
0,1367,0,300,1,1,2,22,2,1,60,2,105,0
1,136,1,116,0,0,1,0,1,0,38,1,113,0
1,180,0,0,0,0,0,0,6,0,21,2,101,1
1,0,0,85,0,0,0,53,3,0,17,4,81,1
1,0,0,80,1,1,0,4,6,0,30,2,100,0
0,859,1,263,1,1,3,21,4,0,87,2,113,0
1,1010,0,0,1,0,1,24,2,0,76,4,77,1
1,23,0,0,0,0,0,0,1,0,11,2,70,1
0,973,0,277,1,0,1,14,3,0,31,4,87,1
0,875,0,319,1,1,3,14,0,0,78,1,115,0
1,400,0,32,1,0,2,0,4,0,18,1,111,0
0,704,0,53,1,0,0,13,1,0,27,1,91,0
1,0,1,201,0,0,0,33,2,1,58,1,124,0
1,459,0,97,0,0,0,8,3,0,11,2,101,0
1,0,0,12,0,1,0,22,4,1,38,4,79,1
1,0,0,63,1,0,1,44,4,0,26,3,90,0
0,982,1,276,0,0,2,24,3,0,68,4,98,0
0,178,1,125,1,0,2,10,0,0,62,4,75,1
0,520,0,170,1,0,3,17,2,0,64,4,90,0
0,725,0,151,1,1,2,4,3,0,51,4,102,0
0,40,1,165,0,0,1,4,4,0,29,2,91,0
0,651,0,196,1,0,1,16,3,0,35,1,110,1
1,41,0,40,0,0,2,36,5,0,29,2,83,0
1,101,0,48,0,0,1,0,1,0,54,3,109,0
0,1143,0,0,1,1,1,16,2,0,71,2,111,0
1,0,0,224,1,0,2,49,4,1,20,3,87,1
0,0,0,100,0,0,1,13,3,0,11,4,99,0
1,893,1,366,1,1,2,28,0,0,52,2,112,0
1,411,0,409,1,1,0,3,1,0,60,3,79,0
0,1093,0,307,1,0,3,40,1,0,33,4,80,1
0,561,0,157,1,0,0,24,2,1,53,3,96,0
1,56,0,151,1,0,0,4,4,0,28,2,80,0
0,749,0,137,1,1,4,28,0,1,88,4,84,0
0,1500,0,232,0,1,4,37,0,0,82,3,79,0
1,145,1,243,0,0,1,41,3,0,57,2,93,1
1,958,1,313,1,0,3,36,0,0,89,4,97,0
1,373,0,219,0,1,2,26,3,0,57,3,102,0
1,319,0,97,0,0,2,33,5,0,52,4,100,0
0,510,0,248,0,0,1,10,3,0,41,4,82,1
1,7,1,56,1,0,0,7,4,0,8,4,87,1
0,0,0,0,1,1,0,0,5,1,7,4,86,1
1,523,0,16,1,1,3,20,4,0,46,2,125,0
1,372,0,115,0,0,2,22,4,0,42,2,123,0
1,695,0,87,1,0,3,17,0,0,73,3,86,0
0,765,0,131,1,0,0,29,3,0,49,2,102,1
0,203,1,157,1,0,2,23,0,0,60,4,70,1
0,1454,1,253,1,1,3,18,1,0,96,3,108,0
1,949,0,170,0,1,1,22,1,0,25,1,109,1
0,1235,0,313,0,1,3,36,2,0,73,2,108,0
1,430,1,58,1,0,2,38,1,0,52,4,90,0
1,554,1,21,1,0,1,19,4,1,60,4,87,0
1,573,1,310,1,0,0,31,2,0,57,3,79,0
0,1096,1,153,1,0,3,21,0,0,86,1,106,0
1,467,1,149,1,0,0,26,3,1,52,3,83,0
0,641,0,222,0,1,4,10,5,0,71,0,121,0
0,511,1,188,0,1,2,34,2,0,51,1,106,0
0,1049,0,100,0,1,2,44,3,1,33,3,70,1
0,862,0,204,1,0,3,50,5,0,61,3,85,0
1,634,0,156,1,0,1,12,0,0,52,1,125,0
0,422,0,0,0,0,1,4,3,0,26,4,86,1
1,140,1,70,0,0,0,9,1,0,23,2,117,0
1,0,0,70,0,0,1,19,0,0,53,3,95,0
1,499,1,122,1,0,1,24,1,0,58,1,108,0
0,0,0,20,1,0,2,47,3,0,20,4,84,1
1,462,0,55,0,0,0,41,3,0,18,4,74,1
0,818,0,0,1,0,2,8,1,1,33,3,98,0
1,0,1,152,0,0,0,0,3,0,41,4,87,1
0,342,0,101,1,0,4,36,2,0,56,4,74,1
0,953,0,0,0,0,2,21,0,0,42,0,107,0
1,399,0,122,1,0,3,9,5,0,63,3,83,0
1,505,0,116,1,0,2,24,6,0,31,4,88,0
0,942,0,0,1,0,5,19,0,0,56,0,121,0
1,919,0,11,1,0,0,5,4,0,30,3,102,0
1,37,0,327,0,0,2,1,3,0,60,4,97,0
0,1071,1,69,1,1,2,17,1,0,82,3,120,0
1,943,0,103,0,1,1,4,1,1,46,4,78,1
1,1072,1,123,1,1,2,13,1,0,43,2,80,0
1,449,0,81,1,0,1,13,6,0,11,1,109,0
1,357,0,60,0,0,0,2,4,0,35,2,112,1
0,1118,1,0,1,0,0,4,3,1,69,2,109,0
0,1095,0,495,1,0,2,14,1,0,81,2,109,0
0,120,0,157,1,0,0,24,4,0,38,4,91,0
0,28,1,155,0,0,2,30,4,1,58,4,76,0
1,362,0,100,0,0,2,0,3,0,29,4,87,1
0,1684,1,176,1,0,3,56,2,0,95,4,74,1
1,1291,0,225,0,1,2,22,2,0,66,3,100,0
0,1139,0,112,0,0,2,7,1,0,50,3,104,0
1,308,1,304,0,0,5,22,0,1,53,4,83,0
0,1373,0,262,1,0,5,40,0,1,96,4,78,0
0,162,0,213,1,0,1,20,1,0,34,4,87,0
0,262,0,68,1,0,1,37,4,0,41,4,78,1
1,0,0,46,1,0,0,23,1,0,53,3,99,0
1,0,1,0,0,1,1,0,6,0,50,2,92,0
1,868,1,212,1,0,0,0,3,0,44,2,101,0
0,816,0,0,0,1,4,30,4,1,66,2,103,0
1,6,0,0,0,0,0,0,3,0,0,2,77,1
1,0,0,0,0,0,0,0,2,0,11,2,76,1
0,1141,0,246,1,0,0,64,0,0,83,4,84,0
1,184,0,90,0,0,2,22,1,0,52,2,117,1
1,695,0,300,1,1,1,16,3,1,71,0,130,0
1,203,1,130,0,1,0,5,4,1,30,2,94,0
1,164,0,39,0,0,1,14,5,0,23,2,104,0
0,921,0,117,0,0,3,29,1,1,66,2,77,0
1,766,1,280,0,0,3,5,3,0,67,0,126,0
0,750,0,0,0,0,0,7,1,1,33,4,74,1
0,683,0,0,0,0,1,13,3,0,40,3,81,1
1,847,0,105,0,1,1,36,4,0,47,4,107,0
0,1567,1,250,1,0,1,38,2,0,90,4,91,0
0,1282,0,115,1,0,3,20,4,0,61,1,99,0
0,1406,1,206,1,0,3,23,1,0,75,0,118,0
1,487,0,96,1,1,1,38,2,0,34,4,87,1
1,727,0,110,1,0,0,32,4,0,27,3,78,0
0,826,0,345,1,0,2,25,0,1,59,3,97,0
1,910,0,86,0,0,0,3,4,0,28,2,83,0
0,559,0,345,0,0,2,29,2,0,79,3,86,0
1,1007,1,132,0,1,2,14,4,0,43,3,88,0
1,908,1,292,1,0,2,57,1,0,76,4,84,0
0,1238,0,319,0,0,2,42,1,0,77,4,93,0
0,1583,1,184,1,0,1,38,1,1,68,4,93,0
1,214,0,174,0,0,1,8,0,1,43,2,115,0
0,257,1,174,1,0,2,19,0,0,61,3,70,1
0,1118,0,165,1,0,1,11,0,0,45,1,101,0
0,1775,0,373,1,1,3,26,0,0,95,2,108,0
1,769,0,181,1,0,3,35,1,0,63,0,124,1
1,1362,0,109,0,1,1,17,4,0,38,4,95,0
0,1362,1,337,1,1,2,48,0,0,79,2,96,0
0,1740,0,175,1,1,1,23,2,0,67,3,91,0
1,784,0,55,1,0,2,5,4,0,47,3,81,0
0,1004,0,200,0,1,4,31,3,0,93,2,92,0
0,856,0,175,1,0,2,24,2,1,62,2,91,0
0,437,0,267,1,0,3,21,2,1,81,2,108,1
0,1235,0,92,1,0,2,27,0,0,95,4,84,0
0,727,0,197,0,1,3,17,1,0,68,4,87,1
1,0,0,196,0,0,1,17,1,0,35,4,80,1
1,936,0,289,1,1,4,34,1,0,82,3,106,0
1,686,1,305,1,0,2,36,1,0,80,4,82,0
1,730,0,197,0,1,1,31,3,0,63,2,94,0
0,235,0,298,1,0,2,0,0,1,38,2,101,0
0,398,1,111,1,0,1,0,2,0,60,4,74,1
0,927,1,255,1,0,1,22,1,0,89,4,88,0
0,1174,0,0,1,0,3,45,1,0,99,3,95,0
0,807,0,200,0,0,2,1,2,0,41,0,103,0
0,262,0,141,1,0,0,20,4,1,60,1,102,0
1,1055,1,165,1,0,2,44,3,1,78,4,99,0
0,1563,0,179,1,0,3,24,4,0,57,2,111,0
0,588,0,3,0,0,1,46,3,0,78,2,104,0
1,571,1,132,1,0,2,51,4,0,42,4,72,0
1,989,0,182,1,1,0,0,2,0,40,3,99,0
0,968,1,293,1,0,3,51,0,1,80,1,125,0
0,185,1,136,1,0,2,19,0,0,78,3,70,1
0,0,0,71,0,0,2,4,2,0,31,1,109,0
1,384,1,0,1,0,4,29,4,1,62,3,115,0
0,673,0,116,0,1,1,22,2,0,61,3,103,0
0,726,0,107,0,1,2,8,1,0,62,4,88,1
1,238,0,109,0,0,2,15,5,0,11,4,70,1
0,685,1,270,1,1,1,8,2,1,72,3,96,0
1,202,0,33,0,0,1,0,5,0,42,2,89,0
0,796,1,222,0,1,0,6,2,1,49,2,97,0
1,1284,0,69,1,1,4,54,2,1,82,4,79,0
0,965,0,193,1,0,1,65,3,0,56,4,81,0
1,709,0,0,1,0,2,11,2,0,58,1,103,0
0,829,0,382,1,0,3,13,0,0,75,2,101,1
1,765,1,148,1,0,0,13,1,0,42,3,105,0
0,421,1,105,0,0,1,22,4,1,49,3,109,1
0,1419,1,187,1,1,5,43,1,0,89,2,95,0
0,701,0,61,0,1,0,23,4,0,47,0,110,0
0,792,1,144,1,1,3,26,1,1,95,2,124,0
0,670,1,193,1,1,2,24,3,0,52,4,87,1
1,1065,1,259,1,0,2,36,1,0,44,3,88,0
0,950,0,0,0,0,1,9,3,0,44,4,74,1
1,370,0,184,0,1,0,19,5,1,36,2,84,0
0,1346,0,388,0,0,3,31,1,1,78,1,113,0
1,38,0,79,0,0,2,12,6,0,58,2,85,1
1,1228,0,156,1,0,1,21,1,0,59,3,111,0
0,1313,1,57,1,0,2,42,3,0,67,4,81,0
1,220,0,221,0,0,0,28,1,0,36,4,71,0
0,170,0,189,1,1,1,20,3,0,52,4,86,0
0,835,1,100,0,0,4,46,2,1,41,3,83,0
1,955,0,269,1,1,2,37,1,1,64,1,105,0
0,316,1,125,1,0,2,22,0,0,80,4,72,1
0,1371,0,322,1,0,2,41,1,1,69,3,92,0
1,1021,1,201,0,0,0,37,1,0,69,4,78,1
1,2,0,0,1,0,1,12,6,0,21,2,87,0
1,592,0,10,0,0,0,0,2,1,35,4,82,1
0,552,0,171,0,0,2,19,2,0,69,2,118,0
0,983,1,303,1,1,2,24,0,0,70,2,108,0
1,720,0,65,0,0,1,16,0,1,10,2,81,0
0,702,0,101,0,0,0,12,2,0,49,2,96,1
0,741,0,67,0,0,1,0,5,1,25,1,105,0
1,332,0,79,0,0,2,0,2,0,42,2,102,0
0,1375,0,146,1,0,3,26,2,0,100,3,102,0
1,306,1,59,1,1,1,7,2,1,32,0,130,0
1,634,0,0,0,0,0,6,2,1,40,4,91,1
0,1428,0,483,1,0,2,36,1,1,69,2,105,0
1,25,0,105,0,0,1,64,2,0,57,4,70,1
0,784,1,234,1,0,2,48,0,0,62,4,76,1
1,190,0,0,0,0,2,49,2,0,26,4,78,1
1,766,0,320,0,0,1,52,0,0,74,4,80,0
0,396,0,361,0,0,2,21,0,1,42,2,113,0
1,0,0,0,0,1,2,0,3,0,33,3,96,0
0,966,0,228,1,1,4,38,3,0,87,3,115,1
1,92,0,184,1,0,2,61,3,0,46,4,77,1
1,34,1,145,0,0,2,47,2,1,49,4,76,1
0,1087,0,0,1,0,2,32,1,0,81,1,117,0
1,638,1,225,0,0,1,0,3,1,31,2,112,0
1,1033,0,128,1,0,1,18,1,0,42,1,116,0
0,1398,1,434,1,0,2,23,0,0,85,3,102,0
1,477,0,98,0,1,0,14,0,0,29,0,99,0
1,221,0,206,0,1,2,25,3,1,38,3,103,0
1,84,0,32,0,0,0,16,4,0,19,1,120,0
1,162,0,138,1,0,2,26,0,0,62,4,103,0
1,1596,0,236,0,0,0,46,2,0,63,3,92,0
1,1216,0,313,1,1,2,21,5,1,50,3,102,0
1,795,0,0,1,0,5,22,1,0,71,3,104,0
0,855,1,331,1,0,1,17,2,0,62,2,78,0
1,345,0,121,0,1,0,46,3,0,26,4,79,1
0,316,0,61,1,0,3,13,3,1,41,2,118,0
0,1114,1,274,1,1,2,36,3,0,86,3,70,0
1,0,0,0,0,0,0,13,4,1,7,2,99,1
1,0,1,148,0,0,1,0,4,0,38,1,107,0
0,1657,0,246,1,0,4,37,0,0,89,1,125,0
0,577,0,133,0,0,2,70,4,1,50,3,89,0
0,232,1,127,1,0,2,25,0,0,63,2,70,1
0,1418,1,174,1,1,1,34,0,0,79,2,121,0
1,241,0,202,1,0,1,0,5,1,61,4,84,0
1,0,1,238,0,1,2,42,4,0,25,4,74,1
0,1474,0,256,0,0,2,57,2,0,58,4,72,1
1,816,1,260,0,0,1,21,2,0,61,3,97,0
0,716,0,301,1,0,0,42,3,0,47,2,81,0
0,1219,1,251,1,0,3,30,2,1,54,4,99,0
1,84,0,0,0,1,1,45,3,0,26,2,91,1
0,958,0,224,0,0,2,10,2,0,66,2,116,0
0,879,1,202,1,0,3,39,2,0,94,4,101,0
0,1371,0,327,1,0,2,41,0,1,72,1,130,1
1,4,0,0,0,0,0,0,4,0,20,2,71,1
1,305,1,62,1,0,2,16,5,1,37,3,89,0
1,7,0,0,0,0,0,0,3,0,11,2,73,1
0,1354,1,124,1,0,2,49,1,0,65,4,71,1
1,369,0,165,1,0,1,12,5,0,18,2,86,0
1,1177,1,212,1,0,2,57,0,0,81,2,94,0
1,901,0,244,0,0,2,8,2,1,61,1,98,0
0,384,0,0,1,0,1,10,2,0,38,1,94,0
1,547,0,151,0,0,3,8,3,0,48,2,92,0
1,179,0,0,1,0,2,0,2,1,41,3,89,0
0,174,1,167,1,0,2,50,0,0,65,3,80,1
1,283,0,0,1,0,1,14,4,0,8,3,110,1
1,566,0,54,1,0,2,33,2,1,58,4,78,1
1,935,0,248,0,1,0,4,3,0,57,3,89,0
1,949,0,170,0,0,1,23,3,1,34,1,110,0
1,645,0,62,0,1,0,0,3,0,31,2,109,0
0,573,0,144,1,0,2,48,2,0,64,2,90,0
1,617,0,130,0,0,2,15,1,0,37,2,86,0
1,0,0,111,0,0,0,3,2,1,26,4,85,1
1,0,0,67,0,0,0,19,4,0,13,2,108,1
1,0,0,1,0,0,0,20,2,0,52,2,96,1
0,654,0,228,1,0,4,47,4,0,68,4,70,0
1,512,0,115,0,1,1,7,2,1,29,1,106,0
0,0,0,0,0,0,1,52,1,0,33,4,73,1
1,356,0,250,0,1,1,35,1,1,57,4,87,0
1,0,0,0,0,0,0,0,1,0,24,3,78,1
0,1498,0,82,1,0,2,36,1,0,89,1,100,0
1,215,0,90,0,0,0,70,3,0,40,4,80,1
0,482,0,101,0,1,1,20,1,0,67,2,89,1
1,1042,0,284,1,1,4,29,3,0,61,1,101,0
0,754,1,285,0,1,3,38,1,1,89,2,103,0
1,361,0,252,0,0,2,39,2,0,52,4,86,1
1,1162,1,108,0,0,2,44,3,0,41,3,90,0
1,87,0,11,0,0,1,0,5,1,26,2,94,1
1,1094,1,174,0,1,3,21,3,1,62,3,80,0
0,1241,0,217,1,0,4,19,2,0,83,0,121,0
1,0,0,0,0,0,0,0,2,1,48,0,96,0
1,920,0,0,1,0,0,0,2,1,41,3,109,0
0,1073,1,314,1,0,1,17,2,0,76,4,72,1
0,1330,1,397,1,0,4,38,0,1,76,1,98,1
1,422,0,217,1,1,2,18,0,0,60,1,101,0
0,457,1,151,1,1,0,49,1,0,29,3,84,0
1,1323,1,223,0,1,3,19,0,1,66,1,101,0
1,895,1,119,1,0,3,15,1,0,69,3,80,0
1,909,1,126,1,0,3,15,4,0,43,0,120,0
0,638,1,227,0,0,1,9,3,1,41,4,88,1
0,920,0,71,1,0,2,26,1,1,91,1,109,0
0,1051,0,168,1,0,2,12,4,1,89,3,107,0
0,1727,0,220,1,1,5,9,1,0,84,0,105,0
1,0,0,0,0,0,0,0,4,0,12,4,98,0
1,214,1,224,0,0,1,14,2,0,61,4,84,1
1,36,0,119,0,0,1,27,3,0,35,1,96,0
0,1248,1,274,1,0,4,13,4,0,60,3,87,0
1,788,0,268,1,0,0,15,2,1,59,2,101,0
1,1019,0,68,0,0,5,24,2,1,100,4,94,0
1,588,0,250,1,0,0,26,1,0,42,2,111,0
0,805,0,123,1,1,2,22,1,0,98,0,130,0
1,342,0,110,0,0,1,62,3,0,25,3,74,1
1,554,0,212,0,0,1,42,2,0,39,3,85,0
0,1107,0,171,1,0,2,49,2,1,59,3,86,0
0,0,0,111,1,0,3,30,1,1,42,4,76,1
0,1373,1,24,0,0,2,49,1,0,63,4,84,1
0,489,0,117,1,1,1,24,4,0,39,0,110,0
0,637,0,149,0,0,4,21,3,0,53,1,83,0
0,1020,0,144,1,0,1,25,5,0,64,4,78,1
1,424,0,93,1,1,4,2,0,0,20,2,118,0
1,431,0,166,0,0,2,4,2,1,51,2,99,0
1,252,0,77,0,0,0,0,3,0,27,1,102,0
1,632,0,52,0,1,0,0,5,0,15,0,124,0
0,1229,1,182,1,0,3,28,0,0,66,2,83,0
1,8,0,0,0,0,0,0,0,0,17,1,76,0
0,1510,0,293,1,1,4,33,1,1,90,3,107,0
1,981,0,25,0,0,3,0,3,0,16,2,93,0
0,496,1,0,1,0,0,3,2,1,54,1,113,0
1,1073,0,0,0,1,1,8,4,0,34,2,103,1
0,328,0,109,1,1,1,17,4,0,31,2,101,0
0,259,0,189,1,0,2,7,4,0,49,2,80,0
0,1073,0,284,1,1,3,20,1,0,77,2,100,0
0,495,1,158,1,0,3,1,4,1,61,2,115,0
1,1011,1,103,0,1,2,57,1,0,48,4,70,1
1,0,1,15,1,0,1,13,7,0,17,3,86,0
1,491,1,117,0,0,2,42,1,1,71,2,90,0
0,878,0,126,0,0,2,32,2,0,100,3,84,0
0,950,1,228,0,0,1,18,0,0,60,2,86,0
1,13,0,0,0,0,0,0,2,0,2,1,77,1
1,0,0,57,0,0,1,18,4,0,30,2,92,0
1,1156,0,92,1,1,0,5,1,0,43,4,104,0
1,644,0,115,0,0,3,0,4,1,33,1,101,0
0,237,0,163,0,0,3,16,1,0,37,2,101,0
1,0,0,30,1,0,1,2,5,0,24,4,84,1
0,285,1,393,0,1,2,15,1,1,76,4,77,1
0,782,1,97,0,0,0,13,2,0,57,4,89,1
1,991,0,144,1,0,2,14,0,1,47,4,92,0
0,873,0,153,1,1,1,66,2,0,34,3,81,0
1,257,0,57,0,1,0,17,2,0,39,0,130,0
1,190,0,115,0,1,1,23,0,0,63,2,106,0
1,733,0,0,0,0,1,0,3,0,26,2,96,0
0,220,0,0,0,0,0,31,4,0,46,3,110,0
0,956,0,54,0,0,1,65,5,0,59,4,79,1
1,0,0,106,0,1,1,12,1,0,17,2,118,0
0,174,0,132,1,1,2,64,2,1,48,4,81,1
1,952,0,222,1,0,3,0,1,0,65,0,117,0
0,826,0,302,0,0,2,42,5,1,86,2,97,1
1,1069,1,100,0,0,1,27,4,0,47,4,89,1
0,198,0,235,1,1,3,61,1,0,64,3,98,1
1,7,0,169,0,0,2,47,2,0,26,4,76,1
1,330,0,131,1,0,1,18,2,1,36,3,90,0
0,1088,0,79,1,0,2,25,4,1,67,0,125,0
1,0,0,0,0,0,0,34,4,1,37,3,80,1
1,430,0,205,0,0,1,31,2,0,44,4,80,1
0,1062,0,156,1,0,3,0,1,1,68,3,114,0
0,1529,1,359,1,1,2,33,0,0,63,0,118,0
0,733,0,36,1,0,2,15,4,0,46,1,102,1
0,1411,1,54,1,1,1,23,0,0,80,3,110,0
0,967,0,45,1,1,2,28,1,0,73,2,98,1
0,743,0,143,1,0,3,4,3,0,47,4,83,1
0,1152,0,305,1,1,4,28,2,0,78,2,88,0
0,937,0,0,0,1,1,25,2,0,78,0,100,0
1,0,0,0,0,0,0,0,2,0,7,1,84,1
0,1336,1,166,1,0,1,27,0,1,64,4,91,0
0,933,1,275,1,0,2,24,2,0,42,0,93,0
0,470,0,336,0,0,1,0,3,0,64,3,105,1
1,0,0,0,0,0,1,43,6,0,41,4,71,1
0,237,1,132,1,0,2,42,0,0,66,3,70,1
0,1098,1,295,1,1,1,38,1,0,61,4,101,0
1,0,0,0,1,0,0,0,1,0,9,4,86,1
0,794,0,199,1,0,3,28,0,0,84,0,119,0
0,864,1,130,1,0,2,25,3,0,52,3,110,0
1,676,0,120,0,0,1,29,3,0,47,3,75,1
1,450,0,69,1,0,0,8,3,1,48,3,79,0
0,835,0,0,0,1,0,8,4,1,29,3,119,0
0,768,0,75,1,0,0,2,2,0,38,1,129,1
0,1155,0,49,1,0,1,0,2,0,49,2,100,0
1,574,1,278,0,0,2,47,3,0,55,4,87,1
0,192,1,132,1,0,2,22,0,0,78,2,70,0
1,1327,0,305,0,1,3,41,2,0,65,0,123,0
1,0,1,0,0,1,0,20,4,0,45,4,90,1
0,435,0,0,1,1,1,24,3,0,38,3,91,0
0,870,1,333,1,1,3,3,1,1,58,0,113,1
0,943,0,324,1,1,3,24,0,1,60,1,117,0
0,970,1,100,1,0,2,24,1,1,68,2,84,0
0,822,0,224,0,1,0,37,3,0,53,4,70,0
1,369,0,56,1,0,1,24,4,0,26,4,86,1
0,955,1,234,1,0,2,43,0,1,71,2,88,0
0,1349,0,99,1,0,4,16,0,1,72,2,110,0
1,901,0,275,1,0,1,34,1,1,64,0,121,0
0,496,0,0,1,0,2,44,4,0,57,4,74,1
0,631,0,143,1,0,4,50,2,0,42,3,91,0
0,765,0,338,1,0,2,39,0,0,63,2,115,0
1,0,0,16,0,0,1,55,1,0,27,3,96,0
0,1455,0,384,1,0,4,15,2,1,76,4,86,1
1,842,1,391,0,0,4,19,4,0,47,3,115,0
1,854,0,184,1,0,3,26,0,0,48,3,89,0
1,60,0,98,0,0,2,19,1,1,23,1,103,0
1,580,1,124,0,0,0,19,4,1,11,3,89,1
1,602,1,194,1,1,1,25,2,1,61,2,100,0
0,885,0,195,1,1,1,15,3,0,41,0,122,1
0,834,1,142,1,0,1,21,3,0,45,3,106,0
0,904,0,0,0,0,2,29,1,1,90,2,98,0
0,463,0,5,1,0,1,0,4,1,36,2,85,0
0,775,0,428,0,1,3,62,0,0,63,4,81,1
0,949,0,242,1,0,2,28,3,0,70,1,115,0
0,113,1,0,1,0,0,16,4,1,27,1,110,0
1,862,0,51,1,0,3,32,2,0,59,1,107,0
1,740,0,364,0,0,2,23,1,0,55,4,72,1
0,998,0,68,1,0,2,29,2,0,49,2,108,0
1,876,0,227,1,0,2,19,1,0,73,0,121,0
0,897,0,57,1,0,1,27,3,0,62,2,92,0
1,245,1,203,1,1,3,54,0,0,42,3,78,0
0,954,0,0,1,0,1,35,5,1,47,3,96,0
0,659,0,89,1,0,3,16,0,1,77,3,125,0
1,0,0,111,0,0,1,6,4,0,61,0,125,0
1,631,0,63,0,0,2,27,1,0,83,0,129,0
1,801,0,178,1,0,5,32,0,1,77,1,100,0
0,713,0,25,1,0,0,31,0,0,70,0,129,0
0,1329,0,317,1,1,4,5,1,0,70,2,99,0
0,771,0,134,1,1,2,35,1,0,64,1,109,1
1,870,1,335,1,1,4,7,1,1,70,1,130,0
0,1273,0,0,0,0,3,51,3,1,61,0,123,0
1,352,1,63,1,0,3,17,3,1,17,4,78,1
0,1156,0,237,1,0,2,0,2,0,78,2,103,0
1,392,0,92,1,0,2,3,0,0,53,0,105,0
1,0,0,48,1,1,4,0,2,1,52,1,109,0
1,11,0,0,0,0,0,0,2,0,17,3,70,1
1,0,0,241,1,0,2,24,3,0,46,3,73,1
1,0,0,156,1,0,0,14,2,0,22,1,109,0
1,1189,0,162,1,0,1,17,0,0,49,0,113,0
0,180,0,180,0,0,0,22,3,0,45,1,85,1
0,490,0,19,1,0,3,29,1,1,62,3,90,0
0,879,1,254,1,0,3,10,3,0,44,0,114,0
0,1030,0,234,1,1,3,57,4,0,48,3,82,0
0,1131,0,323,1,1,1,31,0,0,68,2,118,0
1,190,0,97,1,1,1,22,4,0,27,3,103,0
0,1118,0,250,1,0,1,17,2,0,59,4,79,0
0,980,1,150,0,1,2,26,2,0,67,1,103,0
0,1085,0,374,1,1,4,55,1,0,87,4,75,1
1,171,0,266,1,0,1,41,2,0,69,2,102,0
1,800,0,200,1,0,0,0,3,0,35,2,99,0
0,1117,1,197,1,1,2,20,0,1,92,3,85,1
0,426,0,58,0,0,1,24,3,0,19,1,115,1
1,395,0,188,1,0,1,0,2,1,50,3,92,0
1,973,0,0,1,0,3,44,2,0,76,2,75,0
1,688,1,68,0,0,2,19,6,0,40,4,78,1
1,846,0,300,1,0,2,9,2,0,58,3,89,0
1,523,0,26,1,0,1,18,3,0,34,4,102,0
0,1604,0,19,0,0,4,38,0,0,72,4,83,1
1,530,0,9,1,0,0,0,4,0,24,3,86,0
0,968,1,283,0,0,3,28,0,0,51,2,91,1
1,675,0,183,1,0,1,32,2,1,38,4,79,1
0,240,0,96,0,0,1,28,3,1,31,4,88,1
1,403,0,78,1,1,3,19,0,0,22,4,88,1
0,361,1,165,0,0,2,24,2,1,52,3,104,0
1,540,0,160,0,0,2,21,0,0,47,1,114,0
0,1179,0,334,0,0,4,23,2,1,72,3,94,0
0,1105,0,299,0,0,2,10,2,0,70,3,81,0
0,409,0,136,0,0,0,54,5,0,34,4,80,1
1,936,0,168,1,0,3,32,2,0,65,3,116,0
0,1022,0,109,1,0,1,19,2,0,42,3,100,0
1,265,0,0,0,0,2,0,3,0,13,0,122,0
0,741,0,387,1,0,3,42,3,0,68,0,125,0
1,1602,0,0,1,0,5,37,1,1,59,2,106,0
1,0,0,112,0,0,1,0,2,0,16,2,84,0
1,953,0,205,1,0,1,14,0,0,60,2,100,0
0,45,0,202,1,0,3,37,2,0,31,3,88,0
0,855,0,0,0,0,3,49,1,1,92,4,104,1
1,21,1,215,0,1,2,21,1,0,59,3,107,0
1,1168,0,265,1,1,3,15,0,1,86,1,116,0
0,426,0,0,0,0,1,20,6,0,26,3,82,1
0,1467,1,338,0,0,2,37,3,0,99,1,85,0
1,759,0,0,0,0,1,0,2,0,41,0,116,0
1,372,0,31,0,1,2,1,2,0,30,4,94,1
0,1116,0,194,1,0,2,19,2,0,65,2,122,0
1,646,0,0,1,1,5,23,1,1,89,1,104,0
1,484,0,178,1,0,2,14,1,0,40,2,82,0
1,287,0,80,1,0,0,51,7,0,35,2,84,0
1,0,0,62,0,0,0,16,4,0,9,2,85,0
0,1204,0,0,1,0,4,57,0,1,97,4,85,0
1,960,0,43,1,0,2,25,0,0,88,2,98,0
1,830,0,147,0,0,1,17,4,0,36,3,86,0
1,448,0,234,1,0,0,58,2,0,41,4,79,1
1,963,0,259,1,1,3,30,2,1,64,3,110,0
1,0,0,31,0,0,2,0,2,0,29,3,76,1
0,157,1,166,1,0,2,10,0,0,63,2,71,1
1,131,0,38,0,0,3,3,3,0,0,2,106,0
0,1515,0,378,0,0,0,24,3,0,70,4,113,0
1,283,0,149,1,0,0,0,3,1,21,2,96,0
1,378,0,65,0,0,3,34,2,0,65,4,70,0
1,0,0,190,0,0,1,23,3,1,35,4,111,1
0,845,0,4,0,0,2,15,1,0,65,3,77,1
0,1132,0,269,0,0,2,43,1,1,66,4,75,1
0,0,0,68,1,0,1,26,3,0,29,2,84,0
1,311,0,52,1,0,1,0,4,0,40,1,112,1
1,0,1,84,0,0,2,12,2,0,64,0,130,0
1,0,0,214,0,1,0,0,3,1,18,3,70,1
1,15,0,0,0,0,0,0,0,0,10,1,72,1
0,1098,0,138,1,0,3,17,2,0,58,1,117,0
1,2,0,0,0,0,0,0,2,0,21,1,72,1
0,525,0,36,0,0,1,0,2,1,79,2,103,1
1,537,0,120,0,1,0,0,0,0,53,3,101,0
0,1250,1,207,1,0,3,15,3,1,68,0,113,0
0,813,0,225,1,1,4,50,0,0,42,4,79,1
1,640,0,170,0,1,2,18,2,0,48,2,92,0
1,617,0,164,1,0,0,17,1,0,45,0,105,0
0,994,0,407,1,0,6,17,0,1,71,2,88,0
0,856,0,3,1,1,0,23,3,1,52,0,111,0
0,757,0,211,1,1,2,2,3,1,80,3,94,0
0,380,0,90,1,0,3,30,3,1,64,2,93,0
1,1251,1,235,0,0,4,37,0,0,86,1,95,0
0,811,1,181,1,0,7,15,2,1,71,1,123,0
1,274,0,95,1,0,2,10,2,0,42,0,118,0
0,920,1,203,1,0,1,8,0,1,74,1,112,0
1,463,0,216,1,0,1,28,4,0,48,4,101,0
1,0,0,28,1,0,1,6,3,0,7,0,93,0
0,1092,0,306,1,0,2,34,0,0,85,2,116,0
1,160,0,51,0,0,0,28,4,0,24,4,87,1
0,1107,0,391,0,0,3,18,2,0,68,2,85,0
0,779,0,203,1,0,2,44,1,1,71,4,72,1
1,254,0,168,0,0,0,55,2,1,28,2,74,1
0,232,0,225,1,0,2,43,1,1,56,4,73,1
1,734,1,193,0,0,2,21,3,0,60,1,114,0
0,425,0,123,0,1,1,40,2,1,48,2,114,0
1,0,0,59,0,0,0,24,1,0,35,0,124,0
0,943,0,54,0,0,1,26,1,0,43,1,113,0
1,1083,0,201,1,0,2,20,3,0,51,2,84,0
0,221,1,72,1,0,2,36,0,0,84,4,73,1
0,894,0,0,1,0,1,13,2,1,52,2,108,0
0,1237,0,299,1,1,2,40,0,1,100,0,126,0
1,0,0,89,1,0,0,1,2,0,38,3,94,0
0,7,0,149,0,0,0,4,3,0,24,0,114,0
1,891,0,0,1,0,1,6,4,0,31,2,82,0
0,811,0,137,1,0,3,32,1,1,65,1,98,0
1,500,0,424,0,1,2,37,1,0,61,3,79,0
1,769,0,29,1,0,1,23,1,1,49,3,75,0
1,1019,1,152,0,0,2,18,3,0,54,1,101,0
0,791,0,261,1,0,2,13,1,0,46,4,101,0
1,489,0,106,0,0,1,43,4,0,66,3,82,0
1,926,0,120,1,0,0,0,0,0,61,4,86,1
0,267,1,88,1,0,2,35,0,0,90,4,70,1
1,361,0,45,0,0,0,24,5,1,32,3,84,0
0,1129,1,289,1,1,0,15,3,1,39,0,90,0
1,53,0,198,0,1,1,5,1,1,46,2,105,0
1,169,1,62,0,0,1,46,2,0,35,3,90,0
1,554,1,268,1,0,0,10,2,0,57,4,84,0
0,553,1,154,1,0,2,0,4,1,58,3,98,0
1,882,0,123,1,1,2,4,2,0,54,2,99,0
0,983,0,407,1,0,3,54,1,1,84,2,86,0
1,232,0,55,0,0,1,20,3,0,12,3,87,0
0,0,0,186,0,1,0,0,2,0,35,2,95,0
0,555,0,365,0,0,2,23,3,0,58,3,101,0
1,0,0,124,1,0,0,0,4,0,29,1,125,0
0,1074,1,269,1,0,4,7,0,1,55,2,118,0
0,373,0,141,1,0,4,77,3,0,55,4,88,1
0,548,0,0,0,0,1,46,3,0,18,3,70,1
0,231,1,196,0,0,1,0,3,0,53,3,110,0
0,1149,1,257,0,0,3,37,2,1,77,4,78,1
0,550,0,133,0,0,1,15,2,0,51,4,101,0
0,865,0,164,1,0,0,16,3,0,23,3,87,0
1,676,0,18,0,0,0,0,2,0,18,3,77,1
1,696,0,270,1,0,2,34,2,1,45,1,109,0
0,992,0,265,1,0,3,54,0,0,100,2,92,0
1,717,0,113,1,1,2,16,1,0,23,1,93,0
1,261,0,85,1,0,4,1,4,0,36,4,81,1
1,654,0,170,0,0,1,56,1,0,35,4,81,1
1,895,1,131,0,0,3,58,2,0,87,3,78,0
0,1299,0,260,0,0,3,32,1,0,51,2,102,1
1,290,0,60,0,0,1,43,0,0,44,4,82,1
0,1081,0,236,0,1,1,31,1,0,78,4,102,1
1,0,0,137,0,0,2,47,3,0,17,3,70,1
1,36,0,56,1,0,0,0,5,0,19,1,99,0
1,1006,1,317,1,0,4,40,0,1,81,2,114,0
0,381,0,107,0,0,0,27,6,0,40,4,104,1
0,959,0,0,1,0,2,26,3,0,58,4,87,0
1,1297,1,199,1,1,2,35,0,0,65,4,78,1
1,0,0,0,0,1,0,7,2,0,33,2,102,0
1,367,0,189,0,0,0,38,3,0,28,4,83,1
1,451,0,78,1,0,0,0,2,0,27,1,95,0
1,1378,0,123,1,0,0,4,3,0,36,4,90,0
1,10,0,0,0,0,0,0,0,0,29,2,74,1
1,614,1,113,1,0,0,47,5,0,9,4,74,1
1,961,0,90,1,1,2,64,4,0,63,3,76,0
0,696,0,0,0,0,4,0,2,1,65,0,98,0
0,570,1,407,0,1,1,64,3,0,68,2,84,0
1,1020,0,0,1,1,2,18,2,1,37,0,130,0
1,3,0,0,0,0,0,0,1,0,0,2,70,1
1,958,0,8,0,0,0,0,3,0,2,0,117,0
1,3,0,0,0,0,0,0,2,0,12,2,70,1
1,535,1,197,0,0,1,48,4,0,4,4,83,1
0,777,0,54,0,0,2,61,0,0,55,4,83,1
1,958,0,55,0,1,2,17,1,1,71,4,85,0
0,521,0,323,0,1,2,41,4,0,41,4,87,1
1,0,0,116,0,1,1,20,4,0,35,2,92,0
0,1296,0,348,1,1,2,48,0,0,88,4,89,0
0,953,0,26,0,0,0,0,4,0,55,4,80,1
1,392,0,130,1,0,3,23,3,0,31,0,107,0
0,1079,1,296,0,1,4,20,1,1,92,1,119,0
1,203,0,108,1,0,1,0,3,0,34,4,79,1
0,90,1,239,0,0,2,5,1,0,45,3,97,0
0,806,0,157,0,0,1,9,3,0,66,3,84,0
1,16,0,0,0,0,0,0,2,0,7,2,73,1
1,1110,1,255,1,1,4,15,3,1,75,1,118,0
0,744,0,172,1,0,2,8,2,0,33,4,79,1
1,0,0,57,0,0,1,1,3,0,24,2,89,0
0,68,0,0,0,0,0,16,6,0,0,1,118,0
0,1498,0,371,1,0,2,39,0,1,100,4,75,0
1,0,0,42,0,0,2,17,3,0,44,3,70,1
1,678,1,213,1,0,3,28,1,1,75,2,108,0
0,1374,0,0,1,0,2,42,2,1,84,0,130,0
1,445,0,123,0,0,2,30,3,0,53,4,98,0
0,1531,1,226,1,0,3,35,0,1,79,1,108,0
0,1468,0,214,1,0,3,26,2,1,88,4,75,1
1,91,0,99,0,0,0,16,2,0,22,4,80,1
0,543,0,51,1,0,0,23,2,0,54,2,83,0
1,603,1,79,0,1,0,30,2,0,46,3,77,1
0,1018,1,232,0,0,2,15,0,0,74,2,84,0
1,288,0,0,0,1,1,22,5,0,42,4,98,0
0,1246,0,326,1,1,3,10,0,0,81,0,119,0
1,1148,0,258,1,1,3,12,1,0,57,1,116,0
0,680,0,0,1,0,0,32,2,0,62,2,77,1
1,198,0,163,1,0,2,50,1,1,65,3,82,0
0,1231,0,171,0,0,1,29,2,0,81,3,80,0
1,154,0,48,1,0,2,23,2,0,41,1,110,0
1,294,1,0,1,0,0,2,2,0,37,2,113,0
0,1322,0,429,1,0,1,44,2,0,76,2,110,0
0,841,0,186,1,0,2,23,0,0,56,4,77,1
0,1231,1,197,0,1,3,36,4,0,91,4,83,1
1,761,0,93,1,0,0,24,0,0,39,0,116,0
0,1348,0,173,1,1,2,41,2,0,89,2,87,0
1,1022,0,356,1,1,1,67,1,1,62,3,91,0
1,0,0,155,0,0,0,26,3,0,24,1,94,0
1,0,0,0,0,0,0,0,0,0,18,2,70,1
1,1251,0,296,1,1,3,12,1,0,62,4,75,1
1,411,0,0,0,0,0,0,1,0,24,1,116,0
1,582,0,141,1,0,1,3,5,0,22,0,101,0
0,1726,0,437,1,0,1,39,2,0,85,0,118,0
1,124,0,0,0,1,1,8,5,0,27,1,108,0
1,796,0,58,1,1,3,40,2,1,59,3,109,0
0,586,0,110,0,0,1,18,0,0,70,4,101,0
0,1096,1,293,1,0,2,34,2,1,68,0,114,0
1,110,0,116,1,0,0,2,4,0,32,1,121,0
0,847,0,141,1,1,5,18,0,0,72,1,107,0
1,0,1,239,1,1,2,43,4,0,44,4,80,0
0,1214,1,373,1,0,4,33,1,0,81,3,93,0
0,1077,1,176,1,1,2,48,1,0,50,3,98,0
0,425,0,176,0,0,2,27,3,0,41,4,77,0
1,748,0,0,0,1,0,4,5,0,26,4,91,0
0,467,1,190,0,0,2,14,5,0,58,3,86,0
1,429,0,252,1,0,1,22,0,1,54,2,111,1
0,799,1,391,1,0,1,30,1,0,68,3,101,0
1,505,0,0,1,0,1,24,4,0,12,4,84,1
1,288,0,0,1,0,1,51,3,0,21,4,70,0
1,214,0,45,0,0,2,5,5,0,17,3,96,0
0,696,1,214,1,0,2,25,0,0,63,1,93,0
0,1155,1,290,0,0,2,35,0,0,62,2,71,0
0,974,0,226,0,0,0,31,4,0,49,3,88,0
1,561,0,57,0,0,1,19,0,0,35,0,96,0
1,672,0,0,0,0,0,25,4,0,28,2,106,0
1,778,1,154,1,1,1,25,3,0,64,2,101,0
0,641,0,80,0,1,1,21,2,0,29,3,99,0
0,1067,0,273,1,0,2,0,1,1,88,3,107,0
1,0,1,0,0,0,1,18,4,0,49,2,102,0
0,492,0,117,0,0,2,11,0,1,52,4,74,1
1,79,0,346,0,0,0,27,3,0,34,4,82,1
0,596,0,102,1,0,1,6,1,0,41,3,87,0
0,1271,0,206,1,0,5,53,0,1,44,4,74,1
1,705,0,271,0,0,2,31,3,0,66,2,94,0
0,888,0,0,0,1,1,19,2,0,37,2,109,0
1,531,0,224,0,0,1,19,2,0,46,0,91,0
1,409,0,212,0,1,1,31,2,0,56,4,92,0
0,844,0,36,1,0,2,8,4,1,24,2,106,0
1,49,0,158,0,0,2,16,1,0,46,4,88,1
0,433,0,190,0,0,2,46,1,1,48,4,84,1
1,621,0,392,0,0,2,35,2,1,63,2,99,0
1,947,0,34,1,0,4,20,1,0,70,3,77,0
0,953,1,68,1,1,2,37,3,1,69,2,94,0
0,647,1,158,0,1,0,27,1,0,49,2,114,0
0,1645,0,245,1,1,2,27,0,1,72,1,106,0
0,503,0,102,1,0,0,26,0,0,71,1,121,1
1,0,0,0,0,0,0,0,5,0,14,1,77,1
1,1027,0,95,1,1,1,8,4,1,33,0,129,0
0,1306,0,346,1,0,2,27,2,1,100,0,107,1
0,633,0,141,1,0,0,8,4,0,37,1,99,0
1,1157,1,353,1,0,4,42,0,0,92,1,112,0
0,226,1,128,1,0,2,52,0,0,71,3,70,1
0,843,1,0,1,0,2,0,2,0,60,2,102,0
0,192,1,159,1,0,2,40,0,0,59,2,70,1
1,1268,0,52,0,0,2,6,1,0,46,0,119,0
1,64,0,123,1,0,2,17,5,0,21,1,118,0
1,28,0,106,0,0,2,4,5,1,36,4,94,0
0,951,0,120,0,0,1,6,2,0,58,2,111,0
1,1462,0,233,1,0,3,10,1,0,81,4,70,0
1,920,0,0,1,0,3,25,2,0,60,4,102,0
1,248,0,111,0,0,0,1,5,0,19,2,99,0
1,1143,0,173,1,0,4,36,2,0,56,4,81,1
1,0,0,37,1,0,0,0,5,1,14,4,92,0
0,432,1,248,0,0,1,22,3,1,60,3,86,0
1,0,0,0,0,0,0,0,3,0,14,2,70,1
1,873,0,253,1,0,3,16,2,0,47,1,109,0
0,1053,0,141,1,0,2,20,3,0,48,0,99,0
1,136,0,24,0,0,2,0,2,0,42,4,72,1
1,540,0,179,0,0,1,19,0,1,42,4,98,0
0,900,0,281,0,0,2,6,0,1,75,3,116,0
1,915,0,130,0,0,2,67,4,0,48,4,90,1
1,11,0,0,0,0,0,0,3,0,12,1,70,1
1,50,0,0,0,0,2,0,5,0,13,3,87,1
0,856,0,65,0,0,2,31,2,0,77,4,87,0
0,951,0,72,1,0,4,14,0,1,57,0,120,0
1,407,0,148,0,0,0,30,3,0,40,0,94,0
0,1669,0,265,1,0,2,26,2,1,100,3,107,0
1,496,1,211,1,1,2,41,0,0,76,4,85,0
0,608,0,240,0,1,0,0,4,0,56,2,93,0
0,976,0,15,0,1,3,12,2,0,47,0,120,0
1,128,0,0,0,0,0,14,3,0,67,2,114,0
1,814,1,291,1,1,2,16,2,0,67,3,102,0
1,412,1,81,1,1,2,14,0,0,46,1,105,0
1,96,1,219,1,1,2,77,3,0,55,2,89,0
1,0,0,112,0,1,1,21,2,0,28,4,70,1
0,432,0,129,0,1,1,51,1,0,83,4,70,1
1,514,0,203,0,0,1,33,3,0,64,4,95,0
1,1158,1,343,1,0,1,68,2,1,53,4,93,1
0,1104,0,187,1,0,1,13,0,0,78,1,103,0
1,211,0,172,0,1,0,25,4,1,34,3,105,1
0,236,0,63,0,0,2,5,3,0,83,4,77,0
1,1178,1,376,1,0,2,54,0,0,79,2,88,0
0,954,1,243,1,0,3,35,2,0,76,1,112,0
1,1319,0,311,0,0,0,41,2,0,86,2,103,0
0,515,0,99,1,0,1,31,3,0,39,2,105,0
0,1083,0,91,1,0,4,19,0,1,52,3,86,0
1,636,0,96,0,0,2,17,0,0,82,3,85,0
0,714,1,116,0,0,2,32,0,1,64,1,113,1
1,195,0,132,1,0,1,21,3,0,60,1,106,0
1,677,0,116,0,0,2,45,5,0,19,4,81,1
1,836,0,105,1,0,3,23,2,0,45,2,111,1
1,6,0,0,0,0,0,0,3,0,5,2,70,1
1,263,0,193,0,0,1,18,3,0,31,0,89,0
1,933,0,107,1,0,2,14,2,1,50,1,113,0
0,1251,0,81,1,0,1,28,0,1,79,1,119,0
0,1033,0,124,0,0,2,7,2,0,74,2,102,0
0,268,0,211,1,0,0,0,2,0,62,1,93,0
0,179,1,131,1,0,2,22,0,0,61,3,70,1
1,387,0,140,0,1,2,9,1,1,40,0,81,0
1,765,0,162,0,0,0,38,0,0,58,4,77,1
0,1438,0,14,0,0,4,23,3,0,88,2,115,0
1,726,0,208,1,0,1,69,2,1,27,4,83,1
1,98,0,0,0,0,2,0,5,0,24,2,108,0
1,652,0,36,0,0,2,8,5,0,16,0,112,0
0,550,0,124,1,0,1,0,1,0,37,2,114,0
1,150,0,155,0,0,3,7,2,0,72,3,94,0
1,544,0,214,0,1,2,19,4,0,50,0,118,0
0,688,0,203,1,1,3,13,3,0,71,1,105,0
0,868,0,35,1,0,2,18,2,0,59,2,105,0
0,160,1,128,1,0,2,10,0,0,64,3,70,1
0,0,0,54,0,0,1,0,3,0,20,0,122,0
0,115,0,65,0,0,1,21,3,0,44,2,99,0
1,219,0,223,0,1,0,14,3,0,44,0,109,0
0,183,0,175,1,0,0,25,4,0,42,3,90,0
1,0,0,0,0,0,0,20,0,0,43,1,104,0
1,90,0,0,0,0,1,22,0,0,49,4,72,0
1,307,0,272,0,0,3,56,5,1,63,4,86,1
1,1122,1,222,1,0,1,16,0,0,71,3,88,0
1,697,0,75,1,0,2,20,1,1,53,1,103,0
0,282,0,89,0,0,0,23,3,0,27,4,70,1
0,990,1,213,1,0,3,57,2,0,84,4,79,0
1,369,0,213,1,1,1,10,0,0,44,3,82,0
1,944,0,134,1,0,1,29,3,1,58,3,87,0
0,923,0,269,1,0,2,11,1,1,29,3,97,0
0,317,0,247,1,0,2,7,5,0,52,0,118,0
0,746,0,3,1,0,3,28,1,0,54,2,90,0
1,39,0,50,0,1,1,25,3,0,25,1,110,0
1,536,0,299,1,0,2,25,0,1,73,1,107,0
1,392,0,26,1,0,0,15,2,0,34,4,82,1
1,147,0,154,0,0,0,6,2,0,25,3,76,0
1,589,1,117,1,1,0,30,4,0,36,0,122,0
1,68,0,0,1,0,3,13,4,0,26,4,70,0
0,1037,1,461,1,0,4,12,1,0,69,1,109,0
1,399,1,100,0,0,4,44,3,1,44,4,72,1
0,103,1,182,1,0,2,37,0,0,88,3,72,1
1,0,0,25,0,0,1,10,4,0,33,0,117,0
0,583,0,116,0,0,3,20,3,1,39,3,86,0
0,1314,0,318,1,1,2,38,4,0,66,1,125,0
0,875,1,146,1,0,2,21,3,1,65,3,76,1
0,124,1,130,1,0,2,35,0,0,77,3,70,1
1,553,0,0,1,0,1,8,1,1,39,4,70,1
1,212,0,72,1,1,0,17,1,0,53,2,96,0
1,0,0,0,0,0,0,0,3,0,9,3,108,0
0,680,0,56,0,0,4,0,2,0,50,2,79,0
0,1081,0,229,0,1,2,23,3,0,74,2,102,0
0,583,0,0,1,0,0,17,3,0,28,4,78,1
1,73,0,189,1,1,1,27,4,0,22,3,85,1
1,383,0,4,0,0,2,14,4,0,47,2,111,0
1,275,0,160,1,0,1,52,3,0,23,4,70,0
1,377,0,23,1,0,1,49,3,0,29,4,70,0
0,658,0,238,1,0,1,37,4,0,55,3,99,0
1,42,1,111,0,0,1,20,1,0,43,2,118,0
0,461,0,204,1,1,0,60,3,1,51,4,79,0
1,1000,0,136,1,0,3,24,3,0,39,4,86,0
1,587,1,147,0,0,1,32,1,1,32,2,103,0
0,580,0,0,1,0,0,18,4,0,47,4,81,1
0,904,0,160,1,0,2,26,1,1,81,2,94,1
0,128,1,139,1,0,2,23,0,0,90,3,76,1
1,419,0,36,1,0,3,40,2,1,50,4,86,0
1,0,0,131,0,0,3,6,0,0,35,2,98,0
0,881,1,139,1,0,4,3,3,0,33,4,74,1
1,967,0,89,1,1,4,8,2,1,79,1,96,0
1,782,0,73,0,0,1,24,3,1,38,2,83,1
0,280,0,134,0,1,3,25,1,0,69,3,117,0
1,761,0,68,0,0,2,26,1,0,35,4,80,1
1,262,0,22,0,0,2,40,3,0,18,4,77,0
1,776,0,158,1,0,3,13,1,0,45,2,89,0
0,1294,0,272,1,0,3,14,2,0,85,3,73,0
0,882,1,166,0,0,3,33,1,1,60,3,87,0
1,302,0,200,0,0,2,17,2,0,54,1,84,0
1,603,0,80,1,0,2,15,3,0,45,2,88,1
0,796,0,274,1,1,3,3,1,0,70,2,91,0
0,467,0,247,1,0,3,13,0,0,52,3,81,0
0,878,1,112,1,0,5,11,3,0,51,3,94,0
1,1037,1,167,1,0,2,42,1,1,55,4,89,0
1,305,0,97,0,0,2,1,6,0,45,1,106,0
1,730,0,20,1,0,2,34,3,1,29,2,106,0
0,471,0,28,1,0,1,21,6,1,40,4,79,1
0,835,0,0,1,0,4,8,5,0,86,2,94,0
1,0,0,132,1,0,0,8,3,0,42,1,103,0
0,1410,1,294,1,0,3,34,2,1,71,1,111,0
0,937,0,255,1,1,1,22,3,0,89,1,94,0
0,1098,0,208,0,1,1,32,3,1,93,3,102,0
1,663,0,106,0,0,1,39,4,0,33,3,82,1
0,1365,1,261,0,0,2,28,3,0,54,1,114,0
0,1431,0,177,1,0,1,24,0,0,66,2,91,0
0,227,1,136,1,0,2,33,0,0,64,3,75,1
1,0,0,247,0,1,0,46,6,0,34,4,70,1
1,277,0,310,0,0,1,44,3,0,45,3,85,0
0,1314,0,80,1,0,2,33,0,0,86,2,85,0
1,731,1,217,0,0,3,16,1,0,39,2,107,0
1,714,1,217,0,1,2,9,1,1,50,1,108,0
0,1230,0,285,1,1,3,38,2,0,65,1,104,1
0,570,0,126,1,1,3,31,3,1,47,2,102,0
1,518,0,43,0,1,1,13,4,1,27,3,88,0
1,230,0,97,0,0,0,0,3,0,68,2,96,0
1,0,0,0,0,0,0,0,1,0,20,3,73,1
0,167,1,98,1,0,2,10,0,0,80,3,70,1
1,328,0,0,0,0,1,0,4,1,16,2,102,1
0,1289,0,25,1,0,5,22,1,0,86,4,75,0
1,1355,0,230,1,0,0,38,0,1,77,4,73,1
1,186,0,203,1,1,2,41,3,1,85,2,98,0
0,386,1,199,1,1,2,43,3,1,53,2,107,0
0,1249,0,176,1,0,3,16,2,1,89,3,80,0
1,224,0,242,1,0,1,34,1,0,39,3,73,1
1,465,0,14,1,1,1,8,2,0,48,2,86,0
1,27,0,28,0,0,0,0,2,1,19,3,104,0
1,339,0,285,1,0,0,0,4,0,42,0,116,0
0,928,1,359,1,0,4,27,5,0,86,0,123,0
0,881,0,234,1,0,3,22,0,0,71,4,77,1
1,813,0,310,1,0,1,40,1,0,74,3,89,0
1,0,0,0,0,0,0,0,2,0,8,2,78,1
0,130,1,138,1,0,2,22,0,0,66,2,77,1
0,858,1,156,0,1,3,9,0,0,71,3,87,0
0,302,1,175,1,0,2,17,0,0,73,2,70,1
0,410,0,68,0,0,2,56,2,0,21,3,70,1
0,1505,1,327,1,1,3,36,3,1,80,2,88,0
0,612,0,113,0,0,2,38,3,1,70,0,116,0
0,20,0,0,0,1,2,8,4,0,46,0,113,0
1,456,1,167,1,0,3,11,3,0,54,3,114,0
0,685,1,202,0,1,1,8,1,0,48,4,101,0
1,218,0,100,1,0,1,2,5,0,19,4,71,1
0,1246,1,381,0,0,1,29,3,0,84,1,95,0
0,724,0,187,0,0,1,16,3,0,22,3,73,0
0,842,0,137,0,0,4,7,5,0,65,1,98,1
1,0,0,0,0,0,3,15,3,0,6,1,113,0
1,0,1,396,1,0,1,28,2,0,73,1,108,0
0,711,0,385,1,0,2,20,2,0,57,1,93,0
1,0,0,73,0,0,0,0,4,0,29,2,96,0
0,464,0,0,0,0,1,45,2,0,47,4,76,1
1,0,0,25,0,0,0,3,2,0,30,1,105,0
1,314,0,51,0,0,2,11,0,0,66,2,117,0
1,0,0,139,0,0,0,7,2,0,23,1,96,0
0,634,1,471,0,1,4,36,1,1,100,2,120,0
1,1118,0,0,0,0,1,34,2,0,42,4,70,1
0,70,0,245,0,0,0,50,4,0,10,4,78,1
1,35,0,124,0,0,0,37,3,0,41,1,121,0
1,580,0,242,0,0,0,24,0,0,38,1,107,0
0,245,0,61,0,1,0,4,4,0,28,0,102,0
1,584,1,91,0,0,3,3,2,0,61,4,86,1
1,179,0,51,1,0,0,5,5,0,36,0,123,0
0,706,0,144,0,0,2,14,1,0,48,3,99,0
0,779,0,108,1,0,3,21,2,0,55,3,72,0
0,555,0,100,1,0,4,35,3,0,63,4,83,0
0,811,0,96,1,0,0,0,5,1,42,4,86,0
1,1231,0,210,1,0,2,19,2,0,62,1,97,0
0,1187,1,387,1,1,2,26,2,1,64,4,84,0
1,345,0,0,1,0,1,8,3,0,39,1,113,0
1,467,0,34,0,0,1,20,3,0,4,4,71,1
1,1453,0,266,0,0,1,31,2,1,53,4,79,1
0,0,0,219,0,0,1,0,5,0,24,3,94,0
1,391,0,74,0,1,2,22,2,1,59,2,92,1
1,0,0,0,0,0,1,7,4,1,30,2,116,0
1,0,0,93,0,0,0,20,0,0,37,2,84,0
0,1078,0,164,1,0,2,22,3,0,51,2,112,0
1,464,0,267,0,0,2,31,0,0,54,1,117,1
1,3,0,0,0,0,0,0,2,0,20,2,83,1
1,0,0,47,1,0,3,0,2,0,25,3,70,1
1,229,0,28,0,0,2,27,4,1,33,4,78,1
0,995,1,165,1,0,3,35,0,1,74,4,72,1
1,275,0,237,0,0,1,19,2,0,14,4,90,1
0,948,0,0,0,0,3,10,1,0,61,2,99,0
1,867,0,201,1,1,3,11,3,0,50,2,80,0
0,808,0,325,1,0,5,12,1,1,79,2,115,0
0,747,0,258,0,0,1,6,3,0,37,2,100,1
1,668,0,244,0,0,2,0,2,0,41,2,109,0
1,299,0,116,1,0,0,0,2,0,47,2,82,0
0,748,1,106,1,0,2,25,2,0,70,3,91,0
1,269,0,134,1,1,0,8,1,1,28,4,91,0
1,1284,0,191,1,1,2,53,0,0,79,1,82,0
1,494,0,137,1,1,3,17,0,0,76,3,109,0
0,819,0,204,1,1,2,23,0,1,69,1,108,0
0,520,0,0,1,0,0,13,3,0,54,2,107,0
0,1262,0,272,0,1,2,18,2,0,65,2,91,1
1,1195,1,148,0,1,2,16,0,0,77,2,108,0
0,1063,0,288,1,0,4,25,1,1,74,3,107,0
1,0,0,222,1,0,0,0,3,0,25,4,105,0
1,789,0,117,0,0,1,0,4,0,43,3,86,1
1,946,0,43,1,0,2,7,3,0,22,3,89,0
0,870,0,251,1,0,2,16,1,0,30,1,116,0
0,1022,0,200,0,1,3,25,0,0,73,4,80,1
0,1136,0,377,1,0,4,23,0,1,75,1,130,0
1,957,1,239,1,0,1,43,4,0,44,2,72,1
1,382,1,64,0,1,1,0,4,0,17,3,106,0
1,0,0,0,0,0,0,0,0,0,19,2,80,1
1,0,0,214,0,0,1,18,3,1,30,3,91,1
0,1666,0,155,1,1,3,46,0,0,84,4,101,1
0,139,1,160,1,0,1,44,2,0,42,2,86,0
1,364,1,140,0,0,0,0,5,0,25,0,109,0
1,803,1,332,1,1,2,30,1,1,72,1,108,0
0,573,0,141,0,0,2,67,4,1,69,3,91,0
1,184,1,182,0,0,3,54,0,0,56,4,76,1
0,462,1,38,1,1,3,36,0,0,74,2,102,0
1,241,0,102,1,1,2,0,2,0,49,4,87,0
1,215,1,129,0,0,1,19,2,0,8,3,70,0
1,591,0,156,0,0,2,14,4,1,35,3,88,1
0,76,0,57,1,0,1,18,3,1,37,1,126,0
1,901,0,297,1,0,2,18,4,0,42,2,122,0
1,886,0,96,0,0,2,11,3,0,51,3,119,0
1,809,0,134,1,0,3,19,0,0,62,3,97,0
0,1356,0,87,1,0,3,56,1,0,90,3,90,1
0,1464,0,279,1,1,2,31,1,0,74,1,112,0
1,778,0,104,1,0,1,13,1,0,50,3,95,1
0,601,0,211,1,0,2,11,1,0,60,2,104,0
0,1010,0,177,1,0,3,27,1,0,73,1,102,0
0,614,1,242,1,0,4,8,2,0,75,4,75,1
1,288,0,289,1,0,1,19,0,0,60,2,95,0
0,663,0,122,1,1,2,46,2,0,60,2,87,1
0,1264,1,279,0,1,3,22,0,1,85,3,70,1
1,789,1,399,1,1,3,37,0,0,73,2,110,0
1,528,0,95,1,0,0,45,3,0,42,2,78,0
0,1026,0,137,1,0,0,23,5,0,43,1,111,0
0,1154,1,303,0,0,4,22,5,1,78,3,101,0
1,552,0,23,0,0,0,0,5,0,38,3,101,0
1,269,0,0,0,0,0,0,1,0,26,3,106,0
0,969,1,257,1,0,3,30,1,0,86,3,84,1
1,372,0,80,0,0,3,20,2,0,44,1,95,1
1,1063,1,403,1,0,4,33,0,1,67,4,75,1
1,332,0,94,1,0,0,21,4,0,45,3,94,0
1,718,0,194,0,0,0,34,4,0,51,4,80,0
1,795,0,143,0,0,2,0,2,0,61,4,88,1
1,935,0,121,0,0,1,29,1,0,69,3,82,0
1,550,0,188,1,0,3,16,1,1,50,1,115,1
0,1205,0,98,1,0,3,37,0,1,86,2,110,0
1,10,0,0,0,0,0,0,1,0,16,1,78,1
1,615,0,149,0,0,1,8,2,1,62,3,84,0
1,169,0,132,1,0,1,35,3,0,32,4,70,1
1,277,0,0,0,0,2,56,4,0,43,4,86,1
0,1399,0,248,0,0,1,33,1,0,61,2,100,0
1,766,0,185,1,0,1,9,2,0,42,3,98,0
1,66,0,0,0,0,1,1,3,0,33,4,76,1
1,0,0,265,0,0,0,25,4,0,38,4,75,0
0,882,0,194,1,0,0,19,0,0,38,3,102,0
0,704,0,21,0,1,2,9,0,0,42,2,91,0
1,727,0,126,0,0,2,1,3,0,36,3,97,0
0,921,0,175,1,0,4,36,2,0,72,3,99,0
1,460,1,265,0,0,3,51,1,0,54,4,91,0
1,527,0,120,0,0,1,2,3,0,38,4,97,0
1,100,1,147,0,0,1,56,2,0,17,4,70,1
0,1100,0,255,0,0,3,53,1,1,86,4,88,0
0,671,0,0,1,0,2,46,3,0,73,4,70,1
1,815,1,379,1,1,2,0,3,0,48,4,72,1
1,459,0,117,0,0,1,16,1,0,41,2,100,0
0,1014,1,272,1,1,2,28,2,0,84,3,90,0
0,1459,0,76,0,0,3,35,3,0,77,4,80,1
1,989,0,133,1,0,0,53,3,0,4,4,77,1
1,564,0,34,0,0,0,0,6,0,39,4,88,1
0,1139,0,0,0,0,1,12,2,1,62,2,101,0
0,688,0,138,0,0,0,52,4,0,9,4,85,1
0,934,0,183,0,0,2,28,0,1,50,2,116,0
0,986,0,202,1,1,2,56,4,0,84,4,94,1
0,806,0,214,1,0,4,18,2,1,88,4,117,0
1,0,0,304,1,0,1,41,4,0,22,3,72,1
1,528,0,0,0,0,3,0,1,0,62,2,114,0
1,467,0,116,0,0,0,40,2,1,4,3,87,1
1,701,0,222,1,1,2,14,2,0,90,2,97,0
0,1070,0,0,1,0,3,28,2,0,86,3,95,0
1,1177,1,58,0,0,0,33,1,0,52,2,70,0
0,976,0,193,1,1,1,39,0,1,78,2,92,1
1,782,0,89,1,0,2,17,1,1,55,3,97,0
1,299,0,22,1,0,0,11,1,0,42,0,117,0
0,711,1,26,1,0,2,48,3,0,38,3,103,0
1,205,0,192,0,1,1,41,4,0,49,0,110,0
1,1066,1,286,1,0,2,28,3,1,61,2,91,0
0,559,1,256,1,1,2,36,1,1,66,4,96,0
0,656,1,225,1,0,4,15,2,0,59,0,113,0
0,793,0,145,0,0,0,17,3,0,38,1,111,0
0,1410,0,91,0,0,2,21,1,1,73,3,90,0
0,1069,1,273,1,1,1,13,1,1,78,0,119,0
1,433,0,61,1,1,3,0,5,0,0,3,106,0
0,982,1,232,1,0,2,23,0,0,75,1,100,0
1,1231,1,166,1,1,2,11,1,0,68,1,118,0
0,643,0,154,1,0,1,57,4,0,67,3,70,1
0,795,0,0,0,1,2,38,4,0,38,0,121,0
0,1122,1,187,1,0,3,13,1,0,65,4,74,0
0,1125,0,146,1,1,4,22,0,0,73,0,104,0
0,532,1,0,1,1,2,43,2,1,54,3,70,1
0,1220,0,229,1,0,4,0,3,0,78,3,84,0
1,406,0,92,0,0,2,14,2,0,34,2,90,0
0,1544,1,301,1,0,0,43,2,1,91,1,99,0
1,1044,0,0,1,0,0,3,3,1,15,4,90,0
1,0,0,0,0,0,0,0,0,0,25,3,83,1
1,313,1,206,0,0,2,21,5,1,42,2,99,0
1,1009,1,173,1,0,3,29,1,0,71,0,107,0
0,153,1,105,1,0,2,18,0,0,61,2,70,1
1,0,0,153,1,0,1,29,5,0,50,4,83,1
1,231,0,5,1,0,0,18,4,1,47,4,74,1
1,497,1,61,1,0,3,67,2,1,60,4,85,0
0,793,0,58,1,1,2,51,1,0,80,1,115,0
1,167,0,0,0,1,0,1,3,0,28,4,76,1
0,1092,1,147,1,0,1,4,6,1,56,3,118,0
0,1159,0,176,1,0,3,51,0,1,74,3,79,0
0,205,1,166,1,0,2,45,0,0,77,3,78,0
0,1229,0,78,1,0,3,35,0,0,64,4,108,0
0,548,0,452,1,1,3,53,1,1,67,3,96,0
1,471,0,0,1,0,2,19,1,0,62,4,94,0
1,570,1,244,1,0,1,22,3,0,40,4,93,0
1,971,0,216,0,0,3,19,1,1,41,4,91,1
0,1031,1,363,0,0,2,29,1,0,80,2,98,0
1,486,1,0,0,0,2,19,2,0,27,3,91,0
0,1069,1,342,1,0,2,35,2,0,68,4,88,1
1,347,0,157,1,0,0,5,3,0,39,1,106,0
1,0,0,133,0,0,2,21,5,0,30,3,82,1
0,168,1,96,1,0,2,39,0,0,69,3,70,1
1,75,0,222,0,0,1,46,3,0,39,4,81,1
0,131,1,162,1,0,2,23,0,0,82,3,76,1
1,1105,1,202,1,0,3,68,0,0,24,4,70,1
1,520,0,42,0,0,1,0,4,0,27,3,111,0
0,786,0,120,0,0,2,42,0,0,69,0,128,0
1,193,1,142,1,1,2,10,2,0,47,3,108,0
1,1280,1,85,1,0,1,26,1,0,71,3,110,0
1,683,1,127,1,0,0,7,3,0,38,3,107,0
0,1140,0,0,1,0,1,20,0,1,62,4,83,0
0,1538,1,54,1,0,3,6,0,1,68,2,103,0
1,0,0,62,0,1,2,44,3,1,32,4,71,1
0,854,0,87,1,0,1,17,2,0,73,2,100,0
0,636,0,502,1,0,3,6,1,0,100,3,113,0
0,512,0,46,0,0,2,23,2,0,29,0,115,0
0,964,1,99,1,1,3,16,2,0,74,3,87,0
1,428,0,41,0,0,1,15,6,0,33,4,83,1
1,8,0,14,1,0,1,3,5,1,40,3,92,0
1,892,0,0,0,0,3,31,3,1,89,2,89,0
0,986,1,294,1,1,2,37,0,0,76,3,85,0
1,272,0,0,0,1,0,17,3,0,35,0,99,0
1,52,0,37,0,0,1,3,2,0,31,2,90,0
0,1160,0,341,0,0,2,22,0,0,86,0,125,0
0,937,1,113,1,1,1,44,0,1,48,2,90,1
0,576,0,276,1,0,2,5,1,0,41,1,125,0
0,1253,0,290,1,0,3,29,2,0,68,2,102,0
1,423,0,98,0,1,0,4,2,0,52,3,101,0
0,0,1,99,1,0,2,16,2,0,43,1,115,0
1,347,0,0,0,0,1,0,3,0,9,2,120,0
1,389,0,0,1,0,0,7,2,0,47,4,76,1
0,1683,1,239,0,0,2,37,2,0,100,4,84,0
1,914,0,306,1,0,2,36,2,0,95,2,87,0
0,811,0,113,0,0,2,33,2,1,73,3,104,0
1,0,0,0,0,0,3,7,3,1,37,3,97,0
0,1417,1,317,1,0,2,12,1,0,54,2,117,0
1,373,0,112,0,0,2,22,0,1,38,4,93,0
0,589,0,140,1,1,1,15,2,1,30,3,106,0
0,0,0,0,0,0,0,45,5,0,52,4,93,0
1,1188,0,285,1,0,2,31,2,1,80,4,83,1
1,0,0,110,0,0,4,8,3,1,55,2,111,0
0,985,0,181,1,0,2,12,2,0,57,1,91,0
1,0,0,57,0,0,1,26,2,0,23,1,93,1
1,156,0,63,0,0,0,13,2,0,25,2,104,0
0,656,0,134,1,0,0,0,3,0,35,3,98,0
0,903,0,2,1,0,1,0,3,0,42,4,89,0
0,0,0,43,1,0,3,31,2,0,56,2,117,0
1,128,0,135,0,0,1,0,3,1,15,1,110,0
1,871,1,100,1,1,1,33,3,0,69,4,98,0
1,204,0,78,1,0,2,5,6,0,30,2,88,0
1,0,0,77,1,0,2,15,2,0,32,2,99,0
1,80,0,46,0,0,0,9,5,0,18,2,93,1
1,126,0,102,0,0,0,54,5,1,35,3,82,0
1,0,1,195,0,1,1,25,0,1,50,1,130,1
0,0,0,0,1,0,2,18,4,0,33,2,93,0
0,276,0,136,1,0,1,27,1,1,29,3,88,0
1,1110,0,133,1,0,2,37,2,0,75,2,103,0
1,294,0,70,0,0,0,1,3,0,33,3,100,0
1,898,0,221,0,0,2,0,6,0,28,4,86,1
1,645,0,101,0,1,1,20,3,0,38,0,118,0
0,1036,0,107,1,0,4,38,1,0,61,3,74,0
1,0,0,69,0,0,0,0,3,0,16,3,80,0
0,0,0,165,1,1,2,16,3,0,55,2,105,0
0,0,0,261,1,0,3,37,3,0,48,4,80,1
0,319,0,70,0,1,0,0,1,0,46,3,104,0
1,740,0,172,1,0,1,0,4,0,60,3,78,0
1,255,1,92,0,0,0,52,3,1,14,3,86,1
1,558,0,206,1,0,0,18,3,1,44,3,103,0
0,777,0,140,1,0,3,4,2,1,47,4,75,1
1,332,0,213,0,1,2,37,4,0,30,3,82,1
1,253,0,0,0,0,0,6,2,0,39,1,115,0
1,143,0,46,0,0,0,0,2,0,31,4,93,1
0,638,0,224,1,0,2,9,3,0,51,4,80,1
0,1427,0,0,0,0,4,66,3,0,79,4,92,0
1,219,0,15,1,0,1,43,2,0,29,2,84,0
1,12,0,0,0,0,0,0,3,0,9,3,72,1
0,0,0,0,1,1,0,17,3,0,58,3,88,0
0,0,0,162,0,0,2,22,2,0,15,2,93,0
0,1197,0,58,0,0,1,17,0,0,66,1,102,0
1,440,0,224,1,1,3,6,2,1,62,1,101,0
0,1024,0,111,0,0,2,47,1,0,64,1,102,0
0,0,0,97,1,1,2,5,3,0,36,2,92,1
0,345,1,90,1,0,1,61,0,0,33,4,88,0
0,1163,0,160,1,1,1,28,1,1,61,4,84,0
1,0,0,19,0,0,0,10,3,0,22,3,70,1
1,731,0,0,0,0,2,12,3,0,17,4,99,0
1,760,0,158,0,0,1,32,1,0,43,3,93,0
1,6,0,0,0,0,0,0,2,0,7,3,70,0
0,0,0,65,0,0,0,0,2,0,11,4,77,1
0,539,0,175,1,0,0,19,2,1,50,3,91,0
0,1202,0,124,0,0,0,20,6,1,37,4,79,1
1,304,0,0,0,0,0,16,1,0,57,1,104,0
1,893,0,410,1,0,1,38,2,1,79,4,111,0
1,478,0,66,0,1,0,0,1,1,31,2,83,1
1,790,1,265,0,0,3,21,2,0,48,4,85,0
1,1084,0,184,1,0,2,34,1,0,71,4,85,0
1,12,0,0,0,0,0,0,1,0,8,3,75,1
0,847,0,301,1,1,1,20,1,0,63,3,83,0
1,0,0,129,0,1,1,24,3,0,14,1,104,1
0,1461,0,0,0,1,3,32,1,1,67,1,119,0
1,660,0,187,1,1,0,0,4,0,31,2,93,0
0,15,0,0,0,1,2,0,5,0,48,2,90,0
1,861,0,140,1,1,0,23,4,0,57,3,77,0
1,1322,0,280,1,1,2,67,2,1,81,2,111,0
0,341,1,218,1,0,0,32,2,0,73,1,123,0
1,134,0,1,1,0,1,0,5,0,4,2,104,0
1,0,1,183,0,1,4,33,0,0,46,2,89,0
0,1177,1,300,1,0,4,37,2,0,66,0,120,0
0,1059,0,0,1,1,2,35,0,0,75,0,116,0
1,535,0,228,0,0,1,30,0,0,63,0,110,0
0,1013,0,356,1,1,3,50,2,1,83,3,87,0
1,425,0,167,1,1,0,21,6,0,30,3,109,0
1,494,0,125,0,1,0,0,3,0,36,3,90,0
1,659,0,295,1,0,4,48,2,0,59,4,99,0
1,493,0,262,1,0,0,42,2,0,57,3,70,1
0,730,1,347,0,0,2,47,0,1,95,1,115,0
1,91,0,112,0,0,3,27,3,0,55,2,105,0
1,0,0,1,0,1,2,12,2,0,32,4,119,0
0,983,0,137,1,0,1,24,3,0,48,4,80,1
1,0,0,0,0,0,0,0,1,0,11,3,75,0
0,1027,0,231,1,1,2,30,3,0,72,0,101,0
0,873,0,0,0,0,3,23,3,0,71,3,94,0
1,1137,0,132,1,0,2,8,2,1,80,4,73,1
1,0,1,350,1,0,2,26,4,1,43,1,102,0
0,771,0,460,1,1,3,44,1,0,95,3,97,1
0,902,0,389,1,0,4,44,0,1,78,2,97,0
1,32,0,0,1,0,0,11,2,0,39,1,111,0
0,446,1,78,1,0,0,0,3,0,38,1,106,1
1,0,0,13,0,1,1,43,3,0,41,3,115,0
1,0,1,115,0,0,0,0,2,0,33,1,104,1
1,981,0,278,1,0,2,27,0,0,69,2,70,1
1,251,0,80,0,0,2,0,4,0,38,1,89,0
0,0,0,160,1,1,0,45,3,0,34,3,73,1
0,386,0,188,0,0,1,73,2,0,24,3,70,1
1,527,0,11,0,0,1,0,3,0,41,1,100,0
0,738,0,152,0,0,1,53,4,0,29,3,73,1
1,596,0,119,1,0,1,18,4,0,43,4,87,0
0,715,0,133,1,0,1,29,0,0,45,3,91,0
0,0,0,21,0,1,0,0,2,0,20,3,85,0
0,737,0,45,1,0,4,27,0,0,82,1,103,0
0,1262,0,204,1,0,5,43,0,0,82,3,92,1
0,1452,0,312,1,0,4,53,1,0,92,4,70,0
1,110,0,95,0,0,0,0,4,0,8,3,117,0
1,924,1,187,1,0,3,17,1,1,73,1,95,0
1,28,0,84,0,1,1,0,5,1,45,2,102,1
0,252,0,86,1,1,4,17,1,0,42,3,88,0
1,954,0,118,1,0,3,20,3,0,27,4,100,0
1,557,0,0,0,1,2,14,4,0,30,3,88,1
1,0,0,69,1,0,1,0,1,0,33,3,99,0
0,139,0,281,0,0,0,28,2,0,35,3,89,1
1,595,0,193,1,0,0,20,4,0,34,2,98,1
0,262,1,146,1,0,2,16,0,0,78,3,72,1
0,800,1,253,1,1,1,48,3,1,65,3,87,0
0,260,0,11,0,1,1,26,3,1,44,1,115,0
1,335,0,151,1,0,1,35,0,0,47,4,77,1
1,422,0,138,1,0,1,7,4,0,68,0,125,1
1,4,0,0,0,0,0,0,2,0,3,3,70,1
1,401,0,146,0,1,0,7,2,0,17,1,110,0
1,866,1,196,0,0,1,33,2,0,63,3,113,0
1,141,0,132,0,0,3,13,2,0,32,1,100,0
1,297,0,161,0,1,2,0,2,1,73,3,90,0
1,11,0,34,0,0,2,15,2,0,50,4,79,0
1,1068,0,227,1,1,2,4,0,0,54,3,94,0
0,918,1,229,1,0,1,25,0,0,69,3,111,0
0,801,0,271,0,0,3,0,3,0,56,4,87,1
1,826,0,62,0,0,1,4,3,0,36,2,106,0
1,270,0,0,0,0,0,27,7,0,16,2,126,0
1,422,1,146,1,1,2,24,3,0,28,3,95,0
1,716,0,192,0,0,2,20,3,1,41,3,98,0
0,914,1,31,1,1,3,0,0,1,51,4,70,1
1,300,1,185,1,0,1,43,5,0,38,2,80,0
0,370,0,195,0,1,3,25,2,0,84,2,76,1
0,1036,0,335,1,0,2,13,0,1,79,4,113,0
0,529,1,293,1,0,2,46,2,0,51,4,91,0
0,914,0,83,0,0,3,36,2,0,45,0,126,0
1,340,0,120,1,0,2,1,3,0,41,1,112,0
0,1511,0,106,0,1,2,58,1,0,91,4,78,1
0,455,0,121,0,0,0,0,5,0,41,1,115,1
1,807,1,335,1,0,1,1,0,0,60,1,108,0
0,1060,0,239,1,0,3,41,1,1,78,1,97,0
0,912,0,150,1,0,2,26,0,0,70,4,91,0
1,1069,0,0,0,1,3,0,4,0,34,2,96,0
0,761,1,123,1,1,2,21,3,1,69,3,91,0
0,285,0,71,0,0,0,87,1,0,20,4,80,1
1,1078,1,221,1,0,4,19,0,0,65,2,113,0
0,1431,1,251,1,0,1,21,1,0,70,4,112,0
1,403,0,328,0,1,3,29,0,0,60,2,117,0
0,571,0,343,0,0,3,26,2,0,57,3,104,0
1,0,0,0,1,0,1,20,4,0,17,4,70,1
0,999,0,155,0,1,2,13,0,1,50,2,103,0
0,1606,1,345,1,0,2,35,1,0,73,4,92,0
0,1525,1,171,1,0,3,44,1,1,87,0,112,1
1,577,0,446,1,1,5,16,1,0,63,3,108,0
1,353,0,180,0,1,2,17,4,0,28,3,113,0
1,103,0,0,0,0,2,0,3,0,27,2,121,0
1,1225,0,15,1,0,0,17,3,0,18,3,83,1
0,453,0,68,0,0,0,0,2,0,15,1,111,0
1,828,0,20,0,0,0,8,4,0,7,3,101,0
0,862,0,166,0,0,3,16,0,0,63,2,109,0
1,247,0,51,1,0,0,23,2,0,35,2,97,0
1,674,1,0,0,0,1,3,1,0,62,3,91,0
0,1053,0,198,1,1,2,32,1,0,66,4,72,0
0,126,1,135,1,0,2,27,0,0,76,3,70,1
1,295,0,0,0,0,0,21,5,0,29,0,107,0
1,1175,0,0,1,0,3,28,2,1,88,2,101,0
0,0,1,145,0,0,2,20,4,0,57,1,84,0
1,1103,0,0,0,0,2,26,4,0,72,1,100,0
1,916,0,188,1,0,4,60,0,1,82,4,78,0
0,479,0,185,1,0,2,15,2,1,50,3,107,0
0,660,1,77,0,0,3,8,0,0,61,4,96,1
1,570,0,103,0,1,1,0,5,0,50,3,93,0
1,89,0,84,0,0,1,6,3,0,35,2,123,0
1,450,0,38,0,1,1,26,1,0,34,4,90,1
0,660,0,63,1,0,0,14,1,0,43,4,89,0
0,843,1,197,0,0,4,59,2,1,80,2,111,0
1,1452,0,188,0,0,2,66,1,1,61,4,90,0
1,647,0,33,1,0,1,11,2,0,24,3,80,0
0,712,0,0,1,0,0,43,0,1,56,1,115,0
1,461,0,0,0,0,0,20,1,0,22,3,94,0
0,604,0,0,1,0,2,1,4,0,39,3,89,0
0,888,1,135,1,1,2,16,2,0,63,4,85,0
1,9,0,0,0,0,0,0,1,0,10,2,70,1
0,331,0,132,1,0,4,14,2,0,50,0,105,0
0,542,0,164,1,0,2,20,2,0,48,4,86,0
0,978,0,139,1,1,2,9,3,0,56,3,86,0
0,1400,1,314,1,0,3,26,0,0,62,3,112,1
1,0,0,93,1,0,0,12,3,0,50,1,91,0
1,9,0,0,0,0,0,0,3,0,6,2,73,1
1,303,0,140,0,0,1,41,2,0,27,4,80,0
1,1131,0,169,1,1,1,33,4,0,44,3,81,0
1,0,0,254,0,0,2,0,2,0,38,2,87,0
0,1272,0,0,0,0,1,22,4,0,47,1,93,0
1,1131,0,279,1,0,2,26,3,0,55,3,72,0
0,799,0,130,1,0,2,34,0,1,76,3,98,0
1,542,0,37,0,0,1,7,2,0,34,4,94,1
1,665,1,115,1,0,3,22,2,0,48,2,84,0
0,260,1,154,1,0,2,10,0,0,82,2,84,1
1,511,1,179,1,0,2,37,3,0,59,4,81,1
0,1325,0,13,1,0,2,33,2,1,82,4,80,0
1,0,0,205,0,0,0,44,4,0,18,4,93,1
1,0,0,169,0,0,2,49,1,0,50,3,86,0
0,1088,0,178,1,0,2,26,2,1,81,2,108,1
0,314,0,135,0,1,2,15,4,0,25,0,113,0
1,725,0,104,0,0,1,17,2,0,54,1,96,0
1,1444,0,259,0,0,2,29,2,0,67,2,108,0
1,737,1,302,0,0,1,36,1,0,67,3,91,0
1,434,1,185,0,0,4,34,2,0,80,3,91,1
1,310,0,44,1,0,0,22,4,0,34,3,70,1
1,907,0,233,1,1,0,31,2,0,67,4,87,0
0,47,1,65,0,0,0,22,3,1,65,1,113,0
0,756,0,201,1,1,1,46,0,0,55,3,70,1
1,1116,0,390,1,1,3,39,1,0,80,4,91,0
1,0,0,3,0,0,1,45,4,0,18,4,77,1
1,484,0,121,1,0,2,7,3,0,30,2,101,0
1,304,0,108,1,0,0,9,3,0,47,3,80,0
1,237,0,109,0,0,0,2,3,0,42,4,85,1
1,596,0,116,0,0,1,8,4,0,36,1,103,0
0,1168,1,196,0,1,3,6,0,0,73,1,87,1
1,0,0,0,0,0,2,0,3,0,16,4,70,1
0,1114,0,302,1,0,0,36,3,0,64,2,97,0
1,251,0,0,1,0,0,0,3,0,20,1,108,0
1,542,0,262,1,1,3,23,2,0,84,4,84,0
0,0,0,43,0,1,2,12,5,1,0,4,83,1
1,112,0,152,1,0,2,19,4,1,29,1,105,1
1,261,0,86,1,0,1,64,4,0,17,3,78,1
1,1145,0,138,0,1,2,15,1,1,46,2,102,0
0,1335,0,234,1,0,1,14,0,0,71,0,130,0
1,0,0,87,0,0,0,0,3,0,60,2,114,0
0,520,0,110,0,0,1,0,1,0,39,4,92,1
0,1087,0,119,0,0,3,24,2,0,67,2,90,0
1,484,0,36,0,0,0,8,4,0,33,3,84,1
0,969,0,382,1,0,3,18,0,0,79,4,93,0
0,192,1,112,1,0,2,39,0,0,74,3,72,1
0,1433,1,500,1,0,3,41,0,1,70,4,78,1
0,610,0,130,0,0,2,30,2,0,19,3,70,1
1,899,0,0,0,0,4,21,2,0,50,4,82,1
0,224,0,0,0,0,1,8,3,0,23,2,98,0
1,1126,0,0,1,1,4,12,0,0,30,4,86,1
1,427,0,75,1,1,1,30,5,0,35,3,89,0
1,297,0,27,0,1,2,14,1,0,47,1,108,0
1,1006,0,208,1,0,0,20,4,0,34,2,82,0
0,514,0,136,1,0,2,10,3,0,55,4,83,0
0,1002,0,213,1,0,2,60,4,0,48,4,71,1
1,592,1,261,1,1,3,30,1,1,79,2,87,0
0,1313,0,115,1,1,0,27,0,0,68,1,123,0
1,671,1,300,1,0,2,30,0,0,73,3,91,0
0,642,0,125,1,1,4,34,1,0,56,2,87,0
0,490,0,0,0,0,5,18,3,0,86,1,129,0
0,1353,0,93,1,0,1,49,1,0,86,3,84,0
1,322,0,0,0,0,2,38,3,1,74,2,112,0
0,938,1,365,0,0,2,21,2,0,84,2,102,0
0,1344,1,289,1,0,5,31,2,0,84,0,106,0
0,1031,0,157,1,0,4,0,1,0,76,2,106,0
1,122,0,154,0,0,0,65,4,0,18,4,89,1
1,1008,0,190,1,0,2,0,6,0,16,4,71,1
0,549,0,144,0,0,2,26,3,0,48,3,91,0
1,560,0,159,1,0,0,6,5,0,58,1,81,0
0,970,0,149,0,0,2,30,0,0,43,2,96,0
0,459,0,154,0,0,2,64,3,0,54,4,79,1
0,0,1,233,1,0,1,27,3,1,69,3,84,0
1,1428,1,149,1,0,0,25,0,0,66,3,103,0
1,555,1,167,0,0,1,25,3,0,51,3,102,0
0,858,0,113,0,0,2,13,0,0,68,4,85,1
0,125,0,44,0,0,1,8,4,0,40,3,104,0
1,679,0,215,0,0,3,26,2,0,63,1,108,0
0,814,1,294,0,1,2,53,0,1,71,2,124,0
0,692,0,262,1,0,1,65,2,0,37,4,84,0
1,842,0,151,1,0,1,24,2,0,53,0,125,0
0,886,0,108,1,1,2,30,3,1,60,1,94,0
1,620,0,0,0,0,1,24,4,0,6,0,124,0
0,699,0,234,1,0,3,40,2,0,74,0,117,0
1,871,1,267,0,0,2,37,2,0,79,3,81,0
1,190,0,59,1,0,0,14,6,0,20,4,77,1
1,537,0,70,1,0,1,18,2,0,52,2,128,0
0,0,1,177,1,0,3,11,3,0,51,2,92,0
1,490,0,259,1,0,3,40,3,0,44,2,99,0
1,652,1,160,1,0,1,19,5,0,54,2,102,0
1,530,0,95,0,0,0,21,5,1,26,1,101,0
1,249,0,186,0,1,2,21,0,0,85,4,94,0
1,0,0,1,1,0,1,4,3,0,0,1,102,0
0,1419,0,23,1,0,0,58,1,0,71,4,80,1
1,66,1,135,1,0,2,20,1,0,53,1,110,0
0,1359,1,98,1,0,3,21,1,0,76,0,121,0
0,251,1,74,1,0,1,10,2,0,52,2,104,0
1,761,0,23,1,0,1,0,2,0,42,2,107,0
1,963,1,69,1,1,3,31,2,1,87,4,81,0
1,0,0,152,0,0,3,0,4,1,18,1,109,0
1,780,1,140,0,0,0,27,5,0,30,2,87,0
0,808,0,150,1,0,0,35,3,0,60,4,70,1
0,1086,1,238,0,1,1,56,2,0,64,3,75,1
1,425,0,160,1,0,0,33,4,0,26,3,74,1
1,1022,1,84,0,1,3,5,0,1,38,0,113,0
1,408,0,157,1,0,4,30,2,0,34,4,81,1
1,427,0,135,1,0,1,7,4,0,61,1,97,0
1,1273,0,85,1,0,0,22,2,1,39,2,109,0
1,242,0,123,0,1,1,0,4,0,39,2,90,0
0,840,0,122,1,0,3,18,1,1,71,2,120,0
1,896,0,174,1,0,0,1,2,0,51,4,94,0
0,695,0,124,1,1,3,12,0,1,53,1,110,0
0,754,0,233,0,0,2,10,3,0,57,3,92,0
0,315,1,244,0,0,4,11,1,0,28,4,81,1
1,666,0,64,1,0,1,26,3,1,70,1,117,0
0,963,0,298,1,0,3,1,0,0,72,4,93,0
1,589,0,68,1,0,0,2,4,1,11,2,90,1
0,572,0,22,1,0,2,21,2,0,71,4,89,0
1,499,0,210,1,1,1,13,1,0,41,3,93,0
0,327,0,176,1,0,0,14,0,1,67,2,98,0
0,621,0,74,0,0,2,0,3,1,39,1,99,0
1,332,0,207,0,0,0,0,1,0,26,2,120,0
1,1109,0,316,0,0,3,17,3,1,58,2,104,0
1,1056,0,0,1,1,3,33,3,0,88,3,97,0
0,210,0,73,1,0,0,0,5,1,34,4,92,0
1,0,0,53,0,0,0,11,5,0,50,2,95,0
0,1314,1,305,1,0,2,27,2,1,100,2,77,0
1,505,0,0,0,0,0,3,5,0,19,0,98,1
0,1046,0,328,0,0,2,31,3,0,66,2,119,0
0,202,0,242,1,0,0,23,4,0,41,0,111,0
0,1548,0,68,0,0,4,45,0,1,93,2,115,0
0,606,0,147,0,1,0,16,0,0,65,2,116,0
1,300,0,167,1,0,0,29,4,0,32,4,76,1
1,671,0,0,0,1,2,17,0,1,46,2,109,0
0,684,0,52,1,0,3,3,2,1,37,3,81,0
1,0,0,85,1,0,0,20,3,0,37,2,80,1
0,730,0,45,1,0,3,78,2,0,44,3,76,1
1,952,1,254,0,0,1,16,5,1,72,1,106,1
0,1050,0,107,1,0,3,45,0,1,55,2,91,0
0,743,0,212,1,1,2,20,2,1,71,1,93,0
0,698,0,212,1,0,0,14,2,1,70,4,83,0
1,329,0,99,0,0,0,64,5,0,28,4,84,1
1,398,0,191,1,0,0,0,2,0,53,1,92,0
1,823,0,98,0,0,1,27,3,0,47,4,84,1
1,973,0,121,1,1,3,45,2,0,65,4,74,1
1,1606,0,200,1,1,3,27,1,0,57,1,94,0
0,1438,1,393,1,1,3,31,0,0,90,3,77,0
1,9,0,0,0,0,0,0,2,0,9,3,79,1
0,897,0,143,1,1,0,41,2,1,49,3,80,0
1,348,0,232,0,0,1,27,4,0,35,2,102,0
1,945,0,131,1,0,2,19,1,0,72,4,92,1
0,891,1,92,0,0,2,0,3,0,28,1,98,0
1,520,0,104,0,0,2,30,2,0,53,2,73,0
1,767,0,250,0,0,3,52,2,0,92,2,104,0
1,736,0,284,1,0,2,0,0,1,52,3,114,0
0,628,0,286,1,1,4,64,0,0,90,4,70,1
0,877,0,109,0,1,0,4,6,0,41,2,110,0
0,343,0,33,1,0,2,30,3,0,63,4,86,0
1,0,0,48,0,0,0,39,5,0,8,2,85,0
0,175,1,57,1,0,2,25,0,0,50,4,73,1
0,1080,0,303,0,0,4,44,1,1,88,4,78,1
1,624,0,78,0,1,0,21,4,1,3,3,102,0
1,500,0,186,0,0,2,6,3,0,19,3,105,0
1,565,1,117,0,0,1,27,4,0,41,2,91,0
1,526,0,83,1,0,2,0,3,0,30,0,90,0
0,775,0,85,1,0,3,16,1,0,50,0,111,0
0,896,0,91,0,0,3,53,0,1,99,1,121,0
0,924,0,0,1,1,1,16,1,0,81,2,115,0
1,773,0,203,0,1,2,19,0,0,78,2,80,0
1,59,0,65,0,1,3,14,5,1,26,2,102,0
0,434,0,161,1,0,2,13,1,1,50,2,82,0
0,1072,1,344,1,0,1,18,0,0,79,1,117,1
0,347,0,55,0,0,0,1,3,0,41,4,75,1
1,436,1,0,1,0,1,6,3,0,30,4,98,0
1,0,1,23,0,0,2,8,5,0,9,1,119,0
1,397,0,161,0,0,0,29,2,0,13,4,74,0
1,414,0,77,1,1,0,6,2,1,61,0,126,0
1,552,1,152,0,0,3,26,3,0,74,3,100,0
1,686,0,218,1,0,0,16,4,1,23,3,89,0
1,28,0,167,1,0,2,22,5,0,30,2,106,0
0,251,0,110,1,0,3,50,2,0,37,4,84,1
1,1157,0,300,1,1,3,26,2,1,45,2,108,0
0,187,1,219,0,0,0,51,5,1,40,4,93,0
0,967,1,189,0,0,1,8,2,0,59,4,86,1
1,1572,1,412,1,0,3,28,0,0,88,1,104,0
1,150,0,171,1,0,1,0,5,0,2,4,77,0
1,741,1,195,0,1,0,14,3,1,63,4,82,1
0,861,0,28,0,0,3,31,1,0,80,1,91,0
0,1140,0,102,0,0,1,47,1,1,69,3,102,0
1,460,0,101,0,0,2,41,5,0,55,4,80,1
0,166,1,190,1,0,2,10,0,0,76,3,70,1
1,951,0,269,1,1,2,13,4,0,67,0,108,1
1,687,1,253,1,1,2,33,3,0,54,4,81,1
0,1106,1,160,1,0,5,22,1,0,93,1,119,0
0,1356,0,276,1,0,3,15,2,1,76,4,78,1
1,52,1,0,0,0,0,0,3,0,4,2,106,0
1,0,0,0,0,0,2,6,3,0,51,4,70,1
0,749,0,265,1,0,4,32,2,0,83,1,109,0
0,569,0,0,1,0,1,61,3,0,56,4,95,0
0,1038,0,184,1,0,2,7,1,0,50,1,85,0
1,738,0,270,0,0,2,14,4,0,38,4,83,1
0,550,0,166,1,1,1,62,1,1,71,4,77,1
0,1164,0,538,1,0,4,11,4,0,84,1,124,0
1,293,0,23,0,0,2,15,3,1,55,2,94,0
1,623,0,63,0,1,2,25,3,0,23,1,117,0
1,1327,1,122,1,0,2,12,2,1,89,2,115,1
1,0,0,103,0,1,0,10,3,1,29,2,81,1
1,405,0,136,0,0,1,15,4,0,38,0,103,0
0,533,1,132,1,0,4,22,1,0,37,3,116,0
0,548,0,68,1,0,1,20,0,0,62,1,100,1
1,205,1,202,1,0,2,42,3,0,61,1,103,0
0,663,0,3,0,0,2,16,0,0,26,2,92,1
0,1577,0,255,1,1,1,60,3,0,68,4,76,0
0,1271,0,417,1,0,4,40,0,1,100,2,105,0
0,1444,0,230,1,0,3,27,2,0,80,4,78,1
0,600,0,165,0,0,3,12,3,0,44,3,77,1
1,688,0,156,0,0,2,46,4,0,70,0,105,0
1,969,0,231,0,0,2,30,1,0,74,3,94,0
0,1288,1,334,1,0,2,37,0,1,74,3,91,1
0,721,0,117,1,0,4,23,0,0,43,2,103,0
0,411,1,256,0,0,1,48,3,0,24,4,81,1
1,808,0,97,1,1,2,4,2,0,65,2,119,0
1,726,0,203,0,0,1,18,4,0,57,1,94,0
1,25,0,47,1,0,0,7,5,0,37,2,95,0
0,848,1,320,1,1,2,10,3,1,63,2,82,1
1,678,0,182,1,1,1,8,4,0,36,2,84,0
0,1488,0,265,1,1,4,17,0,1,79,1,106,0
1,981,1,184,1,0,1,8,3,0,49,1,130,0
0,375,1,235,1,0,2,53,4,1,76,4,75,1
0,611,0,301,0,0,2,49,2,1,94,4,70,1
1,118,0,64,0,0,1,17,2,0,45,3,91,0
1,611,0,188,0,0,3,31,1,0,74,3,108,0
1,0,0,115,0,0,2,27,3,1,15,0,122,0
1,790,0,143,1,0,0,46,2,0,85,0,104,0
1,578,0,25,0,0,1,8,3,0,40,4,94,0
0,87,0,169,1,0,2,31,4,0,31,4,75,1
0,937,0,384,0,1,2,46,3,0,66,4,89,0
1,526,0,88,0,0,1,13,3,0,25,1,86,1
0,1378,0,179,0,0,3,61,2,0,72,3,76,0
0,1111,0,73,1,1,2,39,0,0,88,0,112,0
1,502,0,0,0,1,0,22,2,1,54,1,96,0
0,149,1,138,1,0,2,24,0,0,90,3,70,1
1,622,0,84,0,0,1,8,2,0,64,0,129,0
1,0,0,0,0,0,0,0,2,0,21,2,75,1
0,0,0,0,0,0,2,25,0,0,45,0,117,0
0,928,0,0,1,1,0,8,1,0,31,2,113,0
1,566,1,84,0,0,0,9,2,0,46,1,102,1
1,0,0,87,0,0,0,9,4,0,13,2,91,0
1,205,0,229,1,0,2,15,1,0,33,0,106,0
0,267,1,166,1,0,2,23,0,0,64,3,70,1
1,711,0,96,0,0,3,24,4,0,56,3,101,0
0,990,1,373,1,0,4,40,0,1,98,2,122,0
1,506,0,5,1,1,0,0,2,0,54,0,110,0
1,0,0,0,0,0,0,0,1,0,31,4,109,1
1,111,0,53,1,0,0,67,3,0,18,4,79,1
1,881,0,123,1,0,1,28,2,1,54,4,94,0
1,4,0,0,0,0,0,0,0,0,18,1,70,1
0,762,0,340,1,1,0,24,3,1,65,1,107,1
1,838,1,333,1,0,0,27,2,0,41,2,90,0
0,192,0,86,1,0,2,10,1,0,29,0,115,0
0,1336,1,81,1,0,2,34,2,0,87,1,119,0
0,442,1,145,1,0,0,35,3,0,44,2,105,0
1,882,0,141,0,0,3,13,2,0,52,4,79,1
0,1372,1,443,1,1,5,33,0,0,65,3,107,0
1,250,0,235,0,0,1,17,5,1,35,1,97,0
0,1198,1,315,0,0,3,50,0,0,82,3,83,0
0,618,1,73,1,0,3,55,1,0,58,4,71,1
0,760,0,270,0,0,3,16,0,0,70,1,101,0
0,296,0,23,0,0,0,3,5,1,24,3,90,0
1,659,1,148,0,0,0,30,3,0,63,2,83,0
1,0,0,17,1,0,0,34,5,0,43,4,83,1
1,480,0,125,0,0,3,24,3,0,70,2,121,1
0,1108,0,304,0,1,1,28,0,0,58,2,118,0
0,879,0,0,0,0,2,14,3,0,61,0,122,0
0,541,1,194,1,1,5,27,0,0,52,4,98,0
0,1463,1,208,0,0,1,46,2,0,87,4,82,1
0,890,0,200,1,0,1,40,2,1,44,4,80,1
0,1069,0,112,1,0,4,28,2,1,84,0,119,0
0,263,0,177,1,0,1,3,2,0,28,2,86,0
0,227,1,251,1,0,2,21,0,0,64,4,76,1
0,573,0,59,0,0,1,50,6,1,33,4,89,1
1,1155,1,207,0,0,0,0,3,1,36,1,102,0
1,1180,0,0,0,0,4,35,1,1,77,4,86,0
0,662,1,342,0,0,2,18,1,0,100,1,110,0
0,210,0,203,1,0,2,0,2,1,26,4,103,0
1,838,0,240,1,1,2,32,3,0,51,3,73,0
0,1174,0,116,1,0,1,20,3,1,57,1,120,1
1,0,0,0,0,0,0,0,2,0,19,4,70,1
0,1254,0,88,1,0,2,49,2,0,64,3,88,0
1,416,0,1,1,0,1,8,1,0,47,1,98,0
1,875,0,0,0,0,2,11,0,1,60,4,81,1
1,12,0,0,0,0,0,0,3,0,12,2,76,1
1,328,0,233,1,0,2,10,2,0,41,2,94,0
1,217,0,179,0,0,2,42,1,0,22,3,84,1
1,1011,0,190,0,0,2,33,5,0,44,2,110,0
1,561,0,238,0,0,5,32,4,0,53,4,83,1
1,127,1,143,0,0,2,0,4,0,31,2,118,0
0,1490,1,353,1,0,1,44,0,1,90,3,92,0
0,952,0,144,1,0,6,13,0,1,79,4,92,0
1,742,0,91,1,0,3,31,2,0,60,3,93,0
1,0,0,40,0,0,3,0,6,0,26,0,115,0
0,0,0,115,0,1,2,2,5,0,30,4,84,1
0,1174,0,295,0,0,1,58,3,0,93,2,95,0
0,1488,0,102,1,1,2,3,0,1,71,1,95,0
1,1116,1,282,1,1,2,37,0,0,67,3,97,0
1,0,0,172,0,0,1,25,1,1,45,2,95,0
0,1126,0,110,1,0,1,14,0,0,66,1,111,0
0,388,0,172,1,0,0,2,1,0,57,4,93,1
1,0,0,190,0,0,0,22,2,0,27,3,83,0
1,0,0,105,0,0,1,16,5,0,33,3,97,0
0,1489,0,315,0,1,3,48,3,0,87,4,81,1
1,271,0,57,1,0,1,14,5,0,8,2,103,0
1,131,0,286,1,0,2,38,3,0,36,3,79,0
1,188,0,143,0,0,2,35,2,0,52,1,116,0
1,0,0,128,1,0,0,11,2,0,27,3,95,0
1,579,0,177,1,0,0,11,3,0,47,2,110,0
1,3,0,0,0,0,0,0,1,0,23,3,84,1
1,733,0,215,1,1,3,10,2,1,63,0,123,0
1,954,0,301,1,0,2,41,2,1,57,1,92,0
1,423,0,10,1,0,3,0,2,1,34,2,102,0
1,900,0,82,0,0,0,28,3,0,28,1,123,0
1,0,0,16,0,0,0,31,6,0,16,4,73,1
1,690,0,227,0,0,0,0,2,0,28,3,82,1
0,606,1,230,1,0,2,0,3,0,36,4,94,1
1,285,1,131,0,0,0,2,4,0,33,4,70,1
1,801,0,116,1,1,3,0,2,0,41,4,82,1
0,1145,0,91,1,0,3,21,0,0,76,3,79,0
0,718,0,37,1,0,2,35,4,0,51,2,89,0
1,143,0,120,0,0,0,0,4,0,24,1,100,0
0,1111,0,422,1,1,2,25,3,0,69,1,98,0
0,1171,0,197,1,1,2,27,0,0,81,3,81,0
1,994,0,147,1,0,1,29,1,0,58,1,101,0
1,740,0,114,0,0,2,23,3,0,24,3,81,1
0,569,0,201,0,1,3,46,3,1,53,3,76,1
0,986,0,105,1,0,1,3,3,1,53,3,99,0
1,275,0,117,0,0,2,26,1,0,52,4,79,1
0,1298,1,429,1,0,5,41,3,0,78,0,115,0
1,117,0,0,0,0,1,12,4,1,67,2,104,0
1,796,1,160,0,1,0,55,1,1,63,4,82,1
1,59,0,135,0,0,0,58,4,0,17,4,72,1
1,1059,0,163,1,0,1,59,0,1,84,4,73,1
1,1108,1,370,0,1,3,35,0,0,93,1,114,0
1,201,0,31,1,0,0,34,4,0,24,4,90,0
1,270,0,79,1,1,3,6,2,0,36,4,81,1
1,774,0,174,1,0,2,33,2,0,40,4,81,0
0,666,0,112,1,0,1,27,2,0,53,2,101,0
1,199,0,83,0,0,0,28,2,0,21,4,76,1
0,1350,1,308,0,0,2,32,0,1,83,4,95,0
0,1124,0,190,0,0,2,27,2,0,71,3,84,1
1,318,0,0,0,1,1,9,1,0,51,2,91,0
0,941,0,186,0,1,1,0,0,0,57,2,70,0
1,245,0,176,1,0,2,22,3,1,41,4,79,1
1,498,0,0,1,0,1,24,2,0,75,3,102,0
0,520,0,7,0,0,2,22,2,0,44,2,95,0
1,519,0,179,1,0,2,23,0,0,62,2,111,0
1,253,0,33,0,0,0,0,2,0,11,3,90,0
0,1076,1,154,1,1,4,40,3,0,73,4,86,0
0,538,0,62,1,0,0,32,2,0,54,4,81,0
0,506,0,165,1,0,2,22,1,0,77,2,95,0
1,664,0,54,1,0,0,17,1,0,52,1,109,0
0,1005,0,298,1,0,4,37,0,0,88,3,95,0
0,0,0,78,1,0,2,15,2,1,56,0,117,0
1,638,0,167,1,0,2,7,0,0,50,4,80,1
0,1295,0,255,0,1,2,51,2,1,81,3,102,0
1,186,0,140,0,1,0,7,2,0,52,4,93,1
0,1598,1,462,1,0,3,10,2,1,85,1,122,0
1,305,0,225,0,0,1,0,2,0,35,4,77,0
0,242,0,162,0,1,1,4,2,1,57,4,75,1
1,1040,0,68,0,0,1,21,1,0,37,4,73,1
0,1102,1,247,1,0,4,54,0,0,100,4,88,0
0,1295,1,283,1,1,4,34,0,0,92,3,73,0
1,414,0,146,0,0,1,0,2,0,9,4,93,1
0,865,0,167,0,0,1,28,2,1,68,2,91,0
1,1310,1,162,0,0,2,12,3,0,62,2,109,0
1,408,0,212,1,0,1,29,2,0,24,4,84,1
1,740,0,211,1,1,1,26,0,1,64,1,101,1
0,1705,1,211,1,0,3,35,0,0,64,0,123,0
1,349,0,135,0,0,2,22,3,0,4,4,75,1
1,1079,0,175,1,0,2,1,2,0,60,3,78,0
1,1118,1,172,1,0,1,61,3,0,26,2,84,0
1,0,0,136,0,0,0,13,2,0,37,1,107,0
1,0,0,132,1,1,2,12,4,1,35,1,107,0
0,309,0,306,1,1,2,14,1,1,85,0,104,0
1,1160,0,0,0,0,1,19,0,0,72,3,104,1
1,639,0,161,1,0,1,7,0,1,30,2,106,0
0,484,0,318,1,0,3,32,3,1,46,4,84,1
0,975,1,253,1,1,2,18,3,0,73,2,97,0
1,67,0,41,0,0,0,39,1,0,34,4,79,1
1,840,0,0,0,1,0,29,5,1,29,4,87,1
0,727,1,288,1,0,3,57,0,1,73,0,104,0
1,116,0,139,1,0,0,12,3,0,40,4,71,1
0,1091,1,106,1,0,2,18,3,1,69,2,113,0
1,175,0,0,0,0,1,22,7,0,28,1,117,0
0,638,0,254,1,0,2,9,3,1,42,2,79,1
0,223,0,176,1,0,1,27,5,0,55,3,92,0
1,1015,0,239,1,0,3,17,0,0,55,2,95,0
0,703,0,0,1,0,3,58,2,1,72,3,85,1
1,612,0,55,0,0,0,10,2,0,33,4,86,0
1,195,0,122,0,0,2,7,2,0,35,2,105,0
1,547,0,146,1,0,2,42,2,1,57,4,80,1
1,0,0,164,0,0,1,0,8,0,10,3,111,0
1,451,0,292,1,0,0,39,3,0,53,1,112,0
0,927,0,176,0,0,2,15,0,0,50,3,108,0
0,878,0,342,0,1,0,6,3,0,58,3,90,0
0,490,0,147,1,0,1,8,3,0,44,0,117,0
0,397,0,272,0,0,3,38,5,0,21,4,75,1
1,747,0,77,1,0,1,26,3,0,39,4,83,1
0,975,1,305,0,0,2,16,0,0,93,3,114,0
1,50,0,167,0,0,1,16,2,0,41,2,70,1
1,0,0,0,1,0,1,1,3,0,20,3,97,0
1,1015,1,334,1,1,2,35,2,1,99,2,124,0
1,0,0,0,1,0,1,9,3,0,51,2,104,1
1,1509,0,287,0,0,2,19,0,0,65,0,110,0
1,615,0,43,1,1,4,32,0,0,88,4,86,0
0,1091,0,62,0,0,2,29,0,1,50,2,116,0
0,928,1,189,0,0,0,45,0,0,72,2,121,1
0,1089,0,136,0,1,1,20,1,0,72,3,99,1
1,1231,0,286,1,0,4,12,5,0,20,3,90,0
1,0,0,0,0,0,0,0,1,0,30,3,82,1
1,1634,1,248,0,1,2,16,2,1,55,1,118,1
0,1350,0,358,1,0,3,33,2,0,97,2,114,0
0,641,0,47,1,0,2,25,1,0,60,4,70,1
1,441,0,158,1,0,0,18,3,0,40,2,99,0
1,176,0,36,0,0,0,13,1,0,18,4,70,1
1,215,0,1,1,0,1,0,1,0,44,1,110,0
0,640,0,236,1,0,1,21,2,1,55,0,123,0
1,380,0,309,0,0,2,27,0,1,63,3,89,1
0,1092,0,260,1,1,2,14,1,0,65,4,79,1
1,707,0,67,1,0,1,27,3,0,37,4,75,1
1,53,0,123,1,0,1,26,2,0,45,4,92,0
1,679,0,98,0,1,2,8,3,1,42,3,86,0
0,1065,0,85,1,1,2,25,0,0,66,4,86,0
0,723,1,0,0,0,0,0,7,0,27,4,82,0
0,1225,1,159,1,0,2,33,2,0,97,2,82,0
0,1087,0,301,1,0,2,2,3,1,78,0,125,0
0,1118,0,408,1,0,2,23,0,0,76,0,115,0
1,0,0,61,1,0,0,5,3,0,29,0,121,0
1,236,0,0,1,0,0,10,1,0,41,1,102,0
0,1268,1,270,1,1,3,56,3,1,83,2,99,0
0,966,0,210,1,0,4,10,6,1,60,2,108,0
1,169,0,45,1,0,1,59,4,0,31,3,81,0
1,0,1,160,0,0,0,18,3,0,45,4,93,0
1,530,1,104,0,1,1,0,3,0,40,2,98,0
0,972,0,324,1,1,3,20,1,0,91,0,124,0
0,1255,0,369,1,0,2,42,0,1,91,2,103,0
1,1103,0,0,1,0,4,8,2,1,73,0,116,0
1,996,0,68,0,0,1,6,6,0,43,4,81,1
1,1033,0,117,1,1,2,0,3,0,59,3,99,0
1,0,0,121,0,1,3,0,2,0,36,0,120,0
1,0,0,0,1,0,0,2,4,0,19,3,82,0
1,405,0,58,1,0,2,18,3,0,13,1,95,0
0,937,0,107,1,0,3,19,2,0,79,4,83,0
1,502,1,120,0,0,1,6,5,0,23,4,84,1
0,679,0,136,1,0,1,21,3,1,29,2,95,0
0,1242,0,250,1,1,3,83,2,0,92,4,78,0
0,1431,1,191,1,0,0,22,2,0,67,3,93,1
0,1044,0,297,0,1,3,46,0,0,75,2,95,1
1,17,0,146,1,0,1,36,4,0,39,3,83,0
0,178,0,173,1,0,2,17,3,0,41,2,101,1
0,180,1,124,1,0,2,14,0,0,79,3,74,1
0,613,1,305,1,0,1,13,1,0,64,3,112,0
0,1038,0,100,1,1,3,34,0,0,75,4,88,0
1,510,0,121,0,0,1,48,4,0,40,4,73,1
0,826,1,169,1,0,2,11,3,0,63,2,74,0
0,1116,0,261,1,0,2,36,0,0,66,1,110,0
1,1090,0,61,1,0,3,56,2,0,52,3,76,0
0,1207,1,418,1,1,3,36,0,0,75,3,104,0
0,140,0,0,0,0,1,37,5,0,23,2,87,0
1,618,1,184,1,0,1,0,4,0,61,1,124,0
1,231,1,29,1,0,1,0,4,0,38,2,104,0
0,768,0,115,0,0,3,0,3,1,34,3,99,1
0,931,0,161,0,1,2,30,1,0,51,1,84,0
1,436,0,109,0,1,1,0,3,0,41,3,94,0
1,2,0,0,0,0,0,0,2,0,7,2,76,1
1,996,0,91,1,0,1,21,1,1,57,1,129,0
1,252,0,183,0,0,3,18,1,1,58,3,110,0
0,1044,0,223,0,0,2,25,3,1,66,3,89,0
1,204,0,17,0,0,2,28,6,0,24,2,97,0
0,655,0,214,0,0,0,10,2,0,32,4,90,0
1,1271,1,130,1,0,4,37,1,1,76,4,70,1
1,708,0,126,1,0,1,8,4,0,51,2,98,0
0,89,1,215,1,0,2,36,1,0,55,1,117,0
0,623,0,156,1,0,1,75,2,0,50,4,80,1
1,71,0,154,1,0,3,37,2,0,34,4,82,1
1,804,0,362,1,1,4,44,2,0,64,4,77,1
1,584,0,72,0,0,0,15,5,0,33,0,103,0
1,0,1,38,1,0,2,35,4,0,36,4,83,1
1,219,0,290,0,0,1,13,4,0,53,0,100,0
1,374,0,269,1,0,3,46,0,1,53,2,85,0
1,382,0,114,0,0,1,1,4,0,32,3,101,0
0,227,1,71,1,0,2,26,0,0,82,4,84,0
1,4,0,0,0,0,0,0,3,0,14,2,81,1
0,430,0,148,1,1,1,64,1,1,56,3,90,0
1,6,0,0,0,0,0,0,1,0,13,2,75,1
1,814,1,0,1,0,0,11,4,0,16,4,82,1
1,940,0,190,0,1,1,15,2,1,65,2,126,0
1,0,0,0,0,0,1,47,4,0,24,4,77,1
1,789,0,38,1,0,1,33,2,0,38,2,104,0
0,1306,1,150,1,0,4,8,0,0,100,4,82,0
0,362,0,101,1,1,1,28,1,0,60,2,95,1
0,749,0,153,1,0,1,21,0,0,51,1,102,0
0,1634,1,172,1,1,4,29,3,1,82,4,110,0
1,880,0,192,0,0,3,29,0,0,75,3,104,0
1,62,1,148,0,1,0,5,2,1,39,3,100,0
1,761,0,51,0,0,1,2,5,0,5,3,94,0
1,470,1,183,0,0,0,0,2,1,23,3,81,1
1,0,0,258,0,0,1,0,2,0,38,1,105,0
1,718,1,200,1,0,3,25,2,0,47,3,79,0
1,263,0,70,0,1,1,11,4,0,36,2,117,0
0,440,0,91,0,0,0,23,3,0,38,4,86,1
1,1080,0,99,1,0,1,44,4,0,52,0,123,0
1,658,1,225,0,0,0,0,2,0,33,3,108,0
1,0,0,90,0,0,3,62,2,0,52,3,82,0
0,136,0,215,1,0,3,48,2,0,55,3,87,0
1,20,0,0,0,0,0,0,3,0,30,1,70,1
0,1168,1,234,1,0,2,7,2,1,71,2,96,0
0,955,0,207,1,1,2,46,3,0,66,4,89,1
0,1133,1,431,1,0,2,31,2,0,85,2,103,0
0,575,0,0,1,0,2,24,0,0,61,4,75,1
1,0,0,109,1,0,0,8,1,0,36,3,90,0
1,1252,0,31,1,0,1,1,3,0,51,1,115,0
1,355,0,93,0,1,0,7,4,0,35,3,87,0
0,1183,0,0,0,0,4,14,1,0,57,2,90,1
0,968,1,247,1,0,2,28,2,0,68,1,130,1
1,150,0,189,1,0,2,55,5,0,33,4,75,1
0,606,0,0,0,0,3,42,4,0,51,3,91,1
0,747,1,101,1,0,2,16,1,1,65,3,86,0
1,7,0,0,0,0,0,0,2,0,11,2,73,1
0,1077,0,212,0,0,3,45,1,0,93,4,83,0
1,368,0,86,0,0,3,24,3,0,37,3,83,0
1,239,0,76,0,0,2,14,3,1,49,3,84,0
0,1439,0,44,1,0,4,57,0,1,78,4,78,1
0,1020,0,171,1,1,3,13,1,0,50,3,88,1
0,1073,0,31,1,0,4,27,0,0,88,3,111,0
0,1383,0,413,1,1,4,33,1,0,86,1,125,0
1,567,0,159,0,0,1,34,3,0,47,3,95,0
0,907,0,117,1,0,3,25,1,1,71,2,87,0
0,313,0,130,1,0,1,22,6,1,32,2,92,0
0,1540,0,64,1,0,2,23,0,0,74,1,97,0
1,739,0,113,0,0,1,20,2,0,41,1,71,0
1,482,1,61,1,0,0,11,4,0,42,4,90,0
1,113,0,258,0,0,1,50,1,1,62,1,126,0
0,565,0,70,1,0,2,16,3,1,37,4,77,1
1,0,0,0,0,0,0,0,3,0,28,2,73,1
0,0,0,50,0,0,2,3,3,1,49,1,122,0
0,1061,0,375,1,1,1,24,0,1,74,0,100,1
1,152,0,136,0,0,0,19,3,0,25,2,119,0
1,1163,0,0,1,0,2,42,0,0,100,3,93,0
1,352,0,158,0,0,2,25,1,0,36,2,109,0
1,858,1,264,0,1,1,16,2,1,54,4,79,1
1,71,0,48,0,1,0,58,5,0,36,4,86,1
1,420,0,144,1,0,0,0,3,0,30,1,124,0
1,717,0,0,0,0,2,35,0,1,75,2,105,0
0,1191,0,33,1,0,4,49,0,1,75,3,77,0
0,0,0,203,1,0,1,50,3,1,31,3,74,1
1,1064,0,157,1,0,3,27,0,0,58,4,81,1
1,754,0,7,0,0,1,13,3,0,28,2,73,1
1,369,0,74,0,0,0,0,3,0,49,4,94,0
0,1304,1,281,0,1,3,47,1,0,96,3,98,0
1,771,0,40,0,0,0,3,4,1,0,4,98,1
0,725,1,411,0,0,3,45,0,0,71,2,83,0
1,1151,0,198,1,1,3,15,1,1,72,4,93,0
1,11,0,0,0,0,0,0,3,0,17,1,76,1
0,826,0,178,1,0,2,31,1,0,60,2,110,0
0,170,1,75,1,0,2,10,3,1,47,3,97,0
0,892,0,119,1,0,3,18,5,0,19,2,87,0
1,590,0,29,0,0,0,30,4,0,52,4,80,1
0,947,0,222,0,1,2,16,2,0,46,3,96,0
1,659,1,92,0,0,1,29,2,1,49,3,93,0
1,940,0,66,0,0,0,14,8,0,41,4,87,1
0,542,1,97,0,1,2,29,2,0,71,4,90,0
1,0,0,0,0,0,0,0,2,0,22,2,81,1
0,0,0,16,0,0,1,0,5,0,16,4,78,1
0,239,1,141,1,0,2,13,0,0,74,2,70,1
1,799,1,143,0,0,1,21,1,0,64,1,89,0
0,1253,0,196,1,0,3,6,2,0,81,0,112,0
0,492,0,107,0,1,1,15,3,1,31,2,104,0
1,101,0,197,1,0,2,17,2,1,46,4,73,1
1,417,0,3,1,0,1,0,0,0,29,4,82,1
1,0,0,7,0,0,1,4,5,1,23,2,85,0
1,887,0,207,1,0,1,40,1,1,48,3,71,1
0,513,0,34,0,0,1,18,4,1,60,4,101,0
0,727,0,0,1,0,1,0,3,1,62,1,109,0
1,1014,0,187,1,0,1,8,2,0,79,2,102,0
1,0,0,245,0,1,1,32,1,0,18,4,86,0
1,1013,1,102,0,0,2,37,2,0,54,4,87,1
1,1073,1,213,1,0,2,47,2,0,81,4,84,1
1,0,0,168,1,0,0,35,5,0,18,4,74,1
0,1150,0,356,0,0,4,42,2,0,92,3,72,1
1,101,0,75,1,0,1,23,2,1,30,2,111,0
1,101,0,141,0,0,3,0,3,0,45,0,96,0
1,305,0,85,0,0,2,26,3,0,47,3,73,1
1,177,1,227,1,0,2,23,1,0,72,3,82,0
1,646,1,211,1,1,3,41,0,1,72,4,94,0
1,1227,0,222,1,0,3,19,0,1,83,4,81,0
0,261,1,123,1,1,3,0,1,0,55,3,90,0
1,655,0,301,1,1,1,19,1,1,63,4,88,0
1,14,0,0,0,0,0,0,2,0,12,1,86,1
0,760,0,206,1,0,0,24,0,0,63,3,76,0
1,0,0,78,0,0,4,25,3,0,32,3,89,1
0,1357,1,174,1,1,4,69,0,1,88,1,117,0
0,892,0,128,1,0,4,14,0,0,68,4,78,1
0,1103,1,134,1,0,2,19,0,0,53,2,89,0
0,1312,0,131,1,0,1,38,0,0,71,1,111,0
1,0,0,0,0,1,0,16,3,0,9,1,106,0
1,726,1,267,1,0,3,26,0,0,79,2,95,0
1,710,0,79,0,0,0,7,4,0,0,1,111,0
1,388,0,73,0,0,0,0,5,0,0,1,95,0
1,0,0,115,0,0,2,27,4,0,21,1,100,0
1,144,0,65,0,0,1,14,0,0,45,3,88,0
0,905,0,169,1,0,2,61,1,0,54,3,82,0
0,401,0,333,1,1,4,24,1,0,78,1,122,0
0,1180,0,240,1,0,2,47,0,1,85,3,82,0
0,716,0,53,1,0,2,23,3,1,67,1,113,0
1,58,0,0,0,0,2,38,4,1,35,1,106,0
1,1025,0,192,1,0,3,9,0,1,64,4,87,0
0,334,0,305,1,0,4,33,1,1,74,4,70,1
1,1308,1,28,0,0,0,16,3,0,22,3,88,0
1,536,0,159,0,1,1,46,4,0,29,4,75,1
0,1442,0,255,0,1,3,26,3,0,61,1,130,0
0,1003,1,137,1,0,0,22,1,1,70,4,90,0
1,551,1,221,1,0,0,24,4,0,79,0,113,0
1,0,1,317,0,1,2,16,1,1,53,3,76,1
0,575,0,312,1,0,2,3,1,0,61,2,94,0
1,369,0,50,0,1,2,0,2,0,21,4,91,0
1,198,0,107,0,1,1,31,3,0,28,2,89,0
0,252,0,329,0,0,2,10,0,1,59,3,87,0
1,524,0,36,1,0,1,43,1,1,59,2,109,0
1,313,0,265,1,1,1,41,0,0,67,4,86,0
1,859,0,180,1,0,2,39,2,1,32,2,113,0
1,281,0,112,1,0,2,28,3,0,28,4,82,1
0,1545,1,234,1,0,3,31,1,0,86,3,103,0
0,989,0,75,1,0,2,18,5,0,28,2,111,0
1,348,0,63,1,1,1,1,3,0,62,3,104,0
1,890,0,82,0,0,4,34,0,0,58,0,117,0
1,686,0,317,0,0,1,34,4,1,70,4,72,1
1,758,0,92,0,0,1,19,0,0,61,1,116,0
1,341,0,0,0,0,0,14,4,1,15,1,110,0
0,1021,0,57,0,0,2,28,0,0,57,4,70,1
1,930,1,13,0,0,2,22,3,1,47,4,71,1
0,811,1,122,1,0,0,27,1,0,66,4,70,1
1,533,0,60,1,0,2,5,3,0,22,2,88,0
0,696,1,143,0,1,1,37,2,0,56,2,99,0
0,1108,0,236,1,1,4,14,0,0,64,0,130,0
1,978,0,27,0,0,1,0,2,0,37,2,130,0
0,895,0,289,0,0,1,9,0,1,82,3,113,0
1,1379,0,93,1,0,0,28,1,1,57,0,117,0
1,685,0,128,0,0,1,7,4,0,12,4,83,1
1,1079,0,154,1,1,2,7,2,1,67,2,112,0
0,335,0,40,0,0,1,0,3,0,11,2,105,0
1,4,0,0,0,0,0,0,4,0,8,2,77,1
1,264,0,0,0,1,0,25,4,1,14,1,101,0
0,1538,0,119,0,1,2,51,0,0,73,4,75,1
0,603,0,143,0,0,1,15,2,1,31,3,87,0
1,457,0,105,0,0,1,13,3,0,40,1,123,0
1,0,0,16,0,1,1,22,2,0,39,2,87,1
0,782,0,321,0,1,1,17,1,0,73,1,117,0
0,906,1,61,0,0,1,25,4,0,18,2,101,0
1,308,1,205,1,0,0,0,4,0,14,3,74,1
0,1226,0,165,1,0,4,51,1,0,89,4,85,0
0,912,0,218,0,0,0,17,2,0,37,4,77,0
0,1263,1,271,1,0,2,38,0,1,93,3,85,0
1,764,1,213,1,0,1,13,3,1,40,4,71,0
0,826,0,29,1,0,2,65,0,1,54,4,76,1
1,1011,0,319,0,0,3,47,3,0,61,4,80,1
1,295,1,34,0,0,1,35,4,1,51,2,87,0
1,1089,1,174,0,0,3,35,1,0,77,4,90,0
1,525,0,106,0,0,2,18,3,0,30,1,83,0
1,253,1,114,1,0,1,21,5,0,46,3,107,1
1,0,0,226,0,1,2,13,0,0,49,1,89,1
1,0,0,0,0,0,1,4,2,0,22,2,106,0
0,666,0,34,0,1,2,23,3,0,36,3,94,0
0,971,0,175,1,0,3,50,0,0,65,3,100,0
1,0,0,48,0,0,0,13,4,0,19,1,117,0
1,608,0,0,1,0,1,29,3,1,58,3,120,0
0,1362,1,267,1,0,2,18,1,0,69,3,109,0
0,624,0,138,0,0,2,13,4,1,49,4,96,0
0,976,1,181,1,0,1,40,1,1,61,4,70,1
1,651,0,51,0,0,2,44,4,0,51,3,82,0
0,8,1,137,1,0,2,12,1,0,32,2,114,0
1,66,1,39,0,0,1,33,2,0,37,4,80,1
1,533,0,112,1,0,2,1,3,0,36,3,71,1
1,715,0,28,1,0,2,33,2,1,58,3,94,1
0,1472,1,259,1,0,2,12,1,0,80,0,110,0
0,822,0,0,1,1,0,0,2,0,30,0,120,0
1,612,0,97,1,0,2,11,1,0,46,2,125,0
1,1422,1,222,1,0,1,38,2,1,78,4,73,1
0,1176,0,210,1,0,2,28,3,1,76,2,104,1
1,464,0,186,0,1,2,33,0,0,50,2,105,0
1,950,0,8,0,0,2,44,2,0,42,2,88,0
1,269,0,131,0,1,2,13,4,0,15,2,88,0
0,816,0,154,1,1,1,22,1,1,72,0,98,0
0,1550,0,462,1,0,3,20,1,0,83,2,91,0
0,996,0,137,1,0,1,27,3,0,55,1,119,0
0,485,0,244,1,0,4,50,2,0,100,2,115,0
1,239,0,0,0,1,1,7,6,0,25,1,118,0
1,967,1,47,0,0,1,28,0,1,58,1,96,1
0,426,0,20,0,0,0,7,5,1,37,0,103,0
0,894,0,0,1,0,4,26,3,1,78,1,120,0
1,0,0,0,0,0,0,0,0,0,20,3,70,1
1,0,0,332,0,1,2,14,2,1,73,3,98,1
1,493,1,236,1,0,2,4,4,0,45,1,115,0
1,37,0,166,0,0,0,10,4,0,37,4,75,0
1,398,1,89,0,0,0,59,4,1,47,3,79,1
0,807,0,294,1,0,3,52,0,0,54,1,118,0
0,581,0,248,1,1,3,21,0,0,57,0,117,0
0,111,0,65,0,0,2,6,6,1,18,2,93,0
0,835,0,0,1,1,1,30,3,0,62,4,79,1
0,200,0,120,1,0,1,0,3,1,28,3,95,1
1,773,0,49,1,0,2,16,1,0,95,2,122,0
1,859,0,85,1,1,3,10,4,1,56,0,128,0
0,886,1,250,1,0,4,19,3,0,66,2,86,0
0,961,0,94,0,0,2,23,2,0,79,4,88,0
0,1464,0,0,1,0,2,28,0,0,66,2,106,0
1,639,0,54,0,0,2,9,4,0,33,4,80,1
1,0,0,194,0,0,3,33,2,1,45,4,82,1
0,561,0,231,0,0,3,11,1,1,31,1,118,0
0,1082,0,234,1,0,4,50,6,0,44,4,72,1
0,1428,0,250,1,0,5,27,0,1,64,4,97,1
1,0,0,133,0,0,1,84,4,0,51,2,83,0
1,1216,0,0,1,0,2,13,1,0,64,2,108,1
0,767,0,100,1,0,3,21,1,0,58,3,90,0
1,684,0,21,1,0,1,42,2,0,18,4,83,1
1,533,0,81,1,0,1,14,6,0,18,3,99,0
0,958,0,246,0,1,3,29,0,0,79,4,90,0
0,1153,0,319,1,1,1,41,2,0,83,1,110,0
1,187,0,196,0,0,0,5,2,0,39,3,83,0
1,24,0,42,0,0,2,19,4,0,34,3,82,1
1,0,0,0,0,0,0,0,3,0,0,2,71,0
1,106,0,19,0,0,0,12,3,1,23,2,120,0
1,498,0,108,0,0,2,22,2,0,48,0,108,0
1,388,0,65,0,1,0,0,3,0,14,0,99,1
0,240,0,106,0,0,1,25,3,1,24,3,80,1
1,354,0,25,1,0,3,31,0,0,39,0,108,0
1,624,0,157,0,0,1,0,2,0,45,0,114,0
0,1028,0,249,1,1,1,19,2,1,67,2,110,1
1,581,0,161,0,0,2,0,3,0,59,3,98,1
1,0,0,17,0,1,1,0,1,0,7,2,95,0
0,1124,1,203,1,0,2,62,1,1,74,3,86,0
0,918,0,289,0,0,3,38,2,0,72,3,104,1
1,546,1,94,1,0,0,6,3,0,44,1,119,1
1,57,0,161,1,0,2,16,1,0,44,0,130,0
1,0,0,127,0,0,0,24,3,0,39,2,89,1
0,1167,0,97,1,0,3,0,4,0,57,3,98,0
0,821,0,111,1,0,1,43,4,0,65,2,112,0
1,0,0,173,0,0,0,9,2,1,36,3,93,0
1,1015,0,143,1,0,3,34,3,0,67,2,107,0
1,373,0,205,1,1,3,2,2,0,34,3,105,0
1,877,0,8,1,0,1,8,3,1,70,4,73,1
1,137,0,91,0,0,0,27,2,0,18,3,97,0
0,787,0,65,0,0,2,16,5,0,34,2,99,0
1,0,0,0,1,0,0,6,5,1,4,4,83,1
0,1519,0,93,0,0,1,31,0,0,96,1,82,0
0,1086,0,500,1,0,3,32,0,0,98,1,105,0
0,1091,0,0,1,0,3,26,3,0,69,2,105,0
1,2,0,0,0,0,0,0,1,0,16,1,79,1
1,220,1,134,0,0,3,16,2,0,41,2,105,0
0,724,1,256,0,0,3,15,2,1,78,2,101,0
0,721,0,136,0,0,1,1,1,0,28,1,99,1
1,1246,0,0,0,0,2,46,3,0,53,1,106,0
1,1488,0,0,1,0,2,22,2,0,88,2,100,0
1,593,0,129,0,0,1,4,4,0,10,3,89,0
1,98,0,142,1,0,2,15,5,0,25,2,101,0
1,680,0,30,1,0,1,10,7,0,32,3,101,0
0,138,0,75,0,0,1,17,5,0,18,4,72,1
0,952,0,127,0,1,4,35,1,0,63,0,107,0
0,133,1,145,1,0,2,26,0,0,67,3,80,1
0,438,0,223,1,0,0,13,0,0,47,1,102,0
1,739,0,15,1,0,1,11,1,1,61,4,90,0
1,190,0,0,0,0,0,13,3,1,19,3,84,0
0,919,0,321,1,0,2,47,1,0,31,3,72,1
1,722,0,91,1,0,0,32,7,0,47,4,90,0
1,228,0,174,0,1,1,11,0,0,34,3,106,1
0,959,0,194,0,0,3,29,0,0,60,3,80,0
1,808,0,188,0,0,1,0,5,0,52,2,103,0
1,1002,0,48,1,0,1,32,2,1,82,4,78,0
1,674,0,163,1,0,3,31,3,0,53,3,107,0
0,511,0,198,1,0,2,47,2,0,67,3,79,0
1,392,0,101,1,0,2,7,5,0,29,2,114,0
1,644,0,237,0,0,0,33,2,0,58,2,117,1
0,1086,0,0,1,0,1,20,2,0,73,2,109,0
0,1203,1,180,1,1,2,5,0,0,59,1,115,0
1,723,0,0,0,0,2,9,2,0,29,3,93,0
0,0,0,80,1,0,0,0,2,0,30,3,94,0
0,1661,1,248,1,0,4,20,1,0,88,1,107,0
0,1182,1,301,1,1,4,11,0,0,80,2,88,0
0,1349,1,329,1,1,3,26,0,1,81,3,79,0
0,242,0,100,0,0,1,14,3,0,46,4,77,1
0,1337,0,36,0,0,1,43,3,0,43,3,77,1
0,283,1,120,1,0,2,40,0,0,57,3,70,1
1,549,0,399,0,0,4,37,1,0,64,2,106,0
0,360,0,280,1,0,1,41,4,0,28,3,85,0
0,595,0,66,0,0,0,43,2,0,39,3,85,0
0,474,0,191,0,0,0,39,4,0,51,4,70,1
1,416,0,157,1,1,0,13,2,0,28,3,104,0
0,879,0,129,1,0,4,33,1,0,61,3,97,0
1,593,1,21,1,0,3,47,2,1,66,3,78,0
1,621,0,234,0,1,4,26,3,0,58,4,80,1
0,94,0,40,0,0,1,12,3,0,37,2,83,0
1,346,1,0,1,1,0,15,4,0,44,2,82,1
1,1028,1,280,1,0,3,22,1,1,74,2,104,0
1,839,0,329,0,0,5,57,0,1,77,3,82,0
0,819,0,235,0,1,1,10,4,0,71,1,124,0
1,361,0,96,0,0,0,17,5,0,35,0,110,1
1,43,0,114,1,0,1,0,4,0,32,2,97,0
0,656,0,234,1,0,1,19,2,0,68,3,92,0
0,220,1,275,0,1,4,14,0,1,91,2,107,1
0,349,0,135,0,0,0,46,2,0,31,3,70,1
0,47,0,114,0,0,3,22,2,0,57,3,80,0
0,259,0,93,1,0,2,22,3,0,43,4,76,1
1,1064,0,76,1,1,6,1,2,1,79,0,115,1
1,100,1,303,0,0,3,28,1,0,77,3,84,1
1,379,0,256,1,1,2,11,3,0,36,4,88,1
1,468,0,207,1,0,2,32,2,0,32,3,91,0
0,1033,0,199,0,0,2,14,4,1,44,0,113,0
1,21,0,169,0,0,1,14,2,1,38,2,112,0
0,895,0,93,0,1,4,29,3,0,56,4,84,1
0,1097,1,226,1,1,3,29,0,0,69,3,94,0
1,703,0,84,0,0,2,15,2,0,51,1,106,0
0,1155,0,232,1,0,4,22,0,1,87,2,85,0
1,652,0,48,0,1,1,8,2,0,45,2,98,1
0,931,0,247,1,0,1,12,0,0,59,0,114,0
0,1170,1,281,1,0,3,72,1,1,66,3,79,0
1,737,1,237,0,0,3,9,3,0,79,4,79,1
1,719,0,45,1,0,1,26,3,0,45,3,83,0
1,0,0,36,1,0,2,0,3,0,35,4,78,1
0,850,0,166,1,1,2,32,1,0,65,3,87,0
1,474,1,180,0,0,1,15,4,1,35,1,115,0
0,751,0,153,0,0,4,34,3,1,54,1,110,0
0,1257,0,0,0,0,3,53,1,1,100,2,83,0
0,1527,1,134,1,0,1,0,3,0,39,0,127,0
0,103,0,0,1,0,3,2,1,0,48,1,103,0
1,0,1,227,0,0,0,28,2,0,41,1,106,0
1,1254,0,213,0,1,3,61,4,0,54,4,74,1
0,399,0,263,1,0,3,39,0,1,54,4,75,1
1,768,0,150,0,0,0,0,3,0,25,4,90,1
0,458,0,189,0,0,1,0,5,0,39,0,112,0
0,840,0,198,1,0,3,26,3,1,63,4,90,0
1,311,1,223,0,0,1,56,4,0,77,4,74,0
1,985,0,212,1,0,3,30,2,0,44,2,119,0
0,214,1,172,1,0,2,10,0,0,57,2,70,1
1,1200,0,182,1,0,3,36,3,0,70,2,118,0
1,543,0,4,1,0,3,34,0,0,73,4,70,0
1,489,0,0,1,1,0,7,4,0,33,3,101,0
1,991,0,200,1,0,3,25,1,0,70,1,101,0
0,481,1,141,0,0,2,0,2,1,65,3,103,0
1,346,0,142,1,0,2,35,3,0,49,4,70,1
1,0,1,0,0,0,2,8,2,0,46,3,102,0
1,158,0,223,1,0,3,19,3,1,46,3,93,0
0,879,0,0,1,0,3,43,0,0,70,3,103,0
1,420,0,0,0,0,1,0,3,0,20,4,88,0
0,63,0,97,0,0,0,5,5,1,32,0,130,0
0,991,0,119,1,0,0,39,1,0,52,4,70,1
1,8,0,0,0,0,0,0,4,0,2,3,70,1
1,0,0,0,0,0,0,0,4,0,23,3,79,0
1,589,0,249,1,1,1,29,2,0,48,0,106,1
1,0,0,84,0,0,0,0,4,0,19,2,108,0
1,40,0,49,1,0,0,17,4,0,36,2,96,0
1,271,0,0,1,0,1,15,5,1,36,1,112,0
1,759,0,198,1,1,1,8,2,0,59,1,122,0
1,0,0,192,0,0,3,27,4,0,87,2,91,1
1,0,1,215,0,0,1,11,0,1,38,1,101,0
0,333,0,61,1,0,2,32,5,0,37,4,92,0
0,1173,1,272,1,1,3,28,0,0,57,1,104,0
0,547,0,118,1,0,1,23,1,0,63,2,102,0
0,1206,0,150,1,0,2,12,0,0,56,1,104,1
0,618,0,330,1,0,1,35,0,0,72,2,126,0
1,163,0,102,1,0,2,22,2,1,49,3,96,0
0,642,0,159,1,1,3,22,1,1,63,2,111,0
1,0,1,143,0,0,0,19,3,0,19,3,91,0
1,317,0,0,1,0,1,13,4,0,21,4,76,1
1,206,1,51,1,0,0,0,5,0,27,3,82,0
0,812,0,190,0,0,2,0,2,1,70,2,114,0
1,122,0,189,0,0,1,37,1,0,54,3,92,0
1,445,0,97,0,0,2,39,2,0,63,0,113,0
0,1173,1,176,1,0,1,21,3,0,60,2,108,0
0,1109,0,329,0,0,3,28,0,0,73,2,100,0
0,185,1,130,1,0,2,24,0,0,68,2,70,1
0,234,1,132,1,0,2,22,0,0,61,3,70,1
1,0,0,266,0,0,1,5,3,0,65,3,104,0
0,785,1,204,0,0,2,22,0,0,68,4,93,0
0,806,0,356,1,0,3,49,2,1,97,4,70,1
1,0,0,0,0,0,0,0,1,0,23,2,76,1
1,870,0,397,1,0,2,2,2,0,68,1,109,0
0,659,0,242,0,0,1,21,3,0,51,0,105,0
1,780,0,97,1,0,1,10,2,0,38,2,109,0
0,1208,1,231,1,0,2,62,1,1,66,4,76,1
1,482,0,59,0,0,3,28,4,0,57,2,101,0
0,827,0,102,0,0,0,19,0,0,74,1,121,0
0,845,0,269,1,1,1,19,2,0,54,2,112,0
1,279,1,0,0,1,0,0,5,0,11,2,99,0
1,156,0,109,0,0,0,4,4,0,19,4,85,1
1,1012,1,125,1,0,3,7,1,0,65,4,91,0
1,8,0,0,0,0,0,0,3,0,8,1,79,1
0,1047,0,161,0,0,2,0,0,1,50,1,125,0
1,1445,0,107,1,0,2,64,1,0,40,3,77,0
0,1076,0,194,1,0,3,47,2,0,86,1,113,0
0,963,0,89,1,1,3,30,2,1,75,4,72,1
1,488,0,227,0,1,1,30,2,0,57,4,95,0
1,24,0,70,0,0,0,3,3,1,30,3,102,0
1,998,1,306,1,1,4,24,1,0,70,4,70,1
1,183,1,195,0,0,1,16,3,0,43,3,88,0
1,0,0,0,0,0,0,0,1,0,30,2,70,1
1,0,0,28,0,0,0,40,1,0,25,4,87,1
0,972,1,73,0,0,0,29,2,1,63,2,92,0
0,1411,1,245,1,1,2,29,0,0,71,0,105,1
1,716,0,33,1,0,2,5,4,0,40,3,96,0
0,966,0,181,1,0,4,11,1,0,55,4,94,0
1,798,1,0,0,1,0,7,3,0,55,2,116,0
0,703,0,188,1,0,1,0,3,0,39,4,100,0
0,1235,1,354,1,0,2,27,1,1,90,4,101,0
0,556,0,182,1,0,2,48,0,0,70,4,72,1
1,0,0,0,0,0,0,0,0,0,18,2,71,1
0,598,0,266,1,1,2,7,3,0,77,4,82,0
1,462,0,0,0,0,3,23,0,1,75,4,86,1
0,815,0,263,0,0,3,47,3,1,37,2,79,0
1,5,0,0,0,0,0,0,0,0,12,3,72,1
1,570,0,0,0,0,1,30,4,0,38,3,84,0
0,1535,1,172,1,0,2,19,2,0,72,4,78,1
1,468,0,36,0,1,2,4,2,0,19,2,93,0
1,1258,0,178,1,1,2,36,0,0,48,4,84,0
0,1407,0,350,1,0,4,26,3,0,85,3,99,0
1,11,0,0,0,0,0,0,2,0,0,3,75,1
0,1062,0,167,1,0,4,20,2,0,51,3,95,0
0,784,0,0,0,1,1,50,0,1,76,2,116,0
1,435,0,111,1,0,0,52,5,1,20,2,90,1
0,859,0,242,0,1,1,32,5,0,55,2,111,0
1,1188,1,245,0,0,4,31,0,0,79,3,98,0
1,4,0,0,0,0,0,0,5,0,0,3,70,1
1,1349,1,219,1,1,2,41,3,1,63,3,81,0
0,1062,0,105,1,1,3,38,0,1,71,4,81,0
0,344,1,195,1,0,2,19,0,0,69,4,70,1
0,771,0,63,0,0,1,48,1,0,57,4,79,1
1,0,0,45,0,0,1,6,3,0,3,4,76,1
1,0,0,0,0,1,1,0,8,0,6,3,92,0
1,1232,0,189,0,0,3,43,1,1,65,2,116,0
1,355,0,9,0,1,1,9,3,0,51,2,98,0
1,0,0,129,0,0,0,33,3,1,7,4,73,1
1,233,0,0,0,0,0,5,4,0,21,1,97,1
1,322,0,21,0,0,0,22,2,0,36,4,85,1
0,272,1,155,1,0,2,27,0,0,71,3,74,1
1,525,1,118,0,0,3,34,2,1,50,0,130,0
1,0,0,0,0,0,0,1,5,0,12,2,108,0
0,1227,1,231,1,1,1,28,0,0,86,3,96,0
0,1167,1,386,1,0,2,32,0,0,83,4,82,0
0,203,1,124,1,0,2,28,0,0,71,4,72,1
1,149,0,128,1,0,2,9,2,0,50,3,86,1
1,323,0,99,0,1,2,16,3,1,46,4,74,0
1,1124,1,145,1,0,1,30,4,1,54,0,122,1
0,949,0,153,0,1,1,32,3,1,68,1,117,0
0,1219,0,60,1,0,2,27,0,0,94,2,115,0
0,873,0,151,1,0,3,39,2,0,56,3,98,0
1,700,0,128,1,0,3,13,3,0,65,4,116,0
1,8,0,0,0,0,0,0,3,0,28,1,81,1
1,208,0,119,1,1,0,0,4,1,30,3,101,0
1,444,0,12,0,0,2,17,0,0,17,3,96,1
1,62,0,82,1,0,0,7,4,0,38,0,119,0
1,515,0,0,0,0,0,4,4,0,23,3,88,0
0,1119,0,0,1,0,2,22,2,0,65,2,112,1
0,1310,0,266,0,0,2,48,2,0,82,4,74,1
0,1294,0,458,1,0,2,30,0,0,78,2,94,0
1,457,1,191,0,0,1,25,1,0,78,0,121,0
0,1384,0,232,1,0,0,30,4,0,42,1,116,0
1,730,1,308,1,0,2,36,1,0,55,2,82,0
1,6,1,209,0,1,4,50,1,0,64,4,75,1
0,577,1,20,1,0,1,21,1,1,38,4,102,0
1,352,0,0,0,0,0,42,6,1,12,3,78,1
1,475,0,386,0,0,2,16,4,0,55,0,113,1
0,1572,1,310,1,1,2,42,0,1,86,1,113,0
1,431,0,105,0,1,0,9,3,0,49,1,114,0
1,834,0,14,0,0,2,0,3,0,44,3,88,0
1,543,1,67,1,0,1,0,3,0,28,2,112,1
1,0,0,35,0,0,1,19,3,1,27,1,96,0
0,868,0,261,1,0,2,24,2,0,59,0,111,0
0,1133,1,146,1,1,4,25,1,0,75,1,109,0
1,0,0,0,0,0,0,0,3,0,16,2,79,1
1,6,0,0,0,0,0,0,2,0,30,2,83,1
1,177,1,185,0,0,1,36,4,0,43,4,72,0
0,342,0,52,0,1,0,19,1,1,28,3,109,0
0,1103,0,148,0,1,3,26,6,0,63,2,88,0
0,531,0,66,1,1,2,13,3,0,53,3,76,0
0,1185,1,314,1,1,2,25,0,1,93,1,115,0
0,1127,0,335,0,0,2,27,2,0,97,2,96,1
1,831,0,273,1,0,2,13,4,0,59,0,112,0
0,0,1,359,1,1,3,53,0,0,82,4,98,0
1,0,0,156,0,0,0,64,1,0,21,2,92,0
1,0,0,67,0,0,0,14,4,0,41,1,81,0
1,748,0,190,0,0,0,52,2,0,29,3,83,1
0,601,1,311,0,0,3,83,1,0,79,4,92,0
1,581,0,119,0,0,0,0,1,0,32,4,97,0
0,1484,0,61,1,1,2,28,0,0,65,4,90,0
1,197,0,0,0,0,0,0,0,0,11,1,108,0
0,314,0,119,0,1,1,26,6,0,35,3,111,0
1,1028,1,187,0,1,3,3,5,0,50,2,127,0
1,249,0,61,0,0,4,0,5,0,31,3,103,0
0,591,1,0,1,1,3,11,3,1,48,1,106,0
0,97,0,198,1,0,1,24,3,0,9,4,81,1
0,1068,1,78,0,1,2,23,3,0,62,3,70,1
1,0,1,0,0,0,0,34,6,0,54,0,111,0
0,1335,0,0,1,0,0,18,2,0,45,2,115,0
1,404,0,182,1,0,3,5,2,0,76,2,90,0
0,138,0,77,1,0,0,5,1,0,40,3,93,0
1,994,0,117,1,0,0,47,2,0,44,4,85,0
0,604,1,254,1,0,1,30,1,0,74,4,85,0
0,1099,1,321,1,1,3,18,4,1,90,0,130,1
0,1082,1,192,1,0,2,46,3,0,66,3,80,0
0,247,0,100,0,0,3,32,3,1,40,4,79,1
0,762,0,79,1,0,1,7,5,1,36,2,110,0
0,991,1,32,1,0,4,22,0,1,62,2,107,0
1,153,0,162,1,1,2,4,4,0,28,3,93,0
1,0,0,115,1,0,2,16,4,0,26,3,85,0
1,0,0,33,0,0,0,7,0,0,25,4,70,1
1,0,0,141,1,0,1,54,1,0,52,1,101,0
1,730,1,102,0,0,1,46,2,0,56,3,78,1
1,672,0,19,0,1,1,19,3,0,61,1,105,1
1,818,1,52,1,0,0,68,5,0,39,3,79,0
1,600,1,287,1,0,3,0,3,1,58,2,123,0
1,1026,0,368,0,1,1,18,4,0,64,0,106,1
0,742,0,244,0,0,3,39,2,1,58,0,93,0
1,922,0,154,1,0,2,26,3,1,71,4,95,1
1,252,0,0,1,0,2,7,1,0,32,2,100,0
0,352,0,0,1,0,1,13,3,0,32,3,94,0
1,279,0,65,1,0,2,42,6,0,31,4,90,0
1,0,0,0,0,0,0,0,1,0,27,2,77,1
0,329,1,267,1,0,1,45,0,1,72,2,92,0
0,1106,0,0,1,0,2,43,2,0,67,1,90,0
1,0,1,87,0,0,2,15,3,0,42,0,120,0
0,388,0,215,1,0,2,31,3,0,55,2,107,0
1,1337,0,126,1,0,2,28,0,0,80,0,107,0
0,680,0,117,1,1,0,9,1,0,42,4,85,1
1,158,0,124,1,0,1,19,3,0,42,4,83,1
0,579,0,216,1,1,1,6,2,1,45,1,107,0
1,359,1,160,1,1,2,40,2,0,59,2,81,0
1,138,0,84,0,0,1,29,3,0,19,2,74,1
0,177,1,153,1,0,2,32,0,0,67,3,71,0
1,680,1,173,1,0,2,25,1,1,72,2,102,0
1,0,0,34,1,0,0,12,3,0,46,3,113,0
1,1035,0,0,0,0,1,4,3,1,27,2,84,0
0,1065,0,241,1,0,1,7,0,1,85,3,97,0
0,799,0,0,1,0,2,29,3,0,42,3,77,0
0,237,0,130,1,1,1,22,3,0,72,1,117,0
1,0,0,131,0,0,0,0,3,1,52,0,112,0
1,350,0,0,0,0,0,5,4,0,4,1,97,0
1,772,1,172,1,0,4,0,3,0,46,2,99,0
0,729,0,367,1,0,4,19,2,1,70,4,95,0
0,1398,0,328,1,0,3,39,3,1,90,1,99,0
0,1361,0,148,0,1,5,8,0,1,64,2,98,0
1,390,1,77,1,0,0,14,5,0,27,0,102,0
0,816,1,377,0,0,3,44,0,0,68,4,74,1
0,607,0,99,1,0,2,15,7,1,35,3,78,0
1,807,0,25,1,0,0,13,2,0,22,0,111,0
1,672,0,25,0,0,0,3,4,0,17,3,90,0
0,1426,0,239,0,0,2,39,0,0,96,1,126,0
0,839,1,125,0,0,2,35,0,0,65,1,109,0
1,853,0,34,0,0,2,51,2,0,62,4,79,1
0,156,0,176,1,0,2,12,4,0,46,4,86,0
1,352,0,122,1,0,2,19,2,0,44,0,125,0
1,192,0,0,0,1,0,0,5,1,0,3,85,1
0,969,0,196,1,0,1,13,4,0,50,3,95,1
1,1045,1,214,0,0,3,25,0,1,61,4,94,0
0,795,0,273,1,1,2,41,0,0,91,3,82,1
1,1036,0,6,0,0,1,45,3,0,24,3,85,0
1,353,0,22,0,1,0,0,4,1,19,4,115,0
1,0,0,154,0,1,3,0,3,0,31,2,82,0
1,410,0,86,0,0,2,5,3,0,35,2,90,0
1,542,1,0,0,0,1,10,2,0,53,4,91,1
0,1146,0,97,1,0,3,32,2,0,92,4,74,1
0,1170,1,213,0,0,2,6,0,0,94,1,91,0
1,781,1,0,1,0,1,17,4,0,32,3,93,0
1,211,1,68,0,0,0,0,1,0,46,1,84,1
1,729,0,290,0,1,3,40,1,1,83,4,81,0
0,483,0,49,0,0,0,6,2,0,38,0,103,0
1,9,0,0,0,0,0,0,2,0,11,3,85,1
1,982,1,212,1,0,3,14,1,1,49,2,105,0
1,252,0,137,0,0,5,30,1,1,75,2,74,0
1,607,0,147,0,0,0,16,1,0,42,2,110,0
1,700,0,132,0,0,0,16,3,0,40,1,99,0
0,902,1,293,1,0,1,77,0,1,92,4,70,1
1,1321,0,43,0,0,2,26,0,0,82,2,108,0
1,304,0,42,1,0,1,40,3,1,38,4,75,1
1,11,0,0,0,0,0,0,3,0,6,1,73,1
1,251,1,108,1,1,2,53,0,1,61,3,77,0
1,1195,1,121,0,0,0,51,0,1,83,4,89,0
1,314,0,105,0,0,2,0,2,0,40,2,113,1
1,761,1,312,0,0,0,21,1,0,56,4,70,0
1,0,0,80,0,0,1,13,2,0,33,3,71,1
1,306,0,167,0,0,0,52,4,0,25,4,79,1
0,213,0,89,0,0,2,35,3,0,44,4,79,1
1,764,0,319,1,1,4,25,2,0,78,3,93,0
1,556,0,33,1,0,1,0,2,0,25,2,115,0
1,509,0,0,0,0,1,5,2,1,45,4,74,1
0,822,1,273,0,1,4,24,1,0,61,2,108,0
0,284,0,3,1,0,1,11,4,0,25,3,91,0
1,1113,0,351,0,0,3,47,0,0,43,2,101,0
1,48,0,8,0,0,3,0,1,0,15,0,112,0
0,371,0,62,1,0,1,28,3,1,44,3,81,0
1,315,0,190,1,0,3,25,4,0,51,2,95,0
1,530,0,158,1,0,2,18,2,0,30,4,115,0
0,517,0,265,0,0,2,38,0,0,29,4,88,1
0,251,0,159,1,0,1,20,0,0,55,1,123,0
0,1043,0,214,1,1,4,44,1,1,84,3,90,0
0,813,0,123,0,0,2,18,4,1,70,2,82,0
1,314,0,31,0,0,1,10,3,0,16,2,104,1
1,424,0,255,0,0,2,24,1,0,40,3,99,0
1,739,0,35,1,0,1,15,2,1,32,3,89,0
1,0,0,234,0,0,1,39,4,0,21,4,82,1
1,0,1,12,0,0,1,11,6,0,26,1,104,0
1,0,0,0,0,0,0,7,5,0,34,4,83,1
1,210,0,67,1,0,0,0,5,0,32,4,98,0
0,431,0,80,0,0,0,53,2,0,53,4,70,1
0,1523,1,279,1,1,3,40,0,1,98,0,119,0
1,345,0,135,0,0,0,10,4,1,29,3,112,0
1,747,1,70,1,1,1,27,1,0,50,2,110,0
1,668,0,112,0,0,1,34,2,0,40,3,98,0
0,849,0,270,1,0,2,18,0,0,87,4,107,0
0,753,0,64,0,1,1,18,3,0,50,1,96,0
1,426,0,106,0,0,3,70,4,1,34,4,78,1
0,1380,1,194,0,0,3,40,0,0,96,2,117,0
1,0,1,0,0,0,0,18,5,0,6,0,130,1
0,241,1,192,1,0,2,10,0,0,77,3,70,1
1,8,0,0,0,0,0,0,4,0,17,3,72,0
1,37,0,98,1,0,0,8,2,0,34,3,87,1
1,1105,1,225,1,1,4,13,0,0,90,1,116,0
1,505,0,216,0,0,0,26,1,1,23,4,75,0
0,644,1,106,0,0,0,8,2,0,22,3,99,0
0,931,0,16,1,0,2,26,6,0,51,1,120,0
1,704,1,95,1,0,1,20,3,1,66,3,93,0
0,1309,0,405,0,0,3,19,2,0,58,2,108,1
1,925,0,80,0,0,0,28,6,0,47,1,91,0
0,942,0,286,1,1,2,12,2,0,61,3,107,0
1,703,0,335,0,1,3,49,2,1,60,3,80,0
0,1076,0,0,1,1,1,0,1,0,40,4,109,0
0,513,0,187,1,0,1,63,4,0,39,3,75,0
0,759,0,0,1,0,2,74,0,1,74,2,71,0
0,1613,1,312,1,0,2,26,0,0,87,3,97,0
0,1187,0,63,0,1,3,21,1,1,79,1,110,0
1,0,0,0,1,0,0,9,2,0,29,3,92,0
1,1011,0,65,1,1,2,45,0,1,76,4,83,0
0,326,1,230,1,0,1,16,2,1,49,2,107,0
0,756,0,289,1,0,2,41,3,1,62,1,110,0
0,140,1,175,1,0,2,16,0,0,59,3,72,1
0,1397,1,240,0,0,1,48,0,0,72,1,93,0
1,417,0,91,0,0,0,56,6,0,38,3,102,0
0,581,1,107,1,0,4,24,0,0,75,3,87,0
0,151,1,211,1,0,2,23,0,0,80,4,70,1
1,665,0,34,0,0,3,10,0,1,50,1,117,0
0,1005,0,2,1,0,2,41,0,0,91,3,86,0
0,823,0,0,1,0,1,8,0,1,64,0,115,0
0,622,0,162,0,0,0,14,3,0,59,4,88,0
1,1155,1,114,1,0,2,41,2,0,82,2,114,0
1,95,0,119,0,0,1,29,0,1,81,1,87,0
0,828,0,217,1,1,3,26,0,0,71,3,100,0
0,758,1,385,1,1,4,19,0,1,53,3,97,1
1,778,1,273,1,0,0,31,4,1,37,4,79,1
0,537,0,12,1,0,1,9,3,0,27,0,113,0
0,978,1,179,1,0,0,13,0,1,88,1,100,0
0,519,0,71,1,1,2,12,1,0,49,1,87,0
1,2,0,0,0,0,0,0,1,0,9,4,70,0
1,56,0,95,1,1,0,7,0,1,35,2,112,0
1,422,0,0,1,1,2,31,2,0,38,4,85,1
0,313,1,124,1,0,2,22,0,0,68,2,70,1
1,252,0,41,0,0,0,0,4,0,18,2,99,0
1,12,0,0,0,0,0,0,2,0,8,1,70,0
1,154,0,161,0,1,0,21,1,0,29,1,105,0
0,1114,1,180,1,1,1,62,0,0,74,4,75,1
1,1009,1,160,0,0,1,0,3,1,47,3,87,1
1,862,0,177,0,1,0,24,0,0,57,0,112,0
1,1429,1,318,0,0,2,13,0,0,58,2,86,0
1,0,0,22,0,1,0,3,3,1,25,3,106,0
1,186,0,188,0,0,2,56,3,0,18,4,76,0
0,882,0,158,1,0,4,29,3,1,68,1,90,0
1,1248,0,288,0,0,2,37,3,0,49,3,81,0
1,375,0,170,0,0,2,3,1,0,60,2,109,0
1,471,1,179,0,0,2,21,3,1,50,2,119,0
0,1172,1,394,1,1,5,31,2,1,85,4,106,0
1,173,0,107,0,0,2,33,4,0,68,3,91,0
0,154,0,141,0,0,3,18,1,1,45,2,113,0
0,262,0,133,1,0,0,7,1,1,47,2,110,0
0,0,0,6,0,0,0,12,2,0,40,2,95,0
1,816,0,0,0,1,4,42,6,1,71,3,86,0
1,716,0,169,1,1,3,14,1,0,75,4,78,1
1,732,1,201,1,0,2,34,2,1,47,3,100,0
1,0,0,164,0,0,2,24,0,0,64,4,92,0
1,350,1,28,1,0,1,23,2,0,63,3,78,0
1,564,0,170,0,1,1,20,3,1,31,3,84,0
0,40,0,175,0,0,2,8,2,0,53,2,87,0
1,0,0,85,0,1,2,0,1,0,14,4,75,1
0,852,0,0,1,0,1,23,4,1,61,3,81,0
1,380,0,0,1,0,3,42,3,0,69,1,113,0
0,919,0,158,1,1,3,28,0,1,68,3,105,0
0,810,1,232,0,0,1,39,1,1,59,3,74,1
1,597,0,219,1,0,1,8,0,1,44,1,97,0
1,423,0,95,0,0,0,16,2,0,10,4,70,1
0,738,0,128,0,1,2,25,2,1,66,0,117,0
0,873,0,197,1,0,3,38,1,1,45,3,103,0
0,897,0,243,1,0,1,17,3,1,51,0,81,0
0,582,1,202,1,0,2,12,4,0,42,2,90,0
1,877,0,120,0,1,3,6,2,1,28,2,100,0
1,472,0,112,0,1,2,28,2,0,54,3,91,0
0,1273,0,388,1,0,3,19,2,0,88,3,84,1
1,904,0,259,1,0,3,50,2,0,49,3,86,0
1,633,1,279,0,1,1,50,0,0,69,3,96,0
0,923,0,219,1,0,2,0,0,0,47,4,95,1
0,1246,0,335,1,0,4,28,1,0,61,2,118,0
1,687,1,190,0,0,1,24,3,0,62,3,114,0
1,395,0,216,1,0,2,30,4,0,48,1,108,0
1,734,1,189,0,0,3,18,2,0,55,2,95,1
1,0,0,49,0,0,1,25,2,0,32,4,87,1
1,0,0,0,0,0,0,0,1,0,24,1,84,1
1,398,0,107,1,0,1,53,4,0,42,4,75,1
0,1113,1,145,0,1,1,49,1,0,48,4,72,1
0,1391,0,174,0,1,2,39,2,0,48,3,98,0
1,236,0,187,0,0,0,12,4,1,26,3,74,1
0,226,1,141,1,0,2,29,0,0,74,3,73,1
0,337,0,334,0,1,3,18,2,1,68,2,112,0
1,0,0,90,0,0,3,17,5,0,44,4,83,1
0,878,0,169,0,0,3,7,0,0,77,2,120,0
0,1516,0,372,1,1,2,30,1,0,83,3,96,0
0,879,0,0,1,0,0,21,2,0,44,1,124,0
1,0,0,101,0,0,0,3,5,0,9,3,81,1
1,90,0,0,0,0,0,15,3,1,24,1,101,0
0,1008,1,429,1,0,5,24,0,0,79,2,97,0
0,358,0,231,0,0,2,41,3,0,73,3,78,0
1,416,0,0,0,0,2,0,4,0,14,3,102,0
1,568,0,160,0,1,2,28,0,1,61,3,79,0
0,735,0,3,1,0,1,27,3,0,62,2,93,0
1,102,0,157,0,0,0,19,3,0,51,4,87,1
1,695,0,149,0,0,2,10,1,0,38,1,101,0
1,834,0,157,1,0,0,21,1,1,55,3,89,0
0,994,0,278,1,0,4,24,0,1,85,3,107,0
0,1045,1,152,1,1,0,27,1,0,84,4,82,1
1,890,0,279,0,0,1,38,0,0,70,1,100,0
1,4,0,0,0,0,0,0,1,0,12,3,76,1
1,654,0,178,1,0,1,25,2,1,36,2,110,0
0,1056,0,182,0,0,3,40,1,0,71,3,79,0
0,1210,1,293,1,1,4,20,0,1,82,1,85,0
0,638,0,197,1,0,3,38,2,0,65,2,96,0
1,9,0,57,0,0,0,0,4,0,14,4,93,1
0,231,0,120,1,0,2,14,0,0,97,1,113,0
1,103,0,36,1,0,2,46,4,0,50,4,70,1
1,719,0,25,0,1,0,10,2,0,43,2,105,1
0,435,0,215,1,1,2,39,1,1,65,3,122,0
0,994,0,0,1,1,5,16,1,1,60,1,113,0
1,1127,1,264,1,0,0,26,0,0,51,1,104,0
1,213,0,100,0,0,0,55,4,0,41,4,74,1
0,300,0,49,1,0,0,9,1,1,55,3,97,0
1,0,0,33,1,0,3,44,2,0,18,3,83,1
0,795,0,114,1,1,3,43,0,1,55,0,122,0
1,870,0,172,1,0,3,16,0,0,53,4,95,0
0,605,0,156,0,0,1,17,2,0,53,4,96,0
1,729,1,293,1,0,0,16,2,0,64,3,75,0
0,216,0,206,0,1,1,18,4,0,20,3,107,0
1,687,0,71,0,0,0,3,4,0,30,1,113,1
0,1162,0,0,1,1,1,39,0,0,71,3,92,0
0,922,0,292,1,1,3,23,1,0,54,1,111,1
1,0,0,3,1,0,2,21,2,0,12,4,81,0
0,1336,0,280,1,1,1,42,3,0,59,0,127,0
1,504,0,118,0,0,2,13,4,0,27,2,79,0
1,0,0,69,1,0,0,8,5,0,17,4,92,0
1,197,0,252,0,0,0,0,6,0,30,3,109,0
1,367,0,99,0,1,2,35,1,1,60,3,87,0
0,1043,1,190,1,0,5,46,1,0,94,4,76,0
0,357,1,199,1,0,0,23,2,0,53,4,86,0
0,60,0,210,1,0,2,21,4,1,35,3,107,0
0,1481,1,284,1,1,1,36,0,0,83,4,88,0
1,308,1,171,1,0,3,40,4,0,52,4,78,1
0,920,1,287,1,0,5,26,0,0,55,1,98,0
0,1158,1,58,1,1,2,24,2,0,67,2,104,0
0,570,1,186,1,1,2,27,2,0,66,0,120,0
0,261,1,237,1,0,2,41,0,0,90,4,70,1
0,566,1,312,1,0,2,29,0,0,73,1,98,0
0,259,1,171,1,0,2,45,0,0,69,3,70,0
0,1314,1,394,1,1,3,27,0,1,100,4,86,0
1,925,0,90,0,0,0,17,0,1,44,2,92,0
0,1041,0,114,1,0,2,22,4,1,45,2,99,0
0,1471,0,302,1,1,2,44,0,0,69,3,70,0
1,809,0,0,0,1,0,63,3,0,67,4,91,0
1,0,0,0,0,0,0,0,1,0,27,1,76,1
1,594,0,94,0,0,0,15,6,0,26,4,80,1
0,929,0,9,0,0,2,68,3,0,32,4,93,1
1,622,0,109,0,0,1,15,4,0,48,2,115,0
1,972,1,113,0,0,0,15,2,0,46,4,80,1
1,323,0,140,0,1,2,10,3,0,29,1,109,0
0,590,0,110,1,0,0,3,3,0,50,4,93,0
0,66,0,66,0,0,2,2,5,0,24,2,114,0
1,543,0,203,0,0,1,0,3,0,26,4,82,1
0,768,0,110,1,0,3,15,2,1,58,0,117,0
1,469,0,0,0,0,1,56,3,0,13,3,77,0
0,712,0,254,1,0,2,36,0,0,75,1,119,0
1,633,0,169,0,0,1,27,3,0,33,3,84,0
1,832,0,281,0,0,3,25,0,1,44,4,77,1
1,804,0,340,1,0,3,0,2,0,75,4,94,0
0,975,0,214,1,0,0,38,2,0,52,4,73,0
0,1539,0,173,1,0,4,41,1,0,84,1,105,0
1,696,0,198,0,0,3,60,0,1,83,4,76,1
1,3,0,0,0,0,0,0,3,0,13,2,76,1
1,10,0,0,0,0,0,0,0,0,12,2,80,1
1,0,1,123,0,1,1,26,5,1,60,2,107,1
1,417,0,218,0,0,1,74,3,0,57,3,71,1
1,1050,0,187,0,0,0,22,0,0,78,3,111,0
1,0,0,0,0,0,0,0,2,0,9,1,77,1
1,2,0,0,0,0,0,0,1,0,19,2,80,1
0,969,0,98,0,1,3,21,0,1,82,4,98,0
1,432,0,203,0,1,2,27,4,0,19,3,80,1
1,403,0,154,0,0,1,5,1,1,16,3,82,1
0,981,0,0,0,0,0,16,0,1,52,4,98,1
0,1547,1,55,0,0,2,11,2,0,82,1,109,1
1,645,0,151,1,0,1,0,4,0,45,1,112,0
1,402,0,0,0,0,0,12,6,0,0,2,93,1
1,629,0,252,1,0,1,28,4,0,50,0,124,0
1,625,1,24,1,0,1,9,2,0,30,1,118,0
0,1205,1,203,1,1,3,27,1,1,76,3,90,0
0,743,0,195,1,0,2,72,3,1,75,3,87,0
0,1350,0,0,0,1,3,18,2,1,47,4,110,0
0,1009,1,112,0,0,1,36,0,0,74,2,97,0
0,1526,1,284,1,1,5,63,1,1,88,3,81,0
1,548,0,149,0,0,1,0,4,0,30,0,107,0
0,1017,0,84,0,1,1,31,0,0,54,3,87,0
1,967,0,106,1,0,1,21,3,0,32,4,90,0
1,450,0,81,0,0,0,24,4,0,21,0,107,0
1,337,0,239,0,1,4,24,5,0,63,2,95,0
0,630,0,72,1,0,1,6,3,1,44,1,104,0
1,3,0,0,0,0,0,0,1,0,23,2,82,1
1,394,0,47,0,0,0,0,4,1,45,1,96,0
1,0,0,33,1,0,1,17,3,0,34,1,114,0
0,1561,1,355,1,1,3,28,2,1,78,1,106,0
0,247,0,160,1,0,1,15,3,0,51,1,87,0
1,0,0,0,0,0,0,0,2,0,25,2,79,1
1,706,0,93,0,0,0,10,4,0,34,2,86,1
1,1040,0,38,0,0,2,22,3,0,36,1,98,0
0,546,0,171,1,0,2,42,4,0,17,4,80,0
0,759,0,45,1,0,1,50,4,0,32,4,81,1
1,0,0,77,1,0,3,15,2,0,70,1,94,0
0,1298,0,87,1,0,3,18,0,1,95,1,109,0
1,183,0,69,0,0,3,4,2,0,52,4,77,1
0,604,1,319,1,0,3,31,2,0,57,3,97,0
0,1304,0,250,0,0,3,32,2,0,81,2,93,0
1,0,0,16,0,0,0,0,3,0,21,2,103,1
1,577,0,33,1,1,0,20,3,0,21,2,82,0
1,208,0,191,1,0,3,27,2,1,61,2,93,0
0,300,1,153,1,0,2,37,0,0,65,2,70,0
0,753,0,85,0,1,1,48,2,0,72,2,90,0
1,1430,0,65,1,1,1,29,2,0,59,4,83,0
0,785,0,121,0,0,2,20,5,1,51,2,116,0
1,716,0,24,1,0,0,31,4,0,35,4,85,1
1,49,0,173,1,0,0,15,0,1,30,1,121,0
0,1172,0,247,1,0,3,42,0,0,58,1,130,0
1,0,0,63,0,0,0,0,0,1,46,2,80,0
0,1042,0,52,1,0,3,64,1,0,83,4,70,1
1,527,0,90,1,1,2,40,2,1,49,3,97,0
1,448,0,26,1,0,1,20,2,0,38,2,99,0
0,929,0,167,1,0,2,16,0,0,58,4,87,0
1,18,0,0,0,0,0,0,1,0,18,2,86,1
0,786,0,309,1,0,1,31,5,0,56,0,124,0
1,322,1,21,0,0,1,5,2,0,12,1,104,1
0,833,0,128,1,0,3,37,2,0,61,2,80,0
0,744,0,256,1,0,3,8,3,0,82,2,117,0
0,1211,0,369,1,0,4,33,0,0,71,4,77,1
0,1607,0,238,0,0,3,30,0,1,80,4,90,0
0,381,1,221,0,1,0,52,2,0,37,3,86,0
1,398,1,98,1,0,2,47,1,0,53,2,96,0
1,557,0,4,1,0,3,31,0,0,65,2,103,0
0,233,1,169,1,0,2,41,0,0,76,4,75,1
1,537,0,254,1,0,1,15,3,1,48,1,123,0
0,879,0,142,1,0,0,18,3,0,44,2,107,0
1,349,0,13,1,1,1,30,2,0,41,4,89,0
1,0,0,192,0,0,1,0,3,1,29,1,116,0
0,367,0,89,1,0,1,37,3,1,41,3,101,0
1,0,0,0,0,0,0,0,1,0,15,2,80,1
0,398,0,84,0,0,1,39,4,0,20,3,82,0
1,469,0,108,0,0,2,4,2,0,47,1,115,0
1,272,0,301,1,0,1,0,2,1,48,2,114,0
1,1198,1,209,1,1,1,3,3,0,66,0,130,0
1,213,0,0,0,0,1,21,4,0,39,3,94,0
0,713,0,332,1,0,3,0,2,1,61,3,102,0
1,0,0,41,1,0,1,14,3,0,30,3,94,0
0,849,0,85,0,0,1,17,0,0,64,2,84,0
1,225,0,0,0,0,1,21,0,0,58,1,105,0
1,1385,0,96,0,0,2,23,1,0,62,2,79,0
1,1206,0,276,1,0,3,0,1,1,69,3,81,0
0,146,0,166,1,0,0,64,4,0,33,2,73,0
0,1132,0,0,1,0,4,21,0,1,77,1,112,0
0,882,0,216,1,0,3,21,0,1,65,1,119,0
0,359,0,159,1,0,0,44,3,0,29,4,76,1
1,929,0,0,1,0,0,4,0,0,53,4,87,0
1,273,0,24,0,1,0,9,6,0,39,1,108,0
0,1214,1,112,1,1,3,41,1,0,59,4,79,1
1,606,1,191,1,1,3,47,1,1,66,1,113,0
0,301,0,0,1,0,2,19,4,0,28,1,97,0
0,592,0,285,1,0,2,39,1,1,76,4,78,1
0,1228,0,278,1,0,3,21,3,0,63,4,99,0
1,343,0,175,0,0,1,51,4,0,14,3,85,1
1,630,0,44,0,1,1,11,3,0,19,2,117,0
1,883,0,0,1,0,1,5,0,1,18,4,104,0
0,410,0,99,1,0,1,48,3,0,56,4,74,1
1,1198,0,55,1,0,1,32,2,1,79,1,118,1
1,721,1,134,1,0,2,27,3,0,61,2,115,0
0,592,1,214,0,0,1,35,2,1,68,4,83,1
1,876,0,80,0,0,3,39,3,0,50,2,99,0
1,536,1,184,1,0,1,12,2,1,43,0,128,0
1,514,0,0,1,0,3,2,2,0,40,3,98,0
0,716,0,0,0,0,3,33,4,0,48,4,87,0
0,1101,0,274,1,0,3,18,0,1,76,4,86,0
0,1146,0,377,1,1,3,30,2,0,90,2,86,0
1,992,0,140,0,0,1,11,5,0,19,4,80,1
0,595,0,14,0,0,3,18,2,0,49,4,70,1
1,0,0,26,0,0,0,0,4,0,42,3,93,0
1,735,1,398,0,1,2,15,1,1,75,3,91,0
1,693,0,83,0,1,1,0,7,0,45,2,100,0
1,618,0,235,0,0,2,23,0,0,51,2,108,0
1,0,0,56,0,0,0,6,3,0,28,4,105,1
1,0,0,156,0,1,0,6,3,0,36,4,78,1
0,1421,0,393,1,0,1,41,1,0,86,4,82,0
0,1086,0,94,1,0,2,9,2,1,35,1,94,0
0,1208,0,331,1,0,1,19,4,0,75,0,120,0
1,236,0,0,0,0,0,0,2,0,33,1,90,0
0,1037,0,84,1,0,2,48,3,0,68,4,74,1
0,1443,1,174,0,0,4,20,5,0,90,3,96,0
0,1097,1,162,0,1,3,29,1,0,47,2,103,0
1,870,0,132,0,0,4,14,0,0,47,2,104,1
1,1031,1,167,1,1,1,17,0,0,71,1,103,0
0,1209,0,212,1,0,2,43,1,0,31,1,108,0
1,341,0,98,0,0,0,24,4,1,34,3,82,0
1,0,1,132,1,0,2,27,2,0,5,1,102,0
0,844,1,195,0,1,4,34,0,1,91,2,86,0
1,510,0,84,0,0,1,19,1,1,79,2,90,0
1,585,0,158,1,0,0,9,2,1,26,3,80,0
1,892,0,153,1,0,3,27,0,0,51,1,110,0
0,741,1,166,1,0,1,44,4,0,57,4,74,1
0,753,0,117,1,0,2,0,1,0,38,1,99,0
1,235,0,81,1,0,0,22,3,0,30,1,109,0
0,608,0,157,1,0,4,3,0,0,62,2,108,0
1,0,0,157,1,0,2,34,1,0,45,4,93,0
1,34,0,15,0,0,1,39,3,0,30,4,90,1
1,700,0,69,0,1,1,9,4,0,26,1,93,0
1,475,0,320,0,0,1,16,0,1,45,2,113,0
0,886,0,103,0,0,2,22,2,0,37,4,85,1
1,930,1,71,0,0,1,1,0,0,42,4,70,1
1,577,0,147,0,1,3,35,1,0,44,4,72,1
0,457,0,168,0,0,2,38,6,0,44,2,88,0
1,0,0,57,0,0,2,8,4,1,47,2,84,0
1,852,1,253,1,0,0,33,0,0,73,0,123,0
1,490,1,158,1,0,2,3,2,0,59,3,100,0
1,286,0,58,0,0,2,6,5,0,18,4,88,1
1,1206,0,14,1,0,2,24,1,0,75,0,100,0
0,1313,0,392,1,1,2,34,1,1,99,3,93,0
1,1044,1,75,0,1,2,28,1,0,39,3,96,0
1,751,1,361,0,1,3,47,1,1,69,1,92,0
0,641,0,265,0,0,4,8,3,0,76,2,121,0
0,896,0,185,1,0,2,9,0,1,61,2,101,0
1,317,1,128,0,1,2,15,0,0,64,3,74,1
0,342,0,64,0,0,0,5,2,1,32,0,110,0
1,333,0,0,0,0,0,0,4,0,27,0,109,0
0,0,1,181,0,0,0,5,3,0,57,2,103,0
0,1031,0,233,0,0,1,10,2,0,56,4,82,1
0,569,0,144,1,0,0,23,2,0,64,3,83,0
0,327,0,1,0,0,0,18,3,0,33,3,108,0
1,707,0,144,1,1,3,31,2,0,67,3,93,0
1,0,0,87,1,0,1,0,1,0,2,4,90,1
1,0,0,32,1,0,1,6,4,0,11,3,104,0
1,343,0,158,0,0,1,13,1,0,37,0,116,0
0,403,0,151,0,0,0,0,0,0,21,1,102,0
0,834,0,138,0,0,0,9,4,0,56,4,84,1
1,225,0,27,0,0,1,21,1,0,54,4,78,1
0,617,0,240,1,0,2,24,1,0,65,1,107,0
1,131,0,242,1,0,1,48,3,0,33,3,71,1
0,311,1,171,1,0,4,30,2,0,81,0,114,0
0,557,1,145,0,0,1,42,1,0,78,4,75,1
1,166,0,127,0,0,1,0,1,0,50,3,95,0
1,5,0,0,0,0,0,0,0,0,1,2,84,1
0,847,0,102,0,0,0,15,4,0,17,3,87,0
0,184,1,160,1,1,1,20,2,0,50,4,83,1
1,746,0,65,0,0,1,7,5,0,32,3,93,0
1,414,0,0,0,1,1,31,2,0,56,3,88,0
1,0,0,23,0,0,1,0,4,0,31,4,75,0
0,596,1,270,0,0,3,21,3,0,77,2,103,0
1,0,0,0,0,0,0,11,3,1,11,2,101,0
0,481,0,306,0,0,3,26,1,0,85,2,102,0
1,765,1,98,1,0,1,35,3,0,33,1,111,0
1,724,0,284,0,0,3,56,2,0,84,1,119,1
0,371,1,367,1,0,0,5,4,0,51,3,93,0
1,811,0,138,0,1,1,25,5,0,45,2,101,0
0,843,1,237,0,0,5,36,2,0,98,1,122,0
1,1197,0,314,1,0,2,31,0,1,94,2,98,0
0,1227,0,138,0,1,0,2,0,1,53,1,86,0
1,121,1,80,1,0,1,13,2,0,42,0,120,0
0,420,0,27,1,0,1,8,3,0,54,2,91,0
1,905,0,349,0,0,4,29,0,0,64,4,70,1
1,887,0,0,0,0,3,17,1,0,68,2,108,0
1,1040,0,108,1,1,2,48,1,1,70,3,76,0
1,413,0,0,0,0,2,35,1,1,41,4,90,1
1,431,0,2,1,1,0,32,1,0,53,3,105,0
1,950,1,133,1,0,3,5,2,0,66,1,114,0
1,0,0,44,0,0,1,43,4,0,0,3,82,1
1,670,0,0,0,0,1,25,2,0,57,1,120,0
1,244,0,85,1,0,0,23,6,0,27,3,103,0
1,0,1,105,0,1,2,3,2,0,38,2,114,0
1,0,0,73,0,0,0,5,3,0,39,3,108,0
0,225,1,316,0,0,4,54,2,0,79,4,73,1
1,185,0,262,0,0,2,66,0,0,61,4,73,1
0,380,1,59,0,0,2,15,1,0,49,0,108,0
1,0,1,158,1,1,1,37,1,0,15,4,77,1
1,791,0,265,1,0,0,34,1,1,58,2,104,0
0,140,0,57,1,1,0,0,3,0,23,2,115,0
1,1071,0,98,0,0,2,9,3,0,36,0,108,0
0,889,0,188,1,0,1,13,3,1,52,3,90,0
1,540,0,181,1,1,2,21,2,0,81,1,112,0
1,4,0,56,1,0,2,6,2,0,26,2,107,0
1,690,0,0,1,0,1,45,2,0,52,2,89,0
0,1063,0,27,0,0,1,25,4,1,56,4,75,1
0,484,1,0,1,1,2,30,4,0,48,2,118,0
1,1104,0,264,1,0,1,16,3,0,57,2,102,0
1,560,0,0,1,0,2,0,4,0,40,0,98,0
0,1652,0,218,1,0,1,34,1,0,85,1,94,1
1,725,0,234,0,1,1,41,2,0,68,3,91,0
0,707,1,291,0,0,1,6,2,0,50,4,80,1
0,1154,0,7,0,0,4,18,1,1,86,0,109,0
1,1021,0,238,0,0,3,35,2,1,81,3,96,0
0,1258,0,183,0,1,4,28,5,0,44,3,85,0
1,665,0,27,0,0,3,15,3,0,51,3,70,1
0,843,0,0,0,0,0,29,5,1,52,3,92,0
0,502,0,106,0,0,2,17,4,0,33,3,79,1
0,740,0,56,1,0,4,42,4,0,74,2,89,0
1,213,0,0,1,1,1,30,3,1,43,2,115,0
0,1204,0,110,1,0,3,40,1,1,58,3,92,0
0,778,0,205,1,1,3,27,0,1,70,2,88,0
1,431,1,118,0,0,2,11,3,0,31,1,105,1
0,1185,0,306,1,1,3,31,1,0,56,4,76,1
1,301,0,35,0,0,1,7,0,0,26,0,117,0
0,1231,0,187,1,0,4,33,0,0,56,1,130,0
0,999,0,0,0,0,2,38,0,0,93,4,84,0
0,1243,1,304,1,0,2,29,1,0,84,2,120,0
0,1181,0,0,1,0,2,9,2,1,67,0,123,0
0,315,1,210,0,0,1,31,0,1,55,1,97,1
1,532,0,101,0,0,0,45,4,0,45,2,96,0
1,514,0,16,1,0,3,23,1,1,60,2,108,1
1,6,0,0,0,0,0,0,0,0,30,1,71,1
1,62,1,54,1,0,0,10,2,0,36,4,91,0
0,606,0,142,0,0,2,8,2,1,39,0,91,0
0,1369,0,0,0,0,2,31,3,1,75,2,127,1
1,1187,0,122,0,0,0,22,2,1,29,1,80,0
1,279,0,25,0,0,1,10,5,1,23,0,113,0
0,1018,0,269,0,0,4,47,3,0,42,4,83,1
0,422,0,230,1,0,0,4,0,1,56,4,98,0
1,906,0,156,0,0,2,21,2,0,37,4,96,0
0,795,0,175,0,0,1,45,3,0,58,1,112,0
0,460,0,199,1,1,3,9,1,0,48,3,109,0
0,215,0,115,0,0,1,50,2,0,41,4,72,1
0,813,0,176,1,0,2,21,1,0,63,2,83,0
1,891,0,84,1,0,1,24,0,0,52,2,85,0
1,805,0,133,1,0,1,24,2,1,76,0,127,0
1,0,0,0,0,0,1,58,3,0,15,4,79,1
0,922,0,332,1,1,3,30,2,0,62,3,84,0
1,423,0,93,0,1,0,16,1,0,71,3,118,0
1,999,0,234,0,1,1,21,2,0,41,4,84,1
0,283,1,92,0,0,1,15,3,0,23,1,112,0
1,693,0,131,0,0,0,3,3,0,46,2,109,0
1,313,0,151,1,1,2,11,2,0,41,4,96,0
1,780,0,39,1,0,2,45,3,0,77,3,89,0
0,333,1,129,1,0,2,22,3,1,42,4,101,0
1,621,0,91,1,0,3,14,1,0,51,3,94,0
0,642,1,154,0,0,3,24,3,0,50,1,108,0
0,1198,0,215,1,1,3,37,0,0,79,2,111,0
1,711,0,233,0,0,2,34,3,0,35,4,82,1
1,374,0,94,0,0,0,7,4,1,10,2,94,0
1,604,0,86,1,0,2,49,1,0,46,4,81,1
0,1402,1,347,1,0,3,32,1,0,88,0,115,0
1,150,0,97,1,0,2,27,1,0,23,4,70,0
0,1093,0,231,1,1,3,29,0,1,79,3,104,0
0,703,0,207,1,1,4,21,0,0,65,2,98,0
1,283,0,139,0,0,0,50,4,1,26,3,81,1
1,0,0,134,1,0,2,13,5,0,22,3,90,0
0,380,1,257,1,0,4,64,2,1,67,4,93,0
1,567,0,259,0,0,2,23,3,1,68,4,70,0
1,601,0,28,1,0,1,33,1,1,47,4,85,0
1,0,0,154,1,0,2,7,2,0,20,3,97,0
1,861,0,0,0,0,0,17,2,0,49,1,111,0
1,909,0,11,1,0,2,51,2,0,31,4,94,1
0,1431,1,277,1,0,3,22,0,1,100,3,96,0
1,1170,0,171,1,0,0,56,3,0,3,4,76,1
0,522,0,174,0,1,2,11,3,1,21,4,86,1
0,562,0,118,0,1,2,7,2,0,56,2,110,1
0,1289,0,159,0,0,1,29,2,1,47,4,81,1
0,1309,0,0,1,0,4,70,2,0,57,2,83,0
1,177,0,0,1,0,0,0,2,1,43,3,87,0
0,634,0,37,1,1,2,24,4,1,50,4,81,1
1,103,0,0,0,0,0,18,2,0,20,3,99,0
1,421,1,238,0,1,3,18,2,0,50,2,80,1
1,416,0,86,1,0,0,0,1,0,17,4,75,1
1,696,0,120,1,1,2,7,2,1,63,3,81,0
1,0,0,27,0,0,0,0,3,0,38,1,112,0
0,1085,0,143,1,0,3,18,2,1,71,1,100,0
0,734,0,100,1,0,2,18,1,0,50,4,80,1
1,1061,0,189,1,1,3,19,0,0,82,3,101,0
1,447,0,252,1,0,2,25,4,0,59,1,128,0
1,0,0,16,1,0,0,36,4,0,11,1,98,1
1,1376,0,190,1,1,1,21,1,0,68,1,107,0
1,588,0,134,1,0,0,21,4,0,63,2,93,0
1,0,0,29,0,0,2,33,4,0,48,4,80,1
1,0,0,199,1,0,3,11,3,1,50,2,130,0
1,701,0,0,0,0,2,50,2,1,73,3,91,0
1,798,0,216,1,0,1,31,0,0,67,2,110,0
0,1052,1,188,1,0,1,19,0,0,69,2,94,0
1,781,1,19,1,1,1,40,3,0,39,4,70,1
1,1175,0,0,1,0,0,16,0,1,100,1,108,0
0,515,0,164,1,0,0,39,5,0,39,3,82,0
1,417,0,202,1,0,1,45,2,0,71,2,102,0
0,373,1,203,1,0,1,27,3,0,54,4,105,0
1,435,0,103,0,0,3,42,1,0,77,4,70,1
1,695,0,165,1,0,1,24,3,1,40,2,94,0
0,873,0,158,1,0,0,30,0,1,60,2,91,0
1,685,0,316,0,0,2,47,0,1,82,2,99,0
0,1069,0,151,0,0,1,12,4,1,39,0,106,0
0,1045,0,273,1,1,2,20,2,0,50,3,82,1
0,396,0,206,0,0,3,19,2,0,68,2,110,0
0,1360,0,350,1,0,3,40,1,0,91,4,85,1
1,0,0,0,0,0,1,0,2,0,30,4,72,0
0,1367,0,366,1,0,3,37,1,1,82,1,119,0
1,0,0,0,0,0,0,0,2,0,24,1,70,1
0,1206,0,301,1,0,2,48,1,1,65,3,84,0
0,1230,0,291,0,1,2,18,4,1,57,3,83,0
0,185,1,143,1,0,2,12,1,0,45,3,94,0
1,57,0,30,1,0,0,54,4,0,1,4,72,1
1,574,1,134,1,0,1,29,1,0,65,4,82,1
0,937,1,108,0,0,2,22,0,0,47,3,89,0
1,345,1,229,1,0,1,37,2,0,31,4,75,1
1,630,0,29,1,0,4,25,3,0,53,2,100,0
0,245,0,0,1,0,0,21,5,0,44,2,85,0
1,58,0,90,0,0,2,10,3,1,55,4,107,0
1,706,0,0,0,0,0,16,4,0,31,3,95,0
1,629,0,137,0,1,1,38,3,0,62,2,81,0
0,360,0,240,1,0,1,7,3,0,55,1,80,0
0,405,0,0,1,0,2,23,6,0,32,2,110,0
0,562,0,121,1,0,1,26,2,0,49,2,95,0
1,0,0,118,0,0,1,6,2,0,27,2,92,0
1,613,0,36,0,0,1,57,1,1,24,4,74,1
1,835,0,288,1,0,4,33,2,0,51,3,81,0
1,410,0,0,0,0,1,25,2,0,60,3,81,0
1,0,0,168,1,0,1,16,3,0,33,3,88,0
1,771,0,0,0,0,1,11,3,0,27,2,97,0
0,1269,1,91,0,1,4,29,1,1,86,4,82,1
0,1029,1,146,1,0,3,34,0,1,69,4,82,0
0,680,0,363,1,0,3,46,0,0,79,3,82,0
1,1033,1,271,1,0,4,22,3,0,55,3,103,0
1,647,0,200,1,0,0,16,2,1,74,2,90,0
0,973,1,152,1,1,6,33,3,1,96,4,94,1
0,924,1,234,1,0,1,22,0,0,82,1,109,0
0,555,0,132,1,0,2,17,1,1,64,4,93,0
1,962,1,0,0,0,2,14,6,0,65,3,114,1
1,414,1,186,1,0,1,22,0,0,39,1,100,1
1,1160,0,47,0,0,2,20,0,0,29,2,95,0
1,708,0,0,1,0,1,34,2,1,27,4,70,1
0,1012,0,135,1,1,3,4,1,0,79,2,105,0
0,588,1,187,0,1,0,11,2,1,84,4,90,0
1,14,0,0,0,0,0,0,0,0,11,2,72,0
1,64,0,187,0,0,0,23,2,0,43,1,104,0
0,888,0,304,1,0,3,3,3,1,55,2,97,0
0,1449,0,151,1,1,4,53,1,1,90,3,84,1
0,1507,1,347,1,0,4,57,2,0,100,3,82,0
0,1295,0,24,1,0,0,21,2,1,81,2,75,0
1,495,0,44,1,0,0,11,4,0,34,2,104,0
1,720,0,103,0,0,0,15,3,0,26,2,93,0
1,773,0,87,0,0,0,0,2,0,22,3,83,1
0,934,1,224,1,1,2,30,2,1,90,0,122,1
1,1570,1,355,1,0,2,37,0,0,90,2,78,1
1,466,0,120,0,0,2,0,3,0,15,2,104,1
1,350,0,34,0,0,0,0,5,0,20,2,115,0
1,108,0,76,0,0,1,0,1,0,27,2,108,0
1,10,0,0,0,0,0,0,1,0,11,2,83,1
0,315,0,0,1,1,3,24,2,1,51,3,124,0
1,0,0,0,0,0,0,0,5,0,16,1,80,1
0,776,0,174,1,0,3,41,2,1,57,3,94,0
0,1079,1,203,0,0,3,25,0,0,75,0,122,0
0,678,1,246,0,1,2,14,1,1,76,1,109,0
0,760,0,142,0,0,0,28,3,1,30,3,75,1
1,1243,0,0,0,1,2,45,3,0,69,3,80,0
1,548,0,137,0,0,1,15,4,0,36,2,92,0
0,822,0,323,1,1,2,17,2,1,71,1,114,0
1,220,1,147,0,0,0,46,0,0,63,4,84,1
0,494,0,38,0,0,3,35,2,0,73,3,110,0
0,257,1,431,0,0,2,18,0,1,74,1,129,0
1,1001,0,182,1,1,2,54,0,1,87,4,78,0
0,203,0,244,0,0,2,20,0,0,100,3,109,0
0,532,0,62,1,0,1,26,1,0,39,1,78,0
0,1344,0,118,1,1,1,23,0,0,100,1,100,0
1,261,0,0,0,0,0,13,4,1,32,1,105,0
0,844,0,248,1,1,3,29,0,1,82,2,96,0
0,241,1,150,1,0,2,25,0,0,79,4,71,1
0,642,0,150,1,0,2,26,0,0,68,2,93,0
0,680,0,17,1,0,1,7,3,0,33,4,99,0
0,733,1,286,1,0,5,53,0,0,66,4,92,0
0,974,0,0,1,0,2,34,3,1,63,2,99,0
0,437,0,0,0,1,3,35,2,1,83,3,114,0
1,805,0,176,1,0,3,18,2,0,38,2,110,0
1,363,0,0,1,0,0,16,3,0,7,3,88,0
1,0,0,105,0,0,0,0,3,0,16,2,102,0
0,908,0,142,1,1,3,25,0,1,43,1,109,0
0,700,0,15,1,0,2,26,1,0,49,1,108,0
1,718,0,233,1,0,3,6,4,0,37,1,107,1
1,719,0,181,0,0,2,28,4,1,35,2,114,0
0,818,0,183,0,0,5,11,2,1,43,3,96,1
1,191,0,178,1,0,1,0,6,0,40,0,101,0
1,587,0,244,0,0,2,24,2,0,64,3,100,0
0,913,0,44,1,0,0,0,2,1,42,3,82,0
1,895,0,185,0,0,2,15,3,0,51,3,82,1
0,867,1,131,1,0,2,24,3,1,46,2,123,1
0,217,0,101,0,0,2,12,1,1,47,3,86,0
0,824,0,130,0,0,2,15,4,1,57,3,97,0
1,562,0,237,0,0,0,24,4,0,41,2,88,0
0,245,1,176,1,0,2,20,0,0,77,4,70,0
1,202,0,209,1,1,1,10,5,1,21,3,92,0
0,1181,0,354,1,0,1,24,0,1,91,3,93,0
0,617,1,205,0,0,2,17,2,1,54,0,115,0
1,96,0,214,0,0,0,44,2,0,42,3,84,1
0,158,0,73,0,0,1,24,4,0,21,3,108,0
0,931,0,132,1,0,4,17,2,0,18,4,79,1
1,0,1,87,0,1,0,22,3,0,36,4,97,0
1,422,0,52,1,0,0,0,4,0,15,1,108,1
0,787,0,95,1,1,2,28,2,1,53,2,77,0
1,1339,0,136,1,0,3,35,2,0,46,0,130,1
1,617,0,134,0,0,1,8,1,0,38,4,90,1
1,895,0,299,1,0,2,70,2,0,44,4,78,1
1,842,0,237,1,0,4,79,2,0,53,4,87,0
0,652,0,140,0,1,1,0,3,0,42,4,88,1
1,595,1,256,1,0,2,0,1,0,52,3,92,0
0,1201,1,310,1,1,4,45,2,1,92,2,83,0
1,770,0,68,0,0,2,52,2,0,26,3,70,1
1,530,1,0,1,0,1,12,3,0,46,1,100,1
0,154,1,157,1,0,2,35,0,0,53,3,71,1
0,391,0,221,1,0,1,9,0,0,49,1,95,0
1,836,1,70,1,1,3,35,1,0,55,3,90,0
1,3,0,0,0,0,0,0,3,0,21,1,81,1
0,805,1,248,0,0,3,36,2,0,51,4,84,0
0,1003,1,142,1,0,0,0,3,0,28,3,100,0
1,1024,1,271,1,0,6,25,4,0,82,1,116,0
1,348,0,33,0,0,3,0,4,0,35,3,99,0
1,47,0,44,0,0,2,4,2,0,23,3,96,0
1,456,0,71,0,0,0,0,1,0,31,3,85,1
0,197,1,215,1,0,2,10,0,0,56,3,70,1
0,1206,0,195,0,1,3,3,2,0,72,0,122,0
1,1497,1,176,1,0,4,29,1,0,63,2,108,0
0,410,0,0,1,1,2,19,0,1,68,1,101,0
0,980,0,285,1,0,1,24,1,0,65,1,102,0
1,1015,0,152,0,0,4,32,1,0,74,1,109,0
0,1009,1,90,1,1,2,43,0,0,66,3,90,0
1,39,1,159,0,0,1,25,4,0,48,1,108,0
0,212,1,182,1,0,2,15,0,0,85,3,73,1
1,0,0,0,1,1,1,22,4,0,24,2,84,0
1,95,1,178,1,0,1,20,3,1,62,3,87,0
1,712,1,104,1,0,2,8,2,0,35,2,93,0
0,182,0,0,0,0,2,6,0,0,80,3,96,0
1,447,0,154,0,1,2,19,0,0,50,1,122,0
1,150,0,227,1,0,3,13,0,0,73,1,111,0
0,1072,0,366,0,0,2,50,0,0,76,4,75,1
0,379,0,262,0,0,1,44,3,0,64,3,80,0
0,847,0,216,1,0,3,11,2,0,45,2,85,1
0,1089,0,0,1,0,3,35,2,0,92,3,102,0
0,1210,0,274,0,0,2,27,2,0,97,3,91,0
0,899,0,134,1,0,2,32,1,0,32,3,70,1
0,681,0,61,0,0,1,24,1,0,40,4,74,0
0,734,0,131,0,0,2,22,3,0,43,3,105,1
1,0,0,194,0,0,1,16,4,0,37,1,98,0
1,732,0,267,0,0,1,20,0,0,57,1,102,0
0,954,0,191,1,0,4,33,0,1,100,4,101,0
1,855,1,281,1,1,1,26,1,0,66,2,94,0
0,336,1,326,1,0,2,31,5,1,50,2,96,0
0,202,1,171,1,0,2,26,0,0,75,3,70,1
1,473,0,34,0,0,3,13,4,0,19,4,99,0
0,815,0,226,1,1,1,49,0,1,71,2,83,0
1,99,0,152,0,0,1,0,1,0,38,2,95,0
0,959,0,94,1,1,3,30,2,0,64,4,87,0
1,0,0,89,0,0,3,12,3,0,41,4,87,1
0,1334,1,183,1,0,2,73,0,0,86,4,83,0
0,867,1,4,1,0,3,18,2,1,60,1,122,0
0,610,0,138,0,0,1,64,5,0,52,4,83,1
1,131,0,155,0,0,2,46,3,1,6,3,81,1
0,695,0,400,0,0,1,0,4,0,57,4,89,1
0,727,0,189,0,0,1,11,6,0,27,2,113,0
1,174,0,0,1,0,2,7,0,0,48,4,93,0
0,1040,1,67,1,0,5,14,2,0,45,3,73,0
1,270,1,240,1,0,2,23,2,1,75,1,87,0
0,1400,1,278,1,1,3,16,1,0,67,1,113,0
1,1270,0,376,1,0,4,34,1,0,83,2,128,0
0,595,0,58,0,0,1,0,4,1,35,0,115,0
1,1708,0,139,1,0,1,0,0,0,49,4,95,1
0,1270,1,368,1,1,1,12,3,1,53,3,73,0
1,795,1,199,1,0,2,33,1,0,55,1,116,1
0,1478,1,261,1,0,3,11,2,1,98,3,81,0
0,803,1,112,0,1,2,71,1,0,51,3,86,0
1,415,0,0,0,0,5,46,3,0,49,4,89,1
1,54,0,61,1,0,1,12,2,0,46,4,70,1
0,705,0,103,1,0,2,34,2,0,62,4,94,0
1,880,0,196,1,0,0,32,3,0,56,0,110,0
0,762,0,340,1,0,2,34,1,1,74,3,94,0
0,399,0,348,1,0,4,64,0,1,60,4,70,1
0,279,1,145,1,0,2,32,0,0,72,2,70,1
1,288,0,88,0,0,0,0,5,0,18,3,95,1
0,139,1,166,1,0,2,39,0,0,63,3,74,1
0,431,1,19,0,0,2,17,2,0,86,0,117,1
0,277,0,160,1,0,3,16,4,0,28,2,103,0
0,1154,0,213,1,0,1,31,1,1,90,2,93,0
0,1340,1,254,1,0,3,21,2,1,61,3,81,0
0,1317,0,311,1,1,1,45,2,0,98,4,78,0
0,1385,0,422,1,1,3,33,0,1,91,0,96,0
1,481,0,146,1,1,2,83,1,0,44,3,96,0
1,690,0,3,0,0,1,9,2,1,44,1,97,1
1,417,1,365,0,1,1,4,1,0,66,2,110,0
0,200,0,191,1,0,2,24,0,0,51,4,75,0
1,537,0,0,1,0,2,17,1,0,23,2,104,0
1,135,0,182,0,0,0,0,1,0,31,0,102,0
1,54,0,211,0,0,2,19,2,0,62,2,104,0
0,290,0,227,0,0,2,28,2,0,53,2,108,0
1,85,0,126,0,0,1,55,0,0,46,3,77,1
1,473,0,221,0,0,0,48,3,0,43,3,91,0
1,0,0,0,0,0,2,69,3,0,38,4,80,1
1,714,0,93,1,0,2,22,2,0,27,3,93,0
0,485,0,202,0,0,1,12,4,0,48,0,110,0
0,1126,0,173,1,0,1,39,2,0,89,1,101,0
1,363,0,0,1,0,3,8,2,0,44,3,102,0
0,754,0,236,1,1,3,31,2,0,81,3,71,0
1,566,1,232,0,0,2,15,4,0,50,3,77,1
1,767,0,178,1,0,0,19,2,0,34,4,90,0
1,586,1,153,0,0,3,37,2,0,71,3,78,1
1,27,0,0,1,0,1,28,2,0,29,2,115,0
1,433,1,176,0,0,0,41,3,1,38,4,90,1
0,1337,0,214,0,1,2,22,3,1,74,3,88,0
0,1459,0,0,1,0,3,21,2,0,85,2,95,1
0,744,1,251,1,1,3,34,3,1,65,4,86,0
1,856,0,0,1,0,2,6,1,1,63,2,100,0
1,5,0,0,0,0,0,0,4,0,19,2,70,1
1,244,0,52,0,0,4,7,4,0,26,4,84,1
1,145,0,15,1,0,2,5,1,0,22,2,97,0
0,820,0,116,1,0,1,49,0,1,81,2,106,0
0,218,1,116,1,0,2,27,0,0,90,2,71,1
0,1227,1,247,1,0,2,26,0,1,92,4,79,0
1,596,0,81,1,0,3,9,0,0,46,3,103,0
1,457,0,204,1,0,0,14,5,1,42,3,108,0
1,118,0,138,0,0,0,0,3,0,9,3,70,1
1,466,0,19,1,0,0,9,6,0,35,1,86,1
0,786,0,118,0,0,3,47,0,0,87,2,100,1
0,367,0,104,0,0,0,0,0,1,38,1,84,0
1,852,0,145,1,0,0,9,3,0,36,4,85,1
0,419,0,73,0,0,2,20,3,0,55,4,86,1
1,1434,0,218,1,1,2,26,1,0,83,3,103,0
0,1319,0,292,1,0,1,25,0,0,86,2,81,0
1,842,0,106,1,0,1,7,1,0,15,0,119,0
1,313,0,169,1,1,1,20,3,0,40,4,78,1
0,525,0,269,0,0,1,2,0,1,49,4,86,1
1,1357,1,299,0,0,4,43,3,0,83,0,116,0
0,514,0,174,1,0,2,1,4,0,22,3,96,0
0,160,1,256,0,1,0,2,5,0,26,3,81,1
0,207,0,106,1,0,2,14,3,0,38,2,116,0
1,896,0,0,0,0,0,11,4,0,30,4,80,1
0,565,0,18,1,0,1,0,4,0,38,4,70,1
1,805,0,79,1,0,1,44,2,0,13,4,84,1
1,0,0,113,0,0,1,1,4,1,35,1,121,0
0,1494,0,372,1,0,4,53,0,1,87,1,106,0
1,284,0,137,1,0,1,0,2,0,18,3,91,0
0,738,1,153,0,0,2,27,3,0,47,4,84,1
1,606,1,288,1,0,3,19,3,0,73,2,108,1
1,248,0,59,0,0,0,25,7,0,29,4,85,1
1,0,0,0,0,0,0,0,1,0,7,3,79,0
0,704,0,245,1,0,4,55,2,1,65,3,73,0
0,703,0,288,1,0,2,38,1,1,75,4,84,0
1,1092,0,65,1,0,0,17,2,0,59,0,98,0
0,597,1,228,0,0,4,31,0,0,71,3,111,1
0,1111,0,148,1,0,3,57,1,0,76,2,111,0
1,484,0,39,0,0,3,25,5,0,34,2,94,0
1,644,0,189,1,0,0,13,4,0,29,3,93,0
0,709,0,114,0,0,3,20,0,0,34,1,100,0
0,536,1,152,1,0,3,42,0,0,58,3,81,0
1,0,0,145,0,0,2,22,1,0,27,3,98,0
0,1609,0,167,1,0,2,69,0,0,85,2,85,0
1,1035,0,0,0,0,1,12,1,0,39,2,105,0
1,3,0,0,0,0,0,0,2,0,17,2,70,1
0,604,0,182,1,0,2,48,2,0,42,4,70,1
1,0,0,0,0,0,0,0,1,0,21,2,76,1
0,949,0,70,1,1,2,17,0,1,70,2,84,0
0,691,0,129,0,0,1,9,0,1,58,4,80,1
1,1,0,0,0,0,0,0,1,0,12,3,81,0
0,399,0,105,1,1,3,0,1,0,65,4,81,0
1,1142,0,173,1,1,1,43,2,0,47,4,76,0
1,193,0,282,0,0,3,27,2,0,51,2,108,0
1,300,0,216,1,0,2,37,1,0,76,4,83,0
1,637,1,131,0,0,4,35,2,1,53,2,105,0
1,190,0,42,1,0,0,0,2,0,13,1,119,0
0,1203,0,155,1,0,1,26,3,0,53,1,89,0
1,426,1,133,1,0,0,29,2,1,61,4,73,1
1,0,0,0,1,0,1,11,4,0,8,0,111,0
1,197,0,114,0,1,0,1,5,0,27,2,95,0
0,773,0,188,1,1,4,28,0,0,75,3,85,0
0,175,1,106,1,0,2,33,0,0,78,3,79,1
1,308,1,178,1,1,0,23,4,0,40,0,108,0
0,760,0,201,1,1,0,24,0,1,46,2,114,0
1,436,0,104,0,1,2,0,4,0,15,2,101,0
1,0,1,271,0,0,3,28,3,1,52,4,74,1
1,22,0,64,0,0,1,12,5,1,28,2,111,0
0,750,0,0,0,0,2,16,3,0,55,2,114,0
1,570,0,0,1,0,3,18,3,0,84,2,102,0
1,754,0,165,0,0,0,20,3,0,33,4,79,0
1,452,0,128,0,0,0,19,3,0,23,4,90,1
1,1,0,0,0,0,0,0,5,0,30,2,73,1
0,491,0,0,0,0,0,0,4,0,22,4,83,1
0,134,1,136,1,0,2,21,0,0,73,3,72,1
1,0,0,63,0,0,0,0,4,1,14,2,102,0
0,1359,0,216,1,0,4,49,2,1,87,2,107,0
0,230,0,99,0,1,1,31,2,0,35,4,83,1
0,582,0,222,0,1,5,32,2,0,72,3,81,0
0,1132,0,205,0,0,0,43,1,0,66,0,116,0
0,1113,0,34,1,0,3,24,2,1,83,4,91,0
0,281,0,0,0,0,1,9,1,0,32,1,102,0
1,1312,0,8,0,0,2,22,0,0,38,2,103,0
1,0,0,8,1,0,0,0,3,1,26,4,75,1
1,0,0,181,1,1,2,8,4,0,33,1,104,0
0,1390,0,172,1,0,2,27,0,0,95,2,124,0
0,1203,0,295,1,0,2,10,0,0,79,3,83,0
0,440,0,201,1,0,2,4,6,0,55,4,78,1
0,339,0,68,1,1,2,30,2,0,38,4,82,0
1,162,0,115,0,1,1,32,1,0,46,4,75,1
0,881,0,296,1,1,3,47,2,0,78,2,99,0
1,613,0,238,1,1,4,30,0,0,76,4,76,1
0,737,1,269,0,1,2,44,0,1,97,4,93,0
1,132,0,0,0,0,0,0,4,0,3,3,85,1
0,1674,0,154,0,0,3,25,2,0,48,3,90,0
0,942,0,237,1,0,2,28,3,0,62,2,81,0
1,647,0,152,1,0,3,30,0,0,57,2,76,0
1,196,0,47,0,0,0,39,2,0,21,3,82,1
1,102,0,209,1,1,0,81,3,0,40,4,71,1
0,986,0,175,1,0,2,23,4,0,74,2,81,0
0,1047,0,34,1,0,2,36,2,1,68,3,112,0
1,0,1,94,1,1,0,6,3,0,28,4,79,1
1,1367,0,105,0,1,1,50,1,1,66,2,123,1
0,526,1,354,1,1,0,6,1,0,55,3,95,0
0,975,1,171,0,0,1,29,2,0,49,3,117,0
1,694,0,221,0,0,5,32,0,0,77,3,93,0
0,439,0,91,0,1,1,0,4,0,42,4,97,0
0,1057,1,326,0,0,4,25,0,0,86,3,96,0
0,644,1,0,0,0,2,0,2,1,57,1,102,0
1,94,0,199,0,0,2,15,5,0,50,2,123,0
1,342,0,234,1,0,0,28,2,0,17,4,80,1
1,50,0,2,0,1,2,0,4,0,7,2,111,0
1,314,1,107,1,1,2,6,4,0,59,2,105,0
0,416,0,233,0,0,0,29,3,0,40,4,84,1
1,86,0,193,0,1,2,48,0,0,55,4,82,1
0,1230,1,148,1,1,1,28,1,1,77,3,93,0
0,701,1,82,0,1,0,17,4,0,20,3,72,1
0,472,0,60,0,1,0,12,3,0,41,0,124,0
0,554,1,164,0,1,3,56,4,1,52,2,84,1
0,722,1,307,0,1,0,29,0,0,63,2,76,0
0,915,0,215,1,1,2,24,3,1,66,0,103,0
1,337,0,220,0,1,2,17,1,0,58,0,102,0
1,1067,0,222,1,1,2,55,1,1,67,4,79,1
1,34,0,75,0,0,0,25,2,1,31,0,129,0
0,837,0,0,1,0,0,9,2,1,45,2,89,0
0,1148,0,128,1,0,0,5,3,0,67,2,84,1
1,1062,0,117,1,0,4,28,2,0,80,4,80,0
0,344,0,211,0,1,0,9,0,0,88,4,74,1
0,740,0,62,1,0,2,13,3,0,56,2,88,0
0,556,0,123,0,0,1,27,0,1,66,4,84,1
1,0,0,0,0,1,1,18,2,0,24,1,117,0
0,608,0,108,1,0,3,2,1,1,47,2,112,1
1,826,1,212,1,0,2,0,1,0,70,1,103,0
1,530,0,250,0,0,1,26,5,0,17,4,97,0
0,1508,1,320,1,1,3,35,0,0,100,4,81,0
0,218,1,108,1,0,2,31,0,0,57,3,70,1
0,243,0,0,0,0,2,0,3,0,9,4,74,1
1,0,0,65,1,1,1,0,2,1,46,3,107,0
0,1274,1,242,1,0,1,19,2,0,80,3,97,0
0,277,1,154,1,0,2,30,0,0,63,4,73,1
0,898,0,303,1,1,2,36,0,1,70,0,128,0
1,321,0,266,1,0,2,14,1,0,57,4,88,0
1,802,1,199,1,1,2,10,4,1,81,2,107,0
1,522,1,203,1,0,1,15,5,0,21,0,96,0
1,476,1,183,0,0,3,1,4,0,8,3,71,1
1,424,0,55,1,0,0,22,4,0,25,3,93,0
0,1008,0,260,1,0,1,23,1,0,82,2,90,1
0,792,0,72,1,0,0,51,2,0,31,4,75,1
1,297,1,19,0,1,2,10,3,0,23,2,91,0
0,1073,1,117,1,1,2,20,2,1,56,4,100,0
1,509,0,186,0,0,1,66,2,0,33,3,72,1
1,94,0,0,0,0,1,3,4,0,11,4,87,1
1,0,0,0,0,0,0,0,2,0,21,3,79,1
1,1075,0,171,1,1,0,27,2,0,44,2,104,1
0,1800,0,48,1,0,2,29,1,0,84,2,103,0
0,1205,0,175,1,0,3,45,1,1,92,2,86,0
1,337,0,88,0,0,0,19,3,1,25,2,102,0
0,401,1,0,0,0,0,21,3,0,21,4,79,1
1,645,0,113,1,0,1,23,0,0,64,4,99,0
1,126,0,139,0,1,2,0,2,0,34,2,70,1
1,315,0,209,1,0,1,32,1,1,67,2,93,0
0,817,0,338,1,0,5,17,0,1,79,0,129,1
0,337,1,37,1,0,1,9,3,0,29,2,88,0
1,0,1,62,0,1,0,34,0,0,33,4,88,1
0,702,0,249,1,0,3,15,1,0,61,3,87,0
1,69,0,106,0,0,2,35,2,0,56,3,77,0
1,299,1,150,0,0,2,0,4,0,30,4,96,0
0,839,0,0,1,0,1,8,1,1,62,0,127,0
0,1149,0,186,1,0,0,17,3,0,49,1,110,1
1,1132,1,150,0,0,2,17,2,1,49,2,91,1
1,0,0,28,1,0,3,26,3,1,58,2,110,0
0,1469,0,173,1,0,3,23,0,1,91,2,89,0
1,370,0,0,1,1,2,0,2,0,68,4,94,0
1,226,1,0,1,0,2,3,1,1,43,4,95,0
1,113,0,74,0,1,4,0,1,0,52,1,107,0
1,1301,1,14,1,0,2,34,2,0,96,3,98,1
1,0,0,0,0,0,0,0,2,0,27,3,77,0
0,1117,0,289,1,0,2,3,3,1,72,3,98,0
0,149,1,56,1,0,0,56,2,0,45,3,75,0
1,579,0,44,0,0,1,14,3,0,25,3,79,1
1,355,1,205,1,0,0,35,3,0,27,3,79,0
0,748,0,74,1,1,2,10,4,0,40,1,107,0
1,1187,1,173,0,0,1,14,1,0,49,4,82,1
1,415,1,280,0,0,3,29,0,0,85,2,97,0
1,818,0,189,1,0,2,7,0,0,56,1,114,0
0,1172,1,100,1,0,2,45,0,1,72,2,103,0
1,106,0,50,1,0,0,21,0,1,19,3,91,0
1,374,0,42,1,1,0,44,3,0,37,3,82,0
1,256,0,0,0,0,1,17,3,0,21,2,88,0
1,273,0,48,0,1,1,61,4,0,60,4,79,1
1,0,0,69,1,1,0,0,5,0,22,4,90,0
0,1191,0,0,0,0,2,15,1,0,76,2,117,0
1,507,1,170,0,0,2,33,1,1,38,4,78,1
1,1072,1,172,1,0,2,6,1,1,71,3,76,0
0,593,0,108,0,0,2,19,3,0,64,3,110,0
0,1445,0,22,1,0,0,22,1,1,78,2,111,0
1,787,0,134,0,0,1,8,5,0,20,3,95,0
0,1171,0,328,1,1,2,32,2,1,99,2,117,0
1,0,0,135,1,0,0,37,2,0,28,4,75,1
1,513,0,207,1,0,2,23,2,0,74,0,111,1
0,1100,1,87,1,1,1,21,0,0,43,1,114,0
0,34,0,35,1,0,3,0,3,0,37,0,130,0
1,870,0,342,1,0,3,53,0,0,64,2,83,0
0,821,0,219,1,1,1,23,3,0,65,0,100,0
0,765,0,207,0,0,2,37,0,1,65,2,121,0
1,645,0,419,1,0,3,40,0,1,83,4,107,0
1,62,1,230,0,1,0,0,2,0,37,2,108,0
1,385,0,176,0,0,2,0,1,0,54,3,103,0
1,921,0,0,0,1,0,18,1,1,29,3,86,0
1,833,0,211,1,0,0,5,4,1,51,3,104,0
1,1270,0,278,0,0,1,4,3,0,49,1,104,0
0,421,1,33,1,0,2,33,2,0,60,4,105,0
0,1501,0,261,0,0,2,33,0,0,90,0,105,0
1,350,0,78,0,1,2,18,1,1,42,3,108,0
1,481,0,166,0,0,1,21,4,0,36,1,103,0
1,218,0,43,0,0,3,34,4,1,51,2,94,0
1,148,0,46,0,0,0,18,3,0,44,3,108,0
1,0,0,11,0,1,0,3,5,0,10,2,116,0
1,583,0,50,0,1,1,28,5,0,33,2,98,0
0,22,0,51,0,0,1,24,4,0,33,1,100,0
0,628,0,185,1,0,1,14,0,1,72,2,90,0
1,569,0,254,1,0,5,71,2,0,71,4,84,0
1,942,0,265,1,1,2,65,0,0,85,4,83,1
1,599,0,92,0,1,1,0,4,0,26,3,94,0
0,1190,0,71,0,0,4,37,4,0,78,2,97,0
0,725,0,88,1,0,1,8,0,1,74,2,108,0
1,247,0,191,1,0,3,13,5,0,41,2,93,1
0,0,1,106,1,0,2,22,0,1,54,1,89,0
0,428,0,139,0,0,2,1,0,1,70,3,91,0
1,448,0,20,0,0,1,0,3,0,9,1,130,0
0,28,0,159,0,1,1,78,1,1,24,2,88,0
0,163,1,154,1,0,2,16,0,0,84,3,71,1
1,444,0,177,0,0,2,26,2,0,39,2,101,0
1,656,0,10,0,0,2,38,4,1,84,4,70,1
0,416,0,160,1,1,3,63,4,0,61,4,79,1
0,1220,0,155,1,1,3,8,3,0,58,1,108,0
1,1302,0,0,0,0,1,8,4,0,15,3,89,0
0,439,0,234,1,0,2,56,3,1,33,3,85,1
1,18,0,0,0,0,0,0,3,0,9,1,70,1
1,648,0,44,0,0,3,21,3,0,75,4,90,0
1,946,0,2,0,0,0,0,2,0,46,3,96,0
1,698,0,138,0,1,2,21,4,1,61,4,106,0
1,651,1,229,0,0,0,57,0,1,62,4,100,0
0,958,1,76,1,0,4,48,4,0,67,3,88,0
1,504,0,5,0,0,0,7,3,0,34,2,96,0
0,124,1,138,1,0,2,13,0,0,64,4,79,1
0,662,1,214,1,1,1,44,2,1,64,0,95,1
1,962,0,0,0,0,3,0,2,0,60,3,105,1
0,0,0,16,0,1,3,42,4,0,39,4,81,0
1,375,0,178,0,0,0,14,6,1,39,4,76,1
1,48,0,121,0,0,0,11,3,0,13,3,117,1
1,588,1,217,0,0,1,11,2,1,45,4,73,1
1,0,0,106,0,0,0,23,2,1,39,2,96,0
0,947,1,214,1,0,2,49,1,0,73,2,77,0
1,556,1,216,0,0,3,39,0,1,73,4,80,1
1,971,0,32,1,0,0,25,0,0,72,4,97,0
0,342,0,255,0,0,1,33,5,1,57,0,100,1
0,662,0,344,1,0,4,66,2,0,75,3,92,0
0,739,0,282,1,0,3,24,1,0,59,3,116,0
0,1078,1,146,0,0,1,25,0,0,55,0,120,0
1,344,0,162,1,0,1,0,1,0,17,1,83,0
1,0,0,218,0,1,0,31,1,0,12,4,92,1
1,707,0,0,0,0,0,17,3,0,38,2,73,0
0,998,1,73,0,1,4,9,1,0,78,2,82,0
1,0,0,73,1,0,1,2,4,1,10,4,107,0
0,112,1,247,1,0,1,9,3,1,47,2,89,0
1,5,0,0,0,0,0,0,4,0,17,3,70,1
0,530,1,259,0,0,2,15,1,0,74,0,99,0
0,597,0,239,1,1,4,46,3,0,38,4,79,1
1,623,1,184,1,0,2,31,4,0,53,2,90,0
0,780,0,98,1,1,2,20,3,0,34,4,79,1
1,0,0,62,1,0,1,4,2,0,35,2,83,0
0,639,1,109,1,0,2,3,2,0,42,0,121,0
1,0,0,26,1,0,1,3,3,0,38,4,70,1
0,1052,0,238,1,0,1,1,3,0,62,3,76,0
0,664,0,231,1,1,3,42,0,1,88,2,120,0
1,651,1,0,0,0,1,8,2,0,21,3,104,0
0,794,1,0,1,0,2,14,2,0,43,3,80,0
1,8,0,0,0,0,0,0,1,0,9,2,70,1
0,1075,0,147,1,1,4,19,2,0,79,4,71,1
1,469,0,208,0,0,2,28,2,0,60,2,86,0
1,261,0,84,1,0,1,0,5,0,35,1,117,1
0,1325,0,318,1,0,2,21,2,0,79,0,121,0
1,881,0,29,0,0,2,28,3,0,55,4,72,1
1,970,1,270,1,0,3,0,3,0,65,1,111,0
0,925,0,203,1,0,2,33,0,0,68,4,83,1
1,291,0,59,0,0,0,5,3,0,17,4,84,1
0,138,0,47,1,1,1,4,3,0,61,2,103,0
0,1079,0,320,1,0,2,20,0,1,82,0,130,0
1,535,0,111,0,0,3,3,3,0,56,3,94,1
1,806,0,201,0,0,1,13,3,0,31,3,88,0
1,490,1,192,0,1,1,6,4,0,55,2,77,0
1,1166,1,129,0,0,0,24,1,0,67,3,95,0
0,1149,0,315,1,1,4,20,3,1,78,0,109,0
0,1454,0,0,0,1,4,24,0,0,79,2,105,0
1,400,0,218,1,0,4,56,4,0,65,4,88,1
0,736,0,94,1,0,3,14,3,0,47,4,92,0
1,0,0,189,1,0,1,4,1,1,29,2,95,0
0,1234,0,245,1,1,0,15,2,1,88,0,118,0
1,1305,1,330,0,0,0,10,1,1,62,3,100,0
1,216,0,98,0,0,0,17,0,0,37,4,76,1
1,656,0,89,0,0,3,13,2,0,75,4,82,1
0,922,0,268,1,0,1,57,4,0,46,3,91,0
1,1073,1,118,0,0,0,0,2,0,29,1,99,0
0,77,0,54,1,0,0,23,3,0,76,1,118,1
1,6,0,0,0,0,0,0,0,0,20,1,75,1
0,943,0,351,1,0,2,28,1,1,82,0,117,0
0,967,1,307,1,0,3,16,1,0,79,1,102,0
1,307,0,215,1,1,1,24,1,0,37,1,120,0
1,791,0,199,0,1,0,25,2,0,50,3,78,1
0,1004,1,243,1,0,2,18,0,0,65,0,128,0
0,1240,0,126,1,0,1,31,0,1,79,3,75,0
1,395,0,74,0,0,0,44,6,0,12,3,75,1
1,461,0,86,0,0,1,16,4,0,31,3,82,1
0,1295,1,364,1,0,0,27,3,1,57,2,99,0
0,877,1,285,0,0,3,42,2,0,58,3,78,1
0,369,1,21,0,1,1,18,4,0,43,3,83,0
1,290,1,97,0,0,0,13,3,1,50,1,110,0
1,1402,0,128,0,0,2,43,0,0,60,2,83,1
1,1091,0,126,1,0,1,10,2,0,48,2,100,1
1,0,0,190,0,0,0,53,4,0,12,4,74,1
0,0,1,58,1,1,1,48,2,0,19,3,90,0
0,153,1,145,1,0,2,22,0,0,55,3,70,1
0,1384,0,376,1,0,4,27,0,0,100,1,103,0
0,167,1,187,1,0,2,10,0,0,57,4,73,1
1,996,1,238,0,1,2,42,0,0,53,4,70,1
0,1277,1,351,1,1,4,36,2,0,100,3,80,0
0,860,0,79,1,1,0,15,3,0,40,3,96,0
0,190,1,104,1,0,2,10,0,0,61,4,70,1
1,0,0,197,0,0,0,19,5,0,4,4,78,1
1,479,0,170,1,0,2,18,0,1,38,2,129,0
1,675,0,136,0,0,2,9,2,1,62,3,84,0
0,1183,1,276,1,0,2,26,0,1,60,0,125,0
1,482,0,164,1,0,2,53,3,1,51,4,77,1
1,824,1,62,0,1,0,20,1,0,42,4,75,0
0,1051,0,272,1,1,2,8,0,0,70,3,92,0
0,655,0,276,1,0,3,22,0,0,74,2,101,0
0,318,1,174,1,0,2,35,0,0,68,2,70,1
0,423,0,93,0,0,1,19,1,0,47,2,87,0
0,1108,1,414,1,0,5,40,1,0,73,0,98,0
0,1295,0,109,1,0,3,48,3,0,43,4,86,0
1,0,0,0,0,0,1,10,2,0,15,2,113,0
1,982,0,173,1,0,3,29,1,1,67,2,94,0
1,1039,0,0,1,0,2,41,3,1,49,1,116,0
1,66,0,433,0,0,2,1,3,0,46,1,117,0
1,1406,1,0,1,0,2,13,0,0,99,1,121,0
1,0,0,0,0,0,0,49,2,0,34,3,88,0
1,410,0,123,0,0,2,18,4,1,33,3,103,1
1,703,0,146,0,0,2,32,5,0,35,3,97,0
0,1384,0,20,1,1,0,47,3,1,76,2,99,0
1,0,1,96,0,0,3,4,5,1,45,4,81,1
1,218,0,0,0,0,1,8,2,0,35,0,109,0
0,630,1,282,0,0,1,10,3,0,40,4,78,1
1,0,0,106,1,0,0,24,3,0,49,2,99,1
1,1329,0,207,1,1,3,24,0,1,67,0,97,0
0,917,0,222,1,1,1,38,3,0,75,1,94,0
0,1441,0,296,0,0,2,44,3,0,41,2,117,0
0,1262,0,0,1,0,2,0,2,0,73,3,87,0
0,1534,1,344,1,0,2,33,1,0,70,3,76,0
1,82,0,120,0,0,2,44,2,0,33,3,73,1
0,837,0,176,0,0,1,46,3,0,52,3,82,0
0,579,0,182,1,0,3,9,2,1,30,1,111,0
1,800,0,162,1,1,3,8,0,0,77,4,90,0
1,489,0,93,1,0,2,0,3,0,42,2,88,0
0,948,1,266,1,1,2,27,2,0,70,4,103,0
0,995,0,203,1,1,2,41,2,1,90,1,109,0
1,988,1,236,1,1,2,75,3,0,72,2,81,0
0,501,0,0,1,0,1,9,2,0,51,4,93,0
1,814,0,185,1,0,3,23,0,0,66,3,91,0
1,456,0,121,1,0,1,30,0,0,70,3,92,1
0,1254,0,114,1,0,4,40,2,0,85,2,104,0
1,0,0,10,0,0,0,7,4,0,19,1,101,1
0,666,0,226,0,1,3,25,0,0,69,1,95,1
0,771,1,91,1,0,0,17,2,0,56,4,89,0
1,326,0,141,0,0,1,43,7,0,15,4,73,1
0,1466,1,130,1,1,3,42,0,1,70,3,87,1
0,348,1,58,1,0,2,26,0,0,74,3,70,1
0,140,0,74,1,1,3,46,3,0,53,4,77,1
1,1352,1,212,0,0,4,27,2,0,69,4,95,1
1,415,0,140,0,0,3,37,0,1,78,0,114,0
1,0,1,0,0,0,2,24,5,0,13,4,90,1
1,321,0,0,0,0,3,18,4,0,0,2,111,0
1,341,0,124,1,0,0,9,3,0,35,2,95,0
1,418,0,62,0,0,0,23,5,0,54,2,110,0
0,1026,0,219,0,0,2,34,0,0,93,2,78,1
0,752,0,0,0,0,3,17,3,0,43,3,79,1
1,17,0,0,0,0,0,0,4,0,16,3,83,1
1,0,0,62,0,1,2,16,4,0,36,1,116,0
1,0,0,45,1,0,0,28,4,0,9,3,96,0
1,476,0,157,1,0,2,2,2,1,32,1,97,1
0,911,1,293,0,0,1,70,0,0,94,4,77,1
0,1534,0,227,1,0,3,37,1,0,88,0,105,0
1,640,1,107,0,0,2,24,2,0,53,1,129,0
1,705,0,114,1,0,1,1,3,0,31,1,103,0
1,584,0,0,0,0,2,0,2,0,30,2,77,0
1,1082,0,265,1,1,1,24,1,0,55,4,83,0
1,440,0,185,0,0,0,6,4,0,19,1,98,0
1,1066,0,305,0,1,1,37,2,1,53,2,93,0
1,870,0,266,0,0,1,38,1,0,38,3,96,0
1,972,1,171,0,1,3,21,1,0,86,3,112,1
0,640,0,453,1,0,1,53,2,0,73,4,82,0
1,519,0,201,1,0,0,35,2,0,39,4,94,1
0,1090,1,215,1,1,3,5,1,1,100,4,82,0
1,30,0,0,1,1,1,6,1,0,59,1,91,0
0,352,0,0,0,0,3,17,3,0,49,2,107,0
0,799,0,217,0,1,0,12,4,0,48,3,94,0
0,1364,0,157,1,1,2,10,2,1,57,3,74,0
0,835,0,145,0,0,1,0,2,0,70,1,122,0
0,321,0,176,1,0,4,34,1,1,61,2,99,0
0,802,0,62,0,0,2,16,3,0,33,1,75,0
0,537,0,353,0,1,2,0,3,0,76,4,73,1
1,398,0,41,0,0,1,14,4,0,31,3,88,0
0,1305,0,325,0,0,0,51,3,1,71,4,95,0
0,532,0,217,1,0,2,22,3,0,61,4,85,0
0,1178,1,376,1,0,2,36,3,0,67,2,109,0
0,628,0,184,1,0,3,0,2,0,61,4,78,1
1,1229,0,0,1,0,0,14,3,0,51,4,111,1
1,95,0,37,0,0,0,14,2,1,36,4,95,0
0,645,0,167,0,0,1,10,0,0,42,0,126,0
1,0,0,27,0,0,0,53,1,0,29,4,79,1
1,589,1,175,1,1,3,50,2,0,57,4,80,0
0,736,0,144,0,0,1,29,4,0,37,4,82,0
1,450,0,17,0,0,1,23,2,0,45,4,79,1
1,370,0,267,1,0,3,41,0,0,72,4,72,1
1,683,1,243,1,0,1,5,4,0,23,3,103,0
1,0,0,175,0,1,0,2,3,0,39,3,109,1
0,1006,1,297,0,0,2,22,1,0,80,3,89,0
1,5,0,0,1,0,1,61,2,0,50,3,76,0
0,628,1,290,0,1,1,9,4,1,58,2,76,0
0,729,0,0,0,0,3,28,3,0,84,2,114,0
1,783,0,137,1,0,0,0,2,0,42,1,109,0
1,137,0,99,1,0,4,5,5,0,33,3,94,0
1,729,0,85,0,0,0,0,4,0,29,2,104,0
0,748,0,87,1,0,0,28,2,1,51,4,93,0
0,1056,1,232,1,1,2,26,2,1,79,3,91,0
1,415,1,103,0,0,0,44,3,0,19,3,85,1
0,133,1,125,1,0,2,31,0,0,59,2,70,1
1,338,0,88,1,0,2,49,3,0,33,4,89,0
1,697,0,133,1,0,0,1,2,0,27,2,82,1
1,0,0,17,0,0,1,11,1,1,41,0,115,0
1,1125,1,183,1,1,2,3,3,0,75,3,99,0
0,681,0,327,0,0,4,42,1,1,43,3,99,1
0,1439,0,112,0,1,4,10,3,0,56,1,106,0
1,903,1,107,0,1,3,22,1,0,54,4,83,1
0,335,0,136,0,0,1,8,3,1,44,1,105,0
0,175,0,0,0,0,3,10,2,0,19,1,123,0
0,1275,0,187,0,0,2,29,1,0,93,1,113,0
0,1318,0,237,1,1,2,9,1,1,75,2,114,0
0,774,1,329,1,1,2,25,1,0,59,0,117,0
1,834,0,54,0,0,2,0,5,0,25,2,105,0
0,667,1,57,1,1,0,16,4,0,42,2,114,0
0,847,0,0,1,0,2,43,0,1,94,4,79,0
1,0,0,6,0,0,1,29,5,1,38,2,105,0
0,0,0,32,0,0,1,11,2,0,30,4,87,1
0,1130,0,173,1,1,0,20,2,1,39,3,87,1
0,1055,1,261,0,0,4,0,4,0,51,2,105,0
0,977,1,148,1,0,3,22,6,0,62,2,86,0
0,1800,1,274,1,0,3,11,0,0,92,3,96,0
0,1063,1,170,1,1,1,24,1,1,88,2,88,0
0,1228,0,193,1,0,2,29,1,0,78,2,107,0
1,865,1,133,0,0,1,43,4,0,75,4,79,1
1,509,0,0,0,0,1,7,0,0,37,3,92,0
1,1500,1,236,1,0,3,25,0,0,84,3,86,0
1,850,1,181,1,0,2,3,2,0,40,4,75,1
1,429,0,26,0,1,0,12,3,0,18,0,111,0
0,1030,0,108,1,0,1,15,4,1,59,0,112,0
1,321,0,0,1,0,0,21,2,1,48,2,116,0
1,713,0,35,0,0,1,24,2,0,46,4,79,1
1,706,1,133,1,0,2,11,1,0,42,0,88,0
1,998,0,105,0,1,3,53,2,0,64,1,113,0
1,668,0,0,0,0,0,0,2,0,25,4,96,0
0,0,0,97,0,0,1,0,0,0,58,4,87,1
1,0,0,107,1,0,1,1,2,0,35,1,102,0
1,965,0,0,0,0,2,0,3,0,25,1,106,0
1,799,1,81,0,0,3,10,1,0,26,3,88,0
1,689,0,3,1,0,0,2,6,0,21,2,93,0
0,629,0,44,0,1,1,19,5,0,29,3,87,0
0,422,0,97,0,0,1,57,4,1,32,4,83,1
1,595,0,276,0,0,0,49,3,0,22,4,76,1
1,356,0,85,0,0,0,54,3,0,47,3,83,0
1,1312,1,250,0,1,3,0,3,0,54,3,95,0
0,108,1,266,1,0,1,36,4,0,48,2,85,0
1,1171,0,301,1,0,3,42,0,0,70,2,94,0
0,387,0,0,1,0,1,13,2,0,38,4,73,1
1,31,0,199,0,1,2,0,1,1,58,2,112,0
0,1130,1,435,0,0,3,47,1,1,89,4,88,0
0,1192,0,0,1,0,5,59,1,1,79,4,87,0
1,0,0,95,0,0,2,27,3,0,28,4,81,1
0,549,1,123,0,0,0,6,4,1,39,4,82,1
0,893,1,319,1,0,5,25,0,0,59,4,95,0
0,1310,1,405,1,0,3,23,0,1,96,0,109,1
1,683,0,45,1,1,3,10,0,0,49,4,83,1
1,587,1,105,0,0,1,23,3,0,25,3,79,1
0,1191,0,68,0,0,3,4,0,1,59,3,115,0
1,0,0,0,0,0,1,1,4,0,17,4,114,0
1,265,0,271,0,0,2,0,3,0,47,1,124,0
1,935,0,323,1,0,2,20,1,1,74,1,115,0
1,1045,0,260,1,1,1,18,1,0,27,2,98,0
1,0,0,36,1,0,1,2,0,0,27,4,85,1
1,0,0,72,0,0,1,12,3,0,35,3,106,0
0,858,0,254,1,1,4,21,0,0,74,4,92,0
1,377,0,68,0,0,1,30,4,0,22,2,82,1
1,621,0,285,1,1,1,23,2,0,74,4,84,0
1,0,0,46,1,0,2,5,2,0,36,4,81,1
1,647,1,171,0,0,0,18,0,0,69,1,110,0
0,834,0,0,1,1,4,32,2,0,82,2,90,0
1,1146,0,137,1,0,2,48,1,0,76,1,99,0
1,0,0,68,0,0,0,25,3,1,15,3,82,1
0,306,1,277,0,0,2,18,1,0,84,4,84,1
0,1160,0,144,1,1,2,44,3,0,80,4,70,1
0,845,1,171,1,1,3,37,0,0,88,1,121,0
1,0,0,27,0,0,0,24,5,0,30,4,79,1
1,722,1,66,0,0,0,16,4,0,62,1,88,0
1,0,0,119,1,0,0,6,5,1,5,3,130,1
1,715,1,111,1,0,2,8,1,0,36,2,113,0
0,1323,0,24,1,0,4,40,0,0,100,2,106,1
0,1468,0,218,1,1,1,13,0,0,77,2,97,0
0,1119,0,207,0,1,1,17,5,0,64,1,78,0
1,609,0,0,0,1,1,22,2,0,65,3,107,0
0,881,0,248,1,0,2,10,3,1,26,3,82,0
1,710,0,0,1,0,0,0,6,0,28,2,114,0
1,664,0,134,0,0,2,58,4,1,59,2,84,1
1,742,1,90,0,0,2,13,3,0,26,2,118,0
0,873,0,161,1,0,1,11,3,1,45,1,106,0
0,644,0,0,1,0,1,30,3,0,51,4,70,1
0,284,1,85,1,0,2,39,0,0,72,3,70,1
1,306,0,38,1,0,0,0,1,0,25,3,88,0
1,849,0,186,1,1,3,41,1,1,65,3,93,0
1,660,0,247,0,0,2,49,4,0,53,3,86,0
0,1234,0,106,1,1,2,26,4,0,62,3,87,0
0,161,1,77,1,0,2,24,0,0,71,2,70,1
0,488,0,180,0,0,2,8,2,0,54,2,126,0
1,646,0,223,1,1,1,23,0,0,70,2,94,0
1,130,0,117,0,0,0,17,4,0,14,3,87,0
0,457,0,118,1,1,2,5,4,0,34,2,102,0
0,50,1,159,1,0,2,45,0,0,70,3,70,1
1,653,0,120,1,0,1,16,2,1,46,1,98,0
0,523,1,175,1,0,1,15,4,0,55,0,105,0
0,676,0,51,1,0,4,8,2,0,59,2,90,0
0,1174,1,323,1,0,0,1,2,0,72,2,104,1
1,370,1,111,0,1,0,0,6,0,14,2,95,0
1,692,0,157,0,0,3,11,4,0,59,3,93,0
0,1456,0,322,1,0,2,31,3,0,88,0,111,0
0,1186,1,392,1,0,1,8,0,0,63,2,93,0
0,410,1,198,0,0,1,24,3,0,40,0,120,1
1,0,0,111,0,0,0,5,4,0,32,1,125,0
1,965,0,100,0,0,3,29,0,1,59,3,85,0
0,1367,1,150,0,1,1,28,3,0,71,3,109,0
1,0,0,0,0,0,0,0,4,0,7,1,76,1
1,751,0,116,1,0,2,53,0,0,77,4,79,0
0,770,0,261,1,1,3,35,2,0,61,0,120,0
1,378,0,45,0,0,1,0,3,0,38,2,92,0
0,1156,0,409,1,0,2,42,0,1,66,2,113,0
1,1800,0,279,1,0,2,27,2,0,57,0,120,1
0,981,1,397,1,0,3,35,1,0,73,4,99,0
0,1039,0,232,1,0,2,27,3,1,49,3,88,0
0,437,0,23,1,0,1,0,1,0,33,2,87,0
0,1044,1,154,1,0,3,25,2,1,72,2,100,0
1,9,0,0,0,0,0,0,3,0,19,3,77,0
1,242,0,386,0,0,0,13,0,1,58,3,97,0
0,940,1,286,1,1,3,1,1,0,71,2,104,0
1,539,1,26,1,0,0,23,3,0,22,4,72,1
0,1185,0,132,1,0,1,34,0,1,74,1,120,0
1,0,0,101,0,0,1,11,4,1,42,2,83,0
0,958,0,258,1,0,3,33,1,0,87,0,120,0
1,789,1,141,1,0,1,17,4,1,33,4,71,1
1,0,0,26,1,1,0,29,4,0,18,2,77,0
1,107,1,169,0,0,1,17,4,1,38,2,80,0
1,1287,0,235,0,1,1,20,3,0,21,3,76,1
1,355,0,64,0,1,1,12,4,0,20,3,71,1
1,295,0,43,0,0,0,5,3,0,31,2,93,1
1,873,0,239,1,0,3,52,2,0,69,4,74,1
0,262,0,191,1,1,1,13,2,0,57,2,99,0
0,1270,0,154,1,0,2,38,1,0,44,1,112,0
1,25,0,0,1,0,0,0,1,0,24,2,78,0
0,942,0,57,1,0,2,12,4,0,30,3,98,0
1,113,0,93,0,1,3,9,2,0,37,2,91,0
1,1011,0,0,0,1,2,7,3,0,58,0,108,0
1,517,1,273,1,0,2,7,0,0,58,3,93,0
1,709,0,11,0,0,2,22,2,0,84,1,102,0
1,1062,0,251,1,0,3,43,3,1,71,3,75,0
0,840,1,365,1,1,1,58,0,0,61,4,86,0
1,1218,0,354,1,0,3,6,1,0,56,4,100,0
1,1097,0,161,1,0,0,41,3,0,56,2,80,0
0,747,0,187,1,1,2,0,2,0,55,3,113,0
1,166,0,141,0,0,1,0,5,1,34,4,75,1
0,820,0,252,0,1,4,47,3,1,87,1,120,0
1,275,0,165,1,0,2,28,0,0,58,1,105,1
1,16,0,0,0,0,0,0,0,0,9,2,70,0
1,1057,0,252,0,0,3,41,3,1,56,2,93,0
1,16,1,93,0,0,0,34,3,0,30,4,82,1
0,1738,0,110,1,0,3,45,1,1,87,2,88,0
0,126,0,324,0,1,4,14,3,0,100,1,112,0
1,511,0,35,1,0,2,0,4,0,10,2,73,0
0,1096,0,149,1,1,2,15,1,0,75,3,109,0
1,0,0,67,1,0,1,24,2,1,60,4,75,1
1,188,0,123,1,0,1,0,3,0,32,2,92,0
1,485,1,128,0,0,2,29,0,0,46,3,126,1
1,604,0,265,0,0,0,38,6,0,22,3,76,1
1,0,0,107,0,0,2,0,5,0,29,3,98,0
1,738,0,0,1,1,2,4,3,1,74,2,111,0
1,0,0,0,1,0,1,41,3,0,38,2,70,0
1,349,0,175,1,0,2,3,3,1,45,3,108,0
0,181,1,28,1,0,2,30,2,0,34,3,93,0
0,0,1,258,1,0,1,23,2,0,45,4,88,0
1,116,0,3,0,0,1,11,2,0,39,4,89,0
1,6,0,0,0,0,0,0,5,0,27,2,70,1
1,1083,0,0,1,1,4,45,0,0,69,3,86,0
0,282,0,334,1,0,2,55,1,0,56,3,90,0
1,552,0,90,0,0,1,52,3,1,33,3,74,1
0,888,0,236,1,1,2,35,0,0,50,1,104,1
0,1004,0,369,1,0,2,44,0,0,83,4,102,0
1,933,0,128,0,1,2,11,0,0,50,1,107,0
0,845,0,124,0,1,1,17,2,0,53,3,91,0
0,1182,0,173,0,0,3,56,0,0,83,4,84,1
1,1115,1,283,0,0,2,38,0,0,64,0,116,1
1,849,0,277,1,1,4,16,0,0,77,3,118,0
0,1045,0,128,1,0,0,17,4,1,50,1,82,0
1,354,0,102,0,0,0,29,2,0,31,4,85,1
1,421,0,0,1,0,2,22,1,0,37,1,92,1
1,0,0,66,0,1,0,8,1,0,34,4,96,0
1,646,0,83,0,0,0,6,1,0,54,3,102,0
0,876,1,199,0,0,2,68,4,1,65,4,83,1
1,1441,1,303,1,0,2,34,5,0,60,0,113,0
1,0,0,176,0,1,0,12,5,0,46,1,106,0
1,146,0,0,0,1,0,0,4,0,8,4,70,1
1,880,0,124,1,0,1,15,2,1,83,3,93,0
1,298,1,216,0,0,2,9,1,1,63,2,121,0
1,0,0,0,0,0,3,15,4,0,7,4,95,0
0,115,0,41,1,0,0,28,3,0,36,2,97,0
1,130,0,44,0,0,1,21,2,0,43,0,124,0
1,1043,0,73,1,1,2,6,3,0,41,4,70,1
1,317,0,72,1,0,0,27,4,0,35,3,93,0
1,638,0,293,0,0,3,9,3,1,50,3,105,0
1,539,0,0,1,0,0,24,0,0,51,4,99,0
1,40,0,33,0,0,2,23,6,0,27,4,89,1
1,149,0,0,1,0,3,10,4,0,54,2,99,0
1,211,0,102,1,0,1,28,2,0,0,4,76,0
0,912,0,214,1,1,4,33,0,0,67,3,79,1
1,0,0,78,0,0,0,10,2,0,8,1,108,0
0,1550,0,317,1,0,2,32,0,0,80,3,73,0
1,684,0,67,0,0,0,28,2,0,18,3,91,0
0,280,0,219,1,0,1,0,1,0,59,1,94,0
1,156,1,0,0,0,3,28,4,1,23,0,119,0
1,679,0,128,1,0,3,28,1,0,74,4,86,0
0,259,1,140,1,0,2,27,0,0,57,3,73,1
0,1242,0,38,1,0,2,17,0,0,88,3,83,0
1,1043,0,163,1,0,1,36,4,0,49,3,86,0
1,421,0,109,0,0,0,10,6,0,9,3,106,0
0,186,0,0,1,1,2,26,4,0,51,3,70,1
1,212,0,34,0,0,2,24,3,0,49,3,102,0
1,34,1,226,0,1,0,47,2,0,40,4,83,1
1,438,1,208,0,1,1,12,3,0,37,3,92,0
1,1182,0,241,1,0,2,37,3,0,51,3,94,0
0,130,0,109,1,0,1,33,5,0,46,3,108,0
0,1379,0,276,0,0,1,50,1,1,68,4,93,0
1,1058,1,82,0,1,5,17,0,0,87,3,93,0
1,0,0,0,0,0,0,9,5,0,21,2,109,0
1,185,0,118,0,0,2,11,0,1,61,3,113,1
1,890,1,104,1,0,4,70,0,0,75,3,84,0
1,0,0,0,0,0,1,12,4,0,5,3,98,1
0,1039,1,349,1,1,2,41,0,0,92,0,119,0
1,542,0,382,0,0,2,31,1,1,74,4,71,1
1,0,0,0,0,0,2,10,6,1,49,2,91,0
1,131,0,22,0,0,0,54,5,1,20,4,72,1
1,141,0,91,0,1,3,27,4,0,61,3,74,1
1,774,0,223,0,1,3,38,2,0,67,4,86,1
1,195,0,176,1,0,3,0,6,1,6,3,109,0
1,360,0,238,1,0,3,19,5,1,35,3,85,0
1,648,0,88,0,0,1,13,2,0,44,2,95,0
0,1180,0,73,1,0,4,30,3,1,57,4,102,0
0,909,1,239,1,0,4,19,2,0,73,4,82,0
1,0,1,280,0,0,2,5,4,0,46,3,70,1
0,370,0,0,1,1,2,16,2,0,49,2,110,1
0,931,1,178,1,0,2,31,0,0,65,2,99,0
1,333,0,104,1,0,2,0,1,0,21,3,111,0
1,0,0,184,0,0,0,4,4,0,32,2,102,0
1,734,0,90,0,0,3,0,2,0,52,2,120,0
0,1289,1,317,1,0,2,31,0,1,87,0,100,0
1,146,0,201,1,1,2,56,1,1,66,4,76,1
0,1188,0,117,1,0,2,31,0,0,79,4,70,1
1,0,0,28,0,0,2,37,3,1,33,4,84,1
0,1293,0,355,1,0,2,28,1,1,80,3,86,0
0,291,0,58,0,0,1,0,4,0,18,4,94,0
0,1159,0,185,1,0,0,21,0,0,88,2,105,0
0,332,0,494,1,0,1,15,2,0,74,1,94,1
0,216,1,90,1,0,2,15,0,0,75,2,70,1
1,423,0,0,0,0,1,0,3,0,30,4,70,1
0,1190,1,202,1,0,1,22,0,0,78,1,117,1
1,383,0,99,0,0,1,8,1,0,33,0,111,0
0,254,1,335,0,0,0,30,2,1,85,3,125,0
1,534,0,145,0,0,0,10,5,0,30,0,121,0
1,451,0,25,1,1,1,29,1,0,54,0,117,0
1,501,0,0,1,0,1,15,3,0,56,4,88,0
0,482,0,91,0,1,0,21,3,0,40,3,103,0
0,1348,0,215,1,1,2,36,2,1,78,1,122,0
0,1273,0,417,1,0,1,25,1,0,100,1,116,0
1,0,0,21,0,1,2,0,5,0,37,4,81,1
0,1307,0,0,1,0,3,38,0,1,100,1,95,0
0,875,1,172,1,1,3,26,2,0,66,4,92,0
0,0,0,0,0,0,2,9,5,0,23,1,114,0
1,165,1,43,0,0,0,0,1,1,47,4,87,1
1,272,0,326,0,1,4,33,1,1,82,3,113,0
0,1172,1,438,1,0,3,36,0,1,91,0,123,0
1,0,0,0,0,0,0,0,3,0,3,2,78,1
1,0,0,30,0,0,2,12,3,0,52,4,78,1
0,399,0,194,1,1,3,11,2,1,74,2,106,1
1,0,0,56,0,0,3,65,1,0,25,4,83,1
1,2,0,131,0,0,2,17,5,0,9,2,89,1
0,763,0,164,0,0,3,34,0,0,70,3,83,0
0,648,0,197,0,1,1,26,2,0,41,4,84,1
0,1062,1,408,1,0,2,13,3,0,100,0,127,0
1,490,0,208,0,0,0,58,4,0,19,4,84,1
1,327,1,20,1,0,1,34,1,0,50,3,71,1
0,759,0,107,1,0,0,34,2,1,31,4,83,1
0,1418,0,230,0,0,3,13,2,0,42,3,100,0
0,618,0,110,0,0,2,51,1,0,78,3,87,1
1,1174,0,64,0,0,0,10,3,0,34,2,101,0
1,540,0,0,0,1,2,45,2,1,39,4,100,0
0,518,0,335,0,1,3,46,2,0,47,4,87,1
1,560,1,119,1,1,2,2,3,0,47,3,79,1
1,591,0,218,0,0,0,1,1,1,43,1,103,0
1,36,1,191,0,0,2,14,3,1,58,2,106,0
1,1334,0,280,0,1,3,10,1,0,62,1,104,0
1,1059,1,150,0,1,4,34,0,0,91,4,116,0
1,10,0,0,0,0,0,0,4,0,22,3,76,1
0,1528,1,99,0,1,4,22,0,0,95,4,74,1
1,150,0,199,1,0,0,14,3,0,39,4,110,0
0,143,0,256,0,0,2,5,1,0,50,4,70,1
0,912,1,286,0,0,3,29,0,0,69,2,113,0
1,614,0,168,0,0,3,12,1,0,53,2,108,0
0,984,0,370,1,1,0,25,0,0,84,2,119,0
1,871,0,39,0,0,0,21,5,0,4,4,83,1
0,1372,0,143,1,0,3,20,0,1,61,1,104,0
0,133,0,51,0,0,2,13,4,0,39,3,106,0
1,515,0,0,1,0,1,31,2,0,14,4,70,1
0,1172,0,0,1,0,3,44,1,0,68,4,88,0
0,1040,0,514,1,1,4,35,0,0,88,2,111,0
1,602,1,194,0,0,2,48,4,0,47,2,105,0
0,1184,1,260,1,0,3,22,0,0,74,0,116,0
0,108,1,175,1,0,2,28,0,0,76,3,75,1
1,0,0,72,1,0,0,0,1,0,26,4,72,1
0,745,1,29,0,1,1,14,1,0,71,3,85,1
0,899,0,328,1,0,1,32,1,0,76,1,99,0
1,35,0,40,1,1,0,4,4,1,26,2,78,0
0,1511,0,470,1,1,1,27,0,1,78,0,130,0
1,269,0,53,1,0,2,37,5,1,31,1,129,0
1,404,0,209,0,0,3,26,3,1,74,1,105,0
1,847,1,13,1,0,2,4,1,0,53,2,91,0
0,771,0,136,0,0,1,12,4,0,35,2,94,0
0,506,0,66,1,0,1,0,0,0,38,3,104,0
0,358,0,46,0,0,1,51,5,0,63,4,76,1
0,896,0,194,1,0,2,38,2,0,60,3,103,0
1,11,0,0,0,0,0,0,2,0,14,3,73,1
1,100,0,243,0,1,2,16,2,0,41,2,100,0
1,0,0,70,0,0,0,54,4,0,43,4,78,1
1,481,0,0,0,0,2,73,1,0,62,3,86,0
1,948,0,279,0,0,3,17,0,0,47,1,116,0
0,1058,1,406,1,1,4,40,0,0,99,2,107,0
1,443,0,142,0,0,0,14,4,1,23,2,92,0
1,536,0,157,0,1,2,8,5,0,61,3,93,0
1,792,0,82,1,1,3,4,1,0,57,3,96,0
0,1390,1,145,1,0,2,48,0,1,85,1,116,1
0,1477,1,184,1,0,4,31,2,0,86,4,83,0
0,1212,0,58,1,0,5,26,0,0,70,3,105,0
1,416,0,49,0,0,1,0,3,1,0,1,115,0
0,858,1,178,1,1,2,52,2,0,84,4,83,0
0,257,1,179,1,0,2,44,0,0,68,4,70,1
0,712,0,60,1,0,2,18,6,0,21,3,90,0
1,0,0,108,0,0,2,29,4,1,25,2,84,0
0,261,1,190,1,0,2,16,0,0,59,2,70,1
0,1784,0,293,1,0,3,48,0,0,92,4,91,0
0,1107,0,234,1,0,2,11,1,1,44,2,98,0
1,0,0,65,1,0,2,0,2,1,33,3,100,1
1,569,0,281,0,1,2,55,3,0,65,4,81,1
1,577,0,110,0,0,1,23,2,0,20,3,119,0
1,201,0,0,1,0,0,26,3,0,26,2,110,0
1,0,0,0,0,0,0,0,2,0,7,2,74,1
0,890,1,276,1,0,3,29,0,0,82,1,127,0
0,900,0,267,0,0,1,26,2,0,64,3,95,0
1,669,0,243,1,1,2,27,1,0,47,3,79,0
0,1361,0,296,1,1,1,54,0,0,97,3,81,0
0,1201,0,0,1,0,0,33,0,1,75,1,109,0
1,528,0,65,1,0,2,0,0,0,65,4,111,0
1,475,0,44,0,0,2,30,1,0,23,4,77,1
0,1559,1,318,0,0,2,31,0,1,75,3,100,0
1,625,0,228,1,1,3,28,2,1,73,0,119,0
1,4,0,0,0,0,0,0,0,0,15,3,77,1
0,1157,0,37,1,0,3,33,2,1,89,2,94,0
0,640,1,238,1,1,1,60,2,0,83,2,71,0
1,965,0,20,1,0,0,0,2,0,28,1,101,0
0,1322,1,328,1,1,3,19,0,1,84,1,119,0
0,458,0,121,1,0,3,7,3,0,31,0,123,0
1,695,1,289,0,0,3,41,0,0,59,4,84,1
1,461,0,132,1,1,1,20,2,0,48,3,84,1
1,551,0,3,1,0,2,25,5,0,41,3,76,0
0,625,0,35,1,0,1,34,2,0,67,2,112,0
0,826,0,249,0,1,1,21,1,1,60,3,114,0
0,344,1,169,1,0,2,43,0,0,65,2,70,1
1,467,0,17,1,0,1,22,3,1,27,4,86,1
1,845,0,0,1,1,1,37,1,0,75,2,104,0
1,1086,0,169,1,1,2,17,4,0,55,4,75,1
1,1200,0,177,1,0,0,43,1,0,65,3,89,0
1,4,0,0,0,0,0,0,3,0,12,2,75,1
0,445,0,76,1,0,2,0,4,0,28,2,110,0
1,911,0,158,0,0,2,57,3,0,30,4,77,1
1,1035,1,155,0,0,1,33,1,1,86,1,99,0
0,581,1,14,1,0,1,66,0,0,39,4,70,0
1,475,0,9,0,0,0,10,3,0,11,4,83,1
0,164,0,185,1,0,2,30,1,0,84,4,100,0
1,14,0,166,0,0,2,37,3,1,49,2,87,0
0,833,0,359,0,1,0,32,2,0,55,1,97,0
0,1675,0,328,0,1,1,26,0,1,63,2,115,0
0,930,0,254,0,0,2,38,1,0,41,3,70,1
0,612,0,43,1,0,1,38,1,0,49,1,101,0
0,667,0,365,0,0,1,20,3,0,68,1,97,0
0,1222,1,309,1,1,1,24,1,1,64,3,90,0
1,0,0,88,1,1,3,30,1,1,62,3,96,0
1,978,0,161,0,0,1,26,1,1,56,1,116,0
1,461,0,43,0,0,0,59,1,0,11,2,77,0
1,6,0,0,0,0,0,0,2,0,10,2,70,1
0,647,0,55,1,0,2,26,0,1,45,2,113,0
1,0,0,224,0,0,0,38,3,1,53,3,98,0
0,1358,1,227,1,0,1,33,0,1,90,3,75,0
0,1420,1,295,1,0,3,31,1,0,71,3,85,0
1,815,0,243,0,1,2,32,4,0,50,4,83,1
1,740,1,259,1,1,2,18,3,0,34,2,96,0
1,522,0,200,1,0,4,57,1,1,79,4,75,1
0,564,1,341,0,0,4,36,1,0,72,3,119,0
0,203,0,260,0,0,1,39,5,0,45,3,88,0
1,293,0,0,0,0,1,8,3,0,30,4,72,1
1,756,0,31,1,0,0,2,5,0,18,3,108,0
1,570,0,147,0,0,1,10,4,0,40,2,103,0
0,452,0,104,1,1,1,46,3,0,50,4,88,0
1,0,0,11,0,0,1,5,4,0,18,0,108,0
0,1276,0,0,1,0,2,40,5,0,77,0,114,1
0,419,0,0,0,0,2,0,0,0,66,1,92,1
1,206,1,172,0,0,2,40,1,1,65,3,80,0
0,1305,0,186,0,1,4,30,2,0,66,1,123,0
1,744,0,169,0,0,0,16,3,1,30,1,111,0
0,1011,1,96,0,0,2,39,0,1,73,4,94,0
1,62,0,77,0,0,4,14,0,0,40,2,97,0
1,746,1,220,0,1,1,20,1,0,33,2,121,0
0,293,0,187,0,0,0,22,2,0,34,3,102,0
1,1024,1,220,1,0,0,28,4,0,36,3,96,0
1,0,0,27,0,0,1,19,1,0,63,4,86,1
1,0,0,52,1,0,0,0,4,0,20,1,95,0
0,839,0,76,1,0,2,4,3,0,29,2,101,0
0,1389,1,286,0,0,4,29,1,1,78,2,113,1
0,555,1,218,0,0,3,12,4,0,68,3,101,1
0,607,0,5,1,0,2,46,0,0,66,2,108,0
0,784,1,174,0,0,1,18,1,0,52,4,84,0
1,210,0,91,1,0,0,23,3,0,38,4,77,1
1,14,0,124,0,0,0,0,0,0,42,3,86,0
0,271,0,102,1,0,1,26,4,0,18,3,81,0
0,827,0,120,0,0,0,25,2,1,70,3,93,0
1,0,0,94,0,0,0,13,4,1,19,4,81,1
1,505,0,2,0,0,1,36,2,1,35,4,97,0
1,823,1,162,0,0,1,40,0,0,40,2,100,0
0,598,0,105,1,0,0,44,3,0,29,4,84,1
1,0,0,0,0,0,0,0,4,0,16,3,77,1
1,180,0,0,0,1,0,17,2,1,52,2,112,0
1,816,0,93,1,0,0,10,4,0,43,2,114,0
1,1384,0,85,0,1,5,49,0,0,89,4,84,1
1,677,0,198,0,0,0,37,4,1,57,0,130,0
1,535,0,0,0,0,2,0,4,0,41,2,90,0
0,90,0,90,0,0,0,7,1,0,27,4,70,1
1,212,0,68,0,0,2,24,2,0,35,3,79,1
1,231,0,52,0,1,2,9,4,0,29,4,91,1
0,367,0,9,0,0,3,15,2,1,67,1,100,0
0,1260,0,368,1,1,2,51,0,0,87,2,92,0
0,814,1,197,0,1,2,28,2,1,47,2,95,0
0,797,0,175,0,0,1,17,3,0,35,2,107,0
1,385,0,151,1,0,0,19,2,0,72,4,98,0
1,621,0,196,0,1,0,28,3,0,64,1,95,0
1,1123,0,96,0,1,2,28,5,0,41,2,115,0
1,1078,1,131,1,0,2,8,4,0,37,3,87,0
1,1383,1,208,1,0,1,52,2,0,89,1,122,0
1,264,1,81,1,0,2,28,1,0,77,2,123,1
0,1167,0,369,1,0,4,24,0,0,68,3,82,1
1,646,0,144,0,0,2,16,2,0,42,2,98,1
1,344,1,303,1,1,2,43,3,0,81,2,95,0
1,102,0,179,0,0,0,46,4,0,17,4,103,0
0,237,0,0,0,0,1,1,5,0,38,2,102,0
1,466,0,0,1,0,0,64,6,0,37,4,70,1
0,181,1,174,1,0,2,38,0,0,74,4,73,1
0,939,1,304,0,1,2,28,1,0,97,3,88,0
1,12,0,0,0,0,0,0,3,0,0,2,78,1
0,74,0,1,0,0,2,11,1,0,23,4,76,1
0,332,0,54,0,0,0,0,1,0,23,3,82,1
1,1113,0,322,1,0,2,35,0,0,40,3,101,0
1,544,1,49,0,0,2,60,4,1,19,4,79,1
1,116,0,84,1,0,2,0,2,0,43,1,104,0
0,674,1,137,1,0,2,19,1,1,79,1,115,1
1,590,0,179,1,0,1,23,3,0,40,2,86,0
1,169,0,0,1,0,1,21,6,0,2,2,89,0
0,770,0,205,1,0,3,23,2,0,56,4,74,1
0,656,0,296,0,0,3,34,2,1,85,2,109,0
1,776,0,149,0,0,1,43,0,1,48,4,89,1
0,772,0,228,0,0,2,34,4,0,57,3,79,0
0,343,1,252,1,0,1,64,0,0,35,3,80,0
0,616,1,318,0,1,1,29,1,0,71,3,104,0
0,237,1,196,1,0,2,24,0,0,78,3,74,1
1,1157,1,325,1,1,2,29,1,0,65,0,114,0
0,962,0,252,0,0,2,37,1,0,75,2,109,0
1,810,1,282,1,0,3,90,1,0,56,3,83,0
1,295,0,127,0,0,0,0,2,0,19,2,89,0
1,0,0,107,0,0,2,55,4,0,35,3,85,1
1,196,1,69,0,0,0,27,7,1,30,3,85,1
0,1095,1,410,0,0,2,23,2,0,98,2,88,0
1,586,0,40,0,0,0,6,4,0,32,1,113,0
1,245,0,0,0,0,1,20,2,0,46,3,81,0
1,945,0,0,0,0,1,17,2,0,58,3,91,0
0,772,0,209,1,1,0,36,1,1,39,1,118,0
1,659,0,133,0,0,2,16,2,0,39,0,105,0
1,1236,0,1,0,1,0,16,2,0,64,1,123,0
0,1124,0,357,1,0,2,53,0,0,100,4,76,0
1,702,0,49,0,0,3,32,2,0,62,4,77,1
1,802,1,374,0,1,3,26,1,0,79,2,103,0
0,1183,0,0,1,0,2,30,1,0,72,4,70,1
0,1006,1,43,1,0,3,38,2,0,84,4,79,0
1,619,1,100,0,1,1,45,3,0,58,4,74,1
1,48,0,133,1,0,1,22,6,1,39,1,114,0
0,1027,0,100,1,0,1,31,1,0,81,2,84,0
0,576,1,193,1,0,1,15,1,1,44,1,123,0
0,161,0,175,0,0,2,15,1,1,60,3,103,0
1,4,0,0,0,0,0,0,1,0,24,3,79,1
0,1181,0,441,1,0,3,23,0,0,73,4,70,1
0,859,0,67,0,1,3,40,3,0,58,4,81,1
1,1095,0,103,1,0,3,8,1,1,36,2,83,1
1,120,0,69,0,0,1,0,5,1,27,1,101,0
0,848,0,203,0,0,1,35,3,1,71,3,72,1
0,290,1,172,1,0,0,25,3,0,35,4,86,1
1,0,1,82,0,1,2,46,1,0,50,3,73,1
1,59,0,131,1,0,2,30,1,0,54,2,117,0
0,1274,1,229,0,0,3,40,1,0,69,3,73,1
1,1352,1,255,1,1,3,22,1,0,65,4,87,1
0,265,0,33,0,0,0,26,4,1,40,3,93,0
0,449,0,368,0,0,4,32,1,1,94,4,84,1
1,427,0,134,0,0,1,5,1,0,48,2,114,0
0,444,0,174,1,0,1,18,2,0,58,4,98,0
0,1408,1,189,1,1,3,30,0,1,100,1,100,0
1,117,0,212,0,0,1,30,4,0,20,3,108,1
0,935,0,370,0,1,4,25,2,0,77,3,89,0
0,439,0,176,0,1,1,32,2,0,26,0,123,0
0,1058,1,246,1,0,3,58,0,0,79,4,79,0
1,1156,0,228,0,0,2,11,1,1,63,3,111,0
0,449,0,186,0,0,2,26,2,1,39,3,73,0
1,912,0,59,0,0,2,23,3,1,61,3,109,0
1,0,0,191,0,0,1,5,1,0,47,3,88,0
0,829,0,217,1,0,2,52,1,0,61,4,76,1
1,0,0,85,1,0,0,12,3,0,20,1,90,0
1,970,0,46,1,0,1,0,5,0,39,3,111,0
0,0,0,173,0,1,1,42,4,0,56,4,80,1
0,1359,0,152,1,0,4,41,2,0,98,2,96,0
0,1486,0,133,1,0,5,15,3,0,95,2,110,0
0,122,1,130,1,0,2,10,0,0,55,3,72,1
1,960,0,157,1,0,0,9,4,0,31,1,111,0
1,1358,0,199,1,1,1,41,2,0,91,4,79,0
1,264,0,63,1,0,1,8,2,1,40,2,106,0
1,842,0,108,1,0,2,23,4,0,46,3,81,1
1,1273,0,96,1,0,1,17,0,1,37,2,89,0
1,0,0,340,0,0,1,34,1,0,5,3,70,1
0,920,0,88,1,0,0,19,6,0,37,3,91,0
0,1081,0,274,0,0,1,41,0,0,80,2,93,0
1,450,0,33,0,0,1,17,3,0,52,2,96,0
1,511,0,79,0,0,2,13,0,0,44,2,116,0
1,0,1,36,0,0,0,0,6,0,44,4,86,1
0,593,0,89,1,1,3,29,2,0,37,3,79,0
0,1097,0,214,1,0,2,14,1,0,65,0,105,0
1,725,0,221,1,0,4,43,2,1,58,4,73,0
1,181,0,171,0,0,3,50,4,0,20,3,76,1
1,1231,1,27,0,1,4,58,1,0,80,4,84,1
0,216,1,175,1,0,1,0,4,1,38,1,73,0
1,745,0,187,1,1,1,28,2,0,50,2,99,0
1,90,0,229,1,0,2,34,3,0,55,2,88,0
1,896,0,325,1,0,2,18,0,0,64,2,97,0
0,528,1,345,0,1,2,12,4,0,50,3,114,0
0,982,0,128,1,0,4,42,2,1,69,2,94,0
0,1405,1,319,1,1,2,35,1,1,79,4,88,0
1,45,0,113,0,0,3,43,2,0,34,4,74,1
1,670,0,0,0,0,0,8,4,0,21,0,114,0
0,957,0,125,1,0,3,41,0,1,92,3,109,0
1,375,0,176,0,0,4,36,2,0,58,0,114,0
0,716,0,256,0,0,2,13,1,0,22,1,108,0
0,904,0,101,1,0,1,48,1,1,52,4,82,1
1,0,0,0,0,0,2,4,5,0,0,4,85,1
1,5,0,0,0,0,0,0,2,0,17,4,70,1
0,686,0,225,1,0,1,41,0,0,88,0,130,0
1,0,0,120,1,0,1,11,3,0,19,2,99,0
1,426,0,55,0,0,3,69,1,1,42,4,75,1
1,16,0,0,0,0,0,0,3,0,30,2,85,1
1,708,0,124,1,0,2,19,3,0,74,2,88,1
1,608,1,63,1,0,0,11,3,0,58,2,116,0
1,38,0,0,1,0,1,10,2,0,31,0,102,0
0,1555,0,399,1,0,2,42,2,0,77,1,113,0
1,123,0,0,0,0,0,10,4,0,17,3,75,1
1,367,0,205,1,0,0,19,1,0,42,4,95,0
1,609,0,58,1,0,1,30,2,0,44,3,92,0
0,683,1,251,1,0,1,52,0,0,82,3,72,0
1,648,0,0,1,0,3,0,4,0,25,3,88,1
1,106,0,178,0,0,1,22,3,0,47,2,102,0
1,0,0,213,1,0,2,13,5,0,24,2,105,0
1,0,0,197,0,1,2,0,2,0,36,3,99,1
0,219,1,160,1,0,2,34,0,0,72,4,70,1
0,1469,0,0,0,0,2,25,0,1,78,1,104,0
0,378,0,0,0,0,1,9,4,0,34,1,129,1
1,568,0,72,1,0,2,21,3,0,50,3,95,0
1,559,1,40,1,0,1,34,5,0,35,4,82,1
0,476,0,236,1,0,3,10,4,0,42,3,84,0
1,1277,1,307,1,0,1,16,1,0,61,0,112,0
1,182,0,286,1,1,3,28,1,0,45,3,88,0
1,417,1,169,0,0,3,16,4,0,45,2,111,0
1,382,1,154,1,0,2,24,2,0,85,4,82,0
1,269,0,93,1,1,0,36,2,1,33,4,87,0
0,1166,0,519,1,0,3,59,0,0,90,3,73,0
1,238,0,146,1,1,1,7,0,0,94,4,99,0
1,933,0,0,1,0,2,17,3,0,39,1,120,0
0,1302,0,231,1,0,2,33,3,1,52,2,110,0
0,894,0,87,0,0,5,23,0,0,79,2,102,0
1,107,0,127,1,0,1,16,5,0,36,2,100,0
0,891,0,200,1,1,0,27,3,0,69,0,120,1
0,169,1,38,1,1,1,21,5,0,48,2,93,0
1,316,0,159,0,1,0,23,3,0,28,3,96,0
1,157,1,107,0,1,1,58,4,0,42,4,71,1
0,0,0,94,0,1,1,0,2,0,34,4,95,0
1,324,0,126,1,0,0,0,3,1,29,3,81,0
1,850,1,208,0,0,3,20,1,1,61,2,94,0
0,370,1,277,0,0,4,11,3,0,76,1,90,0
0,1681,1,419,0,0,3,32,0,1,81,0,120,1
1,835,0,119,1,0,2,20,0,0,47,1,79,0
0,1041,1,179,1,1,4,57,0,0,61,4,90,0
0,1257,0,283,1,0,0,16,1,0,79,4,80,0
1,93,0,109,1,0,1,39,5,0,27,3,88,0
1,246,0,0,0,0,3,15,2,0,49,4,82,1
1,223,0,0,1,0,0,0,6,0,39,1,98,1
1,492,0,47,0,0,2,19,2,0,28,2,82,0
1,301,0,69,0,0,1,0,5,0,13,4,95,1
1,412,0,203,0,1,2,0,2,0,46,4,93,0
1,645,0,74,1,1,2,39,2,0,45,3,76,0
1,920,0,178,0,0,3,58,3,0,37,2,79,0
0,441,0,166,1,1,3,29,2,0,49,0,124,0
0,801,0,21,0,1,1,42,3,1,61,2,95,1
1,466,0,140,0,0,2,46,2,0,25,3,86,0
0,790,0,96,1,0,3,35,4,0,69,1,97,0
1,0,0,0,0,0,0,42,2,0,26,4,82,1
1,548,0,0,0,0,2,10,4,0,49,2,103,0
0,578,1,31,1,1,3,8,3,0,87,4,88,0
1,598,0,269,0,0,1,25,2,1,48,4,79,1
1,666,0,307,1,0,2,25,0,0,87,2,98,0
0,0,0,69,1,1,2,28,5,0,37,4,80,1
0,747,0,153,1,0,3,50,0,0,52,3,92,0
1,299,0,95,0,0,0,64,3,0,26,4,87,1
0,706,0,236,1,1,0,3,1,0,70,1,109,0
1,1130,0,126,0,0,1,30,0,0,70,4,92,1
0,42,0,109,0,0,1,44,3,0,38,2,86,0
0,210,0,264,0,1,2,1,0,0,38,1,109,0
1,606,0,48,0,0,0,32,4,1,32,3,87,0
1,132,1,129,1,0,2,64,1,0,40,4,76,1
1,197,1,196,0,0,4,17,1,0,62,4,97,0
0,907,0,372,0,0,2,10,1,0,83,0,100,0
0,1260,0,0,1,0,3,17,1,1,68,0,126,0
1,20,0,0,0,0,0,0,2,0,6,1,90,1
1,780,0,59,1,0,1,34,1,0,54,3,112,0
0,953,0,340,1,1,4,13,3,1,62,3,89,1
1,572,0,27,1,0,0,19,3,0,13,3,107,0
1,353,0,85,1,0,0,7,2,1,36,2,83,0
0,1260,0,349,0,0,2,46,1,0,98,0,123,0
0,0,1,194,0,0,3,17,3,0,58,0,115,0
0,819,0,103,1,0,0,41,3,1,32,1,87,1
1,0,1,97,0,0,0,0,1,1,6,1,104,0
1,657,0,0,0,0,1,0,0,0,57,0,111,0
0,1158,0,319,1,1,1,58,0,0,90,2,86,0
0,755,1,220,1,0,0,40,4,1,63,1,106,0
1,21,0,0,0,0,0,0,2,0,8,1,82,1
0,747,0,88,0,0,2,5,2,0,36,2,72,0
0,899,0,250,1,1,3,11,0,0,72,2,70,0
1,0,0,0,0,0,0,5,3,0,19,3,84,1
1,687,0,19,1,0,1,0,3,1,20,2,91,0
0,329,0,186,1,0,0,32,1,0,60,3,111,0
0,184,0,364,1,0,2,83,3,0,67,3,89,0
1,819,0,174,0,0,1,24,0,0,57,3,84,0
0,1556,0,11,1,1,3,35,1,0,76,3,91,0
1,0,0,118,0,0,3,21,1,0,49,3,100,0
0,1463,1,116,1,0,3,26,0,0,90,4,85,0
0,567,0,93,1,0,0,7,4,0,51,1,95,0
0,865,0,206,0,1,5,19,2,0,86,4,85,0
0,205,0,0,0,0,2,10,1,0,39,2,117,0
0,539,0,49,1,0,0,16,1,1,53,1,114,0
0,1197,0,83,0,0,2,42,1,1,87,4,88,0
1,57,1,0,0,0,0,19,5,0,23,2,98,0
0,1232,0,195,0,1,2,16,4,0,50,4,92,0
1,8,0,0,0,0,0,0,2,0,5,3,72,1
0,1234,1,259,1,0,3,30,2,0,75,3,80,0
1,277,0,61,0,0,1,21,1,0,29,2,120,0
0,1091,0,0,0,1,3,22,1,1,93,2,80,0
0,167,1,225,1,0,2,10,0,0,59,3,70,0
0,580,0,145,1,1,2,29,3,0,49,4,78,1
0,921,1,153,1,0,3,15,1,1,65,3,92,0
0,818,0,43,1,0,2,26,1,0,79,2,90,0
0,999,0,124,1,0,3,21,2,1,75,3,115,0
0,1384,0,310,1,0,4,43,0,0,95,4,103,0
1,0,0,0,0,0,0,0,3,0,16,3,89,1
1,773,1,332,0,0,3,29,3,0,61,1,94,0
1,841,0,82,1,1,0,18,4,1,22,2,116,0
0,83,0,90,1,0,2,15,2,1,30,4,76,1
0,175,0,187,1,0,1,16,1,0,64,3,100,0
1,175,0,0,1,0,1,18,1,0,32,2,86,0
0,926,0,176,1,1,0,26,3,0,33,3,86,0
1,881,1,109,1,0,1,44,1,0,84,1,103,1
0,1060,1,259,1,0,4,28,0,0,76,3,100,0
0,198,1,217,1,0,2,22,0,0,81,3,70,1
1,669,0,25,0,0,2,1,5,0,37,2,101,0
1,1010,0,77,0,0,4,26,2,0,42,4,73,1
0,0,0,41,0,0,1,6,4,0,17,2,97,0
0,1406,1,213,1,0,2,33,0,0,99,3,109,0
0,891,0,184,1,0,2,13,0,0,78,1,114,0
0,1124,0,351,1,0,2,5,1,1,66,2,118,0
1,453,1,73,1,1,2,51,2,0,22,4,76,1
0,936,1,273,1,1,2,39,0,0,94,1,102,0
0,687,1,172,1,0,3,45,1,0,79,4,79,0
1,600,0,218,1,0,1,11,1,0,55,3,78,0
1,935,0,256,1,0,0,19,2,0,60,2,97,0
0,618,0,0,0,0,2,12,2,0,40,2,97,0
0,306,1,110,1,0,2,45,0,0,60,3,71,1
0,529,0,79,0,0,2,10,2,0,76,4,88,0
1,7,0,0,0,0,0,0,0,0,12,2,83,1
0,1280,1,181,1,1,4,25,0,1,83,4,81,0
0,519,1,233,1,0,2,12,2,0,44,1,108,0
1,514,1,0,1,0,1,28,4,0,34,3,117,0
1,0,0,80,0,0,0,0,4,0,23,2,73,1
0,815,1,88,1,0,0,9,3,0,29,3,101,0
0,1191,1,305,1,0,2,26,1,1,91,4,110,0
1,0,0,34,0,0,2,13,4,0,33,2,82,1
0,677,0,195,0,0,2,70,2,0,52,4,85,0
0,885,0,207,1,0,1,20,0,0,59,4,95,0
0,1123,1,442,0,0,3,17,0,0,70,0,118,0
1,15,0,0,0,0,0,5,4,0,11,4,91,0
1,537,0,0,1,0,2,45,0,0,44,3,77,1
1,275,1,141,0,0,0,13,4,0,25,4,89,1
0,446,0,81,0,0,0,0,3,0,50,1,101,0
0,376,0,203,0,1,2,22,1,0,70,2,116,0
1,747,0,151,1,0,0,12,0,0,41,4,95,0
0,877,0,261,1,0,2,24,2,1,79,3,97,0
1,359,1,141,0,0,0,4,4,0,26,0,120,0
0,370,0,172,1,0,1,59,2,0,70,3,83,1
0,660,0,137,1,1,1,65,0,0,63,4,77,1
0,432,0,245,0,0,1,58,3,0,50,4,77,1
0,1287,0,0,1,0,3,21,2,1,73,2,98,0
0,839,1,217,1,0,2,17,1,1,69,2,107,0
0,1736,1,251,0,0,1,33,3,1,64,1,98,0
1,292,1,97,1,0,0,16,1,1,41,2,107,0
0,443,0,0,0,0,0,0,3,1,37,2,93,0
1,803,0,0,0,1,2,13,4,0,34,4,89,1
1,0,0,0,1,0,2,29,5,0,23,4,97,0
0,770,1,400,1,1,3,24,3,1,78,2,94,0
1,523,0,33,0,0,2,26,3,0,38,0,108,0
1,281,0,140,1,0,0,6,4,0,65,3,120,0
0,1310,1,149,1,0,3,30,2,0,63,4,87,0
0,880,1,81,1,0,1,46,0,1,70,1,98,0
0,1385,0,52,0,0,1,23,2,0,63,2,99,0
0,1001,0,0,1,1,2,33,2,0,71,2,110,0
1,665,0,179,0,0,1,5,1,0,57,1,101,0
1,50,0,235,1,0,0,33,5,0,26,4,74,1
0,767,0,155,1,0,1,70,1,0,61,3,81,0
0,1063,0,94,1,0,2,34,0,0,58,1,115,0
0,995,0,166,0,1,2,38,2,0,85,1,96,0
0,138,0,0,1,0,1,36,5,0,36,1,119,0
1,16,0,72,0,0,0,18,3,0,31,4,78,1
1,0,0,152,1,0,0,49,1,0,43,4,80,1
1,394,0,48,0,0,0,9,6,0,24,4,89,1
1,46,0,359,0,1,2,24,0,0,70,1,114,0
1,834,0,204,0,1,3,24,1,0,59,2,90,1
1,133,1,144,0,1,1,0,3,0,87,4,80,0
0,350,0,4,1,0,1,5,4,0,23,3,90,0
0,1107,1,353,0,0,1,57,3,0,41,4,77,1
0,1040,0,238,1,0,3,21,3,0,78,4,100,0
1,0,0,0,1,0,2,0,6,0,33,4,77,1
1,0,0,0,0,0,0,0,3,0,30,1,81,0
0,1301,0,185,1,0,3,39,0,1,100,2,98,0
1,594,1,59,1,1,1,5,8,0,35,2,110,0
1,279,0,130,0,0,2,15,1,1,23,4,98,0
0,1079,1,273,1,0,4,23,0,0,90,0,104,0
1,610,0,147,0,0,1,12,3,1,63,2,118,0
0,665,1,318,0,1,3,26,0,1,77,0,126,0
1,89,0,48,0,0,0,29,5,0,34,3,82,1
0,876,0,140,0,0,2,27,0,0,47,4,81,1
1,94,1,70,1,1,0,11,4,0,26,4,76,1
0,117,1,74,1,0,2,39,0,0,78,4,70,1
0,248,1,68,1,0,1,0,3,1,34,1,112,0
0,951,0,470,1,0,2,34,0,0,58,4,84,0
0,771,0,31,1,1,0,31,1,1,35,1,99,0
0,0,1,116,1,0,2,24,2,0,16,2,105,0
0,774,0,224,0,0,1,6,1,1,55,2,99,0
0,429,0,143,0,0,2,14,1,1,34,2,111,0
0,847,1,268,1,0,1,17,1,0,55,3,81,0
0,1256,0,17,0,0,2,0,1,1,87,2,91,0
1,634,0,101,0,0,3,35,3,1,56,4,73,1
1,34,0,125,0,0,2,16,2,0,44,0,106,1
1,373,0,0,0,1,0,1,3,0,1,4,91,1
1,0,0,88,1,0,0,0,5,0,33,3,92,0
1,875,1,82,0,0,3,5,2,1,62,3,87,1
0,0,0,0,1,0,1,0,3,0,18,3,88,1
0,836,0,109,1,0,1,10,3,0,40,4,85,0
1,34,0,162,1,0,3,20,2,0,11,4,73,1
1,559,0,98,0,0,2,51,2,0,64,4,73,1
0,212,0,188,1,1,2,28,1,0,49,3,84,0
1,341,0,201,0,0,1,30,3,0,60,4,82,1
1,1028,0,68,1,1,2,51,1,0,69,4,76,1
0,1203,1,214,1,0,4,57,3,1,76,2,101,0
1,232,0,173,1,0,2,14,3,1,40,1,100,1
1,637,0,142,1,1,1,11,4,1,39,4,96,0
1,53,0,0,0,0,1,8,3,0,40,3,103,1
0,301,0,0,0,0,1,6,0,1,53,1,103,0
1,601,1,184,0,0,2,30,1,0,45,2,109,1
1,1087,1,233,1,0,2,21,1,1,63,3,85,0
0,355,0,104,0,1,1,0,4,1,16,4,75,1
1,527,0,32,1,0,3,60,4,0,56,4,91,0
0,905,1,212,1,0,2,15,0,0,74,3,82,0
1,1008,0,207,1,1,4,4,2,1,53,4,79,1
1,365,0,204,0,1,1,14,2,0,71,0,119,0
1,366,0,0,1,0,2,0,3,0,31,2,82,0
1,18,0,0,0,0,0,0,3,0,23,2,73,1
0,0,0,54,0,0,2,19,1,1,43,4,84,1
1,0,0,183,0,0,1,23,3,0,58,3,89,0
1,558,0,178,0,0,3,22,3,0,57,4,72,1
0,1109,0,99,1,0,2,43,0,0,56,2,88,0
0,0,1,46,0,0,3,0,3,0,59,3,98,0
0,543,0,227,0,0,2,12,0,0,70,3,78,0
1,711,0,94,0,0,0,12,2,0,37,4,85,1
0,451,1,201,0,0,2,16,1,1,55,4,76,1
0,1226,0,197,0,0,3,41,3,1,80,0,86,0
1,1027,0,284,1,1,5,23,0,0,84,2,95,0
0,780,0,120,0,0,1,38,3,0,73,2,97,0
1,837,0,62,1,0,1,0,1,0,36,2,97,0
0,98,1,196,1,0,4,28,2,0,74,1,111,0
1,583,0,94,1,0,3,13,3,1,50,2,80,0
1,0,0,0,0,1,2,0,3,1,34,4,77,1
1,0,0,28,0,0,1,0,4,0,7,1,121,0
0,1234,1,155,0,0,3,54,0,1,75,4,91,0
0,708,0,0,0,0,0,9,2,1,67,1,123,1
0,1116,1,343,0,1,2,33,1,0,74,1,94,0
0,1066,0,246,0,0,2,48,3,0,50,3,87,1
0,890,0,363,1,0,3,38,1,0,68,4,91,0
1,3,0,0,0,0,0,0,0,0,9,3,80,1
1,0,1,1,0,0,3,6,4,0,3,1,96,0
1,342,1,258,0,0,1,25,1,0,66,2,98,0
0,985,0,312,0,1,4,19,2,0,69,0,111,0
0,1089,0,110,1,0,1,25,1,0,100,1,108,0
0,335,0,0,1,0,4,8,2,0,68,2,96,0
0,834,0,191,0,1,2,34,0,0,82,0,102,0
0,374,0,173,0,1,3,81,4,0,40,4,72,0
1,239,1,214,1,0,2,17,2,1,48,2,120,0
0,1285,0,0,1,0,4,0,1,1,62,2,99,1
0,1120,0,0,1,0,2,34,0,1,73,3,89,0
1,362,0,276,0,1,2,14,0,0,87,1,117,0
0,904,0,7,1,0,3,14,0,0,67,2,111,0
1,203,1,164,0,0,0,10,5,1,47,3,104,0
0,1453,0,210,1,1,2,5,0,0,87,2,90,0
0,416,1,80,0,0,1,44,1,0,76,3,96,0
1,0,1,127,0,1,3,11,2,1,36,3,104,0
1,207,0,260,0,0,0,0,1,0,46,3,85,0
1,347,0,0,0,1,3,33,0,0,61,4,71,1
0,92,1,132,1,0,2,16,0,0,63,4,70,1
1,336,1,137,0,0,2,32,2,0,48,2,97,0
0,1021,0,316,1,1,3,47,0,1,93,1,120,0
1,865,0,215,0,0,0,18,1,1,60,2,104,1
1,1292,0,6,0,0,3,1,1,0,37,3,76,1
1,720,0,139,0,0,3,22,1,1,42,2,84,1
0,1126,0,0,1,0,0,19,0,0,72,4,70,1
0,1345,0,242,1,0,2,52,0,0,71,4,75,1
0,1243,0,294,1,1,2,55,0,1,92,0,105,0
1,870,0,127,0,0,2,10,4,0,57,4,86,0
1,981,0,32,0,0,1,17,3,1,37,3,78,1
1,69,0,66,0,0,1,7,4,0,28,1,121,0
1,983,1,182,1,0,1,26,2,0,62,0,116,0
1,568,0,43,1,1,0,48,1,1,65,4,70,1
0,619,0,316,0,0,4,52,0,1,87,4,89,1
0,1120,1,163,0,0,4,14,0,1,88,4,95,0
1,1361,1,441,0,0,1,14,1,0,82,3,96,0
1,192,0,260,1,0,0,34,2,0,41,1,107,0
1,0,0,79,0,1,0,29,7,0,13,4,75,1
0,1287,1,238,0,0,2,58,4,0,53,3,84,0
1,519,0,107,1,1,2,9,2,0,52,2,91,0
1,800,1,126,1,0,4,9,1,1,64,4,95,0
1,1663,1,300,1,0,5,51,2,1,83,1,124,0
1,365,0,0,0,0,0,12,1,1,19,2,105,0
0,1091,0,56,1,1,2,29,2,1,51,4,70,1
0,63,1,100,1,0,2,24,0,0,85,2,81,1
1,1008,0,177,1,0,3,26,0,1,80,2,96,1
1,360,0,160,1,0,1,0,3,0,31,1,108,0
0,181,1,137,1,0,2,38,0,0,68,4,70,1
0,1369,1,279,1,1,2,30,0,0,66,4,72,1
1,1054,0,256,1,0,3,12,1,1,80,2,96,1
1,269,0,13,1,0,1,17,6,0,17,4,74,1
1,300,0,195,0,0,1,10,2,0,19,3,90,0
0,919,0,419,1,0,3,42,0,1,79,1,108,0
0,1108,0,91,0,0,2,46,1,0,51,2,81,0
0,908,1,167,1,0,1,26,0,0,56,3,93,0
1,145,0,24,0,0,3,44,3,0,19,3,74,1
1,1182,0,181,1,1,5,20,0,0,72,2,100,0
0,768,0,138,0,1,3,44,3,1,35,4,94,0
1,670,0,201,1,0,2,32,2,0,70,3,102,1
1,1458,1,297,1,1,3,3,2,0,86,4,110,0
0,1472,1,240,1,1,2,35,0,0,82,0,124,1
0,435,1,172,1,0,0,12,3,1,38,2,107,0
0,1009,0,117,1,1,3,29,3,0,71,2,80,0
1,515,0,180,1,0,3,29,1,1,50,3,76,0
1,370,0,38,0,0,1,28,5,0,31,3,85,0
1,824,0,0,0,1,0,18,0,0,82,1,88,0
0,1098,0,309,1,0,3,6,0,1,80,0,130,0
1,135,0,169,1,0,0,57,4,1,21,3,86,0
1,266,1,309,0,0,2,38,3,0,78,1,123,0
0,726,0,200,1,0,2,6,3,0,76,3,90,0
0,824,0,170,1,0,1,34,0,1,66,3,85,0
0,967,0,178,1,1,0,22,1,0,58,3,98,0
1,493,0,90,0,0,4,10,3,0,60,2,119,1
0,865,0,36,1,0,2,9,2,0,41,1,93,0
1,305,1,62,1,1,1,5,3,0,29,1,117,1
0,1023,0,117,1,0,3,56,2,0,100,1,124,0
0,1235,0,71,1,1,3,19,0,0,83,1,105,0
1,596,0,199,0,0,2,17,0,0,62,0,110,0
1,282,0,76,0,0,3,4,0,0,58,3,101,0
1,631,0,4,1,0,1,22,1,1,67,3,70,0
1,1172,1,207,1,0,2,30,1,1,76,2,82,0
0,1039,1,271,1,1,2,33,1,1,86,3,70,0
1,362,0,0,1,0,1,8,2,1,42,3,97,0
1,353,1,244,0,1,3,32,2,0,71,2,80,0
1,675,0,264,1,0,1,74,2,1,66,2,79,0
1,416,0,124,0,0,4,17,3,1,60,4,89,0
0,1084,1,254,1,0,4,25,2,0,91,0,124,0
1,687,0,92,0,0,0,26,3,0,47,1,110,0
1,483,0,0,1,0,0,13,2,0,44,1,108,0
0,608,0,297,0,0,2,44,0,1,46,3,82,0
0,1081,1,42,1,0,0,33,2,0,64,3,93,0
0,192,0,92,0,0,1,42,3,0,51,2,81,0
1,313,0,114,0,0,1,38,4,0,30,4,70,0
0,981,1,255,0,0,1,39,0,0,55,1,114,1
0,1015,0,146,0,0,3,21,3,1,66,4,77,1
0,1261,1,239,1,1,1,31,1,0,92,4,89,0
0,900,0,0,1,0,2,12,5,0,36,2,120,0
1,132,0,76,0,0,2,29,2,1,58,1,105,0
0,157,1,128,1,0,2,36,0,0,67,2,70,1
1,0,0,92,0,0,1,0,2,0,22,2,79,0
1,595,0,182,0,0,4,14,2,1,46,4,81,1
0,411,0,100,0,0,3,18,2,0,59,2,101,1
0,832,0,258,1,0,2,24,2,1,55,0,115,0
1,5,0,26,0,1,0,6,4,1,22,1,91,0
1,249,0,119,1,0,2,0,4,0,45,3,77,0
1,649,0,125,1,0,0,7,5,1,44,4,96,0
1,653,0,137,1,1,0,20,1,0,69,3,86,0
1,982,1,144,1,0,2,52,4,1,44,4,77,0
1,234,0,139,0,0,2,8,4,0,38,1,127,0
0,982,0,237,0,0,3,45,3,0,62,0,130,0
0,584,0,0,1,0,2,31,5,1,50,3,90,0
1,366,0,106,0,0,3,0,3,1,46,1,105,0
0,592,0,376,0,1,2,40,3,0,63,3,73,1
1,157,0,191,1,1,1,0,4,1,44,3,101,0
0,199,1,132,1,0,2,58,0,0,90,3,77,1
0,1018,1,329,0,0,3,39,3,1,62,2,98,0
0,1267,0,149,0,0,2,23,1,0,60,3,81,1
0,670,1,109,0,0,3,9,1,0,61,4,80,1
1,1346,0,119,1,0,1,11,3,0,23,3,86,0
1,1046,0,229,0,0,2,26,0,0,63,3,114,0
0,97,0,291,0,0,1,25,1,1,72,0,121,0
0,687,0,69,1,0,1,14,1,0,41,4,79,1
0,774,0,150,0,0,0,12,3,1,42,0,107,0
0,955,1,371,0,0,0,63,2,0,86,4,92,0
0,989,0,93,1,0,1,7,1,0,59,4,102,0
1,1045,0,61,0,0,3,9,3,0,46,2,107,0
0,393,0,0,1,1,5,41,0,0,91,4,73,1
0,249,1,143,1,0,2,41,0,0,85,4,70,1
1,0,0,77,1,0,0,33,5,0,29,2,96,0
1,9,0,0,0,0,0,0,3,0,16,2,70,1
1,562,0,127,1,0,1,29,0,0,82,1,112,0
1,868,0,226,1,0,2,23,2,0,50,3,99,0
1,0,0,0,0,0,0,0,0,0,4,4,80,1
0,1211,1,105,1,0,3,34,1,0,82,1,108,0
0,1260,0,256,1,1,2,31,1,0,74,1,108,0
1,519,0,133,0,1,1,17,3,0,27,0,117,0
1,470,1,143,1,0,1,4,1,0,37,3,85,1
0,642,1,236,1,1,3,17,1,0,66,2,105,0
0,1098,0,365,1,1,4,29,2,1,99,1,106,1
0,1088,1,153,1,0,2,27,4,0,64,2,86,0
0,433,0,134,1,0,2,10,2,0,55,1,100,1
0,994,1,359,1,1,2,69,2,0,66,4,81,0
0,1435,0,80,1,0,2,25,1,0,57,2,109,0
0,367,0,50,0,0,2,13,2,1,42,4,74,1
1,447,0,0,1,1,1,2,1,0,55,1,101,0
1,427,0,239,0,0,3,33,3,0,74,3,74,1
0,1154,1,450,1,1,1,62,0,0,100,3,76,0
1,223,0,186,0,0,1,20,2,0,29,4,107,0
1,0,0,36,1,1,2,19,3,1,33,2,88,0
0,914,0,268,0,0,2,0,2,0,64,1,123,0
1,855,0,45,1,0,0,0,4,1,35,4,85,1
0,1331,0,259,1,1,3,43,1,0,87,4,87,0
1,0,0,169,0,0,0,19,2,0,56,2,108,0
1,0,0,88,0,0,2,29,2,1,42,2,95,0
0,194,1,205,1,0,2,36,0,0,75,3,80,1
0,1345,1,116,1,0,3,24,1,0,95,4,78,0
0,312,0,239,1,0,2,32,4,0,56,2,100,0
0,1368,0,321,0,0,2,27,2,0,81,4,76,1
0,543,1,131,1,1,0,24,1,0,57,1,125,0
0,991,0,175,1,0,0,42,0,0,60,4,82,0
1,576,0,117,1,1,2,4,1,0,58,4,87,0
0,710,0,183,1,0,1,21,2,0,82,3,90,0
1,309,0,82,0,0,0,37,2,0,36,3,89,0
0,192,1,124,1,0,2,36,0,0,80,3,70,1
1,616,0,182,0,1,1,9,0,0,62,0,93,0
0,756,0,113,1,0,1,1,1,1,46,3,97,0
1,773,0,159,0,0,3,0,5,0,33,1,104,0
0,1186,1,275,0,0,0,11,0,1,79,4,90,0
0,920,1,317,1,0,0,37,1,0,45,3,83,0
0,1071,0,208,0,1,3,26,3,0,53,3,76,1
0,1387,0,66,1,0,3,12,1,1,52,3,106,0
1,95,0,235,1,1,2,0,2,0,42,2,79,0
0,1267,1,250,1,1,2,33,4,1,84,2,102,0
0,1111,0,118,1,1,1,40,3,0,49,1,130,1
0,548,0,7,0,0,0,10,3,0,38,3,82,1
1,1446,0,190,1,0,5,4,0,0,83,4,75,0
0,600,0,178,1,0,2,15,1,0,78,3,83,0
0,540,1,285,0,1,1,18,0,0,64,4,98,0
1,559,0,314,1,1,0,29,2,0,68,3,93,0
1,774,0,208,1,1,3,10,0,0,72,4,75,1
0,729,1,187,1,1,2,16,3,0,63,2,99,1
1,704,1,124,0,0,3,12,0,0,39,2,114,0
0,145,1,167,1,0,2,17,0,0,77,3,70,1
0,268,1,136,0,1,2,14,2,1,35,3,101,0
0,804,0,199,1,0,4,68,1,0,68,4,86,0
0,0,0,73,0,0,0,0,5,0,6,2,104,0
0,1146,0,109,1,0,4,27,1,1,77,4,106,1
1,0,0,0,0,0,1,5,5,0,15,2,86,1
0,761,0,368,0,0,3,32,0,1,72,1,130,1
1,773,0,103,1,0,2,46,0,1,62,4,85,0
1,492,0,315,0,0,1,27,1,0,70,2,97,0
1,1150,0,26,0,1,2,34,0,1,59,3,91,0
1,182,0,0,1,0,2,0,0,0,26,3,76,0
0,880,0,420,1,0,3,40,1,0,92,4,80,0
1,1197,0,3,1,0,0,39,2,0,31,3,76,1
1,821,0,96,0,0,2,49,2,1,56,4,84,0
1,373,1,284,0,1,0,57,3,0,94,2,93,0
1,1061,0,134,0,0,1,9,3,1,41,0,126,0
0,671,0,97,0,0,0,1,3,1,28,1,101,0
0,1229,1,332,1,1,3,44,0,1,74,4,78,0
1,138,0,0,0,0,2,0,4,1,29,4,86,1
1,481,0,283,1,0,1,30,1,0,59,1,102,0
1,55,0,218,1,0,1,23,0,0,48,2,103,0
0,314,0,22,1,0,2,38,0,0,57,4,79,1
0,929,1,107,1,1,3,35,4,0,57,1,96,0
0,1231,1,386,1,0,4,18,0,0,82,1,109,0
0,790,0,56,0,0,1,21,4,0,20,3,84,1
1,352,0,177,0,0,0,27,2,0,37,4,86,1
0,967,0,205,1,0,3,24,0,0,100,1,107,0
1,0,0,31,0,0,1,20,0,0,63,1,112,0
1,80,0,96,0,0,1,6,1,0,45,3,92,0
1,534,0,248,0,0,3,25,1,1,60,0,130,0
0,1278,0,317,1,0,1,51,1,0,64,3,107,0
1,928,0,285,0,0,3,14,3,0,59,3,89,0
0,368,0,84,0,0,0,0,1,0,37,1,110,0
0,327,0,37,1,0,1,0,1,0,55,3,94,0
1,555,1,67,0,0,2,8,4,0,3,0,118,0
1,294,1,44,0,0,2,11,0,1,38,2,107,0
0,949,0,197,0,1,2,25,0,1,66,1,91,0
0,745,1,63,0,0,3,16,1,0,60,1,105,1
0,1565,1,231,0,0,3,30,0,0,85,0,129,0
1,137,0,42,0,0,0,5,4,1,3,1,94,0
0,1191,1,235,1,0,2,10,0,0,70,4,77,0
0,100,0,15,0,0,0,0,3,0,25,1,105,1
0,971,1,113,1,0,3,52,2,0,53,4,82,0
1,9,0,0,0,0,0,0,4,0,24,1,70,1
0,1193,1,327,1,0,3,19,0,0,100,3,93,0
0,942,0,267,0,0,2,27,2,1,60,2,114,0
0,1453,1,356,0,0,2,31,0,0,100,4,112,0
1,751,0,0,1,0,2,24,1,0,51,0,130,1
1,692,0,74,1,0,3,17,2,0,70,4,85,0
1,976,0,61,1,0,4,52,0,0,49,3,76,0
1,902,0,218,1,1,1,13,1,0,47,1,103,0
1,0,0,66,0,0,1,0,2,0,8,2,73,1
0,210,0,223,1,0,3,15,0,1,45,1,108,0
1,216,0,203,0,0,4,29,2,0,67,2,111,0
0,288,1,329,0,0,1,13,2,0,65,1,104,0
1,0,0,8,0,0,0,0,1,0,21,2,92,0
1,663,0,44,1,1,0,21,2,0,54,4,81,0
1,28,0,211,1,0,1,0,2,0,24,1,93,1
1,692,0,141,0,1,0,22,4,0,27,4,91,1
1,454,0,125,0,0,0,5,3,1,15,2,101,0
1,4,0,132,0,0,0,25,4,1,21,4,85,1
0,728,0,264,0,0,2,25,0,0,73,2,98,0
1,562,0,25,0,0,0,27,4,0,3,3,83,1
1,182,0,137,0,1,2,28,2,1,57,1,105,0
1,786,1,10,0,0,2,19,3,0,27,3,81,0
0,171,1,145,1,0,2,23,0,0,67,3,70,1
0,0,0,142,0,0,0,34,3,0,24,3,83,1
0,401,1,19,1,1,2,13,0,0,48,2,98,0
0,942,0,236,1,0,3,19,0,0,81,3,91,0
1,519,0,136,0,0,1,22,1,0,68,1,109,1
0,1130,1,121,0,1,4,17,1,0,76,2,96,0
0,589,0,0,1,1,4,14,3,0,85,1,120,0
0,1314,0,340,1,0,3,40,2,0,100,3,84,0
1,492,0,13,0,1,0,6,1,0,37,2,93,0
1,0,0,116,0,0,0,10,5,0,40,4,82,1
0,695,0,369,1,0,3,15,0,0,68,4,85,0
0,1027,0,0,1,0,4,26,2,0,45,2,85,0
0,1176,0,244,1,0,1,15,2,0,47,3,84,0
1,553,0,233,1,0,0,33,6,0,57,1,105,0
1,879,1,101,1,0,0,0,3,0,50,1,100,0
1,348,0,95,0,0,2,14,1,0,65,1,103,1
0,1394,0,215,1,0,2,43,0,0,72,2,84,0
1,455,0,3,0,1,1,13,3,0,40,4,87,1
0,496,0,236,0,0,2,28,4,0,100,1,105,0
0,1035,0,305,1,0,0,51,1,0,76,3,93,1
1,372,0,92,1,0,1,1,1,0,36,2,104,1
0,0,0,21,0,0,0,14,3,1,37,1,110,0
1,5,0,0,0,0,0,0,0,0,15,2,72,1
0,842,0,57,0,1,0,20,3,0,39,0,122,0
0,906,0,101,1,0,3,16,1,0,42,1,120,0
0,1061,0,182,1,0,2,26,1,0,75,0,120,0
1,518,0,119,1,0,1,40,1,0,60,3,107,0
1,470,0,0,1,0,2,12,2,0,47,4,110,0
0,1049,0,183,0,0,1,7,2,1,60,3,117,0
0,569,0,112,0,0,3,14,0,0,30,3,83,1
1,668,0,0,1,0,1,30,4,0,24,3,88,0
0,1438,1,232,1,0,2,39,0,0,85,3,98,0
1,89,0,274,0,0,0,33,4,0,32,2,80,0
1,153,0,73,1,0,2,2,5,0,38,0,130,0
1,1141,0,462,1,0,3,53,0,1,89,2,104,0
0,998,0,288,0,1,1,34,4,1,71,1,130,0
1,720,1,37,0,0,1,51,4,0,28,4,85,1
1,385,1,274,0,0,2,30,1,1,69,2,117,0
1,645,1,132,0,0,1,30,0,1,50,4,76,1
1,260,0,71,0,0,2,0,1,1,46,4,101,0
1,570,0,170,1,0,2,0,4,0,40,4,98,0
0,988,0,160,1,0,4,28,0,1,58,4,78,1
1,224,0,279,1,0,2,35,1,1,62,1,110,0
0,635,1,94,1,0,1,23,4,0,31,2,113,0
1,534,0,178,0,0,1,0,2,0,53,0,116,0
0,993,0,224,1,1,3,7,1,0,75,3,79,0
0,1287,1,296,0,0,2,28,0,1,77,3,86,0
0,1654,0,301,1,1,3,30,1,0,68,3,96,0
0,973,0,174,0,1,2,28,2,0,33,2,106,0
1,564,1,194,1,0,0,35,4,1,38,2,84,1
1,324,0,183,0,0,1,0,3,1,42,2,117,0
1,530,0,150,1,0,1,28,2,0,34,4,76,1
1,37,1,121,1,0,1,5,0,0,35,3,78,0
0,429,1,91,0,0,2,22,3,0,65,0,111,0
1,941,0,400,1,1,2,13,0,1,84,4,70,1
0,954,0,248,0,0,1,12,1,1,49,3,93,0
0,388,0,141,1,0,3,34,4,1,70,3,95,0
1,1104,1,94,1,1,1,20,0,1,60,3,98,0
1,1384,0,219,0,0,1,13,0,0,71,2,122,0
1,114,1,22,1,0,0,4,4,0,19,3,78,1
1,59,0,118,0,1,1,15,3,1,18,2,89,0
0,1151,0,191,0,0,2,11,1,0,44,3,105,0
0,830,0,0,0,0,2,15,0,1,59,1,106,0
0,812,0,236,0,1,2,9,2,0,81,3,91,0
0,0,0,146,0,0,2,0,3,0,31,2,112,0
0,660,0,146,0,0,2,29,1,0,50,0,109,0
1,471,1,53,0,0,3,22,0,0,73,0,130,0
1,0,0,0,0,0,1,15,2,1,44,2,96,1
0,1214,0,257,0,0,3,58,1,0,83,2,105,0
0,1521,0,17,1,0,1,34,3,1,57,3,79,1
0,1012,1,201,1,1,2,42,2,0,62,3,84,0
1,0,0,0,0,0,0,3,6,0,27,3,102,0
0,645,0,129,0,0,2,21,3,0,61,2,120,0
1,376,0,65,0,0,1,14,4,1,13,4,80,1
0,249,1,156,1,0,2,19,0,0,79,4,70,1
1,923,1,0,0,1,1,26,2,1,25,4,79,1
1,167,0,93,1,0,2,3,1,0,31,3,86,0
0,1425,0,183,0,0,2,41,0,1,67,4,98,0
0,689,1,200,1,0,2,46,0,0,64,1,91,0
1,46,0,41,1,1,1,15,5,0,9,2,107,0
0,0,0,243,0,1,0,40,3,0,23,3,81,1
1,725,0,60,0,1,1,9,3,0,10,3,94,0
0,1231,0,266,1,0,3,13,2,0,58,0,120,0
1,170,0,241,1,0,3,26,0,1,76,3,106,1
1,880,0,156,1,0,0,11,0,0,51,2,103,0
0,584,0,229,1,0,2,77,0,0,71,4,79,1
1,306,0,21,1,0,1,31,5,0,40,3,76,0
1,1278,0,146,0,0,4,39,0,1,94,4,85,0
1,973,0,184,1,1,1,65,1,0,33,3,79,0
0,1053,1,96,1,0,0,65,3,1,55,4,82,1
0,739,0,65,0,1,2,29,2,1,65,3,105,0
1,213,0,171,0,1,3,5,3,0,36,1,103,0
0,1239,0,315,0,0,2,48,1,0,84,3,92,0
0,986,0,14,1,0,0,0,2,0,43,4,72,1
1,635,0,30,1,0,2,26,2,1,60,3,95,0
0,1285,1,368,1,0,2,29,0,1,100,4,90,0
0,324,0,81,1,0,3,36,0,1,41,4,84,1
1,158,0,66,0,0,0,74,5,0,20,3,82,1
0,953,0,336,1,1,3,44,1,0,56,4,99,0
1,669,0,157,0,0,0,11,0,0,69,0,110,0
1,0,0,18,1,0,0,10,3,0,14,3,88,0
0,1197,0,0,0,0,6,2,1,0,81,0,116,0
1,288,0,97,0,0,3,26,2,0,33,3,115,1
0,1235,0,254,0,1,1,47,0,0,79,2,90,0
0,1076,1,399,1,0,2,22,1,1,80,3,95,1
1,0,0,19,0,0,2,0,3,0,36,1,105,0
0,1561,1,373,1,0,2,55,0,1,84,2,90,0
1,391,0,95,1,0,0,13,4,0,16,4,88,1
1,0,0,130,0,0,1,36,4,0,29,4,72,1
0,1289,1,337,1,0,3,0,0,0,73,2,110,0
1,1023,0,4,0,0,1,31,1,0,78,2,101,0
1,567,0,94,0,0,0,14,2,0,32,2,121,0
1,0,0,249,0,1,2,2,3,0,57,3,89,0
0,290,0,169,1,1,2,4,1,1,65,3,102,0
1,692,1,233,1,0,2,0,2,0,43,3,118,0
1,764,0,0,0,0,1,3,2,0,50,2,119,0
1,843,1,232,0,0,2,16,3,0,70,2,105,0
0,953,1,112,1,1,0,51,1,0,51,4,87,0
1,591,0,78,0,0,1,7,2,0,38,1,118,0
1,561,0,133,1,1,1,21,1,0,46,3,86,0
1,180,0,72,0,0,0,2,3,0,42,2,100,0
0,1042,0,348,0,1,3,33,0,1,82,0,117,0
1,472,0,17,1,0,1,3,0,0,64,2,86,0
1,365,1,160,1,0,2,15,3,0,51,3,92,1
0,840,0,224,1,0,3,12,3,1,55,4,70,1
0,823,0,200,1,1,3,27,1,1,62,4,97,0
0,1152,0,228,1,0,1,60,3,0,61,3,76,1
0,776,1,260,1,0,4,17,3,1,70,2,91,0
0,1107,0,0,1,1,1,18,0,0,73,1,102,0
0,935,0,232,0,1,0,23,3,1,33,3,96,0
1,543,0,198,0,0,1,36,1,0,68,2,84,0
0,1200,1,168,1,0,1,22,0,0,69,2,97,0
1,494,0,60,0,0,0,12,3,0,34,1,98,0
0,1101,0,286,1,0,1,51,1,0,74,2,108,0
1,0,0,264,0,0,2,9,0,1,61,4,83,1
0,430,0,3,1,0,1,23,3,1,54,2,128,0
1,370,0,114,0,0,2,16,3,1,37,4,92,1
0,682,1,237,0,0,0,25,2,1,69,1,92,0
0,900,0,118,0,0,3,22,2,1,57,4,100,0
0,691,0,82,0,0,3,6,3,0,46,4,95,0
0,860,1,216,0,0,2,20,1,0,53,1,110,0
0,1189,1,117,1,1,2,51,0,1,85,3,71,0
0,448,0,83,0,0,2,19,2,0,52,3,78,1
1,1073,0,256,0,0,3,50,4,1,70,3,76,1
1,198,1,209,0,0,2,0,4,0,69,4,95,0
0,436,1,342,0,0,0,4,4,1,76,4,79,1
1,18,0,0,0,0,0,0,3,0,13,2,70,1
1,258,1,31,1,1,0,14,1,1,58,2,114,0
0,1258,0,133,0,0,2,12,2,0,52,2,77,0
1,384,0,29,1,0,3,14,3,0,43,0,112,0
1,367,0,116,1,0,2,28,3,0,20,4,80,1
1,0,0,38,0,0,0,5,4,0,35,3,77,1
0,828,1,235,1,1,4,15,4,1,45,3,116,0
1,157,0,14,0,0,0,59,4,1,23,4,81,1
1,1214,0,230,1,1,3,38,0,0,54,2,83,0
0,0,0,33,0,0,3,35,3,0,27,4,76,1
0,955,0,182,1,0,4,12,2,0,71,1,130,0
1,68,0,45,0,0,2,9,3,0,25,4,91,1
1,13,0,1,1,0,0,0,3,0,9,3,97,0
0,621,0,124,0,1,2,84,1,0,35,2,80,0
0,829,0,107,1,1,2,0,2,0,54,2,115,0
1,0,0,60,0,0,0,59,4,1,34,4,72,1
0,431,0,24,1,0,1,0,0,1,57,2,107,0
1,161,0,0,0,0,0,14,2,1,10,3,104,0
0,220,1,115,1,0,2,29,0,0,54,4,70,1
1,1091,0,104,1,0,1,42,3,0,62,3,81,0
1,0,1,18,0,0,1,44,3,0,51,3,70,1
1,514,1,156,0,0,0,4,5,0,22,4,95,1
0,880,0,13,1,0,3,28,2,0,48,4,96,0
0,0,0,121,0,1,2,51,3,0,22,3,82,1
0,630,1,84,1,0,2,38,1,1,44,3,113,0
0,538,0,53,1,0,4,68,0,0,90,3,76,1
0,735,0,402,0,0,4,6,1,0,69,0,111,0
0,622,0,70,1,0,0,12,3,0,20,2,130,0
0,1105,1,243,1,0,2,34,2,0,71,3,100,0
0,422,0,63,0,0,1,21,2,1,50,3,92,1
1,74,0,0,0,1,0,28,3,0,22,4,75,1
0,867,0,47,1,0,0,43,1,1,66,3,85,0
0,646,0,365,0,0,3,52,2,0,55,3,85,0
1,151,0,232,1,0,2,67,0,0,62,3,84,0
0,760,1,197,1,0,1,57,0,0,59,3,75,0
1,516,0,62,1,0,0,22,2,0,28,3,78,0
1,1141,0,293,0,1,2,45,2,1,55,1,117,0
0,395,0,17,1,0,2,25,3,0,70,3,87,1
1,702,1,43,1,0,3,0,2,1,35,0,122,0
0,884,1,302,0,0,1,5,1,0,68,4,90,0
1,750,1,266,0,0,2,30,1,0,77,2,100,0
1,718,0,173,1,1,2,14,0,0,63,3,94,1
1,1062,0,159,0,0,4,52,0,0,79,4,80,1
1,0,0,0,0,0,0,5,5,0,16,1,113,0
1,1236,1,114,0,0,2,56,2,0,54,3,74,1
1,765,0,325,1,0,3,44,0,0,84,4,70,1
1,814,0,159,0,0,3,23,3,0,46,0,119,1
0,814,0,247,0,1,2,10,1,0,66,2,117,0
1,406,0,0,0,0,1,21,3,0,31,3,91,0
1,481,0,0,0,0,3,17,0,0,54,0,120,1
0,1244,1,242,0,0,4,29,0,0,100,1,113,0
0,979,0,237,1,0,3,26,0,1,64,0,122,0
1,770,0,61,0,0,1,0,2,0,22,4,91,1
1,1071,0,190,1,0,3,23,2,1,77,2,112,1
1,789,0,318,0,0,2,35,2,1,56,4,92,0
0,1202,0,142,1,1,1,18,2,0,79,4,83,0
1,945,0,0,0,0,1,57,0,1,27,4,75,1
1,532,1,86,1,0,2,13,4,0,56,0,113,0
0,968,0,126,1,0,2,16,3,1,40,2,101,0
1,211,0,0,0,0,0,3,1,0,41,4,89,1
0,865,1,107,0,1,2,34,0,0,61,3,95,0
0,1073,0,194,1,0,3,33,1,1,71,2,90,0
1,649,1,149,0,0,1,46,4,1,46,4,75,1
0,52,0,37,1,0,1,40,4,0,42,4,94,0
0,0,1,139,0,0,0,32,1,1,65,1,106,1
0,802,1,192,0,0,3,46,0,0,73,1,103,1
1,963,0,155,1,0,3,50,2,1,56,4,71,1
1,541,0,45,0,0,0,0,1,0,30,1,82,0
0,1010,0,162,1,0,4,59,3,0,97,4,80,0
0,1566,0,336,1,1,3,41,0,1,95,3,87,0
1,76,0,35,0,0,0,0,6,0,32,1,94,0
1,104,0,154,0,0,1,58,1,0,30,3,70,1
0,238,1,109,1,0,2,21,0,0,74,3,70,1
1,184,0,158,0,0,2,13,6,0,11,0,125,1
1,381,0,72,0,0,2,3,4,1,27,4,96,0
0,1051,1,234,1,0,3,34,3,1,62,4,85,0
0,912,0,0,1,0,2,3,2,0,62,1,121,0
1,546,0,53,0,0,2,33,4,0,12,2,106,1
0,734,0,215,1,1,2,32,2,1,77,2,78,1
0,682,0,197,0,0,1,3,2,0,65,0,114,0
0,94,1,179,1,0,2,14,0,0,81,3,70,1
1,0,0,204,0,0,2,58,3,0,68,4,70,0
1,878,1,174,1,1,3,0,4,0,78,0,130,0
0,881,1,208,1,0,4,29,1,0,70,3,93,0
0,490,1,189,0,0,4,27,2,0,61,2,80,0
1,339,1,0,0,1,0,10,2,0,45,2,105,0
0,1381,1,121,0,0,1,36,5,0,53,2,100,1
0,743,0,54,0,1,0,40,4,0,48,4,83,1
0,849,1,176,1,0,2,52,2,0,46,4,82,1
0,668,0,135,1,0,1,31,2,0,53,3,89,0
0,687,0,3,1,0,2,63,2,0,42,3,80,0
1,1236,0,128,1,0,2,33,3,0,37,3,78,0
1,581,0,73,0,0,1,7,1,1,56,0,103,0
1,995,0,245,1,0,1,28,1,0,75,4,78,1
0,1425,0,259,1,0,3,24,0,0,73,0,130,1
0,644,0,0,1,0,1,22,0,1,92,2,102,1
1,782,0,0,1,0,1,27,6,0,56,4,92,0
1,606,0,148,1,0,2,18,2,1,75,0,125,0
1,594,0,57,1,0,0,15,4,1,33,4,85,1
1,1131,1,169,0,0,2,11,4,0,32,0,118,0
1,858,0,243,0,0,1,28,1,0,49,3,86,0
0,1107,1,298,1,0,3,61,3,1,75,4,87,0
0,772,1,129,0,1,2,58,3,1,51,4,85,1
1,732,0,0,1,0,1,6,1,0,41,3,93,0
0,1147,0,4,1,0,3,33,2,0,37,3,93,1
0,1009,1,331,0,1,0,2,1,0,48,2,92,0
1,806,0,48,1,0,2,20,1,1,66,2,87,0
1,0,0,33,0,0,0,29,3,0,20,0,121,0
1,230,0,180,0,1,0,13,3,1,33,3,97,0
1,86,0,127,0,0,1,47,4,0,48,4,78,1
1,374,0,34,0,0,2,7,1,0,3,4,78,1
1,925,0,153,1,1,2,17,2,0,56,4,88,0
0,1078,0,339,1,1,3,27,2,0,82,3,86,1
1,934,0,277,1,1,2,28,0,1,40,0,110,1
0,894,0,209,1,0,3,37,1,1,63,2,106,0
0,967,1,97,0,0,2,20,0,0,58,1,91,0
0,531,0,84,0,0,0,11,4,0,60,1,122,0
1,346,0,112,0,0,1,54,3,1,43,4,74,1
1,375,0,94,0,0,1,3,3,0,25,2,77,0
1,670,0,60,1,0,1,0,2,0,35,4,84,1
0,338,1,129,0,0,2,16,1,0,31,4,104,1
1,651,0,33,1,0,3,23,1,1,46,4,78,0
0,579,0,32,0,0,3,7,3,0,52,3,100,0
1,0,0,101,0,0,2,0,3,0,33,3,86,0
1,230,1,80,0,0,1,26,5,0,35,3,82,1
0,762,0,12,1,0,4,23,1,0,85,2,119,0
0,787,0,82,1,0,2,17,1,1,44,3,130,0
1,113,0,154,0,0,2,0,2,1,57,0,116,0
0,1101,0,0,1,0,3,20,3,0,75,2,99,0
0,1101,0,162,1,0,2,13,2,0,45,1,105,0
1,312,0,76,0,1,0,14,4,0,46,1,113,0
0,584,0,346,1,0,1,81,0,0,77,4,80,0
1,0,0,173,0,0,0,5,2,0,11,1,99,0
0,578,0,304,1,0,1,23,2,0,39,0,108,0
0,899,1,145,1,0,1,5,2,1,41,0,106,0
1,766,0,260,0,1,4,36,0,1,60,3,108,1
1,180,0,10,1,0,0,5,2,0,22,3,90,0
1,1249,0,164,1,1,4,22,5,1,57,2,93,0
0,508,0,0,1,0,3,67,4,0,49,4,80,1
1,36,0,46,1,0,1,2,5,0,16,1,117,0
1,714,1,37,0,0,3,0,2,0,55,4,79,1
0,715,1,192,0,0,1,46,2,0,34,3,81,1
1,1111,1,118,1,0,3,33,1,0,60,4,87,0
1,323,0,181,0,0,1,22,2,0,48,2,90,0
1,1022,0,17,1,0,0,12,3,0,36,1,118,0
1,56,0,82,0,0,1,24,1,1,55,3,89,0
1,1038,0,119,1,0,0,9,1,0,46,1,92,0
0,1117,0,218,1,0,1,76,3,0,73,3,80,0
1,247,0,237,1,0,3,4,0,0,95,1,119,0
1,703,1,83,1,0,0,8,3,0,39,2,93,0
1,716,0,79,1,1,1,5,3,1,44,1,98,1
1,135,0,98,1,1,3,1,2,0,51,0,92,1
0,252,0,177,0,0,0,0,2,0,45,2,88,0
1,59,1,37,0,0,2,38,5,0,28,3,112,0
0,1059,0,171,0,0,1,10,0,0,77,3,86,0
1,467,0,135,0,1,1,46,0,0,62,3,87,0
0,845,0,0,0,0,0,17,0,1,66,4,86,1
0,982,0,268,1,0,0,61,0,0,74,4,89,0
0,987,0,96,0,0,2,25,0,0,51,1,101,0
1,586,0,173,0,0,2,18,5,0,56,2,97,0
0,741,1,142,1,1,4,26,3,0,50,0,128,0
0,1206,1,86,1,1,2,41,1,0,93,1,117,1
0,613,1,104,1,1,3,35,2,0,49,1,110,0
1,720,0,226,0,1,3,19,2,0,53,3,80,0
0,851,0,151,1,1,2,18,2,1,88,1,111,0
0,1258,0,239,1,0,3,35,1,1,78,4,70,1
1,0,0,93,1,1,2,16,3,0,58,0,128,0
1,179,0,119,0,0,2,20,3,1,38,2,99,0
1,1216,0,329,0,0,3,30,3,1,91,3,104,0
1,802,0,0,1,0,3,32,1,1,84,3,123,0
1,0,0,42,0,0,0,11,4,0,12,2,117,0
0,789,0,95,0,0,1,19,3,0,52,3,92,0
0,1111,0,211,0,1,3,45,0,1,93,3,102,0
1,238,0,73,0,0,1,65,4,1,25,4,74,1
1,336,1,290,1,0,3,43,1,1,70,4,70,1
0,225,0,49,0,0,1,3,6,0,27,4,105,0
0,1010,0,134,1,0,1,10,2,0,65,1,117,0
1,618,0,0,1,0,1,28,2,1,74,3,89,0
0,380,0,111,0,0,3,9,1,1,61,2,104,0
1,378,0,194,1,0,1,17,4,0,44,3,110,0
1,363,0,156,0,0,2,3,6,0,52,1,88,0
1,0,0,0,0,0,0,0,3,0,22,1,72,1
0,708,0,9,1,0,4,18,2,0,75,1,106,0
1,0,0,0,0,0,0,0,7,0,8,1,105,0
1,1,0,0,0,0,0,0,1,0,8,2,82,1
0,168,1,117,1,0,2,23,0,0,57,3,70,1
0,495,1,170,1,0,2,56,3,0,89,3,73,0
1,204,0,2,0,0,0,29,0,1,10,4,83,1
1,0,0,148,0,0,2,18,2,1,51,3,88,0
1,290,0,24,1,0,2,8,2,0,56,3,81,0
1,413,0,168,1,0,2,43,5,0,32,4,77,1
0,1127,0,431,1,1,2,34,0,0,73,4,82,0
1,338,0,233,0,0,1,6,1,0,58,2,89,0
0,773,0,45,1,0,3,47,0,1,93,0,115,0
0,1162,0,32,1,0,0,20,3,0,20,0,109,0
0,804,1,70,1,0,2,15,0,1,64,2,74,1
0,1090,0,135,1,0,3,23,3,0,79,1,104,1
0,822,0,170,1,0,1,23,2,0,53,2,94,0
1,328,0,108,0,0,0,14,2,0,33,1,125,1
0,594,0,0,1,0,3,3,4,1,43,2,100,0
1,170,0,282,0,0,1,11,2,0,61,2,107,1
0,768,1,49,0,0,1,19,3,0,50,3,75,1
1,358,1,218,0,0,0,20,0,0,48,3,88,0
0,502,0,121,0,0,1,20,2,1,54,1,100,0
1,456,0,0,1,0,0,10,4,1,21,2,71,0
1,1207,0,0,0,0,1,39,0,0,52,3,115,0
1,872,1,193,0,0,2,34,1,0,75,4,73,1
0,495,1,145,1,0,1,0,1,1,41,1,107,0
0,206,1,141,1,0,2,33,0,0,75,3,70,1
1,387,1,215,0,0,1,61,5,0,56,4,91,1
1,359,0,83,0,0,1,23,3,0,68,2,125,0
1,1335,1,289,1,0,3,43,0,1,83,2,115,0
1,0,0,184,1,1,0,0,7,0,9,2,121,0
1,702,1,201,1,1,3,34,2,1,46,4,98,0
1,0,0,59,1,0,1,79,1,0,53,2,85,0
0,976,1,212,1,0,5,40,3,1,68,2,107,1
1,0,0,106,0,0,0,22,5,0,0,2,97,1
0,33,0,94,0,0,1,40,3,0,23,4,77,1
0,1248,0,387,1,0,2,37,4,1,85,3,103,0
0,120,0,66,1,1,1,18,4,0,35,4,80,1
1,0,1,0,0,0,3,14,0,0,45,4,82,1
0,929,1,203,1,0,3,15,0,0,70,2,108,1
1,0,0,8,1,0,1,4,3,0,27,1,105,0
0,1187,0,151,0,1,4,1,1,0,80,2,93,0
0,883,1,27,1,1,1,2,3,0,54,1,116,0
1,0,0,131,0,1,2,3,3,0,20,2,106,0
0,947,0,54,1,0,2,40,3,0,56,2,108,0
1,750,1,54,1,0,3,5,2,0,55,2,110,0
0,1031,0,299,1,0,4,42,0,1,95,4,73,1
0,140,1,109,1,0,2,24,0,0,74,3,78,1
0,877,0,113,0,0,1,24,2,1,67,0,108,0
0,1382,1,428,1,0,3,46,0,0,75,4,84,0
0,0,1,232,1,1,1,40,3,0,32,4,78,1
0,1213,0,0,0,0,3,9,0,1,83,1,103,0
0,976,0,130,0,0,2,14,0,0,57,2,84,0
0,608,0,100,1,1,2,6,4,1,42,1,84,0
1,359,1,325,1,1,3,61,1,0,68,3,91,0
0,460,0,142,0,0,2,25,2,0,45,3,79,1
1,666,1,187,1,0,3,40,1,0,72,2,105,0
0,306,0,232,0,0,1,52,1,0,36,4,78,1
0,713,1,123,1,0,2,32,2,0,46,3,123,0
1,760,0,212,0,1,2,53,4,0,42,4,79,1
1,99,1,211,0,1,0,29,1,1,76,3,108,0
1,97,0,129,1,0,0,34,1,0,30,4,75,1
0,663,0,102,1,0,3,31,3,1,63,0,126,0
1,289,0,73,1,0,0,20,3,1,34,3,98,0
1,395,0,64,0,0,2,7,2,0,14,3,93,0
1,607,1,290,0,1,2,60,2,0,68,1,91,0
0,1461,1,230,1,0,2,7,0,0,64,0,121,1
1,628,0,313,0,0,3,37,3,0,78,2,101,0
1,206,0,120,0,1,2,45,2,0,45,2,83,0
1,0,0,106,0,1,1,19,2,0,64,4,96,0
0,784,1,264,1,1,2,1,2,0,74,1,90,0
0,1047,1,255,1,0,1,16,0,0,52,4,112,0
1,332,0,233,1,0,4,40,2,1,82,2,111,0
0,216,1,127,1,0,2,12,0,0,75,3,70,1
1,13,0,119,0,0,1,18,3,0,38,4,75,1
0,1013,0,264,1,0,2,2,4,0,47,2,71,0
0,153,1,164,1,0,2,22,0,0,58,3,72,1
1,163,1,47,0,0,0,22,3,0,42,2,87,0
0,1246,1,298,1,0,4,37,0,0,91,0,124,0
1,643,0,54,1,0,0,45,1,0,48,3,99,0
1,0,0,117,0,1,1,29,2,1,52,4,70,1
1,445,0,142,0,0,0,49,4,0,26,4,78,1
1,136,0,134,1,0,3,22,1,1,24,0,102,0
0,716,0,72,0,0,2,10,2,1,54,1,116,0
0,966,1,123,0,0,2,23,3,0,54,1,105,0
1,0,0,0,0,0,2,30,4,1,17,2,96,0
1,13,0,0,0,0,0,0,2,0,19,3,79,1
1,1427,0,0,1,0,1,13,0,0,67,2,87,0
1,415,0,0,1,0,2,44,2,0,47,4,91,0
0,1097,0,265,1,1,1,23,2,1,65,0,88,0
1,561,0,228,1,0,1,0,1,1,42,3,93,0
0,367,0,53,0,1,3,22,0,0,42,3,102,0
0,621,0,217,1,0,0,22,2,1,49,2,102,0
1,230,0,144,0,0,1,7,5,0,18,3,88,0
1,202,1,139,1,0,0,6,3,0,41,0,117,0
1,100,0,181,0,0,1,22,2,0,51,1,111,1
1,500,0,0,1,0,2,0,4,0,49,1,94,1
1,296,0,67,1,0,2,24,2,0,62,3,93,0
1,286,1,83,0,0,2,16,5,0,36,1,99,0
1,15,0,0,0,0,0,0,0,0,20,1,71,1
0,920,1,200,1,0,2,35,2,1,69,2,102,0
1,0,1,65,0,1,1,12,3,0,49,3,97,0
0,1349,1,176,1,0,4,9,0,0,92,4,99,0
0,902,0,39,1,0,2,0,4,0,28,1,70,0
0,339,0,54,1,0,2,25,1,0,38,3,94,0
0,1327,1,250,1,0,4,46,2,0,86,3,86,0
0,658,0,35,1,0,2,24,1,0,36,1,112,0
0,257,1,99,1,0,2,33,0,0,75,3,70,1
0,776,0,91,0,0,1,26,4,1,40,3,78,1
1,590,0,0,0,0,1,0,4,0,27,0,114,0
0,1382,1,234,0,0,2,45,0,1,87,3,77,0
0,552,1,169,1,0,2,0,1,0,43,2,121,0
1,294,1,89,0,0,1,2,2,0,21,2,82,1
1,231,0,13,1,0,2,0,2,0,25,4,80,1
0,1049,0,356,1,0,3,31,0,1,89,3,92,0
1,732,0,54,1,1,1,22,2,0,76,2,115,0
0,330,0,10,0,1,2,20,3,0,60,1,95,1
0,1285,0,292,0,0,3,26,0,0,66,3,77,1
0,864,1,365,1,1,2,20,1,1,74,2,92,0
1,0,0,0,0,0,1,10,2,0,12,3,95,0
1,188,1,77,1,0,1,7,4,0,41,2,96,0
1,1,0,0,0,0,0,0,1,0,26,1,79,1
0,870,0,130,1,1,1,28,1,0,59,2,108,0
0,496,0,116,0,1,1,30,2,0,48,3,74,1
1,1304,0,143,0,0,1,56,5,1,19,4,73,1
1,46,0,0,1,1,1,19,2,0,48,4,76,1
1,0,1,279,1,0,3,11,1,0,33,2,115,0
1,1,0,0,0,0,0,0,3,0,9,1,70,1
1,875,0,349,1,0,1,40,1,0,62,2,117,0
1,673,1,136,1,0,1,15,4,0,39,4,86,1
1,960,0,105,1,0,1,24,5,0,50,0,100,0
1,265,0,160,0,1,2,24,2,1,48,3,104,1
0,940,0,121,0,0,3,30,1,1,79,1,130,0
1,0,0,87,0,0,0,18,4,0,19,3,98,1
1,374,0,136,1,0,0,20,5,0,17,2,99,0
1,0,0,116,0,0,0,8,4,0,55,3,80,1
0,917,1,262,1,0,1,5,1,1,93,1,108,1
0,1249,0,204,1,0,3,22,2,0,56,4,90,0
1,1072,0,75,0,0,4,0,2,0,21,0,119,0
0,751,0,152,1,0,0,26,3,0,38,2,104,1
1,628,0,297,0,1,1,28,3,1,68,2,116,0
1,953,1,146,1,0,4,29,1,0,66,3,86,0
1,879,0,181,1,1,2,14,2,0,70,4,89,0
1,477,0,183,1,0,0,24,1,0,33,2,119,1
1,362,0,166,0,0,4,10,1,0,50,1,72,0
0,1158,0,272,1,1,3,55,1,0,50,4,75,1
1,500,0,75,0,0,2,28,1,1,53,1,104,1
1,369,1,296,0,1,0,11,0,0,63,0,126,1
1,268,0,30,0,0,3,16,5,0,11,3,92,0
0,961,1,240,1,0,3,27,1,0,74,3,90,0
0,1123,0,437,0,0,2,24,1,1,68,1,100,0
1,0,0,0,1,0,0,16,4,1,17,2,94,0
1,409,0,181,0,0,0,31,2,0,55,2,99,0
1,0,0,9,1,1,0,50,4,0,23,3,84,0
1,736,0,56,1,0,0,31,5,0,18,2,109,0
0,601,0,38,0,1,2,27,2,1,48,4,93,0
0,1081,1,279,1,0,1,25,0,1,97,2,114,0
0,798,0,24,1,0,0,11,3,0,45,3,115,0
1,358,1,107,1,0,2,23,4,0,36,1,106,0
1,654,0,45,0,0,2,35,2,0,55,4,76,1
1,599,0,0,0,0,0,0,2,0,28,4,106,0
1,986,0,161,0,1,1,35,2,0,59,4,100,0
0,151,1,182,1,0,2,10,0,0,64,3,75,1
1,0,0,32,1,0,0,4,2,0,44,4,84,1
1,143,0,139,0,0,1,19,0,0,56,1,99,0
1,0,0,0,0,1,1,16,2,0,16,2,106,0
1,9,0,120,1,1,1,0,3,0,39,2,90,0
0,1228,0,233,1,0,1,29,2,0,80,0,130,0
1,0,0,56,0,0,1,0,3,0,35,1,99,0
0,1154,0,38,0,1,1,0,5,0,54,2,87,1
1,137,0,316,0,1,2,25,3,0,61,2,99,0
0,966,1,221,1,1,0,30,1,0,56,1,114,0
1,696,0,0,1,0,1,47,0,0,46,2,76,0
0,634,0,198,1,0,3,0,4,0,36,2,98,0
0,0,0,174,0,1,2,28,1,1,32,2,78,1
0,307,0,179,0,1,3,19,1,0,45,0,109,0
1,1374,1,394,1,1,2,37,3,0,37,3,87,0
0,1083,1,231,1,1,2,32,2,0,62,3,98,0
1,507,0,0,0,0,1,8,1,0,38,3,89,0
1,271,0,90,0,0,1,26,2,1,62,1,110,0
0,685,1,309,1,1,2,32,3,0,69,1,106,0
0,132,0,114,0,0,2,15,1,0,71,2,94,0
1,699,0,173,0,0,2,0,1,0,55,4,79,0
0,293,1,142,1,0,2,40,0,0,73,4,70,1
0,367,0,0,0,0,1,0,5,1,37,3,77,1
0,826,0,206,1,1,2,22,4,0,32,1,117,0
1,281,0,35,0,0,0,46,2,0,38,3,77,1
0,858,1,217,1,1,2,25,4,0,72,2,105,1
1,356,0,171,1,0,1,7,4,1,33,3,81,0
0,1136,0,156,1,0,3,16,1,0,42,2,115,1
0,923,0,107,1,1,2,29,2,0,63,2,89,0
1,886,0,77,0,0,0,12,2,0,27,2,76,0
1,696,0,34,0,0,0,37,3,0,31,1,116,0
0,898,0,264,0,0,2,20,2,0,59,1,105,0
0,1365,1,257,1,1,1,1,1,0,67,2,102,0
0,1189,0,310,1,0,3,31,1,0,84,2,107,0
0,1203,0,271,1,0,3,9,0,0,85,0,130,0
0,985,0,0,0,0,0,10,2,0,40,3,93,0
0,94,0,67,0,0,0,30,1,1,53,2,112,0
1,800,0,90,0,1,0,0,2,0,24,4,80,1
0,863,0,242,1,0,4,24,2,0,64,3,90,0
0,1261,1,400,1,0,4,45,2,1,92,2,98,0
1,273,0,0,1,1,0,4,1,0,29,1,115,0
1,1070,0,144,1,0,2,28,1,0,40,3,117,1
0,360,0,124,0,0,3,12,0,0,69,2,114,0
1,467,1,432,0,0,2,42,0,0,77,2,85,0
1,497,0,86,0,1,1,0,2,1,31,2,93,0
0,611,0,163,1,0,4,0,1,1,47,1,101,0
0,0,0,12,0,0,2,0,4,0,30,3,104,0
0,206,1,106,1,0,2,29,0,0,60,4,70,1
1,34,0,0,0,0,1,19,0,0,37,2,103,0
0,1106,1,270,0,0,3,36,0,0,74,2,100,0
0,998,0,219,1,0,2,36,3,0,67,1,91,0
1,786,1,236,0,1,3,36,0,0,75,2,96,0
1,541,0,157,1,0,2,25,2,0,56,3,103,0
0,659,0,0,1,1,0,20,2,0,35,2,99,0
0,923,1,179,1,1,5,32,0,0,91,3,80,0
0,830,0,248,1,0,2,30,0,0,77,3,86,0
1,296,0,243,0,0,1,35,4,0,42,4,94,0
0,163,1,161,1,0,2,42,0,0,59,3,70,1
1,758,0,132,0,1,0,18,4,0,25,3,78,1
0,677,0,298,0,0,3,40,0,1,72,4,70,1
0,836,0,195,1,0,2,17,2,0,56,2,104,0
1,1481,1,212,1,0,1,33,2,0,79,3,92,0
1,761,0,174,0,0,0,0,4,0,16,1,109,0
0,954,0,57,0,0,0,2,4,0,28,2,126,0
0,1384,0,251,0,1,2,39,1,0,66,2,90,0
1,0,0,0,0,0,0,1,3,0,9,3,89,0
0,1144,0,41,1,0,1,31,1,0,58,1,102,0
1,389,0,28,0,1,0,9,2,1,61,4,98,0
1,637,0,151,1,0,0,21,0,0,46,2,98,0
1,52,0,140,0,0,1,7,4,0,31,2,95,0
0,758,1,241,1,1,1,10,1,0,59,1,98,0
1,282,1,111,1,1,3,4,4,0,43,1,102,0
1,0,0,116,1,0,1,12,1,0,31,2,104,0
0,1608,1,288,1,0,3,47,3,0,89,2,109,0
1,22,0,0,0,0,0,0,2,0,20,1,77,1
0,1120,1,171,0,0,2,30,2,1,92,2,109,0
0,360,1,97,1,0,2,17,2,0,59,3,104,0
1,876,0,81,1,0,2,17,6,0,35,3,85,0
1,0,0,0,0,0,0,0,4,0,17,1,103,0
1,255,0,20,1,0,1,0,4,1,24,3,90,0
1,737,0,159,1,0,2,28,1,0,70,3,78,0
0,490,1,49,1,0,4,13,2,0,94,1,104,0
0,1232,1,375,0,1,3,46,0,0,70,0,109,0
0,0,0,40,0,0,1,0,4,0,22,2,80,0
0,451,0,0,0,0,1,18,4,0,32,2,70,1
1,0,0,0,0,0,0,0,5,0,12,3,79,0
1,1340,0,162,1,0,2,26,1,0,79,0,130,0
1,538,0,0,0,0,0,2,4,1,15,2,100,0
0,213,1,238,1,0,2,10,0,0,64,2,70,1
1,190,1,280,0,1,1,35,2,0,68,3,94,0
1,760,1,69,1,1,4,11,1,0,85,1,111,1
1,954,0,176,0,0,2,20,4,1,36,4,99,0
0,318,1,318,1,1,1,22,0,1,41,0,121,0
1,450,0,86,1,0,2,4,4,0,41,2,85,0
0,684,0,119,1,1,3,21,4,0,56,1,109,0
1,417,0,86,0,0,0,0,3,0,10,3,113,0
0,553,0,150,1,0,2,11,1,0,37,0,116,0
1,11,0,0,0,0,0,0,3,0,7,2,76,1
0,926,1,357,1,1,3,28,0,0,81,3,77,1
0,1023,1,281,1,1,2,26,0,1,92,3,99,0
1,711,0,164,0,0,0,0,3,0,17,2,92,1
1,595,0,4,1,0,0,21,3,0,12,1,83,0
0,232,0,32,0,0,0,0,5,0,37,3,108,0
0,713,0,306,1,0,2,7,3,0,45,2,96,0
0,807,1,281,1,0,3,21,0,1,73,3,106,0
0,1112,0,343,1,1,1,47,1,0,77,4,88,0
1,491,0,82,0,1,1,12,5,1,46,4,84,1
0,119,0,49,0,1,1,24,3,0,48,1,100,0
1,416,0,88,1,1,0,21,0,0,53,2,99,1
0,884,0,25,0,0,2,39,1,0,55,2,96,0
0,319,0,156,1,1,3,24,0,0,49,0,109,1
1,669,0,0,0,0,0,8,3,0,23,3,85,0
1,1198,0,75,1,1,0,59,2,1,81,3,83,0
1,596,0,94,1,0,1,16,2,0,56,0,113,0
0,138,1,151,1,0,2,24,0,0,69,4,75,1
1,1422,0,216,0,1,2,8,3,1,59,1,114,0
1,742,1,118,0,0,1,0,3,0,58,2,115,0
0,130,1,130,1,0,2,31,0,0,57,4,73,1
0,843,0,9,1,0,2,23,2,0,80,3,81,0
1,688,0,133,0,0,1,24,0,1,29,3,106,0
0,1290,0,138,1,0,1,22,1,0,38,1,123,1
0,441,0,84,1,1,2,14,1,0,73,4,97,0
1,58,0,57,0,1,0,3,4,0,25,0,112,0
1,61,0,132,0,0,1,41,4,0,49,4,82,0
1,329,0,165,0,1,3,12,0,0,33,2,95,1
0,1335,0,0,1,1,4,18,2,0,78,1,112,0
1,0,0,109,0,0,1,25,2,0,32,1,82,0
1,753,0,82,1,1,1,17,0,0,64,0,124,0
1,11,0,0,0,0,0,0,5,0,19,2,73,1
1,202,0,91,0,0,0,59,1,0,35,2,86,1
0,1380,1,247,1,0,2,10,1,0,87,4,116,0
1,441,0,90,0,0,0,0,4,1,18,3,73,1
1,1145,0,256,1,0,2,24,0,1,76,3,101,0
0,615,1,200,1,0,3,23,1,0,71,0,119,0
1,67,0,41,0,0,0,35,2,1,16,3,76,0
1,748,0,182,1,0,2,27,4,0,30,4,88,0
1,381,0,85,0,0,2,30,0,0,38,2,99,0
1,867,0,113,1,0,2,12,1,0,67,2,104,0
1,180,0,65,0,0,1,14,4,0,20,1,123,0
1,1144,1,55,1,0,2,48,4,0,70,4,84,0
0,1153,0,146,1,0,3,33,1,1,100,2,114,0
0,373,0,64,1,0,1,30,0,1,29,1,82,0
0,1094,1,270,0,0,2,43,4,0,77,2,99,0
0,786,0,0,0,0,0,16,4,0,55,3,94,0
1,147,0,51,0,0,2,8,2,0,32,3,70,0
1,597,0,151,0,0,2,16,1,0,38,4,84,1
1,182,0,46,0,0,2,25,2,0,45,1,117,1
0,1606,0,178,1,0,1,29,2,0,66,4,88,0
0,1035,1,159,1,1,2,40,3,1,57,3,82,0
1,1182,1,206,1,0,4,46,2,0,67,1,110,0
1,1476,1,312,1,0,3,40,0,1,90,0,101,1
1,0,0,237,0,0,3,32,6,0,30,4,80,1
0,392,0,196,0,0,2,4,2,1,26,4,72,1
1,556,0,0,1,0,2,22,2,0,45,3,83,0
0,901,1,271,1,0,3,6,1,0,72,3,93,0
1,731,0,81,1,0,2,24,0,1,68,4,117,0
1,113,0,138,1,0,3,22,0,0,56,2,116,0
1,1208,0,187,1,0,0,38,2,0,51,3,122,0
0,398,0,159,1,0,0,18,1,0,33,1,116,0
1,764,0,148,0,0,0,22,2,0,39,2,83,1
1,411,0,88,1,0,0,12,1,0,59,3,101,1
1,159,0,121,0,0,3,29,3,1,30,2,109,0
1,1212,0,232,1,0,2,18,0,0,65,2,96,0
0,1014,0,19,1,0,4,32,1,0,91,3,105,0
1,890,0,157,1,0,1,51,4,0,38,3,81,0
0,1027,1,180,1,0,3,26,1,0,90,1,101,0
1,483,0,50,1,1,1,0,3,1,39,4,92,1
0,0,0,135,0,0,0,15,4,0,18,3,97,0
0,919,0,82,0,0,1,50,3,0,31,4,80,1
1,670,0,139,0,1,0,48,4,0,12,4,70,1
1,201,0,0,0,0,1,12,4,0,24,3,70,1
0,1332,0,209,0,0,2,46,0,0,87,4,77,1
1,222,1,200,1,0,2,72,5,0,14,4,70,1
1,627,0,303,0,0,2,59,2,1,77,4,85,1
1,0,0,343,1,0,4,45,1,0,68,4,77,1
1,896,1,33,0,0,1,4,3,0,39,1,111,0
0,482,0,54,0,0,2,28,4,0,70,4,90,0
1,1186,0,108,0,0,0,12,4,0,39,3,104,0
1,448,0,45,0,0,2,37,2,1,52,1,107,0
1,0,0,251,0,0,1,20,4,0,36,2,96,0
1,260,0,190,0,0,2,55,3,1,81,4,85,1
1,96,0,172,0,0,0,0,3,0,3,2,110,0
1,904,0,200,0,0,2,13,2,1,31,1,104,0
1,1001,1,38,1,0,2,17,2,0,59,1,121,0
1,1380,0,393,0,0,1,28,2,0,85,3,103,0
1,610,1,345,1,0,4,35,0,0,69,1,127,0
1,525,0,198,0,0,1,29,4,1,30,4,82,1
0,1214,1,331,1,0,3,38,4,0,76,4,84,0
1,416,0,50,1,1,2,11,3,0,43,3,81,0
1,493,0,176,1,0,0,0,2,0,9,4,89,0
1,500,1,19,1,0,2,14,6,1,33,4,83,1
0,1024,0,140,1,1,1,43,3,0,59,3,73,0
1,1079,1,156,1,0,2,40,6,0,19,4,89,1
1,0,0,109,0,0,1,0,2,0,37,3,98,0
1,556,1,0,0,1,2,37,2,1,63,2,118,0
0,232,1,179,1,0,2,17,0,0,82,3,70,1
1,867,0,89,0,0,0,2,5,0,32,4,84,1
0,687,0,238,1,0,0,8,3,0,48,1,123,0
0,498,0,102,0,0,0,14,4,0,30,3,95,0
1,698,0,218,0,1,1,22,3,1,52,3,91,0
0,737,0,172,1,0,3,22,2,0,75,1,98,0
1,10,0,162,0,0,0,17,1,1,75,4,87,0
0,1113,1,320,1,0,3,12,2,0,72,1,107,0
1,1081,0,238,1,0,2,31,0,0,68,1,104,1
0,583,1,350,0,1,3,44,3,0,64,2,95,0
0,1088,1,0,1,1,4,54,0,0,82,1,88,1
0,1034,0,5,0,0,2,46,3,0,57,3,86,0
1,518,0,183,0,0,0,12,4,1,38,4,76,1
0,695,0,239,1,1,2,33,0,1,67,1,118,0
0,723,0,138,1,0,5,17,1,0,41,3,93,0
0,954,1,223,1,1,3,28,0,0,75,1,120,0
1,124,0,71,1,0,1,4,1,0,33,3,113,0
1,87,0,43,1,0,4,8,3,0,32,3,92,0
0,1058,1,327,1,0,3,42,2,0,87,3,102,0
0,214,1,150,1,0,2,21,0,0,78,4,70,1
0,514,0,131,1,0,1,25,2,1,42,2,91,0
0,957,1,0,0,0,0,9,0,0,69,0,130,1
1,0,0,187,0,0,0,15,4,0,26,4,70,1
1,0,0,39,0,0,0,0,4,0,4,3,101,0
0,915,0,100,0,0,0,14,0,0,61,1,115,0
1,491,0,55,0,0,1,45,1,0,43,3,98,0
0,526,0,266,1,0,3,22,0,0,67,0,117,0
1,0,0,0,0,0,0,0,0,0,24,1,82,1
1,229,0,34,0,0,2,65,4,0,38,3,75,0
1,460,0,314,0,1,3,38,1,1,100,4,80,1
0,1247,0,234,1,0,1,25,1,1,78,3,83,0
1,956,1,164,0,0,2,24,1,0,66,2,112,0
0,1046,1,376,1,0,3,42,1,0,79,3,85,0
0,937,0,226,0,1,2,22,2,0,54,2,110,0
0,598,1,0,1,0,1,25,2,1,61,2,92,0
0,735,1,203,1,0,0,46,0,0,67,3,89,0
0,152,1,95,1,0,2,11,0,0,51,3,83,1
0,179,1,118,1,0,1,11,3,0,36,2,79,0
0,810,1,155,1,0,3,33,3,0,62,2,100,0
0,556,0,214,1,0,0,13,3,0,57,3,77,0
1,806,0,330,0,1,0,22,4,1,62,2,107,0
1,234,1,185,0,0,2,59,3,0,23,4,70,1
1,1107,1,321,1,0,1,53,1,1,64,4,78,1
1,176,1,122,1,0,0,4,4,0,34,0,93,0
1,358,1,247,1,0,0,31,3,0,31,1,118,0
1,0,0,238,0,0,0,0,5,0,23,4,79,1
0,218,1,172,1,0,2,33,0,0,77,3,74,0
0,689,0,0,0,0,0,25,4,0,46,4,70,1
0,954,1,257,1,0,1,27,3,1,70,2,98,0
1,10,1,78,0,0,0,0,4,0,34,3,86,0
1,781,0,0,0,1,2,22,0,0,49,0,101,0
1,542,0,126,1,1,1,5,3,0,40,3,81,1
0,792,1,121,0,0,2,24,1,0,71,1,111,0
0,198,1,140,1,0,2,17,0,0,67,2,70,1
0,1458,0,0,1,1,3,14,0,1,78,1,113,0
1,615,0,80,1,0,0,17,2,1,44,4,78,1
1,1031,0,252,1,0,4,22,2,0,90,3,88,1
1,327,0,0,0,0,0,55,5,0,24,3,82,1
1,506,0,0,1,0,2,30,5,0,28,2,81,0
1,94,0,76,1,0,3,13,2,1,58,2,105,1
0,122,1,79,1,0,2,31,0,0,50,3,76,1
0,471,0,114,1,0,2,17,1,0,56,2,118,0
1,740,0,342,0,1,2,24,1,0,70,4,79,1
0,1334,1,89,1,0,2,35,2,0,71,1,76,0
0,938,0,134,1,0,1,7,1,1,62,2,109,0
1,0,0,0,0,0,0,0,4,0,3,1,96,0
1,455,0,0,0,0,0,40,2,0,25,2,86,0
1,846,0,0,0,0,1,30,1,0,58,3,95,0
0,1166,0,0,1,0,3,27,0,0,72,0,125,1
1,581,1,205,0,0,0,11,1,1,66,1,104,0
0,1257,0,156,0,0,1,18,2,1,62,2,91,0
1,0,0,0,0,0,0,0,4,0,16,1,70,1
0,958,1,304,1,1,3,8,3,1,77,2,102,0
1,13,0,0,0,0,0,0,3,0,20,1,76,1
1,75,0,107,0,0,0,22,3,0,28,4,79,1
1,834,0,235,0,1,0,29,0,0,67,2,101,0
1,343,0,53,0,0,0,11,2,0,18,1,119,0
0,1140,0,284,1,1,2,23,1,1,91,1,108,0
0,530,0,102,0,0,3,39,3,0,32,3,86,0
0,1023,1,482,1,1,2,36,2,1,100,0,130,0
0,569,0,91,1,1,3,43,2,0,85,3,88,1
1,703,0,0,1,0,0,5,5,0,4,1,110,0
0,460,1,240,1,1,2,4,2,0,72,4,97,1
1,185,0,44,0,0,0,44,4,0,27,3,88,0
0,519,0,20,0,0,1,0,5,0,22,2,120,0
0,1330,0,73,1,0,2,18,2,0,47,1,105,1
1,567,1,156,0,0,3,7,4,0,45,3,70,1
0,0,0,48,0,0,2,21,2,1,47,3,115,0
0,885,1,138,1,1,3,41,2,0,65,3,92,0
1,231,0,210,1,0,2,7,0,0,40,3,98,1
1,967,1,143,0,0,2,0,5,1,48,0,117,0
1,526,0,300,1,0,2,41,4,0,58,2,108,0
1,1051,0,145,0,1,1,9,4,1,72,2,91,0
1,790,0,0,0,0,1,21,4,0,54,2,119,0
1,847,1,52,1,0,2,20,2,0,55,1,108,0
1,176,0,140,1,0,1,53,2,1,59,4,87,0
0,256,1,142,1,0,2,32,0,0,56,3,70,1
0,92,0,222,0,1,2,15,0,1,62,1,112,0
1,938,0,129,0,0,3,21,4,1,66,2,87,0
1,531,0,14,1,0,2,31,2,0,32,3,101,1
1,463,0,109,1,0,1,0,2,0,13,2,93,0
1,191,0,33,0,0,0,33,3,0,28,3,95,0
1,0,0,0,0,0,0,11,3,0,8,4,72,1
1,719,0,71,0,0,3,36,2,0,35,3,75,1
1,320,1,389,0,0,2,16,2,1,70,3,71,1
0,618,0,0,0,0,2,13,2,0,36,1,124,0
0,714,1,174,1,1,2,48,1,1,81,1,84,0
1,390,0,26,1,0,1,37,2,1,23,3,70,0
1,91,0,187,1,0,1,20,3,0,43,2,105,0
1,3,0,0,0,0,0,0,2,0,21,3,70,0
1,256,0,9,0,0,0,27,4,0,41,3,82,0
0,400,0,0,0,0,1,15,1,0,25,1,116,1
1,0,0,203,0,1,2,20,4,0,46,2,88,0
0,0,0,0,1,0,0,0,6,0,13,2,129,1
0,965,1,276,0,0,1,0,1,0,57,2,84,0
1,810,0,88,0,1,3,8,4,1,39,1,116,0
1,503,0,98,1,0,2,32,5,0,12,2,87,0
0,864,0,232,0,1,2,14,2,0,76,3,100,0
0,1215,1,246,0,0,3,29,0,1,61,2,96,0
1,341,0,0,1,0,2,18,2,0,78,3,78,0
0,1441,0,321,1,0,5,27,0,1,81,1,120,0
0,725,0,183,1,1,3,4,3,0,45,3,86,0
0,1261,1,244,0,1,2,19,1,1,75,2,91,0
0,605,0,413,1,0,3,32,1,0,60,2,73,0
1,377,0,54,0,0,0,52,3,0,56,4,80,1
0,1340,0,125,0,1,3,24,1,0,76,1,115,0
1,31,0,208,0,0,1,25,4,0,32,2,114,0
1,0,0,0,0,0,0,9,5,1,15,3,75,1
1,533,1,66,0,0,0,16,2,0,62,0,123,0
0,281,0,158,0,1,2,7,2,1,34,3,102,0
0,1503,0,338,1,0,3,50,2,0,89,3,93,0
1,374,1,126,1,0,3,13,3,0,48,3,88,0
0,558,0,157,1,1,3,24,0,0,41,1,100,0
0,3,0,229,1,1,3,32,3,1,40,3,85,0
0,843,0,275,1,0,0,0,0,0,33,2,121,0
1,730,1,303,0,1,0,40,0,0,60,4,81,1
0,957,1,320,1,0,0,29,2,0,72,4,82,0
1,0,1,84,0,1,1,16,7,0,18,4,98,0
0,588,0,185,1,0,1,1,3,1,73,0,110,0
0,995,0,408,1,0,5,4,2,1,79,0,119,0
0,657,0,203,1,1,3,24,0,0,64,2,85,0
1,962,0,61,1,0,2,18,4,0,53,3,95,0
1,452,0,0,0,0,1,9,4,0,13,3,88,0
1,708,0,177,1,0,1,45,4,1,29,0,125,0
1,299,0,27,0,0,0,73,5,1,29,2,86,0
1,554,1,28,1,0,0,19,4,1,61,2,104,0
0,0,0,0,0,0,0,56,4,0,41,4,70,1
1,1130,1,215,1,0,2,39,0,1,76,4,87,0
1,41,0,0,0,0,0,9,4,0,39,3,99,0
1,249,0,35,0,0,0,0,3,0,20,3,87,0
0,1081,0,229,0,0,3,28,0,0,55,1,100,0
0,868,0,264,1,0,2,32,2,0,69,2,88,0
0,215,1,148,1,0,2,22,0,0,61,4,70,1
0,870,0,324,1,1,2,29,3,1,92,1,116,0
1,781,0,0,0,0,0,6,3,1,30,2,110,0
0,1296,0,263,0,0,4,34,1,1,90,4,114,0
0,50,1,70,1,0,2,16,0,0,67,2,76,1
0,321,0,170,0,0,3,23,3,0,73,1,119,0
1,813,1,257,0,1,5,47,2,1,69,1,99,0
0,344,0,0,0,0,1,23,2,0,39,1,104,0
1,789,1,0,1,0,3,32,1,0,74,3,95,0
0,909,0,106,0,0,2,53,3,0,18,4,84,1
0,723,0,0,1,0,1,27,4,0,51,3,90,0
1,1183,0,137,1,0,1,33,3,0,35,2,95,0
0,762,1,35,0,0,5,18,2,0,48,1,120,0
0,620,1,203,1,1,1,35,1,1,71,1,101,0
1,531,0,214,0,0,0,7,4,0,54,3,91,0
1,298,1,63,0,0,0,0,4,0,24,1,86,0
1,1081,0,118,1,0,3,13,2,0,73,4,111,0
0,1034,0,0,0,0,1,32,1,0,77,2,79,0
0,198,1,73,1,0,2,31,0,0,72,2,73,1
1,422,1,158,1,0,2,60,4,0,9,4,75,1
0,949,0,459,1,1,3,31,3,1,75,2,96,0
1,411,0,169,1,0,3,14,2,0,36,1,98,1
1,445,0,40,1,0,0,0,3,0,36,3,81,0
0,774,0,90,1,1,2,13,1,0,47,4,80,1
0,1009,0,163,0,0,3,0,1,1,57,4,76,1
1,779,0,22,1,0,0,14,2,0,20,3,91,0
0,591,0,0,0,0,0,0,2,0,27,1,127,1
1,807,0,163,1,0,3,31,0,0,79,2,90,0
0,208,1,153,1,1,2,31,2,0,30,3,70,1
1,239,0,129,0,0,2,0,1,0,49,3,89,0
0,559,0,224,1,1,2,0,1,1,69,1,123,0
1,618,0,10,1,0,3,4,2,0,70,2,89,0
0,471,0,242,0,0,2,23,1,0,80,1,119,0
1,1308,1,307,1,1,3,37,0,1,100,4,70,1
0,617,1,262,0,1,0,35,2,0,56,4,84,1
1,3,0,0,0,0,0,0,3,0,18,2,70,1
1,0,0,138,0,0,1,0,3,0,36,2,110,0
0,804,0,178,1,0,2,20,2,0,69,3,93,0
0,1482,0,288,1,0,4,44,1,1,74,2,114,0
1,470,1,205,1,0,0,22,1,0,64,3,82,0
0,972,0,8,1,0,2,26,1,1,91,3,85,0
1,778,0,145,0,0,3,2,2,0,40,3,102,0
1,712,0,153,1,0,0,23,2,0,52,2,100,0
1,423,0,27,1,0,2,18,0,0,65,1,116,0
0,181,1,195,1,0,1,0,3,0,59,4,96,0
1,297,0,117,0,0,1,0,4,0,32,2,123,0
0,1382,1,243,1,0,2,42,2,1,81,4,70,1
0,233,1,163,1,0,2,29,0,0,88,3,70,1
0,843,1,193,1,1,0,10,2,0,50,2,117,0
1,6,0,92,0,0,1,26,3,0,47,0,124,0
0,1462,0,301,1,1,3,30,3,0,69,1,106,0
1,20,0,60,1,0,1,34,4,1,45,1,106,0
1,1047,0,70,1,0,2,10,4,0,47,0,120,0
0,726,0,112,0,0,0,30,4,1,28,3,94,1
0,752,0,165,0,0,2,27,1,0,75,2,120,0
0,1127,1,41,1,0,3,43,1,0,82,4,78,0
0,1325,0,406,1,1,2,33,0,0,72,3,102,0
0,141,1,150,1,0,2,50,0,0,54,2,74,1
1,0,1,172,0,0,1,5,5,0,43,3,70,1
0,1226,0,288,1,0,3,19,0,0,83,4,86,1
0,818,0,197,0,0,5,24,0,0,76,3,88,0
0,0,0,106,1,0,4,9,2,1,21,1,108,0
1,777,0,70,0,1,0,16,3,0,39,2,107,0
0,890,1,142,1,0,1,67,2,0,55,4,70,1
0,141,1,146,1,0,2,29,0,0,64,4,70,1
0,1491,0,336,1,0,2,40,1,0,98,2,100,0
1,517,0,124,1,1,0,10,3,0,27,4,80,0
1,167,0,0,0,0,2,36,4,0,39,4,89,1
0,703,0,104,0,0,1,31,1,1,39,2,107,0
0,1337,0,265,0,0,3,17,2,0,67,2,111,0
0,139,0,282,0,1,1,22,3,1,73,4,77,1
0,683,0,180,1,0,2,47,0,1,61,4,77,1
1,215,0,132,1,0,0,9,2,0,44,3,98,0
1,637,0,154,0,0,1,9,4,0,12,1,97,0
1,800,0,225,0,0,2,8,0,0,69,2,110,0
1,75,1,186,0,0,2,35,2,0,55,4,103,0
1,0,1,204,0,0,2,58,5,0,31,4,83,1
0,715,0,166,0,0,0,0,3,1,39,2,108,0
1,310,0,0,1,0,2,14,3,0,21,2,99,0
1,0,0,0,0,0,2,26,4,0,17,1,105,0
0,1124,0,100,0,0,2,0,4,0,79,3,81,0
0,655,0,68,0,0,3,36,0,0,50,3,87,0
1,1214,1,361,0,1,2,19,0,0,76,4,87,0
0,795,1,329,1,0,0,33,3,0,66,3,95,0
1,658,0,120,0,1,2,38,3,0,54,4,70,1
0,1136,0,161,1,1,2,32,0,0,69,4,79,1
1,0,1,166,0,0,0,2,4,0,20,3,94,0
1,534,1,49,0,0,1,32,3,0,56,3,98,0
0,483,0,170,0,0,0,2,3,0,51,1,88,0
1,1144,0,154,1,0,2,16,1,1,65,3,104,0
0,929,1,397,1,1,5,22,2,0,96,2,117,0
1,772,1,158,0,1,1,23,6,0,53,2,91,0
0,573,0,52,0,0,0,29,1,1,25,1,99,0
0,1308,0,161,1,0,2,11,2,0,60,3,104,0
1,677,1,225,0,0,3,7,1,0,56,1,102,0
0,482,1,157,1,0,2,41,3,0,62,3,79,1
1,745,1,0,0,0,3,39,3,0,26,2,103,0
1,511,0,71,0,0,0,0,3,0,48,1,97,0
1,184,0,169,1,1,0,33,1,0,32,3,98,0
0,209,1,229,1,1,1,27,0,0,64,3,93,0
1,1022,0,8,1,1,2,63,2,0,33,3,74,1
1,1066,0,278,1,1,3,47,2,0,69,4,84,0
1,675,0,17,0,0,1,16,6,1,25,1,107,1
1,169,0,231,1,0,2,56,4,0,19,4,78,1
1,550,0,298,0,0,4,37,0,0,94,3,86,0
0,293,0,113,0,0,0,17,2,0,26,3,104,0
1,0,0,98,0,0,1,0,5,0,8,2,112,0
1,764,0,29,1,1,1,0,4,0,38,1,97,0
0,624,1,130,0,0,0,21,1,0,58,2,107,0
1,94,0,185,0,0,1,27,5,0,47,3,118,0
1,605,0,59,0,0,0,6,1,0,60,3,92,0
0,617,1,313,1,0,0,11,2,0,65,2,104,0
0,742,0,138,0,0,1,35,2,0,61,3,97,1
1,645,0,262,0,0,3,43,0,0,93,4,75,1
0,726,0,34,0,0,4,17,1,0,45,1,101,1
0,694,0,172,0,0,4,43,0,0,92,0,122,1
1,94,0,48,0,0,2,0,4,0,44,4,94,0
1,0,0,75,0,0,2,25,2,0,19,2,109,0
0,69,1,33,1,0,0,2,4,0,16,2,81,0
1,11,0,0,0,0,0,0,3,0,12,2,82,1
1,700,0,144,1,1,3,15,1,0,27,3,95,1
0,1079,0,79,0,0,0,8,2,1,40,3,83,0
0,783,0,71,0,0,0,6,2,1,44,3,96,0
0,1200,0,200,1,0,3,16,3,1,88,4,85,0
0,932,1,336,1,1,4,34,0,0,65,2,96,0
1,422,0,87,0,0,0,5,4,0,43,4,94,0
0,945,0,239,1,0,0,38,2,0,33,4,86,1
1,478,0,0,1,0,2,13,3,0,45,3,106,1
1,975,0,41,1,0,2,26,3,1,75,2,103,0
0,1027,1,146,1,0,2,18,0,0,55,1,116,0
1,1078,0,0,1,0,4,32,2,0,67,3,77,0
0,472,0,226,0,0,2,19,0,0,64,2,97,0
1,828,1,166,1,0,1,24,1,0,50,3,81,0
0,803,0,366,1,1,4,23,0,1,78,2,107,0
1,1177,0,322,1,1,3,43,1,0,73,1,100,0
0,1123,0,324,0,1,2,23,1,1,63,4,82,0
1,318,0,30,0,0,0,0,1,0,30,2,109,0
1,435,0,176,0,0,0,16,0,0,62,3,102,0
1,1336,0,296,1,0,3,36,0,0,82,4,91,1
1,1189,0,261,1,0,2,39,2,0,86,4,97,0
1,459,0,0,0,0,3,21,3,0,21,4,72,1
0,981,0,151,1,0,4,29,2,0,68,0,125,0
1,0,0,0,0,0,0,7,6,0,4,3,101,0
0,876,1,105,1,1,1,24,0,0,72,4,91,0
1,1019,1,163,0,0,0,7,2,1,44,1,106,0
0,688,1,164,0,0,2,25,0,0,62,4,95,0
1,592,0,85,1,0,2,45,4,0,48,4,86,0
0,1201,1,156,1,1,3,44,0,0,82,3,87,0
0,97,1,122,1,0,2,20,0,0,90,3,70,1
1,235,0,247,0,1,2,0,2,0,52,1,102,0
1,101,0,102,0,0,0,25,3,0,69,1,95,0
0,939,1,217,1,1,1,30,1,1,69,3,126,1
0,518,0,23,1,0,1,19,5,1,45,4,76,0
1,1014,1,227,0,0,2,22,3,1,51,2,104,0
1,235,0,95,0,0,2,0,0,0,23,1,86,1
1,177,0,101,0,0,2,3,2,1,43,4,83,1
0,1312,0,278,0,0,1,59,3,0,81,0,116,1
0,686,0,225,1,1,1,28,4,0,40,4,114,0
0,917,0,189,1,0,1,0,1,1,63,1,117,0
1,335,0,94,0,0,2,30,3,1,48,2,120,0
1,830,0,289,1,1,1,25,1,1,55,2,84,0
1,545,0,177,1,0,0,53,2,1,41,3,71,0
1,7,0,0,0,0,0,0,5,0,9,2,75,1
1,769,0,159,0,1,0,27,2,0,44,4,88,1
0,771,0,127,1,0,3,16,1,0,50,4,88,0
0,776,0,357,1,0,0,12,1,0,61,3,89,0
1,850,1,252,1,0,2,18,0,0,94,0,121,1
0,1099,0,152,0,1,1,21,0,0,71,4,83,1
1,0,0,135,0,0,2,20,2,0,46,4,81,1
0,545,1,0,1,1,1,28,0,0,51,2,130,0
0,539,0,183,0,1,1,24,0,0,62,4,74,0
1,0,0,14,0,0,1,14,6,0,29,3,80,1
1,4,0,0,0,0,0,0,3,0,12,2,70,1
1,702,1,240,1,1,0,25,4,0,66,3,92,1
1,730,0,129,0,0,4,31,1,0,51,4,86,1
1,817,0,133,1,0,4,16,2,1,82,2,77,0
1,203,0,282,1,1,3,19,2,0,81,4,78,0
1,0,0,14,0,1,0,0,5,0,15,4,89,0
0,1084,0,301,0,0,2,14,1,0,66,1,113,1
0,693,1,240,1,0,2,2,1,0,59,1,120,0
0,228,1,125,1,0,2,41,0,0,63,3,70,1
0,1073,0,269,1,1,4,56,1,0,83,4,86,0
0,765,0,246,0,0,2,23,2,0,80,3,113,0
1,594,0,246,0,0,1,23,3,0,32,3,72,1
1,756,0,175,0,0,0,12,3,0,59,0,106,0
1,187,0,31,0,0,1,0,2,0,53,3,105,0
1,414,0,235,0,0,2,27,0,1,58,4,94,0
0,756,0,78,1,0,3,31,3,0,68,0,99,0
0,689,0,257,0,0,1,8,2,0,36,4,82,1
0,1367,1,194,1,0,3,28,1,1,88,2,88,1
1,591,0,46,0,0,0,0,6,0,19,1,91,0
1,722,0,410,1,0,1,0,4,0,48,3,100,0
0,1188,0,258,0,1,3,10,2,0,69,1,88,0
1,0,0,176,1,0,1,20,2,1,48,2,109,0
0,270,0,15,0,0,2,4,5,0,31,4,86,1
0,435,0,0,0,0,2,38,2,0,52,1,97,0
0,715,0,187,0,0,1,29,4,0,45,0,117,0
1,520,0,79,0,1,2,0,4,0,47,1,111,0
0,308,0,21,0,1,3,26,0,0,47,3,111,0
0,820,0,294,0,0,1,15,3,0,48,4,70,1
1,1311,0,144,1,0,1,45,3,0,73,3,76,1
1,1060,0,0,1,0,3,34,3,0,56,3,119,1
1,1355,0,67,0,0,3,22,0,1,70,2,115,0
0,821,0,381,1,1,4,9,3,1,83,4,79,0
0,1209,0,249,0,1,3,28,2,0,90,4,79,0
1,0,0,0,0,0,0,36,1,1,15,2,85,1
1,775,0,295,1,0,3,72,1,0,92,2,85,1
1,1213,0,0,1,1,1,5,4,0,36,1,86,0
0,645,1,101,0,0,2,39,3,0,89,3,79,0
1,780,0,0,0,0,0,15,2,0,58,2,96,0
1,862,1,216,0,0,2,22,3,1,55,4,78,1
1,145,0,97,0,1,1,0,4,0,43,3,77,1
1,0,0,47,0,0,0,26,5,0,9,3,97,0
0,802,1,222,1,0,2,0,3,0,55,1,101,0
1,380,0,114,1,0,1,0,0,0,56,0,114,0
0,1037,0,276,1,0,4,15,1,0,93,2,94,0
0,461,0,196,1,1,2,19,6,0,39,4,72,1
1,707,0,0,0,0,0,6,3,0,12,2,110,0
0,739,0,390,1,0,4,52,2,1,78,1,96,0
1,830,0,137,0,0,0,37,6,0,16,3,86,1
0,1187,1,247,1,0,5,46,1,0,92,2,86,0
1,501,0,0,0,1,3,28,2,0,44,2,117,0
1,519,0,254,1,0,1,56,2,1,50,4,77,1
1,853,0,200,1,1,1,10,2,0,60,2,113,0
1,1403,0,254,1,0,1,50,4,0,50,4,86,0
1,578,0,0,1,0,0,16,4,0,18,1,125,0
1,932,0,45,1,0,1,19,0,0,32,2,93,1
0,456,0,180,1,0,0,8,3,0,46,0,99,0
1,570,0,92,1,0,3,7,2,1,54,2,93,0
1,734,0,105,1,0,0,22,3,0,49,2,112,0
1,427,0,0,0,0,1,33,1,0,49,1,106,0
1,0,0,203,0,0,0,39,1,0,56,4,89,1
0,1058,0,0,0,0,1,6,3,1,60,2,120,0
1,218,0,173,0,0,0,33,4,0,56,3,81,0
1,505,1,162,0,0,2,44,1,0,15,4,70,1
0,1055,1,269,1,0,3,26,2,1,69,1,112,1
1,1051,0,84,1,0,0,23,1,1,60,1,128,0
1,70,0,0,1,0,1,7,3,1,43,2,122,0
0,630,1,114,0,1,1,17,2,0,44,3,88,0
1,492,0,69,0,0,2,2,1,0,36,2,108,0
0,948,0,190,1,0,1,22,2,0,50,3,77,0
1,217,1,267,0,0,1,45,1,1,67,1,118,0
1,287,0,21,0,0,0,1,2,0,0,2,91,0
1,837,0,121,0,0,2,16,2,0,55,1,130,0
1,0,0,320,0,0,2,22,4,0,52,2,91,0
1,950,0,0,1,0,0,25,1,0,41,3,90,0
1,1079,0,11,0,1,3,31,1,1,65,3,103,0
0,951,0,204,1,0,1,24,0,0,66,1,124,0
1,572,0,0,1,0,0,5,4,0,23,1,82,0
1,0,0,96,1,0,2,19,6,0,4,1,106,1
1,408,0,267,0,1,1,39,1,1,66,2,101,0
0,0,0,0,0,0,3,10,2,0,46,3,100,0
0,901,1,346,0,1,4,44,2,0,100,2,93,1
1,693,0,0,1,0,1,17,4,0,41,4,79,1
1,0,0,0,0,0,0,0,1,0,8,2,84,1
1,672,0,174,1,1,2,35,2,1,49,3,93,0
1,698,1,235,1,0,2,0,2,0,49,2,99,0
0,1800,0,342,1,1,2,46,1,1,94,4,93,0
0,46,0,34,0,0,2,11,2,0,48,3,90,0
1,318,0,52,1,1,2,30,4,0,46,4,90,0
1,814,0,255,1,0,0,45,4,1,49,2,86,0
0,1196,0,259,1,1,5,38,4,1,76,4,76,1
1,143,0,199,0,0,2,23,4,0,59,0,124,0
1,529,0,102,0,0,3,8,2,0,53,2,102,0
1,761,0,36,0,1,2,21,2,0,45,4,101,0
1,0,0,118,1,0,1,0,4,0,39,1,123,0
1,142,0,0,0,0,1,0,5,0,28,2,106,0
1,1175,1,309,1,0,3,51,0,0,100,0,106,0
0,321,1,178,1,0,2,19,0,0,78,4,70,1
0,637,0,72,1,0,3,6,1,0,52,0,124,0
1,766,1,235,1,1,1,24,0,0,84,2,90,0
1,426,0,284,0,0,2,15,1,1,100,2,114,0
0,1297,0,269,1,0,2,23,1,0,60,4,71,0
1,1038,0,180,1,0,2,10,3,0,49,3,98,0
0,752,1,83,0,1,1,7,1,0,48,3,87,1
1,44,1,168,0,0,1,10,2,0,35,3,97,0
1,5,0,126,0,1,0,0,4,0,27,4,84,1
1,515,0,143,1,0,1,21,1,0,49,4,79,1
1,566,0,62,1,1,0,16,3,0,49,4,77,1
1,0,0,62,1,0,0,0,6,0,21,4,74,1
1,522,0,57,0,0,0,0,4,0,10,4,86,1
1,254,1,133,1,1,3,22,0,0,78,0,108,0
0,320,0,346,1,0,1,9,4,0,46,2,107,0
1,0,0,0,0,0,0,12,5,1,8,1,96,1
0,153,0,57,0,1,2,40,3,1,60,3,82,0
1,817,1,254,0,0,1,0,1,0,57,4,82,1
1,15,0,104,0,0,1,19,3,0,20,3,99,0
1,917,0,192,1,1,3,26,1,0,69,1,100,0
1,0,0,0,1,0,0,1,3,0,19,2,107,0
1,0,0,104,0,0,1,9,4,1,34,4,84,1
1,493,0,46,1,0,1,10,6,0,23,4,87,1
1,416,0,101,0,0,2,18,2,0,27,1,121,0
0,804,1,249,0,0,1,17,2,0,53,3,94,0
0,613,0,239,0,0,3,33,2,0,57,3,90,0
0,936,1,348,1,1,1,12,0,0,38,3,93,1
1,1030,0,0,1,0,0,10,3,0,52,2,78,0
0,976,0,283,1,0,2,31,0,1,47,1,118,1
1,0,0,117,0,0,1,0,3,0,25,4,79,1
1,1,0,0,0,0,0,0,1,0,16,3,70,1
1,855,1,240,0,0,3,25,3,1,67,3,83,0
0,1186,0,386,1,0,2,22,2,1,71,3,88,0
1,321,0,78,0,0,0,19,3,1,34,2,118,0
0,310,0,292,1,1,2,64,2,1,54,4,82,1
1,529,0,55,0,0,2,5,3,1,45,4,73,0
0,1436,0,129,1,0,1,28,3,1,30,3,96,0
0,1073,1,187,0,0,3,38,0,1,85,1,103,0
1,369,0,188,1,0,4,6,2,1,70,1,121,0
0,586,0,195,1,0,0,20,3,0,65,1,112,0
1,908,0,186,1,0,2,51,2,1,56,0,130,0
0,1065,1,99,1,0,3,26,1,0,55,3,95,0
1,953,0,141,1,0,1,33,1,0,67,1,113,0
1,771,1,357,1,0,2,14,3,0,76,1,129,0
0,795,1,155,0,1,1,48,1,0,41,2,116,1
1,967,0,99,0,0,2,28,1,0,56,2,116,0
0,809,0,107,0,1,0,0,3,0,31,3,92,0
0,1494,0,103,1,1,3,23,0,0,92,4,89,1
1,802,0,293,0,0,2,21,0,1,87,2,106,1
0,952,1,0,1,0,2,26,3,1,38,0,122,0
1,712,0,251,0,0,2,48,0,1,100,1,116,0
0,957,1,273,1,1,3,25,1,1,76,3,106,0
0,1013,0,347,1,0,0,17,3,0,69,0,130,0
1,20,0,0,0,0,0,0,3,0,17,2,83,1
1,501,1,364,1,1,4,20,2,1,50,4,84,0
1,449,0,103,0,1,2,37,0,0,85,4,90,0
0,548,1,105,1,1,0,0,0,0,66,3,109,0
1,794,0,65,1,1,1,18,3,0,31,4,88,1
1,147,1,172,1,0,1,7,2,0,48,1,94,0
0,1022,1,144,0,0,3,16,2,1,77,1,109,0
1,718,0,155,1,0,0,10,3,0,38,1,104,0
0,969,1,114,0,1,0,11,2,1,63,2,106,0
1,235,0,209,0,0,0,11,2,1,38,3,92,0
0,902,0,181,0,1,3,27,4,0,61,3,104,0
1,694,1,118,1,1,1,2,3,0,55,2,90,0
1,1688,1,320,0,0,1,43,2,1,85,4,84,1
0,1184,1,180,0,0,1,22,1,0,53,1,82,1
0,1271,0,0,1,1,3,54,0,0,100,2,97,0
1,289,0,123,0,1,0,45,1,0,45,4,87,1
0,178,0,146,1,0,0,29,3,0,59,3,79,0
1,135,0,36,0,0,1,26,1,0,56,1,118,0
1,267,1,318,0,0,3,34,3,0,43,3,83,0
0,1112,0,324,0,0,2,18,0,1,100,1,97,0
1,89,0,51,1,0,1,0,4,1,36,0,113,0
1,16,0,26,1,0,1,3,1,0,10,3,81,0
0,469,0,153,0,0,3,12,5,0,56,0,116,0
0,942,1,200,1,0,2,43,4,1,62,2,76,0
1,721,0,126,0,0,3,33,4,1,53,2,73,0
0,328,0,56,0,0,0,62,5,1,49,4,76,1
0,1012,1,250,1,0,1,45,2,1,66,1,108,0
0,811,0,189,0,0,0,44,0,0,54,4,82,1
0,378,0,148,1,0,1,27,2,0,56,2,123,0
1,339,0,235,0,0,0,27,1,1,36,0,98,1
1,490,0,270,0,0,3,56,2,0,87,1,122,0
1,289,0,55,0,0,1,0,4,0,29,3,95,0
1,733,1,175,1,0,1,14,0,1,56,4,83,0
1,521,0,85,1,0,0,41,4,1,30,1,92,0
1,467,0,69,0,0,0,25,1,0,33,3,104,0
1,227,0,228,0,0,3,17,1,0,53,0,125,0
1,0,0,12,1,0,1,20,5,1,19,3,84,1
1,96,0,166,0,0,2,7,3,1,31,0,99,0
1,344,0,167,0,1,1,41,0,0,51,3,82,0
0,457,0,233,0,1,4,37,1,1,79,4,82,1
0,79,0,0,0,1,0,9,3,0,44,0,126,0
0,0,0,180,0,0,3,0,4,0,38,2,107,0
1,231,0,24,1,0,2,0,5,0,26,2,115,0
0,1420,0,485,1,0,3,25,0,0,79,4,99,0
0,1346,1,296,0,0,3,42,2,0,95,4,86,0
1,730,0,83,1,0,0,12,3,0,41,4,85,1
1,716,1,338,0,0,2,27,0,0,100,3,77,1
0,860,0,163,1,0,2,26,1,1,57,1,126,1
0,729,1,44,0,1,1,0,2,1,31,2,94,0
1,0,0,0,1,0,2,4,4,0,5,2,118,0
1,503,1,285,0,0,1,28,5,1,50,0,130,0
0,1322,1,319,1,0,2,25,0,0,100,0,114,0
1,849,0,185,1,0,2,69,3,1,57,4,77,1
0,1006,1,425,1,0,2,28,3,1,83,4,94,0
1,993,1,353,0,0,4,67,0,0,83,2,83,0
1,392,0,267,0,0,2,33,2,0,19,4,91,1
1,521,0,87,0,0,2,13,1,0,29,1,99,0
0,1326,1,125,1,0,1,32,3,0,63,3,74,0
1,166,0,172,1,0,0,0,2,0,30,2,82,1
1,492,0,42,0,0,2,4,1,0,87,2,89,0
1,822,0,55,1,0,0,57,2,1,49,4,81,1
1,847,0,120,1,0,2,16,1,1,53,1,116,0
0,274,0,0,1,0,4,23,2,0,36,2,104,1
1,1544,0,466,1,0,1,35,0,1,86,1,130,0
1,271,0,65,1,0,1,0,4,1,31,1,103,0
1,998,1,138,0,0,3,2,3,1,69,2,104,0
1,304,1,356,0,0,3,25,2,0,68,4,81,1
0,810,0,67,1,0,2,18,3,0,60,0,128,0
1,473,0,110,1,0,1,17,0,0,55,0,111,1
1,0,0,0,1,0,0,38,4,0,17,3,86,0
1,694,0,148,0,0,4,62,3,0,75,4,84,1
0,502,1,446,0,1,2,32,4,1,53,2,102,0
1,0,0,0,0,0,1,24,3,0,20,1,103,1
1,831,0,327,0,0,3,26,1,0,48,3,93,0
0,1162,1,330,1,0,3,45,2,1,47,3,86,0
0,724,1,236,1,1,3,36,2,0,69,0,130,0
1,0,0,40,0,0,0,7,3,0,4,0,114,0
1,608,0,276,0,0,3,38,1,0,88,2,111,0
0,642,0,109,1,0,1,11,4,1,51,1,101,0
0,584,0,2,1,0,2,20,1,0,68,2,82,0
0,623,0,219,0,0,1,44,2,1,47,1,106,0
0,1093,0,261,1,0,4,33,2,1,66,3,111,0
1,775,0,84,1,0,1,18,2,0,14,2,90,0
0,1048,0,200,0,0,2,43,0,0,68,2,117,0
0,488,0,66,0,0,3,17,2,0,63,0,122,0
1,765,0,286,1,1,0,47,2,1,54,2,101,0
1,175,0,153,0,0,0,3,4,0,47,2,93,0
1,378,0,117,0,1,0,7,2,0,44,4,80,1
1,7,0,0,0,0,0,0,0,0,25,2,75,1
0,118,0,46,1,0,0,2,4,0,19,0,111,0
1,1170,0,187,1,0,5,0,1,1,46,3,91,1
1,481,0,31,0,0,3,16,1,1,56,3,101,0
0,729,0,215,1,1,1,18,0,0,76,0,107,0
0,219,1,194,1,0,2,27,0,0,74,4,70,1
1,1057,0,305,0,0,3,16,2,0,62,3,81,1
1,681,0,189,0,1,2,25,0,0,23,1,95,0
1,109,0,71,0,0,2,18,1,0,57,3,91,1
1,1262,1,157,1,0,2,21,2,1,86,0,103,1
1,486,0,168,1,0,3,32,1,1,64,4,109,0
1,178,0,171,0,0,1,31,1,0,58,2,102,0
1,406,0,152,1,0,2,29,5,0,58,3,82,0
1,555,0,132,0,1,2,9,1,0,37,1,101,0
0,342,1,173,1,0,2,46,0,0,74,4,70,1
0,52,0,201,0,0,3,24,5,0,62,3,87,0
0,1338,0,50,1,0,2,7,1,0,85,1,105,0
0,571,0,160,0,0,3,13,0,1,34,2,107,0
0,774,1,347,1,0,3,71,3,1,67,4,75,1
0,381,0,235,1,0,1,30,4,0,51,4,73,1
1,704,0,118,1,1,2,0,2,1,46,4,89,0
0,856,1,185,1,1,4,37,0,0,74,3,76,0
1,636,0,217,1,0,3,46,2,0,51,3,87,0
0,491,0,381,0,1,1,18,1,0,73,0,121,0
0,613,0,151,1,0,1,20,2,1,53,0,99,1
0,887,0,88,1,0,6,47,0,1,68,3,90,0
0,47,0,203,0,0,3,18,2,0,36,2,103,0
0,844,1,58,1,0,2,15,2,0,83,2,93,0
0,289,1,155,1,0,2,10,0,0,65,4,70,1
0,813,0,94,1,0,1,24,1,0,44,2,87,0
1,520,0,57,0,0,0,54,7,0,13,3,88,0
1,762,1,119,1,1,1,39,1,0,51,4,84,0
1,642,0,41,0,1,1,26,3,0,25,4,89,1
1,282,0,7,0,0,3,24,3,0,64,4,90,0
0,0,0,92,1,1,1,42,5,1,56,4,77,1
0,562,0,215,1,0,2,34,1,0,44,1,99,0
1,758,0,95,0,0,3,33,3,0,80,2,120,1
0,823,1,178,0,0,2,26,1,0,76,3,111,0
1,376,0,47,1,0,0,16,2,0,24,1,92,0
1,189,0,167,0,0,0,0,2,0,24,3,83,1
1,1089,0,90,1,0,2,45,0,0,46,4,70,1
1,716,0,120,1,0,0,26,2,0,58,4,93,0
0,133,1,85,1,0,2,29,0,0,74,3,73,0
1,1012,1,22,0,0,1,46,5,0,24,1,115,0
0,1090,0,0,1,0,1,31,0,1,73,3,83,0
0,623,0,317,0,0,1,40,4,1,49,3,76,0
1,928,0,0,1,0,3,0,5,0,20,1,106,0
1,578,0,250,0,1,1,22,1,0,58,1,85,0
0,192,1,172,1,0,2,36,0,0,74,3,70,1
0,499,1,237,1,0,5,15,1,1,67,2,76,0
1,579,0,142,1,0,0,18,1,1,35,2,100,0
0,621,0,211,1,0,0,58,5,0,31,4,81,0
1,0,0,0,0,0,0,4,2,0,25,3,105,0
1,734,0,82,1,0,1,35,2,0,42,4,70,1
1,216,0,61,1,0,0,26,4,1,45,3,97,0
0,518,1,250,1,0,1,30,0,0,59,3,115,0
0,1080,0,168,1,0,3,19,4,1,59,2,96,0
1,174,0,50,0,0,3,33,4,1,27,3,70,1
0,535,0,280,1,1,2,16,4,0,52,0,130,0
0,657,0,374,1,1,2,39,1,0,81,3,109,0
0,705,1,200,0,0,1,17,2,0,56,3,103,0
0,600,0,263,0,0,3,35,0,0,85,4,75,1
0,374,0,348,1,0,1,43,2,1,67,3,86,0
0,547,1,57,1,0,2,16,3,0,61,4,87,0
0,1057,1,249,1,0,1,30,0,1,88,4,105,0
1,732,1,97,1,0,0,16,4,0,13,3,84,0
0,963,1,199,1,1,1,43,1,1,77,1,113,0
0,1480,0,90,1,0,5,40,1,1,100,2,96,0
1,0,0,251,0,0,0,8,4,1,35,4,94,0
0,270,0,0,1,0,4,10,2,1,56,2,117,0
0,1195,0,118,1,1,3,26,0,1,98,3,92,1
0,1250,0,19,1,0,2,35,0,1,76,0,103,1
1,815,0,4,1,1,0,6,2,0,30,1,111,1
0,326,0,102,0,0,0,6,5,0,45,3,83,0
0,900,0,178,1,0,2,30,0,1,77,4,97,0
0,334,0,196,1,0,2,1,2,1,40,0,106,0
0,653,1,13,1,0,2,1,2,0,42,3,88,0
0,981,0,234,0,0,2,6,1,1,55,3,74,1
0,694,0,223,1,0,2,22,0,1,54,4,80,1
0,153,0,34,1,0,0,9,3,0,55,2,110,0
1,638,0,291,0,0,2,53,2,0,98,2,113,1
0,683,0,152,1,0,2,19,2,0,27,4,74,1
1,393,0,0,1,1,1,7,2,1,38,4,78,1
1,1025,1,95,0,0,2,23,2,1,80,2,101,0
0,554,0,59,0,0,1,2,5,1,31,2,88,0
0,1476,1,320,1,0,3,34,2,1,83,0,109,0
1,648,0,4,1,0,0,0,5,0,22,4,72,1
1,410,0,150,0,1,0,0,1,0,39,2,80,0
1,592,1,160,1,1,3,48,1,0,80,4,70,1
1,392,1,52,1,0,1,23,3,1,33,2,93,0
1,739,0,126,1,1,2,20,4,0,35,2,87,0
1,988,1,126,0,0,3,15,2,1,48,4,76,0
1,751,0,211,0,1,3,27,1,0,77,1,113,0
1,1008,0,140,1,0,3,25,4,0,48,0,114,1
1,622,1,187,0,0,1,10,5,0,35,4,72,0
0,1063,0,0,1,0,0,17,1,0,29,2,96,0
0,748,0,136,1,0,1,43,2,0,67,4,97,0
0,1201,0,116,1,0,1,1,2,0,70,1,128,0
0,1118,0,288,0,0,4,18,0,0,54,0,123,0
1,0,0,0,0,0,0,0,2,0,16,1,73,0
0,1141,0,113,1,0,3,12,0,0,66,2,121,1
0,1283,0,115,1,0,3,15,3,0,38,2,94,0
1,0,0,25,1,0,1,0,5,0,38,2,101,0
0,1260,0,176,1,1,2,37,2,0,71,3,86,0
1,700,0,233,0,1,4,30,3,0,56,2,126,0
0,1468,1,394,1,0,4,31,1,0,100,1,111,0
1,1148,0,328,0,1,3,16,0,1,83,3,89,0
1,883,0,110,0,0,1,7,0,0,60,1,102,0
0,819,0,259,0,0,2,18,5,1,61,2,119,0
1,1436,0,117,0,0,1,20,2,0,60,0,124,0
1,671,1,30,1,0,2,0,5,0,41,0,125,0
1,311,0,77,0,1,1,0,2,0,37,1,116,0
1,900,0,160,1,0,0,3,4,0,30,3,84,0
1,895,0,32,1,0,1,0,3,0,18,2,86,0
0,618,0,0,0,0,4,23,0,0,38,3,91,0
0,780,0,205,1,0,1,9,1,1,44,4,82,1
0,214,1,81,1,0,2,10,0,0,73,3,81,1
1,0,0,0,0,0,0,0,4,0,23,2,75,1
1,59,0,0,0,0,0,0,5,1,47,3,95,1
0,493,1,0,0,0,1,5,3,1,41,2,106,0
1,119,0,220,0,1,3,9,1,1,62,2,120,0
0,910,1,60,1,0,1,20,4,0,81,0,113,0
0,340,0,229,0,0,2,25,2,1,65,1,95,0
1,256,0,335,0,0,2,19,1,1,58,0,102,0
0,203,1,168,1,0,2,10,0,0,79,4,77,1
1,163,0,0,0,0,0,14,5,0,24,4,85,1
0,266,0,54,1,0,3,0,2,0,17,3,81,0
0,1425,0,109,1,1,2,44,0,0,91,4,81,0
0,494,1,79,1,0,4,20,2,0,66,4,76,1
1,0,0,98,1,0,2,49,4,1,40,4,72,1
0,649,0,219,1,1,2,34,0,0,65,4,76,1
1,264,1,404,1,0,3,10,2,0,82,2,124,0
1,184,1,61,0,0,2,8,0,0,62,3,113,0
0,1783,1,227,1,1,4,33,2,0,84,2,106,0
1,0,0,181,1,0,0,42,3,0,17,2,80,0
0,832,0,224,1,0,2,31,0,0,77,3,109,0
1,860,0,170,1,0,3,27,2,1,58,3,93,0
1,1113,0,63,1,1,2,18,0,0,69,4,103,0
0,364,0,31,1,0,2,17,4,0,32,3,88,0
1,0,0,0,0,0,1,50,2,0,20,4,86,1
1,0,1,6,0,0,1,12,4,0,29,3,70,0
1,276,1,259,0,1,1,13,1,0,36,4,84,1
1,475,0,193,1,1,0,20,4,0,40,4,73,1
1,739,0,142,1,0,1,66,0,0,37,4,80,1
0,858,0,100,1,0,1,36,3,0,63,4,70,1
1,0,0,45,1,0,2,20,3,0,41,2,94,0
0,425,0,108,0,0,1,10,3,0,72,4,88,0
1,1226,0,110,1,0,2,35,6,0,56,2,120,0
0,902,0,355,0,1,6,16,2,0,88,2,115,0
1,216,0,91,0,0,0,18,0,1,51,3,91,0
1,0,0,0,0,0,0,0,3,0,12,1,104,0
0,933,1,170,1,1,1,21,1,0,62,1,107,0
0,973,1,173,0,1,2,31,0,1,85,3,88,0
0,309,1,284,1,1,1,35,1,0,62,1,109,0
1,51,0,197,0,1,1,51,2,1,58,2,84,0
1,963,0,174,0,1,2,31,1,1,63,3,84,1
0,750,0,252,1,1,1,14,4,0,64,3,91,0
1,876,0,135,1,0,0,59,2,0,23,4,80,1
1,0,0,76,1,1,3,16,0,1,73,4,91,0
0,60,0,152,1,0,1,7,2,0,63,2,98,0
0,346,0,129,0,0,2,10,1,1,52,3,95,0
1,762,0,286,1,0,2,30,2,1,53,1,102,0
1,0,0,0,1,0,0,3,4,0,4,1,116,0
0,1208,1,277,1,0,4,41,2,0,81,4,78,0
1,0,0,75,1,0,2,8,0,0,46,4,92,0
1,660,0,0,1,0,0,16,0,0,60,2,108,0
1,60,0,0,0,0,0,44,5,0,15,1,106,0
0,1178,0,311,0,0,3,21,2,0,90,3,90,0
0,764,0,25,1,0,2,33,2,1,65,1,116,0
1,991,0,420,0,0,4,49,2,0,82,3,86,0
0,427,1,57,0,0,0,9,3,0,34,4,78,1
0,1178,1,202,1,1,3,35,1,1,82,0,118,0
0,202,1,26,1,0,2,8,3,1,11,2,103,0
1,663,1,160,1,0,2,57,3,1,43,4,84,1
0,1002,0,306,0,0,1,21,3,1,38,1,90,1
0,119,0,89,1,1,0,20,3,0,19,0,107,0
1,822,1,252,1,1,4,30,1,0,70,3,77,0
1,114,1,104,0,0,1,0,1,0,41,2,87,0
0,1414,0,54,1,0,1,40,0,0,93,2,108,1
0,0,0,56,0,0,3,4,1,0,48,3,97,0
0,720,0,189,0,0,2,31,3,0,38,2,118,1
1,251,0,83,0,0,2,38,2,1,31,3,81,0
1,673,0,168,0,0,0,8,1,0,42,0,111,0
0,829,0,276,1,0,5,40,0,0,82,2,101,0
0,868,0,171,1,0,1,39,2,1,98,2,90,0
1,1333,0,211,1,0,4,51,1,0,62,4,74,1
1,160,0,0,0,0,0,11,3,0,22,3,90,0
1,6,0,0,0,0,0,0,3,0,16,3,70,1
0,1290,0,380,1,0,2,17,2,0,74,3,87,1
0,1117,1,474,1,1,1,24,0,0,68,2,81,0
1,839,1,287,0,0,3,73,2,0,33,4,76,1
1,1259,0,71,1,1,2,32,0,0,79,3,119,0
1,180,0,142,0,0,2,25,1,0,26,4,83,1
1,697,0,174,1,0,0,44,2,0,44,4,76,1
0,1064,0,295,1,0,1,0,5,0,36,2,108,1
0,559,0,30,0,0,1,25,5,0,47,4,90,0
1,1213,0,68,0,0,4,36,0,1,79,4,85,1
1,0,0,12,0,0,0,33,0,0,23,4,79,1
0,589,0,76,0,0,2,11,3,0,39,3,85,0
0,408,0,207,1,1,1,18,1,0,37,1,102,0
0,1094,1,243,1,1,1,11,0,0,89,3,81,0
1,863,0,261,1,0,0,41,4,1,58,3,112,0
1,599,0,121,0,0,0,0,5,0,35,4,70,1
0,977,0,299,1,1,0,28,3,0,46,3,92,1
1,1308,0,214,0,0,3,32,3,0,67,3,106,0
1,427,0,5,0,0,0,11,4,0,28,3,82,1
0,1033,1,87,0,0,4,17,1,0,51,3,79,1
1,840,0,5,0,0,0,32,4,0,14,2,102,0
1,0,0,0,1,0,2,19,1,0,18,3,94,1
0,708,0,152,1,1,3,34,1,0,41,0,113,0
0,450,1,161,1,0,2,27,1,0,48,2,107,0
0,95,1,217,1,0,2,30,0,0,68,2,80,1
1,929,1,180,0,0,0,12,2,0,46,1,108,0
1,361,1,256,0,0,4,0,3,0,56,3,89,0
0,86,1,156,1,0,2,24,0,0,82,4,83,1
1,849,0,0,0,0,3,12,2,1,74,3,89,1
1,1425,0,0,1,0,3,9,2,0,38,3,96,0
1,714,1,139,0,0,3,43,4,0,10,4,76,1
1,491,0,154,1,0,1,10,3,0,27,4,92,0
0,153,1,150,1,0,2,37,0,0,63,2,70,1
1,240,0,115,0,0,2,0,2,0,26,3,100,1
1,407,0,45,0,0,0,11,3,0,28,1,124,0
1,330,0,12,0,0,0,14,4,0,32,2,110,0
1,1026,0,138,0,1,3,5,3,1,53,3,103,0
1,6,0,0,0,0,0,0,1,0,17,1,77,1
1,3,0,0,0,0,0,0,4,0,7,2,75,1
0,0,0,0,0,0,2,18,4,1,85,4,96,0
0,1200,0,304,0,1,2,30,0,1,84,0,109,0
1,1203,0,263,1,1,1,0,2,0,38,4,86,0
1,1049,1,266,1,1,2,0,0,0,58,2,102,0
0,888,0,89,1,1,1,14,0,1,59,4,70,1
0,781,1,202,0,1,4,41,1,1,65,3,85,0
0,161,0,231,0,0,0,0,3,1,38,2,89,0
1,314,1,141,1,1,2,8,1,1,71,4,80,1
1,685,0,4,1,1,1,10,0,0,56,4,74,0
0,311,1,189,0,0,0,22,2,1,52,3,107,0
1,354,0,79,1,0,1,0,3,0,31,4,102,0
1,547,1,351,0,1,3,31,1,0,98,2,72,0
0,1439,1,206,1,1,2,27,2,0,100,1,97,0
1,192,0,10,0,1,0,24,7,0,8,1,108,0
1,561,1,108,0,0,2,1,3,0,33,3,90,0
0,196,0,164,1,0,0,23,4,0,30,3,86,0
1,0,0,0,0,0,2,27,1,1,57,3,109,0
1,0,0,119,1,0,0,27,4,0,28,4,79,1
0,211,1,158,1,0,2,20,0,0,75,3,70,1
1,1314,0,196,1,0,3,21,0,1,78,2,95,0
1,318,0,0,0,0,2,21,1,0,27,2,87,0
1,206,0,161,0,0,1,0,3,0,29,3,93,0
1,783,0,0,1,0,3,25,2,0,40,3,98,0
0,796,0,235,0,0,2,16,2,0,74,3,90,0
1,0,0,64,1,0,1,0,4,0,17,1,93,1
0,1107,0,243,0,0,1,14,1,0,66,2,104,0
0,708,0,53,1,0,1,76,1,0,49,4,80,0
0,1191,0,0,1,1,1,30,1,1,86,3,112,0
0,750,0,170,0,0,1,51,3,0,42,4,90,1
0,214,0,159,1,1,0,38,1,0,59,2,122,0
1,1,0,0,0,0,0,0,1,0,6,3,83,1
1,0,0,181,0,0,1,63,2,0,12,3,87,0
1,806,0,0,1,0,3,30,5,1,50,0,125,0
1,572,0,191,0,0,3,0,4,0,38,3,92,0
1,223,0,0,0,0,2,0,1,0,24,1,111,0
1,403,1,94,1,0,0,28,2,1,37,4,85,1
1,5,0,0,0,0,0,0,0,0,9,2,71,1
0,116,0,4,1,0,1,16,4,1,42,1,117,0
0,820,0,124,0,0,2,30,0,1,55,2,84,0
1,83,0,153,0,0,1,30,2,0,59,0,103,0
1,611,1,263,0,0,2,41,0,0,76,2,95,0
1,824,0,176,1,1,1,8,2,0,63,1,109,0
1,1072,0,0,1,0,3,35,3,1,60,2,103,0
1,725,0,0,1,0,0,7,2,0,17,0,113,0
1,202,0,192,0,0,2,30,3,0,27,4,81,1
0,823,0,116,1,0,2,58,2,0,49,3,91,0
1,145,0,315,1,0,3,57,2,0,84,4,79,0
0,393,1,125,1,1,0,3,1,0,65,4,120,1
1,1167,0,58,1,0,1,28,2,0,54,3,87,0
1,419,0,80,1,0,2,31,1,1,35,0,114,0
1,176,0,97,1,1,0,31,0,0,55,3,110,0
1,958,0,351,1,0,2,28,4,1,55,1,102,0
0,1273,1,184,1,1,4,44,3,1,88,2,100,0
1,51,0,151,1,1,2,13,3,0,31,2,93,0
0,539,1,206,1,0,2,29,2,0,80,4,94,0
1,520,1,325,0,0,0,5,3,0,19,1,101,1
0,182,1,117,1,0,2,24,0,0,68,2,70,1
1,250,0,149,0,0,1,12,3,0,38,3,99,0
1,0,0,0,0,0,0,0,2,0,30,3,85,1
0,1142,1,375,1,1,4,30,0,0,100,3,96,0
0,626,1,176,1,0,3,0,1,0,56,4,97,0
1,584,0,184,1,1,3,2,4,1,51,1,100,0
1,850,0,212,0,0,3,33,3,1,54,4,82,1
0,447,0,65,1,0,0,5,2,0,38,4,88,0
0,1016,0,260,1,0,3,42,0,0,39,3,76,0
1,943,0,118,1,1,2,22,1,0,71,1,111,0
1,827,0,197,0,0,2,18,2,0,41,4,78,1
1,115,1,23,0,0,2,8,2,0,37,2,107,0
0,288,1,337,0,1,3,35,1,1,76,3,107,0
1,192,0,148,0,1,1,16,1,1,46,4,98,0
1,596,0,57,1,1,0,11,4,0,32,1,121,1
1,961,0,374,1,0,0,13,2,1,42,2,99,0
1,617,1,44,0,0,3,4,3,0,47,1,113,0
1,369,0,179,0,0,4,23,0,1,89,3,104,1
1,545,0,50,0,0,0,42,2,0,10,4,90,1
1,120,0,77,0,0,1,7,1,0,39,1,108,0
0,1098,1,274,1,0,2,37,0,0,69,0,112,0
1,536,0,287,0,0,2,89,0,0,64,4,70,1
1,50,0,102,0,0,0,10,4,0,27,4,70,1
0,0,0,143,1,0,1,15,3,1,43,3,88,0
1,139,0,115,1,0,1,14,4,0,20,4,93,0
1,0,0,54,0,0,3,13,4,0,26,4,78,0
0,298,1,160,1,0,2,37,0,0,86,3,70,1
1,399,0,154,0,0,2,20,0,1,64,3,99,0
1,1048,0,207,1,0,2,21,1,0,55,4,105,0
1,0,0,154,0,0,1,11,3,1,40,0,129,0
1,595,0,81,0,0,0,33,0,0,33,4,86,1
1,1434,0,0,0,0,2,29,2,1,43,3,103,0
0,602,0,0,0,1,1,5,2,0,19,2,86,0
1,0,0,201,0,1,0,33,7,0,25,3,72,1
1,247,0,135,0,0,1,22,3,0,35,2,89,0
1,226,0,0,0,0,0,44,5,1,35,4,94,0
1,1189,1,163,1,1,4,1,1,0,51,4,104,0
1,759,0,318,0,0,4,30,2,0,52,3,81,0
1,1294,0,239,1,1,0,23,3,1,45,4,88,0
1,1,0,0,0,0,0,0,1,0,6,3,75,1
0,1243,0,105,1,0,0,22,1,0,29,2,89,1
0,980,0,294,1,1,2,13,2,0,88,0,116,1
1,438,0,284,0,0,1,59,2,0,33,2,91,0
1,738,1,298,1,0,2,24,2,1,100,0,126,1
1,0,0,47,0,0,0,6,5,1,37,0,109,0
1,267,0,58,1,0,0,9,4,0,30,3,85,0
1,168,0,0,0,0,2,5,2,0,47,1,119,0
0,713,0,196,0,0,3,22,0,0,56,0,125,1
0,466,0,194,1,0,4,18,4,0,66,4,77,1
1,137,0,0,0,0,0,7,7,0,12,0,118,0
0,20,0,45,1,1,1,1,2,1,47,3,96,0
1,922,1,174,0,0,0,24,2,0,20,3,83,1
1,191,0,69,0,0,1,23,1,0,55,0,99,0
1,1499,1,278,1,1,4,18,0,1,85,3,79,0
0,196,1,133,1,0,2,15,0,0,50,4,83,1
1,1026,0,10,0,0,1,25,5,0,52,3,113,0
0,1267,0,315,0,0,2,52,0,0,90,3,87,0
0,773,0,118,0,0,2,40,2,0,41,4,80,1
0,1018,0,45,0,0,2,32,3,1,45,4,82,1
1,94,0,101,1,0,0,0,2,0,18,4,76,1
0,1182,1,362,1,1,3,28,1,0,46,4,70,1
1,559,0,97,0,1,3,36,0,1,48,0,105,0
1,428,0,53,0,0,0,49,3,0,11,3,85,1
0,607,0,308,0,0,2,41,3,0,60,4,81,1
1,767,0,85,1,0,0,0,3,1,32,4,85,1
1,268,0,94,0,0,1,31,2,0,40,4,87,1
0,320,1,140,1,0,2,24,0,0,70,2,70,1
0,1725,1,305,1,0,1,21,0,1,78,4,74,1
1,1027,0,348,0,0,3,42,1,0,97,4,72,1
0,325,1,140,1,0,2,32,3,1,65,3,91,0
1,0,0,0,0,1,2,0,5,0,21,1,87,0
1,1198,1,285,1,0,2,37,0,1,82,0,104,0
1,1141,0,188,1,0,2,8,2,0,48,1,118,0
1,802,0,16,0,0,1,16,2,0,20,3,98,0
1,1630,1,162,1,1,1,3,0,0,80,3,120,0
1,923,0,256,0,0,3,15,2,0,70,2,79,0
0,958,0,121,1,1,1,14,1,1,56,4,79,1
0,448,1,217,0,0,1,50,0,0,83,3,90,0
0,793,0,15,1,0,4,12,2,0,60,3,82,0
1,0,0,0,0,0,3,32,2,1,33,1,101,0
1,815,0,0,0,0,0,18,4,0,17,3,85,1
1,531,0,98,1,1,0,13,1,0,35,2,117,0
0,1004,0,145,1,0,3,30,3,0,55,2,76,0
1,864,0,206,0,0,1,1,2,0,56,0,120,0
1,11,0,0,0,0,0,0,2,0,30,2,80,0
0,820,0,0,1,1,3,14,3,0,24,0,105,0
1,6,0,0,0,0,0,0,3,0,0,3,80,1
0,1258,0,273,1,0,6,28,0,1,72,2,92,1
1,0,0,0,1,0,1,1,5,1,24,4,99,0
0,258,0,57,0,1,1,0,5,0,25,3,105,0
1,1103,0,90,1,0,0,2,4,0,11,3,70,1
1,458,0,16,0,1,1,0,5,0,32,1,105,0
1,603,0,277,1,0,2,12,3,0,60,0,130,0
1,3,0,0,0,0,0,0,2,0,4,1,76,1
1,0,0,0,0,0,0,0,1,0,5,1,70,1
0,212,1,74,1,0,2,21,0,0,63,3,70,1
1,714,1,233,0,1,3,20,1,0,83,4,70,1
1,215,0,10,0,0,0,5,1,0,31,3,85,0
0,1271,1,95,1,1,3,26,0,0,85,2,83,0
1,996,1,49,1,1,2,0,2,0,67,3,83,0
1,2,0,0,0,0,0,0,5,0,15,2,73,1
0,263,0,0,0,0,3,2,5,0,36,4,101,0
0,715,0,205,0,0,0,33,1,0,50,3,76,1
0,959,1,325,1,0,5,28,1,0,72,0,118,0
1,0,1,98,0,0,3,4,3,0,39,0,99,0
0,213,1,93,1,0,2,23,0,0,60,4,70,1
1,245,1,323,0,1,1,42,4,1,46,4,84,1
0,443,0,105,0,0,3,27,3,0,48,2,99,0
0,943,1,379,1,1,2,29,2,1,70,3,95,1
1,8,0,0,0,0,0,0,0,0,18,4,76,0
0,118,1,123,1,0,2,40,0,0,90,4,70,0
0,1060,1,56,1,1,1,9,2,0,33,1,114,0
0,1315,0,64,1,0,4,16,0,0,82,2,98,0
0,221,0,0,0,0,0,10,0,0,42,2,99,0
1,91,0,217,0,1,1,32,2,0,40,3,70,1
1,9,0,0,0,0,0,0,2,0,14,2,76,1
1,430,0,138,0,0,3,21,5,0,39,2,113,1
0,908,0,0,1,0,1,38,3,0,54,2,82,0
0,806,0,208,1,1,2,43,2,0,83,0,130,0
0,460,0,139,0,0,1,28,4,1,40,4,88,1
1,888,1,196,0,0,2,31,2,1,55,3,81,0
1,1273,0,12,1,0,1,52,2,0,69,4,79,1
0,1428,1,261,0,1,3,25,0,1,94,4,91,0
1,590,0,53,1,0,2,14,3,0,16,2,96,0
0,256,1,273,0,0,2,21,2,0,65,0,123,0
0,723,0,85,0,0,2,7,2,0,55,1,106,1
0,823,0,43,1,0,3,11,2,1,53,4,71,1
0,1118,0,145,0,0,2,28,1,1,85,1,100,0
1,0,0,56,0,0,1,30,2,1,41,3,86,0
1,0,0,113,0,0,1,11,3,1,6,1,113,1
0,725,0,208,1,0,3,17,2,1,77,4,71,0
0,665,0,121,1,1,2,14,2,0,72,2,104,0
1,86,0,0,0,1,2,9,2,0,58,3,93,0
1,19,0,0,0,0,1,6,4,0,24,2,86,0
1,274,0,29,1,0,2,17,3,1,56,3,112,0
1,434,0,247,1,0,2,52,1,0,42,3,73,1
1,11,0,0,0,0,0,0,1,0,14,2,81,1
0,992,0,295,1,0,1,39,2,0,74,2,119,0
1,766,0,375,0,0,2,38,3,0,76,1,93,0
0,791,1,307,1,1,4,38,0,1,72,3,81,0
0,884,0,78,1,0,0,30,0,0,80,4,84,0
1,585,0,126,1,0,2,43,0,1,44,3,81,0
1,1078,0,211,1,0,2,10,3,0,71,2,113,0
1,251,0,73,1,0,0,13,4,0,36,0,92,0
1,523,0,262,0,0,2,0,2,0,54,1,91,0
1,175,1,81,0,0,1,29,5,0,60,2,101,0
1,227,0,27,0,0,2,0,3,0,31,4,80,1
0,375,1,306,1,0,1,29,3,1,70,2,115,0
1,220,1,156,0,0,3,0,0,0,44,2,105,0
0,150,1,74,1,0,0,11,2,1,37,1,110,0
1,1144,1,242,1,0,2,36,0,0,48,1,113,0
0,557,0,83,1,0,2,15,2,1,48,1,121,1
1,841,1,184,1,0,0,27,3,0,58,2,94,0
1,218,0,78,0,0,1,13,3,0,22,1,99,0
0,1247,0,188,1,1,0,2,1,0,56,3,109,0
1,1194,0,165,1,1,3,40,5,0,54,1,92,0
1,736,0,314,0,0,4,18,1,0,69,0,107,0
0,1015,0,357,0,0,2,18,0,0,60,0,130,0
0,920,0,132,1,0,2,9,3,0,50,2,102,0
1,0,0,0,0,0,2,0,2,0,0,2,92,0
1,672,0,182,1,1,3,10,1,0,49,0,119,0
1,435,0,105,1,0,1,45,4,0,5,4,70,1
1,958,1,247,0,0,2,8,3,0,55,3,94,0
1,0,0,52,0,0,0,0,4,0,22,3,88,0
1,834,0,414,1,1,1,71,1,1,74,4,81,0
1,916,0,129,1,0,3,14,1,0,48,2,90,0
0,807,0,0,0,1,2,24,2,1,38,2,108,0
1,0,0,65,0,0,0,11,4,0,13,1,96,0
0,1071,1,237,1,0,1,39,2,0,87,1,122,0
1,405,0,127,0,0,0,36,1,1,42,1,121,0
0,625,0,99,1,1,2,29,2,0,19,4,84,1
0,310,1,121,1,0,2,19,0,0,65,4,70,1
1,0,0,150,1,0,1,0,5,1,16,1,103,1
1,1018,0,181,1,0,3,17,3,0,56,4,86,0
0,680,0,123,0,1,2,28,0,0,52,4,89,1
1,16,0,0,0,0,0,0,3,0,9,2,76,1
1,615,1,164,0,0,2,9,5,0,23,0,127,0
1,103,0,57,0,1,2,39,0,0,53,2,98,0
1,72,0,24,0,0,0,6,2,0,6,4,85,1
0,436,0,254,1,0,4,7,2,0,75,1,91,0
1,598,0,178,1,0,3,17,5,0,48,1,101,0
0,519,0,168,0,0,1,29,4,0,30,1,114,0
1,50,1,243,0,0,2,33,1,0,81,2,107,0
1,688,1,204,1,0,1,21,1,0,47,3,102,0
0,613,0,149,1,0,3,63,3,0,42,4,91,0
1,615,0,0,1,0,2,13,4,0,53,1,96,0
1,0,0,0,0,0,0,0,2,0,6,3,76,1
0,750,0,303,1,0,3,45,2,1,47,3,91,0
1,404,0,0,0,0,1,19,2,1,45,3,128,0
1,124,0,78,0,0,1,0,6,0,24,4,87,1
0,260,1,172,0,0,1,19,3,0,53,3,96,0
0,597,0,329,1,0,2,34,0,0,58,2,113,0
0,876,0,0,1,1,3,32,2,1,100,1,115,0
0,249,0,26,1,0,1,31,2,0,43,3,77,1
0,375,1,173,0,1,2,42,0,1,66,3,90,0
1,825,0,35,0,0,2,21,3,1,74,2,122,0
1,0,0,138,0,0,1,57,4,0,46,4,79,1
0,586,1,92,1,0,0,34,4,1,39,2,79,0
1,181,0,134,0,0,2,10,6,0,24,2,99,0
1,0,0,174,1,1,0,40,3,1,56,4,77,1
1,304,0,169,0,0,2,25,0,0,66,1,103,0
1,1223,0,239,0,1,1,6,6,0,31,2,99,0
1,596,0,0,0,0,2,5,2,0,75,2,85,0
1,628,0,0,1,0,3,6,3,0,59,0,130,0
1,42,0,69,0,0,2,0,4,0,27,2,104,0
1,0,0,6,1,0,1,36,6,0,0,4,75,1
0,764,1,116,0,0,0,66,3,0,31,3,80,1
0,586,0,195,1,0,2,23,4,0,71,1,110,0
0,1045,0,446,1,0,1,39,1,1,78,3,105,0
0,998,0,230,1,0,1,8,0,0,75,4,97,0
1,0,0,62,1,1,1,33,3,1,25,4,94,0
0,766,0,84,0,0,5,33,0,1,74,4,73,1
1,429,1,137,0,0,3,38,5,0,46,4,73,1
1,0,0,0,0,0,1,31,3,0,13,4,79,1
1,11,0,0,0,0,0,0,0,0,14,3,79,1
0,1099,0,329,0,0,1,4,1,1,81,0,102,0
0,1110,1,286,1,0,2,16,0,0,69,3,95,0
1,665,1,70,1,0,1,14,3,0,53,2,83,0
1,800,0,217,1,1,3,20,2,0,41,3,88,0
1,719,0,249,0,0,0,0,0,0,50,3,107,0
1,454,0,102,1,0,0,19,3,0,31,3,111,0
1,650,0,216,0,1,4,38,1,0,54,4,77,1
1,157,0,225,0,1,2,17,2,0,47,0,121,0
1,691,0,127,1,0,1,29,3,0,20,2,111,0
0,1177,0,276,0,1,2,42,1,1,71,2,120,0
1,817,0,222,1,1,2,18,2,1,88,4,96,0
1,569,1,0,0,0,2,19,2,0,45,1,91,0
0,1497,1,164,1,0,3,0,2,0,45,3,80,0
1,189,0,18,0,0,2,24,2,0,0,1,105,0
0,1015,0,107,1,0,2,34,3,0,38,0,114,0
1,0,0,86,1,0,2,3,3,0,24,2,105,0
1,471,1,212,0,0,0,36,2,0,39,4,76,0
1,620,0,0,0,0,0,6,5,0,10,2,110,0
1,606,1,33,1,0,2,12,3,1,38,2,108,0
1,0,0,25,0,0,4,12,4,0,41,1,101,0
1,1480,0,134,1,0,3,34,1,0,72,0,102,1
1,898,0,133,1,1,2,32,0,0,60,4,78,1
0,396,0,95,0,0,1,4,2,0,20,3,83,1
0,780,0,238,0,0,4,30,3,1,68,1,91,1
0,444,0,187,1,1,3,23,0,1,72,2,111,0
0,716,0,254,0,0,2,38,2,0,71,0,117,0
0,921,0,73,1,0,2,10,4,1,67,2,103,0
0,1557,0,310,1,0,5,24,0,1,86,1,114,0
0,1099,1,172,0,1,2,45,1,1,71,3,108,0
1,64,0,130,0,0,2,11,1,0,39,2,104,0
0,818,0,199,0,0,0,0,2,0,49,2,109,0
1,11,0,0,0,0,0,0,2,0,1,1,81,1
1,754,0,0,1,0,1,1,4,0,32,4,86,1
0,1180,0,176,1,1,1,19,3,1,77,2,88,0
0,749,0,74,1,0,2,24,1,1,52,0,124,1
0,1162,0,0,1,0,3,10,0,0,48,1,117,0
0,423,0,94,1,1,2,29,4,1,46,0,127,0
0,376,0,3,0,0,1,10,4,0,27,3,82,0
0,451,0,123,1,1,2,26,2,0,64,3,78,0
1,0,0,124,1,1,2,50,3,0,33,4,76,1
1,1168,0,0,1,0,3,27,3,0,68,3,85,0
1,549,0,216,0,0,0,56,6,0,10,4,82,1
0,1295,1,278,0,0,5,43,1,1,86,1,111,0
1,44,0,108,0,0,0,0,3,0,14,4,70,1
0,403,0,161,1,0,0,22,1,0,49,2,90,0
1,836,0,129,1,0,2,49,6,0,46,4,98,0
1,273,0,180,0,0,1,0,3,0,14,3,95,0
0,1342,1,362,1,1,3,21,2,1,85,3,91,1
0,175,0,306,1,0,2,40,2,0,60,3,87,0
1,0,0,112,0,0,2,0,2,0,45,3,72,1
1,369,0,63,1,1,1,18,5,0,24,3,98,0
1,0,0,134,1,0,0,49,1,0,35,4,85,1
1,981,0,0,1,0,2,21,2,0,52,1,128,0
1,470,1,34,0,0,2,16,2,0,41,1,111,1
0,505,1,22,0,0,0,1,2,1,15,1,94,0
0,1022,0,211,1,0,2,25,2,1,64,4,88,0
0,1222,0,299,1,0,5,33,0,1,82,4,112,1
1,832,0,93,1,1,3,37,3,0,28,3,79,0
1,742,0,263,1,0,1,40,1,0,73,2,101,0
1,422,0,147,1,0,2,29,2,0,63,2,109,0
1,282,0,172,0,0,0,20,6,0,16,3,83,1
0,390,0,49,0,1,1,21,4,0,37,4,83,1
1,622,0,172,1,0,3,52,3,1,34,4,80,1
1,408,0,183,0,0,2,30,1,0,41,4,92,1
1,714,0,0,0,0,1,31,3,0,27,2,105,0
0,229,1,175,1,0,2,33,0,0,75,4,74,1
0,1180,0,230,1,1,1,24,2,0,61,2,101,0
0,1394,0,0,1,0,3,38,0,0,70,2,98,0
0,154,1,168,0,0,0,52,2,0,28,4,70,1
0,1046,0,204,0,0,0,37,4,0,51,4,95,0
1,1188,0,153,0,0,2,30,2,0,100,0,130,0
1,913,0,94,1,0,1,0,3,0,34,1,119,0
1,551,1,55,1,0,3,10,0,0,30,2,78,1
0,985,0,51,1,0,2,50,1,0,79,3,87,0
1,644,0,46,1,0,0,0,4,0,9,3,105,0
0,511,1,254,1,0,0,34,1,0,52,2,112,1
0,1252,0,121,1,1,4,25,2,0,80,2,74,0
1,520,0,40,1,1,0,66,4,0,21,4,82,1
1,0,0,0,0,0,0,0,0,0,14,3,80,1
1,384,0,139,1,0,3,0,2,0,51,4,103,1
1,726,0,18,0,0,0,8,4,0,48,2,93,1
1,952,0,214,0,1,1,62,2,0,29,4,72,1
1,442,0,46,0,0,0,6,5,0,58,0,100,0
0,165,1,163,0,1,0,49,4,1,44,3,83,0
1,585,1,83,1,0,2,3,5,1,49,0,117,0
1,256,0,80,1,0,1,34,5,0,47,3,79,1
0,1252,0,88,0,0,2,42,4,0,29,4,74,1
1,1102,0,0,0,0,2,38,3,0,66,4,82,1
0,1209,0,49,1,1,3,45,1,1,88,2,105,0
1,701,0,156,0,0,2,6,3,0,58,1,99,0
0,987,1,160,1,0,2,41,1,1,82,3,113,0
1,269,0,184,0,0,3,19,4,0,61,4,73,1
1,1251,1,250,1,0,2,16,0,0,63,1,80,0
1,342,1,65,0,0,0,19,1,0,35,3,99,0
0,879,0,284,1,0,2,31,0,1,81,1,98,0
0,222,0,200,1,0,3,16,0,0,32,4,94,0
1,210,1,59,0,0,2,27,0,1,71,1,111,0
0,685,0,98,0,0,1,61,0,0,69,2,94,0
1,618,0,0,1,1,0,10,2,0,57,0,98,0
0,523,1,92,1,0,3,53,1,1,59,2,71,0
1,623,0,8,0,0,1,10,2,0,28,3,113,0
1,66,1,111,0,0,2,33,1,1,41,4,81,1
0,917,0,173,0,0,2,43,2,0,82,3,95,1
0,1187,1,281,0,0,2,23,0,0,83,4,100,0
0,310,0,119,1,0,3,40,2,0,55,4,99,0
1,1281,1,221,1,1,0,11,5,0,60,4,82,0
0,0,0,79,1,0,2,10,2,0,49,3,97,0
1,782,0,44,0,1,2,55,1,0,14,4,75,1
1,415,0,212,0,1,0,31,4,1,13,3,70,1
0,1051,0,0,1,1,2,32,0,1,83,2,111,0
1,711,0,110,1,0,1,35,4,1,73,2,92,0
0,1396,1,276,1,0,3,25,1,0,48,3,108,0
0,462,0,230,0,0,1,6,3,0,50,0,127,0
1,275,1,130,0,0,1,4,3,0,55,2,108,0
1,970,1,148,1,0,1,11,2,0,73,4,111,1
0,495,0,71,1,0,1,49,2,0,30,4,82,1
1,602,0,137,0,0,2,7,2,0,58,3,104,1
0,390,1,173,1,0,2,10,0,0,81,4,70,1
0,991,0,352,1,1,2,32,4,0,83,1,119,0
1,277,0,175,1,0,1,30,5,1,11,4,72,1
0,898,1,86,1,0,2,15,2,0,64,1,114,0
1,214,0,0,0,0,1,20,5,0,3,4,75,1
1,333,0,282,0,0,1,23,4,1,53,1,103,0
1,664,1,225,0,0,1,86,2,0,43,4,70,1
0,1387,0,37,0,0,3,30,1,0,77,2,111,0
0,0,0,118,1,0,2,10,2,0,41,4,71,1
1,0,0,14,1,0,0,1,3,1,29,3,84,0
0,829,0,286,1,0,1,21,1,0,62,4,72,0
1,278,0,8,0,0,2,0,5,0,27,4,75,0
1,0,0,120,0,0,1,47,5,0,12,4,70,1
1,0,0,0,0,0,0,0,3,0,19,3,76,1
1,277,0,103,0,0,3,13,3,1,53,3,97,1
0,962,1,181,1,1,2,80,0,0,61,4,91,0
1,845,0,109,1,0,1,32,2,1,50,4,96,0
1,122,0,328,0,0,1,12,4,0,46,1,101,0
0,179,1,39,0,1,2,14,0,0,35,3,92,0
1,550,0,41,0,0,1,6,5,0,7,0,111,0
1,1246,1,244,1,0,3,37,2,0,67,0,127,0
1,784,0,46,1,0,1,7,2,1,14,1,98,0
0,221,1,138,1,0,2,16,0,0,63,3,70,0
1,0,0,182,0,0,0,35,3,0,51,4,70,1
1,1088,0,233,1,0,2,47,1,0,76,1,117,0
1,0,0,157,0,1,0,27,4,0,18,2,88,0
0,612,1,365,0,1,2,53,2,0,89,3,80,0
1,1103,0,106,1,0,2,27,4,1,56,4,74,1
0,572,0,0,1,0,2,14,1,0,76,2,90,0
0,981,0,218,1,0,0,30,1,0,61,3,70,1
1,183,0,131,1,0,1,29,4,0,38,3,75,0
0,1137,0,0,1,0,3,22,0,0,79,3,110,0
0,578,0,0,0,0,2,12,4,1,52,3,103,0
1,411,0,33,1,0,1,29,2,0,65,1,87,0
1,199,0,265,0,0,2,35,3,1,49,3,73,1
0,276,0,35,0,0,4,13,3,0,52,1,98,1
0,1012,0,148,1,0,2,28,2,1,100,2,112,0
1,94,0,245,1,0,3,48,3,1,38,4,93,0
1,1187,0,332,1,0,3,18,2,0,65,3,93,0
0,267,0,133,0,0,1,14,0,0,40,2,118,0
1,297,0,255,0,0,2,16,0,0,76,1,121,0
1,0,1,209,1,0,1,4,4,0,34,4,70,1
1,631,1,96,0,0,3,37,2,0,43,4,87,1
0,424,1,170,0,0,2,22,0,0,57,3,83,1
0,1154,0,0,0,1,2,20,1,0,61,2,119,0
0,1054,0,0,0,1,1,44,2,1,69,0,105,0
0,430,0,63,0,0,1,0,4,0,18,4,94,1
0,1247,0,49,1,0,1,29,1,0,70,1,95,0
0,924,0,183,1,1,3,8,0,0,60,0,119,0
0,0,0,173,0,0,2,19,3,0,26,2,98,1
1,195,0,151,0,0,2,39,2,1,90,4,98,1
1,634,1,217,1,0,1,18,3,1,46,2,92,0
0,792,0,190,1,0,1,9,2,0,51,1,109,0
0,298,0,104,1,0,2,80,1,0,71,3,73,0
1,1455,1,302,1,0,2,25,1,0,92,0,100,0
0,31,0,154,0,1,0,8,5,0,32,2,96,1
1,18,0,0,0,0,0,0,4,0,9,3,80,1
0,198,1,179,1,0,2,32,0,0,73,4,71,1
1,1221,1,353,0,0,2,46,1,1,81,4,118,0
0,674,1,165,1,0,3,41,2,0,72,3,75,0
1,314,1,151,1,0,0,34,3,0,60,4,80,1
1,111,0,300,0,0,1,9,2,0,52,2,108,0
1,614,0,69,0,0,1,32,5,0,37,4,81,1
1,436,0,371,0,0,2,10,1,1,37,4,70,0
1,78,1,106,0,0,0,30,4,0,61,0,116,0
0,1158,0,75,0,1,3,55,4,0,50,3,75,1
0,364,0,105,1,1,1,18,2,0,65,3,96,1
0,118,1,248,0,0,2,31,4,0,71,1,110,0
1,741,0,170,1,0,2,30,4,0,53,3,80,0
0,655,0,114,0,0,1,39,4,1,19,4,80,1
1,744,0,356,0,1,2,14,0,1,96,1,99,0
1,1077,0,140,0,0,2,9,0,0,67,2,106,0
1,0,0,0,0,0,1,7,2,1,48,2,112,0
1,13,0,0,0,0,0,0,2,0,22,3,70,1
0,454,1,258,1,1,2,23,2,0,62,1,121,0
0,1072,1,246,0,0,1,46,3,0,64,2,94,0
1,609,0,129,0,0,2,19,3,0,71,1,109,1
1,633,0,0,1,0,2,33,3,0,65,0,125,0
0,306,1,166,0,1,2,17,3,0,74,2,91,1
1,1260,0,0,1,0,0,6,3,1,26,3,98,0
1,0,0,56,0,0,0,0,4,0,18,2,113,0
0,1020,1,173,1,0,1,4,0,1,55,3,95,0
1,0,0,155,0,0,1,0,2,0,22,2,114,0
0,0,1,42,0,0,2,4,1,0,56,2,101,0
0,1092,1,185,0,1,2,28,0,0,77,1,108,0
1,654,0,243,1,0,1,1,0,1,73,3,90,0
1,153,0,18,0,0,3,7,3,0,40,4,100,0
1,888,1,142,1,1,2,12,2,0,52,4,86,0
0,89,1,69,1,0,2,20,0,0,72,3,79,1
0,1450,0,360,1,0,2,73,3,0,92,4,78,0
1,302,1,50,0,0,2,15,5,0,49,1,111,0
1,0,0,0,0,0,0,7,5,0,38,1,106,1
1,446,0,152,1,0,3,42,2,1,37,3,88,0
1,405,0,105,0,0,0,10,5,0,54,0,129,0
1,0,0,105,1,1,2,16,5,0,44,3,93,0
1,343,0,262,0,0,1,29,5,0,26,4,90,1
1,1235,0,183,1,0,3,38,1,0,98,1,86,1
1,641,0,347,0,0,2,25,0,0,83,3,105,0
1,1044,0,244,0,0,4,25,2,0,37,4,98,0
1,56,0,0,0,0,0,14,6,0,15,3,99,0
0,889,0,0,1,0,3,22,2,0,65,2,95,0
1,0,0,89,0,0,0,3,1,0,32,3,82,1
0,1204,0,0,1,0,4,55,2,0,95,3,93,0
0,1069,0,389,1,1,3,38,0,0,75,1,119,0
0,1046,0,0,0,0,2,22,0,0,55,3,91,0
1,464,0,113,0,0,2,9,2,0,35,3,91,0
1,718,0,137,0,0,1,28,0,0,54,4,80,1
1,74,0,112,1,0,0,64,4,0,16,4,70,1
0,718,0,153,0,0,0,19,3,0,35,3,109,0
1,526,0,63,1,0,0,14,4,0,64,3,85,0
0,252,1,200,1,0,2,23,0,0,74,3,70,1
0,324,1,246,1,0,3,43,1,0,45,3,120,0
0,0,0,98,0,0,2,24,1,0,22,4,72,1
1,278,0,142,0,0,2,34,4,0,47,4,87,1
1,203,0,121,0,0,1,46,4,0,44,3,83,0
0,621,0,66,1,0,1,39,4,0,3,3,89,0
1,0,0,0,0,0,0,0,1,0,20,2,76,1
1,818,0,174,1,0,1,13,1,0,51,3,90,0
0,1340,1,216,0,0,4,43,0,0,83,3,95,0
0,1035,1,339,1,0,2,38,0,0,77,2,93,0
0,854,0,281,1,1,3,12,0,0,92,1,114,0
0,159,0,0,0,1,1,76,3,0,59,4,74,1
1,12,0,88,1,0,2,20,5,0,67,2,85,0
1,230,0,250,1,0,3,15,1,1,54,2,87,0
1,267,0,24,1,0,1,0,6,0,32,2,106,1
1,3,0,0,0,0,0,0,1,0,9,2,71,1
0,559,0,221,0,1,1,10,1,0,51,4,86,1
1,636,1,155,1,1,2,17,0,1,69,3,93,1
1,1236,0,43,0,0,1,33,1,0,53,4,70,1
0,324,0,274,0,0,2,48,1,0,35,3,80,1
1,378,0,43,0,1,2,17,4,0,41,3,75,1
1,452,0,294,1,0,1,31,2,0,80,1,129,0
1,795,0,242,0,1,1,22,2,1,74,3,98,0
0,840,0,0,0,0,4,0,3,1,44,3,85,1
0,922,0,23,0,1,0,26,3,0,77,0,119,0
0,1153,0,289,0,0,4,31,0,0,85,3,83,0
1,564,0,72,1,0,2,3,0,0,36,0,95,0
1,1116,0,215,1,0,2,27,2,0,85,0,117,0
0,1289,1,248,0,0,1,55,3,0,32,4,70,1
1,492,0,234,1,0,1,22,1,0,96,0,120,0
1,482,0,115,0,0,0,7,1,0,23,0,111,0
1,78,0,85,1,1,1,9,5,1,41,1,114,0
1,58,0,0,0,0,1,10,5,1,25,3,96,1
0,272,1,200,1,0,2,39,0,0,61,3,70,1
1,151,0,0,0,0,2,15,1,1,50,4,87,1
0,410,0,157,1,0,4,30,2,0,56,4,78,1
1,777,0,87,1,0,3,19,2,0,64,2,108,0
0,790,0,261,1,1,1,42,4,0,79,3,75,0
0,719,0,189,0,0,2,14,3,1,55,4,95,0
0,1400,0,447,0,0,2,6,0,0,63,3,103,0
1,748,0,111,0,0,0,0,1,0,25,1,106,0
1,646,0,107,1,0,3,13,3,0,56,0,130,0
1,999,0,172,1,1,1,14,2,1,43,1,98,0
1,473,0,29,1,0,2,26,3,1,57,3,77,0
1,1085,0,145,1,0,2,14,1,1,42,2,110,0
0,214,1,142,1,0,2,17,0,0,63,3,70,1
1,47,0,0,0,0,2,17,2,1,26,3,75,1
0,463,0,160,1,0,0,21,0,1,59,2,107,0
1,0,0,118,0,0,0,71,0,0,18,4,87,1
1,850,1,462,1,1,3,22,0,0,100,0,122,0
1,675,0,35,0,0,2,14,0,0,73,4,92,0
1,640,1,110,0,0,0,36,0,0,47,2,84,0
1,300,0,222,1,1,0,18,2,0,38,4,89,0
1,15,1,160,0,0,0,25,2,1,39,4,75,1
1,272,0,119,0,1,1,45,4,0,34,4,84,1
1,673,0,98,0,1,1,3,1,0,54,1,101,0
0,0,0,32,1,0,2,14,3,0,37,1,113,0
1,334,0,131,0,0,3,5,1,1,42,3,70,1
1,647,0,100,1,0,1,20,2,0,25,3,94,0
1,265,0,227,0,0,1,5,3,1,36,4,88,1
0,1410,1,185,1,1,4,44,0,0,87,2,102,1
1,487,0,322,0,0,3,17,2,1,96,1,95,0
1,829,1,220,1,0,2,22,1,1,49,1,96,0
0,1269,0,210,0,0,1,7,0,0,62,3,98,0
1,396,0,0,1,1,1,31,4,0,21,3,75,1
1,1,0,0,0,0,0,0,4,0,1,2,84,1
1,1016,1,0,0,0,0,5,1,1,40,2,89,0
0,233,0,50,0,1,3,37,1,1,62,2,109,0
1,309,0,153,0,0,1,8,4,0,34,2,109,0
0,1423,0,417,0,0,3,36,1,0,63,3,76,1
1,884,0,185,1,1,2,33,2,0,74,2,94,0
0,1021,0,219,0,0,2,19,2,0,52,3,109,0
1,446,0,318,1,0,1,3,3,1,38,3,83,0
1,437,1,151,0,0,3,13,2,1,49,2,115,0
0,724,1,303,1,1,3,41,1,1,80,3,70,0
0,1317,1,175,1,0,2,46,0,0,82,2,123,0
1,1150,0,34,0,0,2,12,1,1,73,1,115,0
1,118,0,92,0,1,0,15,2,0,53,4,82,1
0,1196,0,170,1,0,2,28,0,0,91,2,109,0
1,427,0,20,0,1,1,11,2,0,24,4,80,0
0,680,0,33,1,0,0,18,4,0,29,1,89,0
1,397,0,156,1,1,2,13,0,1,61,2,95,0
0,1009,1,168,1,0,1,20,2,1,54,2,115,0
0,792,0,114,1,0,0,39,1,0,58,3,85,0
1,823,0,0,1,0,2,23,3,0,52,3,85,0
0,986,1,264,1,1,2,21,1,1,73,1,103,0
1,0,0,197,0,0,0,37,4,0,30,4,84,1
1,212,1,230,0,0,0,9,1,0,38,2,105,0
1,875,1,152,1,0,0,3,3,0,28,0,120,1
0,815,0,252,0,1,1,0,3,0,42,1,105,0
1,0,0,92,0,0,1,1,5,0,33,1,102,0
1,695,0,120,0,0,0,25,4,0,32,1,77,0
1,15,0,168,1,0,0,43,5,0,32,3,72,0
1,424,0,119,0,0,3,0,0,0,52,1,93,0
0,1152,0,170,0,0,1,52,4,0,41,3,79,1
1,941,0,138,1,0,4,41,4,0,56,3,89,0
0,468,0,105,0,0,2,19,2,1,42,2,90,0
1,0,0,0,1,1,0,51,1,0,28,2,80,0
1,46,0,17,0,0,1,12,2,0,15,2,94,0
1,65,0,42,0,0,5,72,4,0,20,4,70,1
1,0,0,283,0,1,4,26,0,1,87,1,105,0
1,508,0,113,0,0,2,8,3,1,40,2,104,0
0,1441,1,307,1,0,2,15,0,1,92,2,96,1
0,470,0,11,0,1,2,0,4,0,56,2,106,0
0,1020,0,205,1,1,2,34,0,1,76,0,129,0
1,0,0,20,0,1,0,10,2,0,19,1,103,1
0,791,0,176,1,0,3,37,4,0,66,4,82,1
1,369,0,146,0,0,0,27,4,0,40,2,122,0
1,31,0,47,0,0,2,29,1,0,44,1,122,0
1,0,0,132,0,0,1,42,3,0,51,4,83,1
0,751,1,364,1,0,1,13,2,0,63,2,130,0
1,243,0,179,1,1,0,29,2,0,31,3,71,1
1,217,0,0,0,0,2,15,3,0,41,2,105,0
1,1020,1,214,1,0,4,11,2,0,57,4,89,1
1,439,0,0,1,0,0,13,5,0,28,2,123,0
0,696,0,135,1,1,1,16,2,1,68,2,109,0
0,148,1,112,1,0,2,35,0,0,50,4,70,0
1,0,0,152,0,0,1,30,2,0,59,2,82,0
1,0,1,227,1,0,2,29,0,1,64,4,99,0
1,865,0,183,1,0,2,23,1,0,73,3,79,0
0,439,0,38,1,0,0,5,2,0,14,4,79,1
0,1020,0,202,0,0,2,34,3,1,64,4,92,0
0,953,0,134,1,0,0,51,0,1,38,3,77,0
1,377,0,152,0,0,0,0,2,0,34,3,104,0
1,848,1,275,1,0,3,62,0,0,80,3,90,0
0,765,1,291,0,1,2,4,1,0,58,2,130,0
0,805,0,142,0,0,3,42,3,0,41,3,87,1
1,72,0,78,0,0,0,15,3,0,32,2,107,0
0,227,1,173,1,0,2,12,0,0,63,3,78,1
0,453,0,140,0,1,0,17,4,0,45,3,71,1
0,1427,0,96,1,1,2,20,0,1,80,1,102,0
1,73,0,43,0,1,0,12,3,0,42,2,80,0
0,425,0,256,1,0,3,0,1,1,51,4,87,0
0,686,1,412,1,0,4,16,0,0,93,4,78,0
0,541,0,15,0,0,4,25,0,0,71,2,91,0
1,0,0,87,1,0,3,25,1,1,41,3,83,0
1,397,1,59,1,1,2,16,1,1,44,4,82,1
1,1386,1,193,0,0,4,8,1,0,62,0,109,0
0,960,0,100,0,0,1,44,3,0,46,3,80,1
0,496,0,106,0,0,1,0,2,1,55,2,100,0
1,457,1,192,1,0,2,13,4,0,28,2,114,0
0,950,0,367,1,1,2,22,1,0,98,2,119,0
0,900,1,184,0,0,0,27,2,0,67,1,97,0
0,748,0,0,1,0,0,20,2,0,49,2,91,0
0,1314,1,157,0,1,3,29,3,0,79,3,84,0
1,0,0,108,1,0,1,6,2,1,39,1,102,0
1,459,0,0,0,0,1,1,4,0,30,3,90,0
1,200,0,79,1,0,1,0,4,0,32,3,98,0
0,713,0,151,0,0,2,43,2,0,63,2,85,0
1,0,1,178,0,0,1,0,4,0,25,3,89,0
1,533,0,250,1,1,3,19,3,1,62,4,96,0
1,343,0,262,1,0,1,25,0,0,52,4,79,1
1,343,0,239,1,0,3,29,3,0,33,2,74,0
1,33,0,59,0,0,4,0,4,0,2,1,117,0
0,1352,0,118,0,1,0,6,2,0,25,4,87,1
1,195,1,162,0,1,3,23,0,1,72,4,90,0
1,677,0,219,1,0,2,14,5,0,44,1,80,0
1,478,1,206,1,1,1,50,1,1,80,4,85,1
1,124,0,11,1,0,1,1,5,1,30,4,77,1
0,1057,0,245,1,0,0,14,0,1,78,4,83,1
1,304,1,69,1,0,1,3,3,0,36,2,95,0
1,981,0,229,1,0,2,30,3,0,73,2,110,0
0,349,1,108,0,0,0,4,3,0,32,2,125,0
1,148,0,161,0,0,3,21,3,0,19,4,90,1
0,945,0,0,0,0,2,25,0,0,75,1,102,0
0,629,1,0,0,1,0,29,2,0,37,2,96,0
0,328,0,0,0,0,0,17,3,1,36,2,116,0
1,166,0,33,0,0,1,12,3,0,22,3,70,1
1,1298,1,88,1,0,0,76,1,1,65,2,88,0
0,780,0,0,0,0,0,34,4,0,31,1,89,0
1,744,0,0,1,1,1,12,4,0,14,3,79,1
1,1318,0,78,1,1,3,27,1,0,90,1,95,1
1,0,0,29,0,0,0,14,5,0,7,2,107,0
1,342,0,57,0,0,0,2,5,1,33,3,84,0
1,821,0,37,0,0,3,2,2,0,30,4,107,1
1,0,0,86,0,0,0,33,3,0,16,3,73,1
1,600,0,194,0,0,0,11,4,0,10,0,114,0
1,0,0,67,0,1,2,10,2,0,58,1,130,0
0,766,1,413,1,1,1,28,4,0,80,4,89,0
0,455,0,228,0,1,1,15,3,0,54,2,130,0
1,760,0,57,0,1,3,22,2,0,54,4,94,0
1,24,0,54,0,1,2,62,2,0,25,4,85,1
1,619,0,148,1,0,1,51,3,1,44,4,86,0
1,818,0,123,1,0,1,2,3,0,41,2,93,0
1,452,1,229,1,0,2,24,2,0,37,2,96,0
0,459,0,19,1,0,1,32,2,0,53,4,92,0
1,1081,0,178,1,0,0,17,0,1,61,0,125,0
1,15,0,0,0,0,0,0,3,0,13,1,79,1
0,759,0,304,1,0,2,38,0,1,79,2,99,0
1,860,1,206,0,0,3,17,0,0,73,3,98,0
1,580,0,86,0,0,1,6,4,0,48,3,96,0
0,492,0,208,1,0,2,22,2,0,60,3,101,0
0,682,0,44,1,0,0,40,1,1,35,4,86,1
0,1289,0,155,0,0,1,21,4,0,38,3,97,0
1,1011,0,393,1,0,2,31,3,0,90,2,98,1
0,24,0,124,1,0,0,22,1,0,46,1,114,0
1,728,1,104,0,0,2,9,1,1,54,3,106,0
1,597,0,51,1,0,1,59,4,0,35,3,74,0
1,85,1,20,1,0,1,0,2,0,21,1,102,1
0,1396,1,244,0,0,2,34,0,0,76,4,94,0
0,757,0,183,1,0,1,20,2,1,59,4,83,0
0,243,1,135,1,0,2,41,0,0,62,3,70,1
1,1265,0,303,1,0,1,55,3,0,70,4,72,1
0,542,0,129,0,0,1,12,5,1,57,1,106,0
0,701,0,164,0,1,4,13,1,1,59,0,90,0
1,309,0,62,1,1,1,15,4,0,54,4,99,0
0,475,0,151,1,1,3,14,1,1,55,4,104,0
1,0,0,133,0,0,1,49,3,0,20,4,76,1
0,839,0,0,1,0,1,0,2,0,42,2,107,0
1,944,0,225,0,0,3,32,1,0,76,1,102,0
1,856,1,252,0,1,0,8,3,1,61,4,94,0
1,937,0,334,1,0,2,25,2,1,42,2,110,0
0,451,0,84,0,0,2,10,1,1,60,2,124,1
1,358,0,118,0,0,3,14,1,1,41,4,94,0
1,997,1,213,1,0,2,35,1,1,94,4,92,0
0,834,0,311,0,0,4,14,2,0,73,1,121,0
1,591,0,186,1,0,1,24,2,1,46,1,109,0
0,1046,0,167,1,0,1,19,2,0,42,3,99,0
1,213,1,95,0,0,2,8,6,0,38,3,83,0
0,1437,1,188,1,0,2,41,2,0,57,3,87,1
1,23,1,220,0,0,2,27,3,0,60,1,128,1
1,921,0,52,0,0,0,0,4,0,29,2,114,0
0,1532,0,124,1,1,3,43,0,1,72,2,106,0
1,403,0,60,0,0,1,13,3,1,26,0,130,0
1,720,0,134,1,1,0,9,3,0,49,4,79,1
1,85,0,0,0,0,1,3,4,0,20,4,89,1
0,960,1,221,1,1,2,7,3,0,85,0,128,0
1,514,0,162,0,0,1,21,3,0,37,4,86,1
0,225,0,0,1,0,0,0,1,0,63,3,84,0
0,942,0,99,1,1,3,15,5,0,63,2,104,0
0,223,0,89,1,0,2,2,1,0,32,3,104,0
0,115,1,120,1,0,2,45,0,0,63,4,70,1
1,882,1,129,0,0,3,11,0,0,58,2,92,0
0,1051,0,208,0,1,0,17,2,0,36,0,95,0
1,507,0,90,0,0,0,0,0,0,19,2,110,1
1,0,0,3,0,0,3,0,3,0,31,3,80,1
1,16,0,0,0,0,0,0,1,0,10,1,83,1
1,600,0,246,0,0,1,22,1,1,66,2,116,0
1,637,1,89,0,0,0,1,1,0,34,4,87,1
1,173,0,148,0,0,0,24,2,0,24,2,111,0
0,569,1,297,0,0,1,32,2,1,81,1,114,0
1,998,1,255,0,1,1,50,4,0,46,3,86,0
0,1027,1,105,1,0,4,32,1,0,80,4,83,1
0,878,1,282,0,0,2,38,2,0,84,2,93,0
1,0,1,0,1,0,2,15,2,0,50,4,84,0
1,328,0,353,0,0,0,60,5,0,20,3,72,1
1,288,0,55,1,1,0,14,4,0,29,2,88,0
0,1326,1,352,1,1,2,38,1,0,82,4,110,0
0,173,1,166,1,0,2,33,0,0,70,3,75,1
1,642,0,0,0,0,1,21,3,0,61,3,90,0
0,926,0,286,1,0,4,38,1,1,70,4,88,0
1,633,0,122,0,0,3,16,4,0,55,3,88,1
1,211,0,56,0,0,1,21,4,0,26,1,111,0
0,730,0,238,1,0,1,14,3,0,47,4,90,0
1,0,1,56,0,0,0,16,5,0,35,3,106,0
0,542,0,176,1,0,2,11,2,0,61,3,77,0
1,668,1,115,1,1,2,9,1,0,74,2,87,0
1,203,0,228,1,0,2,29,3,0,42,4,95,0
1,492,1,115,0,0,0,16,2,0,55,2,86,0
1,195,1,150,0,0,1,24,4,0,32,2,123,0
0,910,0,60,0,0,2,16,2,0,45,1,115,0
0,641,0,64,0,0,0,1,4,0,45,4,88,1
1,393,0,266,1,1,1,31,2,0,69,3,109,0
1,4,0,0,0,0,0,0,1,0,7,2,75,1
1,689,1,143,0,0,3,27,2,0,39,3,87,0
1,148,0,51,0,0,0,1,2,1,10,2,113,0
0,805,0,330,1,0,1,42,3,0,80,1,122,0
1,922,0,236,0,0,1,19,2,1,60,1,114,1
1,0,0,64,0,1,1,12,0,0,30,1,102,0
1,551,0,88,1,0,1,22,3,0,25,4,76,1
1,133,0,0,0,1,1,10,1,0,77,3,103,0
1,0,0,0,0,0,0,0,4,0,23,2,88,0
1,0,0,140,0,0,0,0,7,0,28,2,90,0
0,799,0,40,0,0,1,42,3,1,57,3,80,0
0,783,0,266,1,0,2,36,0,0,62,2,107,0
1,0,0,105,0,1,2,0,2,0,45,0,108,0
0,377,0,0,0,0,0,15,0,1,30,1,126,0
0,1099,0,87,1,1,2,38,0,0,66,3,110,0
0,1106,0,208,0,1,0,40,1,1,82,3,96,0
1,163,0,93,0,0,0,19,3,0,28,3,84,0
1,480,0,0,1,1,1,4,4,0,52,1,103,0
0,1378,0,285,1,0,3,68,0,1,72,2,97,0
0,731,0,0,0,1,2,25,2,0,47,1,98,0
1,332,0,258,0,0,0,11,4,0,51,1,115,0
1,8,0,0,0,0,0,0,3,0,12,3,85,1
1,624,0,81,0,0,1,9,3,0,36,3,92,0
1,597,0,330,1,0,0,55,3,0,57,3,84,0
0,917,0,152,1,0,1,2,0,1,88,4,85,0
1,447,0,70,0,1,1,11,1,1,41,0,105,0
1,172,0,84,0,0,0,0,4,0,41,3,102,0
1,573,0,0,0,0,0,48,2,0,12,4,75,1
1,0,0,0,0,0,0,0,3,0,22,1,76,1
1,573,0,54,1,0,0,0,3,0,12,3,104,1
1,1087,0,54,1,1,2,10,2,0,32,1,84,0
1,0,0,196,1,0,0,32,7,0,18,3,83,0
0,1158,1,138,0,0,0,12,0,1,55,0,128,0
0,984,1,73,1,0,3,5,3,0,59,3,115,0
1,593,0,140,0,0,3,12,4,1,33,3,90,0
1,823,0,0,1,0,3,49,2,0,84,3,80,0
0,267,1,170,1,0,2,38,0,0,52,2,70,1
1,901,1,198,1,0,2,24,2,1,67,1,94,0
1,333,0,0,1,0,2,32,2,0,21,4,73,1
0,285,0,58,1,0,2,14,2,0,38,3,102,0
1,78,0,266,0,0,0,0,2,0,62,1,101,0
1,711,0,155,1,1,0,15,1,0,78,4,85,0
0,607,0,129,1,0,0,38,2,0,48,2,73,1
1,4,0,0,0,0,0,0,2,0,14,2,76,1
1,440,0,78,0,0,1,43,6,1,40,4,74,1
0,374,0,274,0,0,2,39,4,1,63,2,100,0
1,219,0,272,1,0,0,0,2,1,32,3,98,0
0,696,1,299,1,1,1,35,2,0,63,3,74,0
0,2,0,138,0,0,1,9,3,0,37,3,119,0
0,790,0,261,0,0,3,24,2,1,73,3,108,0
1,704,0,77,1,0,1,0,2,0,26,3,94,1
0,1015,0,329,1,0,4,21,0,0,83,1,118,1
0,272,0,57,0,0,1,50,1,0,57,4,79,0
1,1094,0,104,1,0,0,12,0,0,92,2,92,1
1,1161,0,265,1,0,4,13,4,0,70,3,98,0
1,122,0,119,0,0,0,0,2,0,10,4,87,1
0,142,1,118,1,0,2,17,0,0,70,4,71,1
1,233,0,42,0,0,1,44,5,0,29,3,74,1
1,575,1,0,1,0,0,15,1,0,75,3,97,0
1,0,1,107,0,1,1,9,2,0,49,2,103,0
1,438,0,51,1,0,0,43,3,0,15,3,86,0
0,974,0,261,1,0,0,6,1,0,55,4,77,1
1,607,1,161,1,1,1,25,3,0,42,3,106,0
0,1392,1,115,1,0,1,38,0,1,82,4,70,1
0,1009,1,201,0,0,2,56,0,1,88,4,87,0
1,813,1,380,0,0,2,18,0,1,74,4,78,0
1,0,0,0,0,0,0,15,3,0,0,4,116,0
1,714,0,13,0,0,0,40,3,0,34,4,72,1
0,176,1,62,1,0,2,29,0,0,77,4,81,1
1,12,0,0,0,0,0,0,0,0,1,2,73,1
0,1296,0,250,1,1,1,51,0,0,78,4,90,1
1,0,0,73,0,0,0,19,4,0,14,2,93,0
0,1092,0,267,1,0,2,22,2,0,74,2,118,0
1,727,0,288,1,0,1,20,3,0,62,2,100,0
1,639,0,131,0,0,3,2,0,1,63,3,80,0
0,1272,0,257,0,0,1,26,3,1,61,2,89,0
1,710,0,312,1,0,2,40,0,1,44,3,86,0
0,1160,0,321,1,0,3,46,0,0,83,3,81,0
1,681,0,92,0,0,2,11,3,0,52,2,102,0
1,384,0,117,0,0,2,17,3,0,30,2,114,0
0,997,1,255,1,0,3,29,0,0,72,0,120,0
0,1447,1,41,1,0,2,32,1,1,77,4,76,1
0,886,0,63,0,0,1,17,1,0,56,0,106,0
1,383,0,0,0,0,0,28,3,1,28,4,91,0
1,393,0,30,0,0,2,18,3,0,45,4,105,0
0,1146,0,311,0,1,2,33,1,0,71,2,122,0
0,736,0,245,0,0,1,26,0,1,56,0,120,0
1,365,0,86,1,0,1,23,4,0,37,3,75,1
1,1026,1,121,1,0,2,20,3,0,44,1,105,0
1,1332,0,237,0,0,1,2,2,1,49,1,89,0
1,663,0,139,0,0,0,14,4,1,39,3,78,1
0,1017,0,393,1,1,3,37,1,0,91,3,81,0
1,1009,0,0,1,0,3,35,0,1,63,4,98,0
1,731,1,84,0,0,2,53,1,1,66,3,71,1
1,0,0,48,0,0,2,23,0,1,38,4,75,1
1,831,0,257,1,1,2,28,0,0,100,0,124,0
0,517,0,174,1,0,0,6,3,0,61,2,78,0
1,0,0,22,0,1,0,54,2,0,30,4,112,0
1,473,0,185,1,1,2,4,1,0,35,3,84,1
1,795,0,159,0,1,3,10,1,0,49,3,95,0
0,138,1,153,1,0,2,12,0,0,71,3,75,1
1,0,0,66,1,0,3,31,1,0,25,4,77,1
0,974,1,272,1,0,4,23,1,0,73,1,119,0
1,303,0,77,0,0,0,12,4,0,62,2,114,1
0,962,1,220,1,1,2,31,2,0,42,2,92,0
0,1361,0,174,1,1,2,23,2,1,56,3,91,0
0,1378,1,331,1,0,1,19,1,0,85,2,126,0
1,240,0,0,1,0,0,0,3,0,21,1,114,0
0,807,1,198,0,0,2,7,4,0,20,4,90,1
1,11,0,0,0,0,0,0,0,0,15,2,73,1
0,1026,1,229,0,0,2,36,0,0,67,2,107,0
0,475,0,0,1,0,1,23,2,0,77,2,110,0
1,756,0,211,0,1,2,27,3,0,45,1,117,0
1,636,0,138,1,0,3,33,4,1,54,1,105,0
0,1015,0,83,1,0,2,40,0,0,63,1,100,0
1,464,1,13,1,0,1,4,4,0,18,3,94,1
1,727,0,76,0,0,0,0,1,0,64,1,127,0
1,256,0,111,0,0,1,24,3,0,56,3,100,0
0,1079,0,197,1,0,1,32,1,1,53,3,79,0
1,0,0,34,1,0,1,14,1,0,29,0,92,0
1,0,0,88,1,0,1,50,3,0,33,3,76,0
0,1110,0,236,1,0,4,47,1,1,93,0,107,0
1,934,0,145,1,0,1,27,4,1,63,1,94,0
0,0,1,80,1,1,1,13,4,0,45,4,79,1
1,848,1,300,0,0,3,13,0,0,74,2,99,0
0,253,1,152,1,0,2,10,0,0,64,2,85,1
0,808,0,122,1,0,1,25,4,1,47,4,70,1
1,129,1,1,0,0,2,1,5,0,47,1,111,0
1,361,1,153,0,0,0,24,3,0,45,3,94,0
0,208,0,287,0,0,3,8,0,0,76,3,105,0
0,955,0,177,0,0,1,45,2,0,56,4,75,1
0,657,0,248,0,0,2,37,0,0,62,4,80,1
1,0,0,56,1,1,1,6,4,0,7,1,98,1
1,1089,0,285,1,0,2,31,2,1,54,4,80,1
1,330,1,147,1,0,1,0,3,0,62,4,84,0
1,472,0,0,1,0,3,32,1,0,49,1,107,1
1,938,0,197,0,1,2,36,0,0,72,3,92,0
0,1553,0,366,1,0,4,39,1,1,83,2,102,0
1,384,0,134,0,0,2,19,1,0,27,0,110,1
1,58,0,115,0,0,0,16,3,0,33,3,85,0
0,952,1,249,0,0,2,14,1,0,64,2,108,0
1,20,0,110,0,1,3,38,2,1,79,4,82,1
0,606,1,0,1,0,0,33,1,1,54,2,107,0
1,126,0,106,0,0,2,19,4,0,36,4,74,0
1,216,0,0,0,0,0,10,4,0,37,1,103,0
0,1148,1,344,1,0,2,52,0,1,81,4,101,0
1,414,0,219,0,0,3,25,0,1,45,2,117,0
0,1203,1,171,1,0,2,26,2,0,52,3,76,0
1,281,0,239,0,0,1,35,3,0,34,4,80,1
0,1319,0,245,1,0,3,58,3,0,78,3,79,0
0,775,0,0,1,0,2,16,3,1,22,2,101,0
1,853,0,75,0,0,0,23,4,0,36,2,111,1
1,1069,0,87,0,0,1,8,3,1,61,1,87,1
1,743,0,62,1,0,0,0,5,1,33,3,109,0
0,0,0,155,1,0,1,60,0,0,34,4,96,0
0,1033,0,372,1,0,3,48,2,0,87,1,118,0
0,886,0,239,1,1,2,6,1,1,60,3,104,0
1,37,0,24,1,0,2,0,3,0,30,3,76,1
0,1130,0,10,1,1,2,34,1,0,67,2,76,0
1,0,0,125,1,0,2,20,2,1,46,2,104,0
1,103,0,28,1,0,0,0,5,1,24,3,102,1
0,357,0,70,0,0,2,15,4,0,30,4,93,1
1,0,0,37,0,0,2,34,2,0,31,3,84,0
1,576,0,108,0,0,0,12,1,0,16,4,80,1
1,1236,0,0,1,1,3,34,3,0,83,0,122,0
1,447,0,0,0,0,0,16,3,0,21,2,95,0
0,737,0,228,1,1,1,4,4,1,35,1,101,1
1,808,0,86,1,1,2,45,3,0,66,4,94,0
0,770,1,126,1,0,2,38,0,0,32,4,107,0
1,1182,0,192,1,1,2,36,0,0,69,1,110,1
1,494,0,65,0,1,1,0,4,0,21,2,104,0
1,0,0,31,0,0,1,6,5,0,15,2,76,0
0,226,1,164,1,0,2,26,0,0,77,3,70,1
1,471,0,80,1,0,0,25,2,1,72,3,75,0
0,1076,0,0,1,0,3,18,2,0,82,1,106,0
0,328,0,137,0,0,1,14,2,0,57,2,106,1
0,143,0,5,0,0,0,0,2,0,40,4,70,1
1,419,0,88,0,0,2,38,3,0,40,4,87,1
1,819,0,211,0,1,4,4,6,0,22,0,96,0
0,1126,0,285,1,0,2,25,3,0,68,2,101,0
1,234,0,4,0,0,0,20,2,0,0,4,92,1
0,833,0,23,1,0,2,10,0,0,55,3,89,0
1,849,0,296,0,0,2,42,5,0,36,4,70,1
1,1144,1,216,1,0,2,19,2,1,61,1,108,1
1,889,0,0,1,1,1,29,3,1,52,0,103,0
1,35,1,200,0,0,2,28,4,1,29,3,88,0
1,1062,0,309,1,1,2,24,2,0,53,3,80,0
1,665,0,50,1,0,0,24,4,1,15,1,100,0
1,732,0,248,0,0,4,35,1,0,85,1,117,0
1,771,1,269,1,0,4,38,0,0,76,4,107,0
0,714,1,421,0,1,4,27,2,0,63,1,100,0
1,488,1,89,0,0,1,36,1,0,41,4,79,1
1,178,0,0,0,0,3,16,4,1,19,2,110,0
0,790,0,130,1,0,2,5,4,0,42,2,97,0
0,1582,1,268,0,0,3,37,2,1,96,2,71,0
0,644,0,245,0,1,2,9,2,0,43,2,85,0
0,778,0,0,1,1,0,47,2,1,33,4,70,1
0,1467,0,381,1,0,2,51,0,1,84,4,80,0
1,666,0,64,0,0,3,36,2,1,17,3,93,1
1,144,1,0,0,0,1,2,3,0,32,4,84,1
0,1222,0,204,0,0,3,38,2,0,62,1,105,0
0,648,0,199,0,1,4,18,5,0,55,3,74,1
1,552,0,200,1,0,4,38,2,0,71,2,101,0
1,451,0,19,1,0,0,0,6,1,51,3,90,0
0,1315,0,107,0,0,2,14,1,0,65,3,115,0
1,0,0,237,0,0,1,50,3,0,39,3,70,1
0,109,1,145,1,0,2,26,0,0,60,4,77,0
0,861,0,0,1,0,2,20,2,1,15,0,130,1
0,831,0,81,1,0,1,16,1,0,64,3,70,1
0,676,0,314,1,0,1,20,0,0,57,1,105,0
1,805,0,5,1,0,1,31,4,0,59,1,108,0
1,633,0,140,1,0,0,20,4,0,47,1,112,0
1,0,0,65,0,0,0,24,3,0,12,3,80,1
1,576,0,81,0,0,2,32,3,0,32,4,70,1
1,0,0,126,0,0,1,31,2,0,33,3,92,1
0,1430,1,183,1,1,1,19,0,0,79,2,104,0
1,494,0,24,1,0,0,18,2,0,27,2,96,0
1,0,0,140,0,0,1,0,2,0,28,3,96,0
1,286,0,118,0,0,0,25,3,1,31,0,93,0
1,502,0,91,1,0,1,0,4,0,13,4,78,1
1,436,1,72,0,0,3,23,2,0,28,1,103,0
1,307,0,161,1,0,0,42,1,1,30,4,70,1
1,702,0,2,1,0,3,21,3,1,39,2,90,0
1,276,1,136,1,0,1,0,1,0,61,2,79,0
0,863,0,178,0,0,0,55,3,1,45,4,74,0
0,416,1,279,1,0,1,39,2,0,43,4,98,0
0,1503,0,365,1,1,2,45,0,1,92,2,110,0
1,397,0,82,0,1,0,18,4,0,12,3,100,0
0,399,0,381,1,0,3,24,1,0,57,4,88,0
0,839,0,0,1,0,1,0,4,0,11,0,95,0
1,1048,1,155,1,1,4,22,1,1,68,1,106,0
0,736,0,40,0,0,1,10,5,0,27,2,120,0
1,135,0,110,0,0,2,17,3,1,42,2,80,1
0,922,0,496,0,1,2,40,1,0,73,3,98,0
0,1198,1,409,1,0,4,48,0,0,89,2,111,0
1,1010,0,37,1,0,1,0,3,1,43,0,113,1
0,1116,0,88,1,0,2,21,4,1,65,2,119,1
0,1437,0,177,0,0,1,0,3,0,69,3,110,0
1,1102,1,230,0,0,1,32,3,0,69,1,105,1
0,0,1,49,1,0,0,0,2,1,27,3,99,0
1,0,0,0,0,0,0,0,1,0,5,3,70,1
0,0,1,218,1,0,3,19,4,1,31,2,105,0
1,2,0,0,0,0,1,0,4,0,18,1,105,1
0,421,0,167,1,0,2,11,0,0,35,3,103,0
0,888,1,310,1,0,1,14,3,0,54,1,113,0
0,271,0,63,0,0,3,0,2,0,39,4,73,1
1,187,0,218,0,0,1,39,3,1,29,4,70,1
0,37,0,92,0,0,0,0,3,0,42,1,113,0
1,336,0,0,1,0,2,29,3,0,51,4,84,0
1,534,0,116,1,0,1,54,1,0,42,4,77,1
1,246,0,218,0,0,5,20,3,0,47,2,113,1
1,692,0,14,0,1,1,26,5,0,21,2,102,1
1,893,0,137,0,0,0,34,4,0,44,3,88,0
1,1135,0,282,1,0,2,19,3,0,58,3,100,0
0,1009,0,30,1,1,2,16,2,1,59,2,112,0
0,967,1,53,1,0,3,5,3,0,60,1,98,0
0,670,0,106,0,0,2,15,1,0,50,2,82,0
1,0,0,88,0,0,0,0,8,0,20,2,83,0
1,277,1,221,0,0,2,23,0,1,68,3,92,0
1,0,0,168,1,0,0,12,5,1,52,1,113,0
1,377,0,127,0,1,0,50,2,0,59,1,108,0
0,573,1,135,1,0,0,4,3,0,65,4,99,0
1,151,0,140,0,0,1,13,3,0,46,1,111,0
1,215,0,257,0,0,0,48,5,0,13,4,90,1
1,438,1,108,0,1,0,40,4,0,27,0,116,0
0,169,1,132,1,0,2,29,0,0,62,3,77,1
1,912,0,233,0,0,2,48,2,0,53,2,89,0
0,932,1,0,0,0,2,12,1,0,82,0,124,0
0,966,1,76,0,0,2,27,2,0,60,4,80,1
1,586,1,93,0,0,1,24,2,0,35,0,115,0
1,644,0,117,0,1,1,10,3,1,28,4,85,1
0,229,1,299,1,0,2,1,0,0,55,0,116,0
0,1297,1,259,1,0,2,41,4,0,65,3,79,1
0,313,0,248,1,0,0,14,1,0,66,3,91,0
0,1066,0,229,0,0,2,33,0,0,72,2,82,0
1,194,0,200,1,0,0,14,0,0,45,2,83,0
1,1346,0,224,0,0,2,33,0,1,40,0,110,0
1,0,0,166,0,0,2,4,2,0,49,1,102,0
1,0,0,103,0,1,0,24,2,0,3,0,93,0
1,219,0,0,1,1,0,0,0,0,39,1,99,0
1,386,0,28,0,0,0,39,5,0,29,4,76,1
1,423,0,344,1,1,1,5,1,0,73,3,118,1
1,747,0,50,0,0,0,0,2,0,22,2,109,0
0,352,1,80,1,0,1,12,2,1,65,0,122,0
1,315,0,186,0,0,1,30,1,0,73,1,100,0
1,936,0,120,1,0,3,39,4,1,74,2,116,0
1,0,0,173,1,0,0,35,1,0,62,3,76,0
1,0,0,120,0,0,4,14,6,0,30,1,124,0
1,987,1,188,0,0,0,31,1,0,49,4,81,1
0,212,1,180,1,0,2,10,0,0,50,2,74,1
1,195,0,54,0,0,2,16,3,0,30,1,86,0
1,375,0,242,1,0,2,23,0,0,56,4,89,0
1,118,0,0,0,0,0,0,1,0,49,3,101,0
1,938,0,215,1,1,0,38,2,0,32,4,80,1
1,255,0,217,1,0,2,20,6,0,65,3,84,0
1,894,1,301,1,0,3,0,2,0,57,1,108,1
1,0,0,176,0,1,1,0,1,0,46,2,107,0
1,819,0,92,1,0,2,30,1,0,58,4,83,0
0,638,0,139,0,0,3,23,0,0,85,2,90,0
0,466,1,250,0,0,3,13,0,1,76,1,108,0
1,1234,1,305,1,0,1,33,1,0,78,4,92,0
0,137,0,0,1,0,1,26,3,0,22,3,101,0
0,1007,1,307,0,0,3,19,2,0,55,3,101,0
1,962,0,164,1,0,1,0,1,1,43,2,106,1
0,1225,0,74,1,1,2,17,1,0,39,4,73,1
1,368,0,163,1,0,0,8,2,0,28,1,89,1
1,223,1,93,0,0,1,17,2,0,26,3,98,0
1,19,0,0,0,0,0,0,2,0,10,1,77,1
0,0,0,95,0,1,3,9,2,1,48,2,94,0
1,316,0,251,1,0,0,25,4,0,15,4,80,1
1,58,0,0,1,0,0,12,5,0,19,3,84,1
0,424,0,140,1,0,1,9,0,0,59,2,74,1
1,527,0,73,0,1,3,12,1,1,55,3,119,0
0,1117,0,173,0,0,2,11,2,1,50,2,111,0
1,0,0,0,0,0,0,0,0,0,22,3,72,1
1,36,1,264,1,0,2,44,3,0,51,4,76,1
0,187,1,175,1,0,2,24,0,0,67,2,77,1
1,178,0,98,1,0,0,0,5,0,41,3,85,0
0,334,0,195,1,0,5,21,3,0,51,4,87,0
1,359,0,43,1,0,2,13,0,0,56,1,107,0
0,671,0,6,1,0,2,16,2,0,60,3,112,0
1,561,0,0,0,0,0,25,5,0,27,2,102,0
1,881,0,158,1,0,1,18,0,0,60,1,126,0
1,1006,0,213,1,0,1,8,1,0,64,4,87,0
1,572,0,51,0,0,2,8,0,0,45,3,85,0
1,855,0,95,1,0,0,35,2,0,69,2,101,0
1,394,0,54,0,1,0,25,3,0,57,2,102,0
1,687,1,292,0,1,3,54,1,0,55,3,75,1
1,170,0,0,0,0,0,37,2,1,25,4,83,1
0,175,1,193,1,0,2,33,0,0,82,2,70,0
0,1025,0,266,1,1,1,24,2,0,65,1,98,0
1,355,0,188,0,0,1,27,4,0,0,3,70,1
0,1021,0,293,1,1,2,40,0,1,74,2,101,0
0,705,1,431,1,1,3,53,3,1,81,2,80,0
1,0,0,131,1,0,2,22,4,1,41,2,84,0
0,951,0,229,1,0,3,34,2,0,68,0,115,0
1,1050,0,0,1,0,2,24,0,1,78,3,78,0
1,1156,1,124,1,0,3,0,1,1,50,0,95,0
1,441,0,63,1,0,0,25,2,0,20,4,85,1
0,0,0,158,0,1,1,22,3,0,37,0,130,0
1,824,0,75,0,1,1,38,2,0,21,3,106,0
1,685,1,89,1,0,0,8,2,1,66,0,101,0
1,768,0,71,1,1,2,23,4,0,66,0,121,0
0,787,1,184,0,0,3,34,2,0,63,4,93,0
0,1102,0,23,0,0,2,26,3,1,47,3,91,0
0,910,0,190,1,0,4,30,3,0,62,2,123,0
0,387,0,26,0,0,1,0,5,0,23,2,100,0
1,1260,0,0,1,1,1,40,1,1,65,1,101,0
1,169,0,0,0,0,2,0,1,0,47,2,106,0
1,0,0,0,0,1,2,19,2,0,48,3,106,0
1,0,1,196,1,1,2,36,2,0,36,2,104,0
1,736,0,0,1,0,0,25,2,1,74,4,79,1
0,262,1,107,0,1,2,30,2,1,62,3,89,0
1,14,0,0,0,0,0,0,0,0,24,2,84,0
1,73,0,42,0,1,3,25,1,0,38,3,70,1
0,945,0,124,1,0,1,16,2,0,58,2,93,1
0,201,1,86,1,0,2,26,0,0,65,2,72,0
0,1156,1,129,1,0,3,36,2,1,71,1,102,0
0,339,0,189,0,0,0,11,6,0,33,1,119,0
0,686,0,167,0,1,3,32,2,0,77,4,83,0
0,1188,0,171,1,0,4,36,0,1,64,4,86,0
0,335,0,97,0,0,0,22,4,0,41,3,81,1
1,405,1,87,0,0,2,19,0,0,64,3,94,0
1,0,0,271,0,0,0,0,0,0,47,2,102,0
1,509,1,277,1,0,2,51,1,0,51,0,115,0
0,176,0,123,0,0,2,25,3,1,49,4,77,1
1,10,0,0,0,0,0,0,1,0,30,2,70,1
1,601,0,120,0,0,0,16,3,0,64,3,120,1
1,1486,0,451,1,0,4,38,3,0,99,4,91,0
0,910,0,221,1,0,1,15,1,0,74,2,112,0
1,17,0,0,0,0,0,0,1,0,3,1,83,1
0,857,1,246,1,0,3,39,0,0,75,3,99,0
1,3,0,0,0,0,0,0,1,0,21,1,73,1
1,1721,1,301,1,1,4,5,1,1,80,0,127,0
0,620,0,108,1,0,3,21,5,0,47,4,92,0
1,163,0,0,0,0,2,38,3,0,40,3,79,1
0,647,1,245,1,0,3,35,0,0,90,3,100,0
0,923,0,291,0,1,3,12,0,0,74,2,99,0
1,300,0,98,0,1,2,31,4,0,55,2,81,0
1,987,1,460,1,0,2,0,0,0,67,0,100,0
0,798,0,210,0,1,0,46,2,0,55,4,74,1
1,47,0,0,0,0,0,19,3,0,2,1,90,1
0,613,0,317,1,0,4,37,2,0,54,4,82,1
0,1227,0,124,1,0,3,8,0,0,95,1,112,0
1,549,1,296,0,0,4,35,0,0,57,3,93,0
0,743,0,0,1,0,2,0,1,0,56,1,95,0
1,368,0,0,0,0,1,5,2,0,57,3,85,0
0,214,1,131,1,0,2,58,0,0,74,4,70,1
1,880,0,166,1,0,2,11,4,0,43,3,81,0
1,125,0,228,1,0,0,47,2,0,41,2,74,1
0,492,0,221,0,1,2,31,2,1,47,4,97,1
1,0,0,105,0,0,1,45,2,0,26,4,88,1
1,439,1,137,1,1,2,33,2,1,81,2,90,0
1,0,0,113,0,0,0,56,2,0,38,3,89,0
0,931,0,133,0,0,4,0,2,0,47,4,105,0
0,939,1,55,0,0,2,37,0,0,63,0,97,0
0,222,1,177,1,0,2,27,0,0,74,3,72,1
0,1012,0,0,1,0,2,28,4,1,97,3,98,0
1,977,0,274,0,0,1,43,3,0,88,4,74,1
1,1444,0,297,0,0,2,42,0,0,72,2,95,0
1,137,0,193,1,1,3,25,1,0,47,1,112,0
0,1576,0,14,1,1,3,18,0,1,81,4,109,0
1,726,0,109,0,0,3,9,3,0,25,3,103,0
1,644,0,61,1,0,2,0,3,0,24,4,94,0
0,172,0,213,0,0,2,34,2,0,73,0,109,0
1,0,1,0,0,0,0,0,4,0,8,4,82,1
1,661,0,0,1,1,0,8,3,0,41,0,104,0
1,185,1,95,0,0,0,17,2,1,27,4,95,0
0,512,0,196,1,0,2,38,1,0,77,1,119,0
1,1295,0,115,1,0,2,57,4,0,77,4,87,1
1,553,0,57,1,0,0,4,3,0,5,2,114,0
0,1214,1,189,0,1,2,18,0,1,57,1,120,0
0,0,0,106,0,0,1,16,5,0,49,1,104,0
1,0,0,184,1,0,0,26,5,0,49,4,97,0
0,1166,0,41,1,0,3,28,1,1,100,4,91,0
0,1104,0,328,1,0,3,39,2,1,78,2,86,0
0,190,1,158,1,0,2,46,0,0,72,3,72,1
0,787,0,196,1,0,2,21,2,0,70,3,87,0
1,0,0,0,0,0,0,0,3,0,18,2,79,1
1,225,0,115,0,0,1,48,2,0,48,3,70,1
1,738,0,322,0,1,6,46,0,0,78,2,87,0
1,924,1,223,1,0,0,7,2,0,65,2,89,0
1,635,0,117,1,1,1,0,2,0,42,4,71,1
1,969,0,151,1,0,0,17,3,1,35,3,70,1
1,429,0,213,1,0,1,20,2,0,5,4,83,1
1,261,0,253,1,0,2,22,6,0,63,2,99,0
0,881,1,385,1,0,2,34,1,1,54,3,88,0
0,1288,0,277,1,1,5,20,0,0,87,3,92,0
1,183,0,226,0,0,3,29,2,0,79,2,94,1
1,552,0,239,1,1,0,13,1,1,79,3,85,0
1,248,0,21,0,0,1,0,1,0,20,2,98,0
1,826,0,105,1,0,3,19,1,0,51,0,126,0
0,879,0,118,0,0,0,60,3,1,45,4,70,0
1,1053,1,199,0,0,0,0,3,0,34,3,86,0
1,0,0,207,1,0,1,17,1,1,57,4,72,1
0,1373,0,219,1,0,4,34,2,1,85,3,76,0
0,399,0,147,1,1,1,0,4,0,36,2,110,1
1,1034,0,184,0,0,3,18,2,0,21,2,109,0
1,5,0,0,0,0,0,0,1,0,8,2,75,1
1,330,0,66,0,0,0,35,5,0,46,3,70,1
0,477,1,250,1,1,1,19,0,0,44,1,99,0
0,1520,0,315,0,0,2,20,3,0,63,3,89,0
1,583,0,13,0,0,1,8,7,0,16,1,105,0
1,1265,0,297,1,1,2,15,1,0,68,1,114,0
1,116,0,162,0,0,0,28,5,0,44,4,93,1
1,0,0,42,0,0,1,0,2,0,10,2,70,1
1,767,0,0,0,0,2,1,1,0,26,2,77,0
1,0,0,55,1,0,1,37,2,0,31,3,82,0
1,937,0,42,1,0,2,10,1,1,33,2,109,0
0,762,1,260,1,0,1,0,5,1,70,2,103,0
1,0,0,25,1,0,0,19,6,0,16,0,115,0
1,474,0,208,0,0,1,38,4,1,44,3,103,0
1,740,1,216,1,0,3,11,3,0,53,1,105,0
0,704,0,119,1,0,1,15,3,1,43,3,74,0
1,517,0,209,1,0,2,15,0,0,58,2,96,0
1,0,0,204,1,0,0,5,3,0,38,4,92,0
1,676,1,75,0,0,1,3,0,0,49,3,116,0
0,1548,0,212,1,1,4,46,0,1,74,2,83,0
1,379,0,84,1,0,3,24,4,0,29,3,92,0
1,591,0,197,1,0,1,0,2,0,51,2,95,0
1,849,0,72,0,0,1,17,2,0,52,2,82,0
0,447,0,0,0,0,1,40,3,0,55,4,84,1
0,1084,0,358,0,0,2,23,2,1,68,2,103,0
1,303,0,162,1,0,1,29,3,1,29,3,70,1
1,90,0,144,1,0,0,6,2,0,47,4,89,0
0,969,0,323,1,0,3,48,4,1,56,1,119,0
1,816,0,121,1,0,3,31,1,1,54,3,88,0
1,986,1,288,0,0,3,37,0,0,78,3,78,0
1,669,0,131,0,0,1,0,5,0,42,4,76,1
0,195,1,138,1,0,2,18,0,0,58,3,70,1
1,655,0,225,0,0,3,0,2,1,51,3,105,0
1,6,0,0,0,0,0,0,5,0,19,2,75,0
0,538,0,255,1,0,4,4,0,0,61,1,115,0
0,356,0,71,1,1,0,11,4,0,30,2,88,0
1,883,1,125,1,0,3,36,1,0,52,3,98,0
0,269,0,262,1,0,0,20,2,0,47,4,114,0
1,404,0,253,0,1,4,46,2,0,81,3,84,0
1,742,1,177,0,0,1,14,1,1,52,4,80,1
1,726,0,279,1,0,0,15,0,0,48,3,93,0
1,560,0,90,0,0,3,6,2,0,39,4,87,0
1,213,0,183,0,1,2,5,4,0,32,2,101,0
0,796,0,23,1,0,1,48,0,0,88,1,108,0
1,594,1,258,0,0,0,50,2,0,42,4,82,1
1,357,0,80,1,1,0,17,4,0,17,2,119,1
0,1477,0,357,0,1,1,24,2,0,65,1,121,0
0,771,0,240,1,0,3,49,1,1,81,4,77,1
0,651,0,197,0,0,1,47,3,1,73,3,92,1
1,1205,0,381,0,0,1,23,1,1,84,2,95,0
1,615,0,187,0,0,3,26,3,0,33,3,87,0
1,176,1,69,1,0,2,22,0,1,60,3,97,0
1,932,0,137,1,0,2,3,0,0,64,3,85,0
0,1128,0,0,0,0,2,52,0,0,100,3,85,0
1,727,1,161,1,0,2,18,2,0,49,0,122,0
0,854,0,241,0,0,3,21,2,0,47,4,85,1
0,68,0,403,0,0,1,40,3,0,58,4,70,1
0,742,0,247,0,0,2,25,3,0,63,4,106,0
1,862,0,291,1,0,3,45,1,1,77,2,104,0
1,815,1,0,1,0,1,2,4,0,38,0,89,0
1,814,0,77,1,0,3,46,2,1,75,3,80,0
0,0,0,167,1,1,1,23,1,0,51,4,87,1
1,678,0,92,0,0,0,18,5,0,56,0,110,0
1,124,0,119,0,0,0,9,3,1,35,3,83,0
1,5,0,0,0,0,0,0,1,0,13,2,70,1
0,1165,1,40,0,1,2,28,1,1,64,2,100,0
0,997,0,72,1,0,3,35,3,0,52,1,119,1
1,1588,0,144,0,0,2,15,2,1,51,0,116,0
0,677,0,159,1,1,4,24,0,0,65,4,70,1
1,526,1,167,1,0,0,5,1,0,31,4,103,0
0,727,0,162,1,0,1,28,0,0,39,0,121,0
1,667,0,263,0,0,1,34,3,1,41,3,89,0
0,786,0,207,1,0,1,0,2,0,62,0,106,0
1,371,0,224,0,0,1,3,5,0,33,2,102,0
1,783,0,165,0,0,0,3,4,0,23,3,101,0
0,201,1,218,1,0,2,13,0,0,67,4,71,1
1,1300,0,197,1,0,3,11,5,0,71,0,106,0
0,824,1,233,0,1,2,24,2,1,50,2,70,0
0,266,0,69,1,0,2,27,5,0,47,1,105,0
1,0,0,0,0,0,0,0,3,0,29,2,103,0
0,1166,0,0,1,0,3,9,2,1,82,1,109,0
0,1177,0,330,1,0,4,30,0,0,76,4,82,0
1,0,0,81,0,0,1,18,2,1,43,4,95,0
1,92,0,302,0,1,3,3,1,0,61,1,110,0
1,628,0,189,0,0,1,0,4,0,45,2,107,0
1,544,1,230,1,0,2,21,3,0,41,2,89,0
1,580,0,176,1,0,2,13,2,0,35,0,130,0
1,396,0,0,0,1,1,0,4,0,36,2,92,0
0,1435,0,427,1,0,1,14,2,0,100,0,130,0
1,613,0,71,1,0,2,8,4,0,21,1,108,0
0,1033,0,187,0,0,0,29,3,0,51,2,99,0
1,0,0,0,0,0,0,0,2,0,23,3,76,1
0,212,0,153,0,0,3,2,1,0,44,3,105,0
1,378,0,143,0,0,3,18,4,0,59,4,84,1
0,1106,0,62,1,1,1,8,1,0,65,2,76,0
1,731,1,173,1,0,2,31,2,1,42,4,103,0
1,721,0,205,1,0,1,59,3,0,51,4,76,1
1,719,1,167,0,0,0,0,2,0,39,4,78,1
1,14,0,0,0,0,0,0,2,0,5,1,87,1
1,579,0,253,0,0,3,8,3,0,31,4,103,0
1,0,0,0,0,0,0,0,4,0,16,4,103,0
0,501,1,321,1,1,3,11,0,0,77,2,98,0
0,592,0,207,1,0,3,0,3,0,48,1,97,1
0,70,0,266,0,0,2,33,1,0,55,4,95,0
0,237,1,133,1,0,2,28,0,0,73,2,82,0
1,974,0,0,0,0,1,7,0,0,47,2,105,0
0,600,0,233,0,0,1,44,2,1,13,4,72,1
1,29,0,149,1,0,1,53,6,1,36,3,89,0
1,1020,0,282,0,0,2,29,6,0,66,4,78,1
0,286,0,158,1,0,1,15,3,0,55,3,107,0
0,1223,0,232,0,1,1,44,2,1,60,4,76,1
1,1284,0,195,1,0,2,30,3,1,59,4,99,0
0,745,0,298,0,1,1,41,0,0,73,2,127,0
1,568,1,23,0,0,2,5,3,1,52,2,112,1
0,567,0,238,1,0,2,14,3,0,81,2,97,0
0,1209,1,246,0,0,4,41,2,0,70,4,87,1
1,0,0,263,0,0,3,30,2,1,43,0,124,0
0,856,1,223,1,0,2,29,4,0,48,3,91,0
1,1361,0,162,0,1,2,20,0,0,33,2,98,0
0,564,0,65,0,0,2,12,0,0,36,2,112,0
0,593,1,152,1,0,1,0,3,0,71,4,83,0
1,1358,0,0,1,1,0,20,0,1,95,4,91,0
1,568,1,0,0,0,2,25,2,0,30,2,118,0
0,65,0,136,0,0,3,12,1,0,41,2,124,0
0,87,0,222,0,0,0,5,1,0,55,1,103,0
0,811,1,296,1,0,3,12,2,1,88,2,88,1
0,0,0,194,0,0,1,25,1,0,66,2,95,1
0,0,1,70,0,0,0,43,3,0,46,3,88,0
1,6,0,0,0,0,0,0,0,0,18,2,84,1
1,1428,0,0,1,0,1,17,0,0,64,3,91,0
0,813,0,110,1,0,1,24,2,0,57,3,92,0
0,1085,1,0,1,0,2,5,0,0,76,2,104,0
0,405,0,0,0,0,1,0,3,0,39,2,102,0
1,0,0,46,0,1,1,5,3,0,50,2,130,0
1,747,0,0,1,0,1,0,5,1,28,2,103,0
0,0,0,245,0,1,2,19,2,1,43,0,117,1
1,1151,0,296,1,0,2,52,3,1,62,1,98,0
0,1145,0,298,1,0,3,24,0,1,58,0,120,0
1,1291,1,167,1,0,2,22,2,0,73,4,87,0
1,437,0,204,1,0,0,34,3,0,40,3,78,0
1,694,1,189,1,0,1,21,0,1,35,4,87,0
0,1450,0,113,0,1,0,26,1,0,69,3,89,0
1,830,1,136,1,1,1,19,2,0,37,3,103,0
1,427,0,0,0,0,0,1,2,0,28,3,100,1
1,403,0,56,0,0,0,13,2,0,26,3,83,1
1,134,0,76,1,1,0,2,2,0,21,4,71,1
0,617,1,205,1,0,2,47,4,0,62,4,83,0
1,839,0,208,1,0,1,57,3,0,70,3,86,0
0,945,1,258,1,0,1,48,0,1,95,4,83,0
0,968,0,102,1,1,2,34,0,0,80,2,117,1
1,1110,1,288,1,0,1,6,3,0,48,4,94,0
1,23,1,92,0,1,1,3,3,0,31,2,76,0
1,0,0,123,1,0,0,0,1,0,29,2,110,0
0,154,1,134,1,0,2,10,0,0,61,3,75,1
0,1070,0,217,1,0,5,30,1,0,61,4,80,1
1,515,0,240,0,0,1,26,1,0,52,0,89,0
1,332,0,250,1,0,3,14,1,1,62,3,92,0
1,367,0,38,0,0,2,0,7,0,15,2,92,0
0,752,1,185,1,0,2,52,2,0,71,1,114,0
1,628,0,256,1,1,1,21,0,0,62,1,116,0
1,1025,0,248,1,1,3,21,2,1,38,1,91,0
1,649,1,267,0,1,1,28,2,1,86,0,92,0
1,516,0,9,0,1,0,1,2,0,7,3,112,0
1,1073,0,305,0,0,0,15,3,1,62,4,77,1
0,1028,0,303,1,1,4,19,0,1,56,0,122,0
1,269,0,15,1,1,2,18,3,0,49,1,115,0
0,536,1,302,1,1,2,30,1,0,70,0,130,0
1,641,0,204,1,1,2,62,2,0,42,3,93,0
1,363,0,257,1,0,0,10,3,0,43,2,106,0
1,1205,0,156,1,0,3,38,0,1,86,4,82,0
0,959,0,132,1,0,4,36,2,1,66,4,81,0
1,1022,0,337,1,0,3,33,0,1,80,4,70,1
0,24,0,82,0,0,3,27,3,0,14,3,80,1
1,575,0,242,0,0,2,44,3,0,37,2,74,0
1,0,0,0,0,0,0,0,0,0,15,1,70,1
1,1315,1,151,1,0,2,41,0,1,81,2,113,0
0,674,0,260,1,0,3,40,2,1,78,3,98,0
1,0,0,0,0,0,1,9,3,0,50,2,105,0
0,1064,0,342,1,0,5,22,2,0,67,1,104,0
1,595,0,283,1,0,2,39,0,0,71,2,129,0
0,837,0,168,1,1,2,27,1,0,69,2,103,0
1,155,0,0,0,1,1,60,2,0,67,4,74,1
1,0,0,147,1,1,1,9,2,0,29,2,116,0
0,0,1,208,0,1,2,3,0,0,44,1,87,0
1,1102,0,147,0,0,0,42,5,1,71,3,95,0
1,300,0,62,1,0,1,29,3,1,46,1,114,0
0,756,0,235,0,0,2,2,2,0,63,4,105,0
1,0,0,0,0,0,1,7,2,0,8,1,110,0
1,943,1,277,0,0,3,34,2,0,75,2,98,0
1,1198,0,283,1,1,3,21,2,0,68,3,96,0
1,292,0,7,0,0,1,0,3,0,29,4,70,1
1,665,1,57,1,0,2,4,2,0,52,3,86,0
0,335,0,170,0,0,2,55,3,1,57,3,89,0
1,590,0,0,0,0,0,23,0,0,65,2,95,0
1,269,0,110,1,0,3,36,4,0,43,4,77,1
1,43,0,208,1,0,2,11,3,0,37,3,117,0
1,0,0,166,0,0,1,67,5,1,34,4,72,1
0,201,1,144,0,0,2,41,3,0,66,4,79,1
1,22,1,77,0,0,1,30,2,0,42,4,86,0
0,1518,1,438,1,0,2,33,0,0,81,3,121,0
1,293,0,31,0,0,1,6,6,0,15,4,71,0
0,1269,1,328,1,0,2,21,2,1,72,2,109,1
1,689,0,45,1,0,2,17,5,0,33,2,92,0
0,512,0,106,1,0,2,62,1,0,39,4,84,1
1,0,0,0,0,0,2,0,3,0,4,1,125,0
1,1053,1,33,0,0,0,32,0,1,50,3,101,0
0,257,1,180,1,0,2,13,0,0,72,2,70,1
0,771,1,351,0,1,0,17,1,0,74,3,94,1
1,597,1,322,0,0,2,5,0,0,65,2,98,0
0,964,0,135,1,1,2,34,1,1,63,3,99,0
0,1268,1,230,1,1,5,48,3,0,84,3,71,0
1,14,0,0,0,0,0,0,4,0,9,1,90,1
0,962,0,172,0,0,3,20,1,0,88,1,118,0
0,938,1,227,1,0,4,23,3,0,63,0,82,0
1,245,0,60,0,0,0,2,4,0,29,3,90,1
1,819,1,215,0,0,1,9,1,0,59,0,101,0
1,0,0,0,1,0,0,24,4,0,24,4,70,0
1,134,0,253,1,0,3,3,5,0,48,3,71,1
1,0,1,89,0,1,2,7,4,0,28,2,115,0
1,457,1,0,0,1,2,74,0,0,96,4,87,0
0,1225,0,207,1,1,5,39,1,0,70,3,114,0
1,0,0,72,0,0,0,11,5,0,15,2,110,0
0,746,0,0,0,0,1,35,0,0,48,1,109,0
1,237,1,214,0,0,1,9,3,1,59,2,90,1
0,1085,1,76,0,0,1,23,2,0,54,3,105,0
0,953,0,159,0,0,1,30,1,1,69,2,90,0
1,827,0,100,1,0,2,37,4,1,25,3,76,1
0,54,1,102,1,0,2,24,0,0,65,3,70,1
1,572,0,86,0,0,1,0,1,0,8,0,115,0
0,553,1,160,1,0,1,22,4,0,30,1,105,0
1,700,1,56,0,1,2,32,0,0,41,1,110,0
1,850,1,126,1,0,2,15,1,0,95,1,106,0
1,417,0,38,0,0,1,3,4,0,21,4,70,1
0,193,0,0,0,1,2,11,4,0,39,4,108,0
1,563,1,160,0,0,1,1,3,0,32,2,93,0
1,218,0,37,1,0,0,18,4,0,18,2,113,0
1,206,1,142,1,1,1,6,4,0,61,3,81,0
1,566,0,125,0,0,0,8,3,0,25,3,116,0
1,861,1,0,0,0,1,7,5,0,22,2,98,0
0,706,0,192,0,1,2,19,0,0,56,0,95,0
0,1269,1,271,0,0,0,23,2,1,80,1,103,0
0,517,0,148,1,0,3,25,0,0,69,4,70,1
0,1033,1,47,1,0,5,32,0,0,85,2,112,0
1,0,0,246,0,0,0,27,2,1,30,1,101,0
1,384,0,0,0,0,1,13,6,0,40,3,94,0
1,376,0,114,1,1,3,50,3,1,77,3,78,0
0,1430,0,17,1,0,3,27,3,0,99,1,109,0
1,0,0,132,0,0,2,26,2,0,54,1,88,0
1,0,0,95,0,0,3,17,3,0,34,1,98,0
1,1128,0,161,0,0,1,14,3,0,62,3,84,0
1,826,0,0,1,0,1,34,5,1,57,3,78,0
0,1362,0,117,1,1,4,39,2,0,93,3,104,0
1,0,0,123,0,0,0,7,4,0,0,4,74,1
1,441,0,101,0,0,2,11,3,0,47,4,73,1
0,1026,0,174,1,0,2,29,2,0,51,2,118,0
1,331,0,142,0,0,0,30,2,0,25,3,80,1
1,0,0,0,0,0,0,0,0,0,15,3,81,0
0,286,0,0,0,0,1,17,2,1,49,3,98,0
0,487,1,245,1,0,2,20,4,0,35,1,99,0
1,782,0,72,0,0,2,31,5,1,23,2,110,0
0,928,0,212,1,1,3,34,1,1,82,3,98,0
0,1487,1,418,1,0,3,33,0,1,91,1,104,0
1,13,0,0,0,0,0,0,5,0,24,0,114,0
0,1429,0,50,1,0,2,42,0,0,74,3,106,0
1,834,0,202,1,0,1,27,1,1,66,3,91,0
1,353,0,0,0,1,2,24,0,1,67,2,85,1
0,898,1,218,1,0,3,15,3,0,52,3,87,0
1,343,0,159,0,0,1,13,5,0,53,4,93,0
1,979,1,288,1,1,2,41,0,1,75,3,97,0
1,0,0,173,0,0,0,6,3,0,26,3,88,0
0,585,0,42,1,0,0,24,2,0,47,1,75,0
0,1637,0,263,1,0,1,34,1,0,79,3,102,1
0,169,1,129,1,0,2,33,0,0,68,2,70,0
0,870,1,163,0,0,0,6,4,1,30,2,75,0
1,633,0,503,0,0,3,21,1,0,66,2,105,0
1,492,0,77,1,0,1,3,3,1,22,3,90,0
0,959,0,274,1,1,2,7,3,0,75,4,77,1
1,204,0,148,0,0,1,16,3,0,33,4,78,1
0,760,0,56,1,0,2,20,2,1,47,4,102,0
0,68,1,137,1,1,1,23,0,1,61,3,101,1
0,0,1,116,0,0,2,18,2,0,60,4,91,0
1,384,0,24,0,0,2,22,3,1,45,3,82,0
1,825,0,130,1,0,1,0,4,0,43,1,110,0
1,604,0,266,0,0,2,54,2,0,66,0,112,0
0,1278,0,134,1,0,1,12,3,1,89,2,125,0
1,519,0,210,0,1,2,29,4,0,68,1,116,0
0,158,0,184,0,0,2,12,3,0,51,1,107,0
0,1024,0,39,1,0,3,30,2,0,74,3,103,1
1,174,0,157,0,0,4,24,2,0,47,4,90,1
0,225,1,204,1,0,2,36,0,0,53,2,72,1
0,246,1,157,1,0,2,60,0,0,75,3,70,1
1,984,0,69,1,0,0,8,2,1,76,3,100,0
1,852,0,114,0,0,0,4,2,0,32,2,84,0
0,896,0,240,0,0,2,25,1,0,58,4,81,1
0,202,1,83,1,0,2,53,0,0,69,3,71,1
1,454,0,214,0,1,2,20,3,1,67,1,91,0
0,768,1,293,0,1,2,27,2,0,84,1,104,0
1,1043,0,264,1,0,0,22,0,1,29,3,105,0
0,541,0,10,1,0,0,25,2,0,14,3,107,0
0,659,0,296,0,1,3,41,2,0,71,0,106,0
1,646,0,237,1,0,2,37,3,0,59,0,129,0
1,971,0,0,1,0,2,10,3,0,50,1,116,0
1,837,1,319,1,0,2,20,1,0,69,0,112,0
1,362,1,244,1,0,2,21,1,0,74,3,76,0
1,0,0,91,0,0,1,9,3,0,41,1,108,0
1,428,0,81,1,0,2,13,1,0,57,0,118,0
0,610,0,133,1,0,1,23,4,0,63,3,91,0
0,1420,0,208,1,1,2,63,0,1,98,4,83,0
1,443,0,18,0,0,1,18,2,0,51,2,120,0
1,304,1,145,0,1,0,14,2,0,54,2,70,0
0,718,1,333,0,0,1,29,2,0,49,3,83,0
0,1106,1,349,1,0,3,35,0,0,71,4,70,0
1,8,0,167,1,0,1,14,0,0,30,1,102,0
1,1225,0,243,1,0,2,13,0,0,59,4,74,1
1,337,0,0,0,0,2,5,2,0,38,2,101,0
1,0,0,71,0,0,0,18,3,1,41,3,104,0
1,649,1,65,1,1,2,15,2,0,8,2,100,0
0,178,1,178,1,0,2,27,0,0,72,3,70,1
1,0,0,313,0,0,1,41,2,0,40,4,92,1
0,191,1,115,1,0,2,11,0,0,66,3,70,1
0,621,0,56,0,0,0,25,0,0,38,1,106,0
1,1169,0,240,1,0,1,26,2,1,55,2,104,1
1,545,1,244,1,0,3,46,0,1,65,1,130,0
1,557,0,0,1,0,2,28,0,0,73,0,120,0
1,1190,0,216,1,0,2,26,2,0,58,0,121,0
1,849,0,183,1,1,3,33,4,0,73,3,84,0
0,1382,1,282,1,0,2,26,0,0,100,1,89,0
0,835,1,0,1,1,3,66,3,0,72,4,78,1
1,856,0,46,0,1,0,0,5,0,34,2,95,0
1,415,1,161,1,0,1,35,3,0,32,3,91,0
1,708,0,247,1,1,1,13,1,1,76,4,79,0
1,1349,0,179,1,0,0,23,3,0,63,4,95,0
1,323,1,104,1,0,0,9,2,0,27,3,77,0
1,374,0,97,0,0,2,7,1,0,39,1,115,0
1,317,0,25,1,0,1,6,1,1,60,1,118,0
0,1028,0,0,1,0,2,47,0,0,78,2,90,0
1,0,0,76,1,0,1,23,3,0,57,4,73,1
1,520,0,287,0,1,3,29,3,0,67,3,87,0
1,2,0,0,0,0,0,0,0,0,17,2,72,1
1,665,0,121,1,0,2,8,2,0,24,3,101,0
0,1145,0,0,1,0,3,9,3,0,89,1,117,0
0,792,0,0,1,0,1,43,0,1,68,4,92,0
1,594,1,83,1,0,0,1,5,0,19,2,91,1
0,784,0,510,1,0,4,33,4,1,73,2,109,0
1,547,1,154,1,0,1,2,3,0,47,1,117,0
0,733,1,104,0,0,3,32,2,0,93,4,70,1
0,1474,0,49,1,1,4,13,0,1,83,2,127,0
0,818,1,149,0,1,3,29,1,0,48,2,99,0
1,821,0,70,1,0,0,13,2,0,27,0,109,0
1,0,0,20,1,0,2,0,7,0,0,4,70,0
1,792,1,253,0,1,3,1,1,0,71,3,84,0
0,759,0,313,0,0,3,27,2,0,63,2,86,0
1,52,1,111,0,0,1,29,2,0,49,3,86,0
0,1800,1,124,1,0,4,26,0,0,77,2,104,0
0,927,0,365,1,1,3,27,1,1,64,3,95,0
0,788,1,159,0,0,2,19,3,0,70,2,88,0
1,0,0,47,0,1,1,1,3,0,14,3,77,1
1,1173,1,260,1,0,2,29,3,1,53,0,127,0
0,116,0,186,1,0,2,27,3,0,44,3,78,0
1,820,0,165,1,0,2,47,2,0,62,3,90,0
1,835,0,152,1,0,3,36,2,0,72,3,85,0
0,279,0,144,0,0,0,0,2,1,35,3,89,0
1,659,0,154,1,0,2,10,3,0,38,4,72,1
0,491,0,293,1,1,1,29,3,1,100,3,75,0
1,269,0,139,0,0,1,3,4,0,72,2,109,0
1,1196,0,243,1,0,2,20,2,1,85,3,113,0
0,575,1,210,1,0,1,0,2,1,49,2,103,0
0,1483,0,197,1,1,3,53,0,0,78,3,91,0
1,479,0,44,0,0,1,36,2,1,39,4,90,1
1,518,0,65,0,0,0,0,2,1,32,1,108,0
1,384,0,179,0,0,3,21,1,0,60,4,80,1
1,1071,0,62,0,0,3,31,4,0,65,3,102,0
0,281,0,166,0,1,2,36,4,1,28,2,83,1
0,837,1,291,0,0,3,35,2,0,72,3,78,0
1,885,0,140,1,0,1,33,1,1,26,3,83,0
0,786,1,197,1,0,1,37,1,0,65,4,94,0
0,536,0,422,0,0,4,16,2,1,65,3,99,0
0,1171,0,150,1,0,1,38,3,0,66,4,72,1
1,178,0,0,0,0,0,22,3,0,31,1,104,1
0,1035,1,166,1,0,5,28,1,0,74,2,106,0
1,0,0,99,0,0,1,0,4,0,20,0,130,0
0,1166,0,218,1,1,1,38,3,0,62,2,91,0
1,1181,0,220,0,0,4,30,1,0,91,3,96,0
0,867,0,278,1,0,1,48,1,0,64,3,83,0
0,174,0,0,1,0,0,26,3,0,52,1,115,0
1,243,0,0,1,0,2,36,5,1,21,4,78,1
1,271,0,190,0,0,1,41,2,0,72,3,100,0
1,292,0,77,1,1,1,9,3,0,16,1,105,0
1,180,0,109,1,0,0,3,2,0,33,2,99,0
1,589,0,147,1,0,3,16,2,0,51,4,74,1
0,494,0,38,0,0,2,45,0,0,45,2,124,0
0,900,0,314,0,0,4,28,0,0,71,1,103,0
0,1359,1,241,1,0,5,45,1,0,75,4,70,1
0,917,0,344,0,0,3,48,2,1,68,3,91,0
1,231,0,179,1,0,0,23,2,0,58,1,110,0
1,786,0,236,1,1,2,41,0,0,66,2,113,0
1,0,0,0,1,0,2,12,3,0,32,4,101,0
0,985,0,44,1,0,2,18,0,0,65,0,99,0
1,357,0,265,0,1,0,32,2,0,71,3,83,0
1,393,0,9,1,0,1,14,4,0,28,3,90,0
0,135,0,0,0,0,0,0,1,0,23,3,80,1
0,1226,1,437,1,0,3,34,0,0,75,3,83,0
0,396,0,70,0,0,3,20,3,0,41,4,88,0
0,1493,0,209,1,0,4,60,1,0,84,3,74,0
0,834,1,391,0,0,3,25,0,0,88,4,83,1
1,749,0,31,0,0,1,0,4,0,36,0,130,0
0,1025,1,202,1,0,3,44,2,0,74,2,104,0
0,593,0,202,1,0,2,10,1,0,61,2,116,0
1,698,0,190,1,0,0,54,5,0,43,4,72,1
1,464,1,185,1,0,3,34,4,0,33,2,92,0
0,585,0,64,1,0,4,39,1,0,73,4,80,0
0,808,1,366,1,0,1,45,2,0,64,1,114,0
1,463,1,136,0,1,4,5,5,0,47,1,112,0
0,661,1,174,0,0,4,13,2,0,48,3,115,0
1,481,0,126,1,0,1,31,4,0,35,3,82,0
1,342,0,117,1,0,1,20,3,0,32,2,90,1
0,982,0,165,1,1,2,42,0,0,59,4,74,0
1,741,0,85,0,0,1,42,1,0,50,2,110,0
1,1156,0,175,0,1,1,42,3,0,19,3,90,0
1,164,0,91,0,0,0,61,2,0,24,4,70,1
1,1052,0,192,0,0,2,35,2,0,57,4,74,1
1,30,0,254,0,0,1,12,2,0,32,0,130,0
1,135,1,154,0,0,2,14,1,0,53,3,96,0
0,550,0,65,0,1,2,23,0,1,40,3,106,0
1,767,0,17,1,0,2,7,1,1,59,4,75,1
1,238,0,261,0,0,0,31,4,0,22,4,70,0
0,1103,1,97,1,1,3,17,0,0,69,2,103,1
1,5,0,0,0,0,0,0,2,0,11,1,73,1
1,786,0,0,1,0,0,17,1,0,83,4,82,1
0,789,0,162,1,1,2,44,2,0,45,4,89,0
0,0,0,36,1,0,1,3,3,0,16,1,102,1
1,1078,0,102,1,0,2,31,0,0,77,2,104,0
0,1382,0,239,1,1,1,24,0,0,69,2,96,0
0,314,0,91,0,0,1,18,2,0,41,2,94,0
0,190,0,85,0,1,1,19,3,0,22,3,89,0
0,1173,0,140,1,1,2,7,2,1,59,2,80,0
0,759,1,175,0,0,0,19,3,1,68,1,123,0
1,411,0,123,1,0,0,0,4,0,12,3,89,0
0,1212,1,264,1,0,1,35,1,0,65,3,78,1
1,735,0,155,0,0,0,16,1,0,36,2,91,0
1,391,0,0,1,0,1,61,5,0,19,3,88,0
0,1244,0,437,1,0,1,27,5,0,65,2,123,0
1,0,0,43,0,0,3,9,5,0,12,2,117,1
1,1086,0,157,0,0,5,34,0,0,80,4,86,0
1,250,0,233,0,0,3,18,2,0,76,4,89,1
0,231,0,207,0,0,2,0,0,0,65,1,121,1
0,1288,0,366,1,1,4,41,0,0,86,4,71,1
1,1118,0,107,0,0,4,41,0,0,55,4,89,1
0,1039,0,197,1,0,3,49,2,1,93,2,70,0
0,674,0,210,1,0,3,22,2,0,55,3,118,0
0,1145,0,168,0,0,3,12,0,1,34,3,80,1
0,1003,0,0,0,0,2,29,1,1,58,3,97,0
1,1081,0,164,1,0,2,39,2,0,47,4,96,0
0,1134,0,469,1,1,3,26,1,0,95,1,118,0
1,248,0,0,0,0,1,0,3,0,56,3,90,0
1,415,1,172,0,1,0,1,1,1,50,1,88,0
1,560,0,127,1,0,0,10,4,0,26,3,74,1
1,72,1,8,1,0,4,16,3,0,41,3,96,0
0,1221,1,239,0,0,0,25,1,0,69,1,117,0
1,835,1,196,1,1,2,63,3,1,45,2,92,0
0,1100,1,377,0,0,0,22,5,0,59,1,109,0
1,0,0,89,1,0,1,20,3,0,12,2,107,1
1,0,1,94,0,0,3,29,4,1,35,4,93,1
1,303,1,82,1,0,0,24,0,1,52,2,99,0
0,1800,1,140,1,0,1,5,1,0,58,3,94,1
1,1141,0,139,1,0,1,29,2,0,70,4,81,0
1,160,0,229,0,0,0,2,3,0,31,1,112,0
1,1107,0,52,1,0,2,31,0,0,84,3,98,0
0,95,0,12,1,0,0,0,3,1,21,1,92,0
0,1083,0,122,1,1,1,62,3,1,67,3,70,0
0,911,0,127,1,1,4,34,1,0,78,1,118,0
0,880,1,343,0,0,4,13,0,0,60,0,116,0
0,1251,0,261,1,1,3,46,3,0,98,4,70,1
1,668,0,95,0,1,1,41,2,1,47,3,71,1
0,954,1,78,1,0,2,47,1,0,86,4,89,0
0,906,0,341,1,1,6,31,0,1,78,4,88,0
1,997,0,52,0,0,0,20,4,0,21,3,70,1
0,613,1,0,0,1,4,15,1,0,68,4,79,1
1,1034,0,140,1,0,2,32,3,0,41,3,79,0
0,779,0,115,0,0,4,5,2,1,53,3,85,0
1,610,0,0,0,0,4,16,4,1,65,0,96,0
1,627,1,34,0,0,0,18,5,0,22,2,82,0
1,395,0,85,0,0,3,26,4,0,56,2,106,0
0,1122,0,77,0,1,1,5,4,0,47,2,107,0
1,1392,0,215,1,0,2,5,3,0,41,0,116,0
1,0,0,43,0,0,1,0,1,0,39,2,104,0
1,1034,1,103,1,0,2,18,3,1,66,2,93,0
1,296,1,177,1,0,3,18,4,0,45,2,86,0
1,217,0,41,0,0,0,40,3,1,23,4,72,1
1,0,1,0,1,0,1,10,1,0,22,2,104,0
0,615,0,112,0,0,0,13,2,0,49,4,79,1
1,127,0,0,1,0,1,2,4,0,30,4,92,0
1,21,0,0,0,0,0,0,3,0,19,2,70,1
1,1425,0,0,1,0,3,36,0,0,63,1,108,1
0,420,0,134,1,0,1,34,0,1,33,4,87,0
0,1419,0,292,1,1,2,22,0,0,89,2,91,0
0,1135,1,269,1,0,4,35,2,1,74,4,89,0
1,203,0,43,0,1,0,0,3,0,39,4,85,1
0,246,1,176,1,0,2,10,0,0,62,2,70,1
0,1186,1,328,1,1,3,34,1,0,68,2,103,0
1,0,0,6,0,0,0,0,3,0,30,2,110,0
0,690,1,88,0,0,1,11,2,0,55,1,96,0
1,433,0,302,0,0,1,42,2,1,51,3,74,1
1,367,0,124,0,0,2,49,2,0,18,4,76,1
0,654,1,117,1,0,2,20,4,0,56,3,99,0
1,253,0,145,1,0,0,0,4,1,46,2,89,0
0,774,0,167,1,0,2,27,5,0,47,4,91,0
0,1049,0,0,0,0,0,0,4,0,27,4,77,1
1,70,0,61,0,0,0,0,2,0,61,3,92,0
0,1193,1,254,0,0,3,21,0,0,85,1,90,0
0,1046,0,244,1,0,1,32,1,0,56,3,86,0
0,447,0,6,0,0,1,56,3,1,61,3,70,1
1,201,0,95,1,0,0,10,2,0,15,3,96,1
0,1316,0,265,1,0,2,24,0,1,89,3,87,1
1,509,1,41,1,0,0,23,0,0,29,0,121,0
0,442,0,160,0,0,0,8,1,0,46,2,109,0
0,149,1,227,1,0,2,10,0,0,57,2,70,1
1,464,0,177,1,1,1,10,1,1,22,2,106,0
1,915,1,298,0,1,0,0,1,0,19,4,79,1
0,879,0,265,1,0,3,42,1,0,71,3,81,0
1,485,0,305,0,1,0,0,0,0,66,4,101,0
0,768,0,201,1,1,0,32,0,0,47,4,90,0
0,852,0,78,1,1,1,14,6,0,40,4,86,0
1,558,0,277,1,0,4,12,0,0,77,3,103,0
1,0,0,22,0,0,1,20,2,0,65,2,103,0
1,333,1,405,1,0,3,26,0,0,79,3,76,0
0,644,0,180,1,0,2,28,2,0,46,4,87,0
0,971,0,144,1,0,3,64,4,1,60,4,80,1
1,482,1,313,0,0,2,30,1,1,89,4,72,1
0,829,0,336,1,0,1,29,1,0,63,3,80,0
1,1216,0,290,1,1,2,20,2,0,62,4,92,0
0,258,1,184,1,0,2,19,0,0,90,4,70,1
0,0,0,122,0,0,1,44,3,0,22,4,79,1
1,613,1,88,1,0,0,33,4,0,9,3,81,0
1,484,0,71,1,0,3,33,6,0,28,3,84,0
1,238,1,209,0,0,3,37,0,1,51,4,94,0
1,0,0,28,0,0,1,0,2,0,11,2,106,0
0,263,0,0,1,0,1,25,4,0,30,1,90,0
0,1551,0,330,1,1,3,37,0,1,93,2,118,0
0,163,1,122,1,0,2,10,0,0,69,3,70,1
1,313,0,119,0,0,0,33,4,0,25,4,70,1
1,17,0,0,0,0,0,0,1,0,10,1,70,0
0,963,0,166,1,0,1,65,0,0,54,4,85,0
1,688,0,228,1,1,3,21,5,0,46,1,113,0
0,440,0,189,1,0,1,18,4,1,52,3,71,1
1,530,1,160,1,0,2,58,3,0,51,3,76,0
1,226,0,180,0,1,2,21,4,0,53,4,72,1
0,736,0,134,1,1,1,25,1,0,70,1,94,0
0,875,1,159,0,0,2,22,2,0,29,4,107,0
1,6,0,0,0,0,0,0,2,0,11,4,76,0
0,646,0,230,0,1,3,20,2,0,63,3,109,0
1,35,1,126,0,0,2,25,2,0,21,2,97,0
1,639,0,202,1,0,2,16,3,0,38,4,85,0
1,0,0,0,0,0,0,0,0,0,18,2,70,1
0,830,1,299,1,1,2,31,3,1,72,4,107,0
1,988,0,182,1,0,3,21,3,1,51,2,95,0
0,201,0,223,0,0,3,3,2,0,62,2,109,0
1,409,0,115,0,0,2,7,2,0,52,4,108,0
1,403,1,309,0,0,0,18,3,0,76,3,104,0
0,174,0,209,1,0,0,17,0,0,62,2,104,0
0,982,0,10,0,0,3,33,0,0,85,2,108,0
0,627,1,232,1,0,0,13,4,0,53,4,86,0
1,958,0,160,0,1,1,16,6,0,52,1,104,0
1,21,0,0,0,1,0,28,2,0,22,1,91,0
1,458,1,177,0,0,1,18,3,0,41,3,100,1
0,1043,0,185,1,0,1,18,0,0,71,0,104,0
1,777,0,230,0,0,1,4,3,0,72,4,76,1
1,626,1,249,0,0,2,13,0,0,55,2,118,0
1,188,0,59,0,0,0,13,5,1,18,0,111,1
1,1136,0,253,1,0,4,8,1,1,79,3,89,0
1,1416,1,214,0,1,2,32,3,1,61,1,108,0
1,1128,0,128,1,1,1,35,0,0,66,2,110,0
0,376,0,191,1,0,2,21,3,0,37,2,101,0
1,261,0,232,0,0,0,56,4,0,25,4,70,1
0,1399,0,372,0,1,3,31,0,1,92,2,124,0
0,820,0,271,1,0,2,30,2,0,95,4,101,0
1,524,0,355,1,0,2,10,3,0,64,0,101,0
1,1259,1,300,1,1,2,19,0,0,96,2,104,0
0,415,1,108,0,0,0,15,2,0,43,0,92,0
1,313,0,100,0,0,3,27,0,1,45,3,79,1
1,696,0,49,0,0,1,31,2,0,61,4,82,1
0,661,1,272,0,0,4,31,1,0,63,2,109,0
1,62,0,0,0,0,1,60,4,1,58,3,76,0
1,815,0,0,0,0,0,12,3,0,45,2,99,0
0,1025,0,120,1,0,5,26,1,1,94,0,130,0
0,1233,0,101,1,1,4,38,2,0,65,3,106,0
0,344,0,179,0,0,0,50,1,0,28,2,87,0
1,221,1,215,0,1,3,28,1,1,54,1,118,0
1,652,1,123,0,1,3,60,1,0,58,4,85,1
1,695,1,42,0,0,0,8,4,0,37,3,84,0
0,898,0,116,1,0,0,13,4,0,82,0,111,0
0,815,0,272,0,1,2,15,1,0,59,3,83,0
0,1434,0,280,1,0,2,14,2,1,46,3,94,0
0,1788,0,450,1,1,3,42,0,1,94,0,106,0
0,1336,0,102,1,0,4,15,0,0,83,1,113,1
0,1362,1,237,0,1,4,42,1,0,100,2,95,0
0,391,0,129,0,0,1,2,5,0,7,0,105,0
1,0,0,0,0,0,0,0,3,0,10,3,71,0
1,440,0,159,0,0,4,13,1,1,48,4,78,0
1,29,0,138,0,0,3,32,3,0,76,4,86,0
1,434,0,220,0,0,2,33,3,0,45,1,107,0
1,0,0,0,0,0,1,0,4,0,26,3,108,0
1,148,0,170,1,0,2,54,3,0,42,4,80,0
1,541,0,178,1,0,3,25,5,0,29,3,100,1
0,887,1,289,1,1,3,19,1,1,55,3,93,0
0,411,0,268,1,1,0,7,1,1,35,4,98,0
0,465,0,88,0,1,2,14,2,1,47,4,104,0
1,683,0,76,0,1,3,28,2,0,69,2,96,1
1,0,0,8,0,0,0,0,4,0,22,4,97,0
0,925,0,196,1,1,2,23,0,1,76,0,117,0
0,837,0,105,1,0,2,0,7,0,27,3,112,0
1,646,0,146,0,0,0,0,2,0,20,0,118,0
0,672,0,170,1,0,3,20,3,0,58,1,91,0
0,275,0,362,0,1,3,24,2,0,83,0,123,1
0,1036,0,0,1,1,2,32,0,1,84,3,108,0
1,454,0,50,0,0,1,0,4,1,26,4,70,0
1,0,0,31,0,0,3,12,5,1,14,1,105,0
1,0,0,152,0,0,4,10,2,0,44,2,101,0
0,142,0,304,0,0,3,15,1,1,77,2,108,0
1,2,0,0,0,0,0,0,2,0,24,3,70,0
1,102,1,110,1,0,2,18,1,1,32,1,103,0
1,84,0,53,0,0,0,18,4,0,45,4,92,0
1,570,0,61,0,0,1,12,0,0,22,2,103,0
0,1101,0,267,1,0,1,25,0,1,66,2,112,1
1,55,0,70,1,0,2,0,5,0,30,1,111,0
1,476,1,113,0,0,1,24,2,0,68,1,89,1
1,534,0,67,0,0,1,24,4,0,54,1,81,0
0,1402,1,371,1,0,4,43,2,0,98,4,82,0
1,232,0,238,1,0,0,47,2,1,52,3,84,0
1,896,0,127,0,0,1,0,6,1,23,4,109,0
0,1116,0,339,1,1,4,29,2,1,67,1,110,0
0,876,1,156,0,0,2,2,2,1,83,2,130,0
1,27,0,85,0,0,2,8,6,0,18,2,110,0
0,265,0,227,0,0,0,24,0,1,41,1,129,0
1,399,0,57,0,0,1,20,6,0,35,3,107,0
1,1534,0,350,1,0,3,16,2,0,56,0,115,0
1,337,0,129,1,0,0,20,5,0,27,4,71,1
0,1135,1,384,1,0,2,36,0,0,82,3,96,0
1,383,0,0,0,0,3,29,1,1,84,3,82,0
1,860,0,153,1,0,2,14,2,1,59,4,102,0
1,805,0,104,0,1,3,16,3,0,38,0,106,0
1,803,1,300,1,0,3,8,0,1,83,0,120,0
1,0,0,195,0,0,0,33,3,0,31,4,81,1
1,0,0,96,1,0,0,10,1,0,28,2,108,1
1,160,0,180,0,0,3,47,5,0,23,4,71,1
1,1079,1,146,0,0,1,6,2,0,67,1,117,0
0,831,0,253,1,0,1,22,2,1,80,1,107,0
1,7,0,0,0,0,0,0,2,0,30,1,77,0
1,69,1,67,0,0,0,0,2,1,13,3,79,0
1,502,0,99,1,1,2,13,4,0,39,4,74,1
0,667,0,138,1,1,3,25,0,0,43,4,85,0
0,1073,0,283,1,1,2,38,2,0,84,2,84,0
1,0,0,0,0,0,0,0,0,0,19,2,74,1
0,1146,1,488,1,0,4,24,1,0,94,3,100,0
1,300,0,15,1,0,1,7,3,0,38,2,98,1
1,591,1,62,0,0,1,19,2,0,40,3,106,0
1,486,1,41,0,0,3,0,3,0,40,3,86,0
1,0,0,0,1,0,1,23,4,0,12,2,114,0
1,258,0,228,1,0,1,0,4,0,51,4,102,1
1,17,0,0,0,0,0,0,1,0,5,3,70,1
1,559,0,97,1,0,1,5,3,0,46,1,108,0
1,535,0,174,1,0,3,9,2,1,26,1,110,0
1,563,0,12,0,0,1,6,5,0,34,3,94,0
1,342,0,49,1,0,2,9,3,0,23,0,108,0
0,963,0,128,1,1,4,1,2,1,66,0,90,0
1,373,0,38,0,0,1,0,3,0,33,0,108,0
1,166,1,267,0,0,1,34,3,0,75,4,81,1
0,0,1,180,0,0,0,21,0,0,32,3,105,0
0,686,0,63,1,1,1,28,6,0,53,2,104,0
1,667,0,217,1,0,2,8,1,0,44,3,97,0
1,932,0,245,1,0,3,23,2,0,72,3,84,0
1,335,0,9,1,0,1,4,6,0,24,2,103,0
0,723,0,207,1,0,1,45,1,0,75,4,70,1
1,979,0,75,1,0,1,19,2,1,26,4,84,1
1,0,0,111,1,0,1,36,3,0,17,3,82,0
0,600,0,13,0,0,2,33,1,0,80,3,95,0
1,261,0,0,1,0,1,9,4,0,13,3,98,0
1,1060,0,191,1,0,1,40,0,0,66,0,109,0
0,1608,0,290,0,1,1,25,3,0,65,3,102,0
0,1268,1,252,1,0,3,53,0,1,77,3,88,0
0,1008,0,228,0,1,2,47,0,1,54,3,70,0
1,1407,0,233,1,1,0,27,3,1,76,1,112,0
1,1,0,0,0,0,0,0,0,0,12,2,75,1
1,0,0,197,0,0,3,22,1,0,64,2,104,0
1,907,1,47,0,0,0,11,3,1,47,4,76,1
1,954,0,174,1,1,2,34,1,0,62,2,90,0
0,694,0,103,1,0,1,40,2,0,69,0,130,1
0,1117,0,14,1,0,0,5,0,0,38,3,97,0
1,744,0,31,0,0,0,5,2,0,46,4,95,0
1,565,0,115,1,0,1,4,4,0,13,4,81,1
1,891,1,246,1,0,2,13,0,1,71,2,106,0
0,638,1,238,1,0,2,25,4,0,54,0,114,0
1,370,0,73,1,0,1,7,2,0,45,2,107,0
0,633,1,0,0,0,0,7,0,0,34,2,106,0
0,1380,1,231,1,0,3,29,2,0,63,3,89,0
0,288,0,95,1,1,1,3,2,0,34,2,109,0
1,522,0,145,0,0,2,32,6,0,36,2,89,0
0,124,0,172,0,0,0,58,2,0,28,3,84,1
0,415,0,210,0,1,2,32,0,0,73,2,92,0
1,0,0,196,0,1,0,36,3,0,43,3,77,1
0,379,0,79,1,1,0,10,4,0,33,3,92,0
1,909,0,178,1,0,1,18,0,0,50,2,111,0
1,0,0,177,0,1,0,13,4,1,34,2,107,0
0,506,1,121,0,0,1,23,2,1,70,4,82,1
1,74,0,0,0,0,1,18,3,1,41,3,96,0
0,739,0,182,0,0,2,13,2,0,35,3,99,0
1,460,0,105,1,0,1,13,2,0,51,3,93,0
0,191,1,103,1,0,2,29,0,0,67,3,74,0
1,505,0,248,0,0,1,36,2,0,48,4,76,1
0,670,0,226,1,0,2,19,5,1,56,3,94,0
1,986,0,177,0,0,0,32,2,0,35,0,107,0
0,925,0,141,1,1,0,4,2,0,19,3,88,0
1,687,0,245,1,1,5,37,3,0,58,2,78,0
1,11,0,0,0,0,0,0,2,0,17,3,84,1
1,242,0,0,1,0,2,0,4,1,46,4,77,1
0,1561,0,231,0,0,2,14,3,0,63,3,89,0
1,1373,0,106,1,0,0,20,4,0,45,3,93,0
1,937,0,161,1,0,1,37,4,0,57,4,88,0
1,570,0,103,0,1,3,0,1,0,69,3,102,0
1,576,0,115,1,0,1,59,4,0,17,4,79,1
1,1120,0,158,0,0,2,0,1,0,42,2,93,0
1,730,0,218,0,0,0,15,3,1,66,4,74,1
1,671,0,72,1,1,0,45,0,0,24,2,70,0
0,1158,1,25,1,0,2,38,5,0,71,4,83,0
0,1363,0,0,0,0,4,33,0,0,93,1,108,0
0,1132,1,116,1,0,2,14,0,0,58,4,75,1
0,1116,1,273,1,0,4,46,1,1,81,4,73,1
1,801,0,199,1,0,0,18,1,0,43,2,108,0
1,743,0,317,1,0,2,10,3,0,74,3,101,0
1,1101,0,236,0,1,4,6,4,1,61,0,106,0
1,889,0,301,0,0,0,26,0,0,72,0,107,0
0,639,0,23,1,0,2,25,3,1,9,1,112,0
1,587,0,147,0,0,2,10,3,1,62,1,104,0
0,1277,1,281,1,0,3,35,0,0,74,2,108,0
0,1008,0,167,0,0,1,6,5,0,36,3,81,1
0,1046,0,329,1,0,1,38,1,1,72,4,100,0
0,1215,0,287,1,0,3,11,0,0,84,3,91,0
1,5,0,0,0,0,0,0,4,0,8,2,78,1
0,0,0,186,0,0,0,20,3,0,40,2,107,0
0,1412,0,316,0,1,3,46,2,0,82,4,85,1
0,1117,1,228,1,1,4,15,0,0,75,3,79,0
1,1067,0,103,1,0,2,11,2,0,77,1,96,0
0,305,0,81,0,0,0,20,3,0,32,2,84,0
0,984,1,275,1,1,2,30,2,1,75,2,104,0
0,0,0,12,0,1,1,11,4,1,19,4,85,1
0,374,1,219,0,0,1,24,3,1,64,2,102,0
0,322,0,0,0,0,1,18,1,1,46,2,118,0
1,0,0,91,0,0,0,62,3,0,22,3,84,1
1,40,1,85,0,0,0,13,5,0,14,2,86,0
0,147,1,150,1,0,2,21,0,0,86,3,70,0
1,1149,0,361,0,1,3,46,2,1,47,3,77,1
0,981,1,325,1,1,3,42,2,0,96,2,99,0
0,647,0,150,1,0,1,22,0,0,76,4,75,1
0,813,0,0,0,0,1,0,3,1,49,4,94,0
0,362,0,116,1,1,2,52,2,0,28,4,81,1
1,221,0,319,0,1,1,40,0,1,81,2,115,0
0,1288,0,262,1,0,3,47,0,0,75,1,115,0
0,552,0,31,0,0,0,55,2,0,18,2,79,0
1,811,0,159,0,0,0,53,1,0,71,1,114,1
0,1036,0,176,0,0,0,47,1,0,77,3,115,0
1,0,0,128,0,0,1,51,1,0,18,4,81,1
1,631,1,274,0,0,2,14,1,0,85,3,87,0
0,596,0,79,1,1,2,0,0,0,54,2,90,0
0,768,0,138,1,0,3,2,2,0,65,2,103,0
0,1254,0,173,0,0,1,48,3,0,38,4,91,1
0,1142,1,160,1,0,2,38,1,0,65,3,84,0
0,1246,0,209,1,0,1,35,0,0,60,3,84,0
0,1287,0,203,1,1,3,46,1,1,79,3,75,0
0,1034,0,174,1,0,3,30,3,0,74,3,91,0
1,26,0,0,0,0,3,16,4,0,29,2,82,0
0,822,0,0,0,0,1,29,2,0,41,1,92,0
0,522,0,127,0,0,0,52,0,0,54,3,80,0
1,194,0,15,0,0,0,73,2,0,49,4,76,1
1,215,1,110,1,0,2,26,3,0,43,1,89,0
1,12,0,0,0,0,0,0,3,0,9,2,70,1
1,640,0,193,1,0,0,0,4,0,51,4,72,1
1,0,0,131,0,0,3,22,3,0,23,1,89,0
0,861,1,181,1,0,5,24,2,1,93,2,110,0
0,1042,0,234,1,1,3,29,2,1,61,3,84,0
1,6,0,0,0,0,0,0,2,0,11,2,73,1
0,0,0,94,0,0,3,23,2,0,26,3,82,1
0,826,0,240,0,0,1,3,2,0,47,4,95,0
1,811,0,0,1,1,1,4,2,0,37,2,94,0
0,1048,0,32,0,0,4,36,3,0,72,2,103,0
1,574,0,278,0,0,4,33,2,1,63,3,92,0
1,0,0,136,0,0,3,29,1,0,30,3,98,0
0,1329,0,371,1,0,2,33,3,0,71,3,93,0
1,0,0,96,1,1,0,63,4,0,20,4,82,1
0,1163,0,337,1,0,4,17,0,0,97,4,70,1
1,333,0,214,0,0,2,37,4,0,42,2,115,0
1,286,0,103,0,0,1,4,2,0,57,2,94,0
0,1271,0,208,0,0,1,6,1,0,67,0,109,0
0,911,0,0,1,0,1,20,5,0,27,2,79,0
1,1113,1,218,0,0,1,28,2,0,72,0,121,1
1,912,0,193,0,0,2,10,0,0,95,4,92,0
0,634,1,230,1,0,2,23,2,0,64,3,93,0
1,0,1,136,0,0,3,13,2,0,45,2,117,0
1,278,0,260,0,1,0,0,2,0,15,1,103,0
1,355,0,0,0,0,2,8,5,0,32,4,74,1
1,377,1,102,0,0,2,10,1,0,51,2,99,0
1,370,0,259,1,0,1,29,3,1,25,4,71,1
0,370,0,145,0,0,0,24,4,0,56,3,70,1
1,0,0,97,0,1,1,15,2,1,38,3,80,1
0,864,0,278,1,0,3,8,2,0,62,1,127,0
1,851,0,0,0,0,0,17,2,0,13,4,70,1
1,349,0,58,1,0,1,18,3,0,43,2,103,0
1,0,0,95,1,0,0,50,0,0,74,4,74,1
1,874,0,0,0,1,1,56,4,1,41,3,86,0
1,577,0,0,0,0,3,27,0,1,78,4,102,0
1,664,0,169,0,1,4,43,2,1,72,4,85,1
1,68,0,92,1,1,0,16,6,0,37,2,116,0
1,0,0,0,0,0,1,3,1,0,82,3,84,0
0,0,0,48,1,0,0,61,4,0,45,2,90,0
0,1105,0,246,1,1,4,8,0,1,50,2,97,0
0,958,0,240,1,0,1,54,3,1,72,3,85,0
1,0,0,0,0,0,0,11,3,0,35,4,75,1
1,1274,0,281,1,0,2,19,1,0,67,3,104,0
0,895,0,99,1,0,2,37,0,0,90,0,117,0
1,855,0,221,1,0,1,26,3,0,57,2,124,0
0,1047,0,201,1,0,0,45,0,0,100,2,85,0
0,704,1,219,1,1,2,22,1,0,66,1,98,0
1,137,0,41,0,0,3,12,3,0,10,4,86,1
1,0,0,140,1,0,0,57,5,0,26,3,70,1
0,773,1,126,1,1,2,27,1,0,58,2,116,0
0,1191,0,155,0,0,0,51,2,0,67,4,77,1
1,862,1,264,1,0,2,46,4,1,68,4,70,1
0,1126,0,180,1,0,3,38,0,1,54,4,81,1
0,511,0,175,1,1,2,35,2,0,47,3,88,0
1,68,0,0,1,0,0,36,3,0,7,3,75,1
0,837,0,168,1,0,1,22,0,0,72,3,91,0
1,854,1,121,1,0,2,20,0,1,66,1,125,0
1,623,0,74,0,0,0,3,5,0,21,2,93,0
0,1170,0,189,1,1,3,38,1,1,59,3,84,0
1,632,1,260,1,0,3,11,2,0,72,0,106,1
1,0,0,78,0,0,1,0,3,0,8,3,81,1
0,403,0,128,0,1,0,33,2,0,43,4,70,1
0,668,0,270,1,0,3,29,1,0,44,4,80,1
0,769,0,327,1,1,3,40,2,0,90,2,83,0
0,428,0,42,0,0,0,34,4,0,52,1,102,0
0,347,0,55,0,1,1,19,4,0,11,4,70,1
1,331,0,185,1,0,2,41,0,0,53,4,81,1
1,169,1,108,0,1,2,14,2,0,39,2,104,0
1,1222,0,135,0,0,1,33,2,0,44,2,93,0
0,1623,0,236,0,0,4,22,0,0,84,4,101,0
1,934,0,228,1,0,1,7,0,1,62,2,100,0
0,914,0,93,1,0,3,10,1,0,65,3,106,0
1,1046,0,311,1,0,1,10,2,0,57,4,84,0
1,1181,0,21,0,1,1,35,1,0,44,4,93,0
1,694,0,13,1,0,2,4,3,0,45,0,111,0
0,808,0,199,1,1,2,15,1,0,46,4,82,0
0,873,1,255,1,0,3,25,3,0,76,4,71,0
0,670,0,194,0,0,2,34,2,0,71,1,123,0
1,296,0,337,0,1,3,34,3,1,65,2,115,0
1,501,1,199,0,0,0,16,2,0,45,1,115,0
0,1035,1,0,1,1,1,35,1,0,59,1,103,1
0,123,0,218,0,1,2,4,2,0,64,3,96,0
0,0,0,80,1,1,1,39,2,0,23,4,78,1
0,1360,0,371,1,0,1,26,0,1,88,4,81,0
1,1294,0,207,0,0,1,28,2,0,55,3,81,0
1,602,0,0,1,0,0,23,2,0,53,2,82,0
0,1739,1,143,1,0,3,22,2,0,65,2,108,1
1,1115,0,272,0,1,3,39,2,1,77,1,112,0
1,368,0,410,0,0,2,11,0,0,83,2,106,0
1,1170,1,108,1,0,1,7,1,0,50,1,95,0
0,819,0,0,1,0,2,47,0,0,65,1,101,0
0,781,0,82,1,0,2,40,1,0,66,3,95,0
0,566,0,185,1,1,1,26,0,1,82,4,70,1
0,824,1,159,1,0,1,27,0,0,72,2,94,0
1,954,0,237,0,0,2,41,2,0,54,1,116,0
0,929,0,161,1,0,1,27,2,0,54,4,82,1
0,1110,0,324,1,0,1,0,2,1,82,3,86,0
0,345,0,87,1,0,1,21,4,1,16,4,74,1
1,300,0,15,1,0,1,10,5,0,35,4,78,1
1,897,0,140,0,0,2,67,3,0,36,3,77,1
1,149,0,124,0,0,2,2,3,1,66,2,110,0
0,276,0,45,0,0,0,11,1,0,27,4,82,1
1,240,0,96,0,0,1,56,4,0,41,4,78,1
0,1163,0,0,1,0,2,1,1,0,75,0,106,0
0,562,0,143,0,1,2,30,4,1,38,2,98,0
0,936,0,101,0,0,0,21,1,0,54,3,81,0
0,561,0,254,1,0,2,10,3,0,68,3,77,0
1,277,0,98,1,0,0,23,5,0,41,4,89,1
0,933,0,100,1,0,3,63,4,1,57,4,84,0
0,1327,0,297,1,1,2,28,2,1,79,3,103,0
1,872,0,1,0,0,3,46,6,0,12,4,82,1
1,0,0,95,1,0,0,0,5,0,12,1,101,1
1,419,0,0,0,0,2,12,0,0,47,3,84,0
0,1045,1,350,0,1,4,44,2,1,60,1,110,0
0,114,1,130,1,0,2,10,0,0,63,4,70,1
1,382,0,37,0,1,2,23,2,0,1,1,105,1
1,922,1,284,1,0,3,28,1,0,76,2,104,1
0,984,0,233,1,0,0,3,1,0,77,2,111,0
1,474,0,47,1,1,0,20,2,0,52,4,85,0
0,698,0,399,1,0,4,31,0,0,78,3,111,0
1,842,1,81,0,0,1,9,6,0,36,0,106,1
0,656,0,96,1,0,1,13,2,0,43,2,95,0
0,825,0,368,1,0,2,63,0,0,70,3,84,1
1,484,0,103,0,0,0,17,2,1,67,2,101,0
1,569,1,0,1,0,2,9,3,0,40,1,98,0
1,340,1,136,0,0,2,13,4,0,58,3,95,0
1,262,1,88,0,0,1,42,2,0,38,1,86,0
0,952,0,36,1,0,3,13,2,0,73,2,88,0
1,102,0,184,0,0,1,47,2,0,61,1,119,0
1,951,1,333,1,0,1,26,1,1,73,0,109,0
0,1162,0,175,1,0,2,47,0,0,59,3,73,0
1,959,0,310,1,1,3,33,0,1,81,4,85,0
1,0,0,82,0,0,1,7,5,0,29,1,117,1
1,574,0,37,0,0,2,10,3,0,29,1,93,0
1,446,0,6,1,0,3,24,3,1,24,1,96,0
1,335,1,71,0,0,0,0,3,0,25,2,89,0
0,708,0,237,0,0,3,56,1,1,79,3,82,0
0,1073,1,357,1,0,1,17,1,0,70,0,110,0
0,1056,0,191,1,1,2,6,3,1,76,0,97,1
1,0,0,58,1,0,0,0,3,0,15,2,104,1
1,512,0,174,1,0,3,46,0,0,73,1,109,0
1,971,0,94,1,0,2,16,2,1,17,2,100,0
1,717,1,144,0,1,1,11,1,1,36,1,120,0
1,62,0,66,0,1,0,36,5,0,16,4,78,1
0,1109,1,214,1,1,3,23,2,0,66,4,100,1
0,1117,1,300,0,1,3,44,2,1,65,2,92,1
0,1137,0,262,0,0,4,32,0,1,74,2,98,0
0,1061,0,182,1,1,2,42,2,0,98,3,86,0
0,1660,0,275,0,0,3,31,1,0,86,0,78,0
0,1089,0,445,1,0,0,17,0,0,80,1,102,1
1,590,0,186,1,0,0,52,4,0,42,4,86,0
0,740,1,363,0,0,2,36,2,1,68,3,86,0
1,583,1,207,0,1,1,10,2,0,40,3,74,1
1,736,0,218,1,1,0,14,1,1,35,4,70,1
0,1084,0,252,0,1,4,42,3,0,44,1,100,0
0,1162,0,167,1,0,3,15,1,0,65,3,86,0
1,511,0,424,0,0,3,0,1,0,81,2,111,0
0,1354,0,283,1,1,5,24,0,0,92,4,95,0
0,331,0,427,1,1,1,5,2,1,35,3,102,0
0,267,0,122,0,0,0,33,3,0,28,3,83,0
1,10,0,0,0,0,0,0,3,0,14,1,71,0
0,172,0,130,0,0,2,0,2,1,73,3,94,0
0,787,0,0,1,1,2,2,4,0,46,0,104,0
0,0,0,59,1,0,0,7,3,0,28,4,87,1
1,287,0,133,1,0,1,33,4,0,36,4,96,0
1,664,0,30,0,1,0,0,4,0,25,2,117,0
0,1147,0,449,1,1,1,38,0,1,82,2,102,0
0,893,0,169,1,0,4,24,3,0,89,0,94,0
0,1109,0,261,1,0,2,12,2,0,30,4,97,0
1,284,0,90,1,0,0,6,3,0,25,4,105,0
0,945,0,264,1,0,1,40,0,0,61,3,106,0
0,335,0,24,1,0,4,11,1,0,60,4,87,0
0,998,0,279,0,0,0,20,3,0,61,0,117,0
0,662,0,0,1,0,2,6,4,1,49,2,110,1
1,1278,1,298,0,0,3,51,3,0,70,3,91,0
0,539,0,234,1,0,4,31,0,1,52,4,88,0
0,637,0,240,0,0,1,25,1,0,50,4,85,1
1,517,0,69,1,0,0,27,2,0,16,0,82,0
1,311,0,91,1,1,2,49,4,0,62,4,77,1
0,195,0,70,1,0,0,5,5,1,19,4,86,1
0,0,0,273,0,0,1,17,1,0,67,2,102,0
0,1509,1,296,0,0,2,12,3,0,97,4,127,0
0,645,0,99,1,0,3,16,1,0,30,4,97,0
1,7,0,0,0,0,0,0,1,0,10,2,70,1
0,715,1,196,1,0,2,33,2,0,75,2,122,0
0,1219,1,143,0,1,4,34,1,0,76,2,95,0
1,119,0,166,0,1,1,14,2,0,36,2,88,0
1,0,0,78,0,0,1,24,4,0,24,3,93,0
1,1051,1,105,1,0,1,26,2,1,71,1,112,0
0,1199,0,221,1,0,1,36,1,1,76,0,101,0
0,1297,1,185,0,0,1,17,2,0,66,3,89,0
1,795,0,4,0,0,0,33,1,0,36,3,97,0
1,649,0,0,0,0,1,52,5,0,63,3,70,0
1,659,0,21,1,0,2,11,1,0,57,2,99,0
0,630,0,0,1,1,1,7,2,0,37,2,104,0
1,826,1,80,0,1,1,4,3,0,50,4,88,1
0,0,0,62,1,0,0,20,2,0,23,3,86,0
0,95,0,208,0,1,3,18,2,0,34,1,89,0
1,754,1,184,1,0,2,36,2,0,59,2,78,0
1,335,0,175,1,0,3,24,0,0,34,3,79,0
0,1027,1,361,0,1,3,27,0,0,78,3,109,0
0,959,0,244,1,0,3,35,2,0,69,2,100,1
0,545,1,181,1,0,2,29,1,0,90,3,92,1
1,109,0,43,0,0,0,79,4,0,22,4,82,1
0,586,0,5,0,0,0,54,3,0,35,3,73,1
1,824,0,110,1,0,1,13,1,1,55,4,88,0
1,0,0,0,0,0,1,19,3,0,42,1,102,0
0,1062,0,0,0,0,1,30,3,0,64,3,93,0
0,1322,0,48,0,0,2,18,0,1,85,1,88,0
1,847,0,72,0,0,0,18,5,1,28,3,85,0
1,365,0,0,0,0,0,14,0,0,42,1,91,1
0,1563,1,435,1,1,1,27,0,0,100,0,127,0
0,1567,0,411,1,0,3,22,0,0,70,1,111,0
1,304,1,235,1,0,0,11,1,1,38,3,74,1
1,932,0,51,0,0,1,0,0,0,50,2,83,0
0,939,0,68,0,0,1,24,0,1,71,2,115,0
0,1246,1,310,1,1,1,18,4,0,86,3,85,0
1,34,0,0,0,1,1,0,4,1,2,2,107,0
0,626,0,172,0,0,2,30,2,0,70,2,110,0
1,610,1,144,0,0,2,39,3,0,70,3,80,0
1,0,0,30,0,1,0,0,4,0,44,2,100,0
0,1106,1,151,0,0,5,10,0,1,75,1,105,0
1,1097,0,79,0,0,2,0,4,0,43,1,90,1
1,266,0,0,0,0,1,0,5,0,30,4,76,1
1,461,0,7,1,0,1,25,1,1,38,2,102,0
0,1192,0,0,1,1,3,19,2,0,68,3,82,0
1,514,0,0,0,0,0,0,2,0,36,1,118,0
0,969,0,213,1,0,2,73,3,0,58,4,74,1
1,13,0,0,0,0,0,0,2,0,21,2,70,1
0,1431,1,220,1,0,0,25,3,0,61,3,98,1
1,1129,0,278,1,0,3,17,1,0,67,3,88,0
1,227,0,0,0,1,3,22,3,0,55,2,88,0
0,454,0,125,1,0,2,15,1,0,64,2,92,0
0,815,0,89,1,0,1,20,3,0,28,2,106,0
0,281,0,262,1,0,2,22,1,1,68,1,108,0
1,0,1,125,0,0,4,14,0,1,70,0,117,0
1,852,0,0,1,0,2,31,5,1,44,1,104,0
0,1127,0,222,1,0,3,31,1,0,75,0,111,0
0,1074,1,431,1,0,3,38,0,1,100,2,103,0
1,466,0,0,1,0,1,0,2,1,24,2,97,0
1,1106,0,29,1,0,3,29,3,1,67,2,114,0
0,1287,0,292,1,0,2,8,1,0,66,3,98,0
0,346,0,15,1,0,1,0,5,0,20,2,110,0
0,129,0,69,0,0,0,14,5,1,33,2,96,1
1,1164,1,101,1,0,2,21,2,0,68,2,92,0
1,636,1,108,1,0,1,28,2,0,48,0,128,0
1,1099,1,199,1,0,0,21,0,1,57,3,120,0
1,538,0,61,0,0,0,10,4,0,54,4,74,1
1,756,1,299,1,0,3,27,3,0,55,4,85,0
1,474,1,330,0,0,2,63,0,1,65,4,82,1
0,126,0,107,1,0,2,26,4,0,17,1,108,0
0,1149,0,314,1,1,4,7,2,0,93,4,91,0
0,1207,1,297,1,1,1,14,3,1,85,3,82,0
1,0,0,161,0,1,1,26,4,0,48,3,93,1
0,656,0,209,0,1,1,39,2,0,74,0,123,0
1,686,0,227,1,0,2,15,0,0,58,3,97,0
0,961,0,150,0,0,2,37,1,1,50,0,119,0
1,605,0,323,0,1,2,31,0,0,53,3,101,0
1,1068,1,175,1,0,1,8,3,0,43,1,102,0
1,745,0,159,0,0,0,0,5,0,47,4,79,1
1,668,0,0,1,0,0,15,3,0,26,4,78,1
1,515,0,274,0,1,2,31,5,0,38,4,89,1
0,712,1,197,1,0,0,19,0,0,88,1,116,0
1,1000,0,100,1,0,5,24,2,1,66,3,88,0
1,1133,0,0,1,0,4,31,1,0,71,3,89,0
0,1420,1,226,1,0,2,50,2,0,81,1,106,1
0,1229,1,255,1,0,3,29,0,0,81,1,112,0
0,1243,0,139,0,1,2,8,1,0,72,4,88,0
0,550,0,133,0,0,2,22,3,0,43,2,113,0
0,1080,1,154,1,0,4,27,2,0,86,2,96,0
1,1465,1,164,1,1,2,30,1,1,67,4,70,1
0,1208,0,365,1,0,3,32,0,0,92,4,97,0
0,568,0,69,0,0,2,29,1,0,63,1,130,1
1,1210,0,195,1,0,3,19,4,1,53,4,79,1
1,506,0,209,0,0,2,13,1,1,59,3,94,0
0,1031,1,109,1,0,3,47,3,0,68,3,80,0
0,1268,1,190,1,0,1,17,4,1,26,2,95,0
1,1155,1,195,1,0,5,41,1,1,79,4,75,1
0,234,1,132,1,0,2,34,0,0,60,4,70,1
0,115,1,187,0,0,0,51,3,0,41,4,80,1
1,552,0,87,0,0,1,0,3,0,41,3,87,0
1,0,0,45,0,0,1,11,3,0,50,3,125,0
0,150,0,0,0,1,0,0,3,0,43,1,129,1
0,380,0,52,0,0,1,0,0,0,56,4,76,1
1,0,0,45,0,0,0,16,4,0,33,4,87,1
1,89,0,1,0,0,0,0,4,0,23,2,97,0
1,0,0,107,0,1,1,2,2,0,28,4,94,0
1,394,0,224,0,0,2,38,1,0,47,2,123,0
1,276,0,379,1,0,2,23,1,1,61,3,92,0
0,1049,0,0,1,1,2,10,2,0,54,1,104,1
1,0,0,213,1,0,1,44,3,0,50,3,90,0
1,302,0,116,0,1,1,9,3,1,28,4,70,1
1,686,0,168,1,1,2,22,2,0,76,0,94,0
0,1026,0,177,1,1,2,16,0,0,67,0,119,0
0,1093,0,352,1,0,4,43,0,1,89,3,120,0
1,449,0,36,1,1,1,7,1,0,49,2,91,1
0,578,0,98,0,0,2,24,0,0,81,1,110,1
0,638,0,36,1,0,2,21,2,1,75,0,109,0
1,625,0,64,0,1,0,18,1,0,28,3,74,1
0,1185,0,120,0,0,3,28,2,0,62,1,109,0
1,279,0,51,1,0,2,30,1,1,45,4,76,1
1,605,0,229,1,0,1,47,2,1,37,2,72,0
0,616,1,96,1,0,0,12,2,0,50,4,94,0
0,755,0,97,1,0,2,0,2,0,58,2,115,1
1,3,0,0,0,0,0,0,2,0,21,2,88,1
0,499,1,82,1,0,2,0,3,1,32,0,101,0
1,729,0,0,1,0,0,9,2,0,19,2,80,0
1,531,1,241,0,0,2,19,1,0,69,1,110,0
1,10,0,3,0,0,0,12,4,0,8,4,109,0
1,0,0,61,0,0,1,9,3,0,37,0,115,0
1,0,0,22,1,0,1,37,2,0,24,3,79,0
0,1121,0,144,1,0,0,29,1,1,68,1,98,0
0,662,1,90,1,0,1,0,2,0,60,1,109,0
1,0,0,7,1,1,0,0,2,0,15,2,81,0
1,149,1,279,0,1,1,42,2,0,79,4,76,1
0,1238,0,240,1,1,3,52,1,1,83,3,77,0
1,880,0,181,0,0,2,15,2,0,26,3,72,1
0,1037,0,128,0,0,1,42,1,0,72,3,75,1
1,1147,0,170,1,0,2,5,3,0,55,4,94,0
1,950,1,175,1,0,3,21,2,0,64,0,101,0
1,353,0,114,1,0,0,48,2,0,37,4,87,0
0,234,0,117,1,0,2,44,5,1,9,3,70,0
1,451,0,151,1,0,1,28,3,0,41,4,77,1
0,143,1,172,1,0,2,28,0,0,75,3,70,1
1,980,0,103,1,0,3,25,2,1,38,3,76,0
0,727,1,273,1,0,2,18,0,0,76,3,91,0
1,575,0,91,0,0,3,34,4,1,27,4,74,0
0,234,0,16,0,0,3,28,5,0,54,4,84,1
1,599,0,87,1,0,3,41,2,1,71,3,87,1
1,1097,0,206,1,0,0,26,2,1,78,1,93,0
0,646,1,94,0,1,4,24,1,0,69,3,83,0
0,1151,0,142,1,1,4,10,1,1,69,3,86,0
0,1084,1,215,1,0,3,8,2,0,71,2,84,0
1,371,0,187,1,0,1,24,3,0,32,2,104,1
0,548,1,345,1,0,1,20,0,0,75,2,95,0
1,574,1,281,1,0,2,23,1,0,70,0,115,0
1,863,1,242,1,0,0,32,2,0,50,0,121,0
1,1105,1,87,0,0,2,22,4,1,57,1,97,0
0,667,0,153,1,0,2,20,3,0,76,3,105,1
0,812,0,138,1,0,2,25,1,0,68,4,86,0
1,547,1,14,1,1,0,36,4,0,46,1,115,0
1,0,0,105,0,0,0,23,2,0,21,1,97,1
0,394,0,329,0,0,2,33,1,1,82,0,111,0
1,206,0,33,1,0,2,36,3,0,43,2,105,0
0,1410,1,277,0,0,4,33,3,1,52,4,76,1
0,839,1,341,1,0,2,23,1,1,73,2,130,0
0,197,0,30,0,0,1,24,2,1,47,3,91,0
1,553,1,105,1,0,1,53,3,1,49,4,73,1
1,559,0,184,0,0,2,18,2,0,58,2,114,0
1,698,0,266,0,1,1,28,2,1,54,4,103,0
1,278,0,72,0,0,0,0,1,1,34,3,93,0
0,1408,0,206,1,0,2,38,0,1,100,4,99,0
0,309,0,138,0,0,1,20,3,0,35,2,103,1
1,13,0,162,0,1,1,3,3,0,30,3,85,0
0,0,1,86,1,0,1,25,3,1,25,1,116,0
0,883,0,151,0,0,1,18,4,0,44,2,91,0
1,932,0,187,0,1,3,7,2,1,68,4,86,1
0,1172,0,178,0,0,1,34,0,1,96,4,78,1
0,493,0,123,0,0,2,0,4,0,11,1,96,0
0,854,0,283,1,1,2,19,2,0,50,4,70,1
1,120,0,187,0,0,0,38,1,0,16,4,79,0
0,945,1,182,1,0,4,28,0,1,53,1,118,0
0,1156,1,285,0,1,3,27,2,0,68,1,98,0
1,951,0,398,0,1,3,32,2,1,92,3,77,1
0,411,0,103,0,0,2,3,0,0,68,2,97,0
1,1230,0,222,0,1,3,24,3,0,62,3,95,0
1,0,0,173,1,0,2,16,1,0,38,3,79,0
1,574,0,126,0,0,1,15,0,0,57,0,123,0
0,0,0,207,1,1,0,30,5,0,44,4,94,0
1,193,0,254,0,1,0,24,2,1,44,3,70,1
1,0,0,10,1,0,1,5,4,0,13,4,70,1
0,244,1,158,1,0,2,52,0,0,87,3,70,1
1,457,0,28,0,0,1,14,2,1,31,2,110,0
0,1146,0,283,0,0,2,52,0,1,95,4,85,0
0,632,0,26,1,0,2,44,4,0,66,3,110,0
1,333,0,30,0,1,1,13,0,0,58,1,104,1
0,374,0,146,0,0,0,17,3,0,19,4,74,1
0,1208,0,300,0,0,1,11,3,0,40,2,112,1
1,536,0,105,0,0,1,15,3,1,42,0,110,0
0,551,0,65,0,0,2,16,2,0,51,1,108,1
1,1402,0,164,1,0,2,25,1,0,57,2,103,0
1,524,0,199,1,1,3,40,3,0,53,4,86,0
1,1450,0,18,1,0,1,10,0,0,70,0,110,0
1,613,0,205,1,0,2,59,2,0,63,3,80,1
0,1317,0,135,1,0,2,22,3,1,60,1,123,0
1,763,0,177,1,0,2,23,3,0,41,2,100,0
1,888,0,175,1,1,0,19,0,1,46,2,94,0
0,104,1,167,1,0,2,21,0,0,77,3,70,1
1,592,0,74,1,0,1,35,4,1,33,2,89,0
1,154,1,112,0,1,3,10,1,0,41,1,106,0
1,276,0,0,0,1,0,0,3,0,0,4,108,0
0,784,0,124,0,0,2,14,0,0,65,2,92,0
0,565,1,220,1,1,2,15,2,0,62,0,128,0
0,661,0,109,1,0,0,26,3,1,57,0,125,0
0,1060,0,207,1,1,0,32,1,1,68,3,119,0
1,603,0,33,1,0,2,10,2,0,55,3,106,0
1,534,1,447,1,0,3,20,0,0,75,4,70,1
1,321,0,81,0,1,2,28,2,1,76,3,100,0
1,17,0,203,0,0,2,30,3,1,63,0,118,0
1,0,0,98,0,1,0,37,6,0,21,3,81,1
1,824,0,237,1,1,2,27,0,0,80,3,84,0
0,597,0,180,0,0,0,12,2,0,29,1,122,0
1,467,1,204,0,1,4,31,0,0,63,3,90,0
0,932,0,0,1,0,1,22,0,0,64,3,87,0
1,1202,0,72,1,0,0,23,1,1,51,2,102,0
0,1215,0,85,0,0,1,40,1,0,81,4,101,0
1,355,0,0,1,1,2,11,2,0,62,3,113,0
0,250,1,148,1,0,2,34,0,0,74,3,70,0
0,1130,1,172,1,1,4,11,2,0,71,3,80,0
0,1267,0,396,1,0,3,23,0,1,92,2,93,1
1,535,0,304,0,1,4,15,2,1,63,4,107,0
1,516,0,47,1,0,1,0,3,1,48,3,75,0
1,1426,0,19,1,0,3,27,2,1,72,1,95,0
1,0,0,0,0,0,2,3,3,0,10,1,84,1
0,589,0,78,0,1,1,18,4,0,37,2,89,0
1,158,1,141,0,0,3,5,5,0,53,2,89,0
0,907,0,233,1,1,2,27,0,1,76,4,89,1
0,453,0,312,0,0,0,1,3,0,34,1,130,0
1,462,0,73,1,1,2,19,3,1,22,4,98,1
0,0,1,106,1,0,1,31,3,0,21,4,77,1
0,490,0,137,1,0,1,25,4,0,48,0,130,0
0,1014,0,116,1,0,3,58,0,1,74,4,82,0
0,1386,0,176,1,0,2,29,2,0,90,0,107,0
1,13,0,0,0,0,0,0,2,0,0,2,74,1
1,702,0,0,0,0,1,12,4,0,57,2,103,0
0,1358,1,493,1,0,4,32,0,1,98,3,102,0
0,762,0,148,1,1,0,12,1,0,46,2,96,0
1,241,1,193,0,0,0,11,6,0,27,1,119,0
0,452,0,166,1,1,1,37,2,0,24,3,78,0
0,198,1,154,1,0,2,23,0,0,65,4,70,1
1,391,0,0,0,0,0,12,2,0,54,0,127,0
1,489,0,0,0,0,2,2,4,0,32,4,81,1
0,869,0,108,1,0,4,30,3,0,71,2,84,0
1,623,0,102,0,0,2,0,4,1,61,4,104,0
1,855,0,217,0,0,2,38,1,1,61,4,81,1
1,706,0,162,0,0,1,14,4,0,62,2,104,0
0,480,0,144,0,1,2,29,0,0,65,2,91,0
1,272,0,114,0,0,1,46,3,0,62,4,83,0
1,818,0,74,0,0,0,46,4,0,33,4,77,1
1,183,0,162,0,0,1,27,0,0,58,4,86,1
1,165,0,398,1,0,4,35,1,0,72,1,100,0
0,303,0,32,0,0,0,63,4,1,31,3,70,1
1,161,0,121,1,0,1,30,2,0,26,3,92,0
0,936,0,291,1,0,2,51,3,0,69,3,90,0
1,0,0,146,1,1,2,10,1,1,53,4,103,0
1,389,0,50,1,0,2,5,3,0,23,4,77,1
0,420,0,168,0,1,2,8,1,0,39,2,130,0
0,0,0,131,0,0,0,14,6,0,14,3,111,0
0,449,0,47,0,0,2,40,3,0,50,4,85,1
0,965,1,237,1,0,2,13,1,0,63,1,104,0
0,1091,0,112,1,1,3,38,1,1,76,4,105,0
0,649,0,51,0,1,2,25,5,0,50,1,87,0
1,510,0,205,0,0,1,31,4,0,51,3,80,0
1,212,0,148,0,1,1,9,7,0,62,1,103,0
1,194,1,135,1,0,0,24,2,0,31,0,111,0
0,753,1,252,1,1,0,16,2,0,71,1,113,0
1,460,0,14,0,1,2,46,2,0,41,3,85,1
0,1149,0,327,1,1,3,25,2,0,98,4,85,0
0,1034,0,210,0,0,2,66,1,0,56,4,70,1
1,319,0,74,0,0,0,16,4,1,10,1,88,0
1,794,0,0,0,0,0,7,4,0,31,4,101,0
1,962,1,151,0,0,2,14,1,0,35,3,70,1
1,814,1,144,1,0,2,15,2,0,53,3,90,0
0,107,1,77,1,0,2,10,0,0,56,3,73,1
0,499,0,277,1,1,1,25,2,1,48,2,102,0
1,1364,1,35,1,1,3,29,2,1,54,2,120,0
0,973,0,104,0,0,3,35,2,1,82,1,104,0
0,753,1,38,1,0,0,17,4,0,30,0,106,0
1,706,0,158,0,0,1,24,2,0,39,2,75,0
1,939,0,118,1,1,3,2,4,0,68,1,90,0
1,1221,1,195,1,0,4,39,0,0,100,4,88,0
0,140,1,117,1,0,2,12,0,0,65,3,76,1
1,451,1,106,1,0,1,6,3,0,60,3,82,0
0,1207,1,324,1,0,4,65,2,1,94,3,96,0
0,145,1,116,1,0,2,35,0,0,71,3,70,1
0,1256,1,204,0,1,4,32,1,0,75,3,78,1
1,680,0,222,1,0,2,20,0,0,44,3,111,0
1,0,0,0,0,0,0,0,4,0,10,3,70,1
1,0,0,143,0,0,1,12,1,1,46,3,104,0
0,984,1,310,1,0,2,27,2,1,46,2,90,0
1,0,0,0,0,1,3,64,3,1,25,3,91,0
1,0,0,62,1,0,0,3,5,0,24,1,112,1
1,284,0,0,0,0,0,0,5,0,11,1,96,0
1,386,1,246,0,1,1,14,1,0,56,3,85,0
0,289,0,165,1,0,1,25,1,0,26,0,116,0
0,1569,0,173,1,1,2,35,0,1,71,1,105,0
0,876,0,199,0,1,5,32,0,0,80,1,103,0
0,1059,0,264,1,0,0,0,0,0,51,3,108,0
1,446,0,85,1,0,3,20,3,0,20,4,77,1
0,948,0,156,1,0,3,30,2,1,67,3,95,0
0,1014,0,108,1,0,3,14,1,0,28,1,94,0
0,1332,0,240,1,1,3,25,0,0,79,2,109,0
1,0,0,0,1,0,2,0,1,0,0,3,70,0
0,723,0,154,0,0,0,20,4,0,50,2,87,0
1,855,1,163,0,0,0,0,5,1,42,2,106,1
0,1638,1,297,1,0,3,47,0,1,100,2,107,0
1,950,0,163,1,1,3,35,3,1,53,4,74,1
0,1364,0,111,1,0,1,77,1,0,88,4,83,0
1,300,0,110,0,1,1,16,5,0,33,2,108,0
1,668,0,117,1,1,3,15,2,1,28,3,82,0
0,430,0,321,0,1,2,28,4,0,47,3,78,1
0,732,0,349,1,1,1,0,3,1,67,1,94,0
0,528,0,97,0,0,3,0,2,1,40,4,84,0
1,929,0,0,1,0,0,0,3,0,16,3,92,0
1,535,0,145,1,0,1,17,3,1,33,2,79,0
1,86,0,267,0,0,1,33,3,0,48,3,92,0
1,195,1,314,0,0,2,12,2,0,73,0,108,1
1,969,1,165,1,0,3,28,0,0,65,4,73,0
1,194,1,96,1,0,2,66,4,0,41,4,86,0
1,922,1,98,1,0,0,30,3,0,56,0,120,0
1,64,0,183,0,0,2,0,3,0,39,3,99,0
1,0,0,173,1,1,0,9,2,0,4,4,76,1
0,885,1,126,0,1,2,10,2,1,56,2,98,0
1,941,1,226,0,0,2,19,0,1,78,0,115,0
0,165,1,0,0,1,0,5,4,0,17,2,110,0
1,682,0,215,0,1,2,40,3,1,61,2,87,0
1,969,1,142,0,0,2,28,1,0,66,1,110,0
1,293,0,0,1,0,0,0,4,1,24,2,118,0
1,563,0,160,1,0,1,5,1,0,36,2,111,0
1,5,0,109,0,0,2,0,4,1,17,4,79,1
1,551,1,298,1,0,3,24,3,0,73,2,79,1
0,1172,0,123,1,0,0,23,1,0,70,1,112,0
1,966,0,0,0,0,3,36,2,1,84,3,86,0
0,1345,0,293,1,1,2,36,3,0,50,4,94,0
0,974,1,219,1,1,3,31,0,0,89,0,112,0
1,0,0,77,0,0,2,29,3,0,56,1,99,0
1,308,0,48,0,0,0,11,5,0,44,3,73,1
1,16,0,0,0,0,1,17,3,0,20,3,87,0
1,0,0,182,0,1,1,0,1,0,40,3,89,0
1,351,0,268,0,1,3,0,2,1,68,2,116,0
1,434,0,150,1,0,2,25,3,1,47,0,125,0
1,77,0,0,0,0,2,0,3,0,22,4,89,1
1,166,0,72,0,1,1,33,3,0,45,1,125,0
1,25,0,151,1,0,0,8,4,1,24,0,117,0
1,316,0,0,0,0,0,0,1,0,21,2,100,0
0,1274,1,303,1,0,3,42,2,0,66,1,110,0
0,496,0,41,0,0,3,13,2,0,48,3,94,0
1,0,0,50,0,0,0,15,3,0,51,2,95,0
0,1474,1,314,1,0,3,30,0,0,88,2,95,0
1,0,0,0,0,0,0,0,1,0,23,2,70,0
0,375,0,90,1,1,2,4,4,0,35,3,95,0
1,790,0,326,1,0,1,16,0,0,57,3,95,1
0,1573,1,328,1,1,3,22,1,0,62,1,108,0
0,736,0,151,0,0,2,27,1,0,55,3,70,1
0,681,1,112,1,1,4,12,1,0,64,4,99,0
0,1589,0,214,1,1,4,5,2,1,86,0,116,0
1,1191,1,350,0,1,0,26,0,0,57,3,97,0
1,406,0,78,0,1,1,26,0,0,50,1,121,0
1,0,0,8,0,0,1,0,3,0,12,1,103,0
1,1232,0,132,1,0,2,13,0,0,58,2,123,1
1,235,0,175,0,0,2,19,4,0,30,4,87,1
1,459,0,199,0,0,2,13,2,0,50,1,108,0
1,1181,0,198,0,0,1,16,2,0,34,0,128,0
0,1028,0,289,0,0,1,28,3,0,39,1,115,0
1,6,0,0,0,0,0,0,0,0,30,2,77,1
0,656,0,0,1,0,0,16,3,1,37,3,83,0
0,1574,0,297,0,1,2,13,1,0,64,1,96,0
1,492,0,84,0,0,0,4,2,0,38,2,109,0
0,1412,1,282,0,0,4,37,0,1,92,1,103,0
0,1221,0,321,1,1,1,29,1,0,75,1,107,0
1,315,1,76,0,0,3,36,2,0,63,1,108,0
1,1025,0,64,1,0,3,32,0,0,47,1,97,0
1,242,1,143,0,1,2,17,4,0,46,0,122,0
1,705,0,245,1,0,2,44,3,1,59,4,77,1
0,539,0,164,0,0,3,5,1,1,33,1,96,0
0,967,0,226,0,1,2,26,0,0,65,1,107,0
0,155,0,250,1,0,1,18,0,0,67,2,84,0
1,700,1,0,1,0,0,0,3,0,39,2,105,0
0,1268,1,402,1,0,2,11,1,0,86,2,115,0
1,1333,1,126,0,1,2,29,0,1,100,3,81,0
1,526,1,100,0,0,4,26,1,0,48,2,103,0
0,1035,1,78,1,0,3,44,0,1,78,4,93,1
1,743,0,210,1,0,1,9,2,1,50,3,94,0
1,596,0,0,1,0,0,11,5,1,28,3,98,0
0,1378,1,198,1,1,3,16,2,0,77,3,89,0
1,659,0,218,0,0,2,30,3,0,67,1,86,0
1,0,0,0,0,0,0,0,3,0,14,1,72,1
1,711,0,0,1,0,2,57,2,1,63,4,86,0
0,1514,1,342,1,1,6,38,1,0,59,3,90,0
1,560,1,239,0,1,2,16,1,0,65,0,103,1
0,1026,1,210,0,0,2,28,0,0,64,2,123,0
0,620,0,245,1,1,3,16,1,0,66,1,83,1
0,220,1,117,1,0,2,20,0,0,70,2,79,1
1,747,0,92,0,0,0,0,5,0,34,1,94,0
0,906,0,78,1,0,1,11,4,0,45,0,120,0
1,0,0,195,0,1,3,56,3,0,40,3,92,0
1,1324,0,71,1,0,0,8,2,1,55,4,83,0
0,122,1,126,1,0,2,28,0,0,67,4,70,1
1,893,0,70,1,1,2,0,4,0,25,2,107,0
1,159,0,214,1,0,0,56,3,0,50,4,82,1
1,288,0,192,0,0,2,12,3,0,72,0,122,0
1,784,1,374,1,0,1,49,3,0,66,0,130,0
1,1294,1,276,0,1,2,27,0,1,72,4,84,1
1,0,0,55,1,0,3,14,6,1,42,3,97,0
1,1638,0,34,1,0,2,17,1,0,66,1,111,1
1,764,0,89,1,1,1,0,3,0,15,4,94,0
1,854,0,135,1,0,0,57,0,0,56,2,89,0
1,278,0,162,0,0,2,10,3,1,40,1,111,0
0,1173,1,211,1,0,3,15,1,1,63,3,110,0
1,948,1,150,1,0,2,24,3,1,72,4,121,0
1,0,0,37,1,0,3,22,4,0,12,1,89,0
1,0,1,279,1,1,0,60,3,0,41,4,73,1
0,1004,0,172,0,0,1,10,3,1,64,2,108,1
0,1061,1,184,1,0,1,5,2,0,64,1,102,0
1,618,0,22,1,0,0,8,5,1,34,3,102,0
1,702,0,163,1,0,0,5,3,1,41,3,86,0
0,485,1,240,0,0,0,20,1,0,86,1,104,0
1,608,0,187,1,0,0,6,4,0,20,3,86,0
0,668,1,211,0,0,3,0,0,0,78,3,78,0
0,1086,0,203,0,0,2,37,2,0,64,4,83,1
0,642,0,337,0,1,2,26,0,0,82,2,99,1
0,484,0,195,0,0,2,20,3,0,61,1,116,0
0,835,0,223,0,0,2,7,3,1,48,4,93,0
1,634,1,184,0,1,2,74,2,0,54,4,85,1
1,484,0,194,0,0,1,7,2,0,34,3,102,1
1,416,1,409,0,0,1,29,1,0,73,2,85,0
1,714,1,240,1,0,3,19,4,0,79,2,84,0
1,0,1,0,0,0,1,12,5,1,28,2,114,0
1,577,0,85,0,0,1,31,1,0,22,4,105,0
1,783,0,311,0,1,4,38,0,0,76,4,89,1
0,918,0,0,0,0,2,0,3,0,44,4,72,1
0,479,0,47,1,1,1,35,4,0,31,4,70,1
1,648,1,132,1,1,1,42,3,0,43,4,84,1
0,929,1,108,1,0,1,66,2,0,63,4,83,0
1,0,0,63,0,0,0,0,5,0,11,3,105,0
1,612,1,144,0,1,1,0,3,1,58,2,102,1
1,1227,0,151,1,1,3,19,0,0,84,1,110,0
1,1159,1,190,1,0,1,71,0,1,58,2,82,0
1,81,0,63,0,0,0,30,3,0,39,3,90,1
1,608,0,0,1,0,4,23,3,1,33,2,116,0
0,776,0,152,1,1,3,11,1,1,64,3,106,0
1,852,0,204,0,0,1,11,5,0,54,1,122,0
1,1330,0,279,1,1,3,16,2,1,73,1,116,0
0,1421,1,223,1,0,4,35,0,1,90,0,111,0
0,1347,0,118,1,0,2,41,0,0,100,4,80,0
1,714,0,136,0,1,4,15,1,0,41,3,104,0
0,1212,1,75,0,0,1,16,1,1,44,2,94,0
1,351,1,52,0,1,2,38,0,0,78,4,74,1
1,546,0,169,1,0,1,3,3,0,29,2,106,1
1,822,0,73,1,1,2,16,3,0,57,4,79,0
1,372,0,0,0,0,1,7,4,0,34,1,92,0
0,564,0,237,1,0,2,44,1,0,49,4,76,1
0,31,0,80,0,1,1,13,0,1,39,2,112,0
0,631,0,239,1,0,1,24,3,0,49,2,107,0
0,1323,1,225,1,0,1,62,1,1,60,4,82,0
1,774,0,154,0,0,3,23,1,1,64,2,91,0
1,0,0,0,1,0,2,14,1,1,38,0,87,1
0,1079,0,153,0,0,0,36,1,1,93,2,87,0
1,363,0,223,1,0,1,12,2,0,27,4,80,1
1,835,0,210,0,0,4,21,2,0,65,4,98,1
1,1310,0,137,0,0,2,0,2,0,44,1,105,0
0,1164,1,252,1,0,2,31,0,1,81,2,106,0
1,588,1,246,0,0,1,43,2,1,42,3,73,1
1,0,0,90,0,1,2,0,4,0,20,4,79,1
0,802,1,288,1,0,2,50,5,0,40,4,86,0
1,233,1,41,1,0,1,62,3,1,43,2,72,0
0,1130,1,223,1,0,4,39,2,1,87,4,82,0
1,402,0,189,0,0,2,9,4,0,31,4,90,1
1,964,0,69,0,0,3,8,2,0,52,4,88,1
1,503,0,171,1,0,2,9,5,1,51,2,89,0
0,120,1,130,1,0,2,36,0,0,56,3,70,1
1,215,0,49,0,0,1,42,2,1,45,4,85,1
1,453,0,146,0,1,3,20,0,0,77,1,107,0
1,0,0,176,1,0,1,19,1,0,35,3,95,0
0,1453,0,242,1,1,6,32,0,1,87,1,114,0
0,716,0,200,1,1,2,23,2,0,59,2,102,0
0,1227,0,113,0,0,1,47,0,0,63,3,91,1
1,801,0,158,1,0,5,24,0,0,83,1,104,0
0,189,1,178,1,0,2,39,0,0,50,3,71,1
1,764,0,81,1,0,3,30,4,0,54,0,127,0
1,306,1,173,1,0,1,31,0,0,51,2,114,0
0,1118,0,272,0,1,3,40,3,1,87,4,70,1
0,225,1,146,1,0,2,28,0,0,77,4,79,1
0,863,0,168,1,0,2,51,2,0,63,3,82,0
0,892,1,207,1,1,2,36,0,1,60,3,80,0
0,1055,1,160,1,0,2,41,1,1,80,3,108,0
0,775,0,53,0,0,1,48,1,1,46,4,71,1
1,533,0,0,0,0,1,18,2,0,39,3,97,0
1,607,1,0,0,0,1,31,3,1,53,4,97,0
0,524,1,145,0,0,0,17,4,1,59,2,79,0
1,1392,0,0,1,0,0,47,0,0,63,2,105,0
1,691,0,129,0,0,3,28,2,0,58,2,95,0
1,763,1,174,0,0,0,0,4,1,31,2,99,0
1,830,1,187,1,1,3,33,2,0,70,0,94,0
0,750,0,121,1,0,1,63,2,0,37,3,88,0
1,401,0,173,0,0,0,53,3,0,24,3,85,0
1,906,1,0,0,0,2,17,2,0,67,0,103,0
1,227,0,181,0,1,1,40,4,0,50,3,108,1
0,1249,1,87,1,1,4,29,0,0,59,1,107,0
0,695,0,122,1,1,1,27,4,0,36,3,97,1
1,0,1,122,0,0,0,25,0,0,57,3,86,0
1,476,1,214,0,0,3,7,2,0,41,3,76,1
0,339,1,206,1,0,2,36,1,1,67,3,106,0
1,231,0,204,0,0,0,19,2,1,82,3,82,0
1,62,0,47,0,0,0,22,4,1,34,4,70,1
1,797,0,153,1,0,1,11,1,0,60,3,100,0
1,343,0,167,0,0,0,50,4,0,22,4,75,1
1,393,0,5,1,0,1,23,3,0,40,2,104,0
1,602,0,267,0,0,3,36,3,0,67,1,111,0
1,480,0,43,1,0,1,36,3,0,38,3,70,1
0,311,1,166,1,0,2,30,0,0,74,3,70,1
0,668,0,166,0,1,1,42,4,0,36,4,87,0
0,326,1,237,0,0,0,33,2,0,54,2,116,1
1,644,1,243,1,0,1,63,2,0,72,2,87,0
0,921,0,335,1,0,0,20,3,0,50,4,86,1
1,11,0,0,0,0,0,0,1,0,15,1,75,1
0,933,1,299,1,0,3,62,0,0,100,3,86,0
0,577,0,0,1,0,1,35,4,0,56,4,90,1
0,850,0,219,1,0,3,28,0,0,81,3,99,0
0,860,0,200,1,0,1,18,2,0,74,3,86,1
1,0,0,106,0,0,0,22,4,0,32,4,110,0
1,478,0,58,0,1,2,20,3,1,39,3,93,0
1,1130,0,0,0,0,0,50,5,0,19,4,76,1
1,325,0,68,0,0,3,29,3,0,27,2,83,0
1,556,0,267,1,0,1,27,0,0,90,1,107,0
1,512,1,171,0,0,1,45,0,1,23,4,86,1
0,1089,0,378,1,0,2,21,1,0,70,2,110,0
1,1362,1,429,1,0,4,40,2,1,94,4,86,0
0,0,0,192,1,1,1,32,2,1,74,3,77,0
1,851,0,16,0,0,1,15,4,0,26,1,110,1
0,183,1,81,1,0,2,44,0,0,81,3,70,1
1,514,0,137,0,0,2,14,1,0,46,1,107,0
1,944,0,0,1,0,0,46,5,1,25,4,88,1
1,0,0,174,0,1,2,33,3,0,27,2,103,0
1,0,0,0,0,0,0,0,3,0,19,3,79,1
1,1473,0,225,0,0,1,39,0,0,58,3,101,0
1,311,0,66,1,1,1,68,2,1,44,4,72,1
0,1221,1,252,1,1,2,33,0,0,70,1,105,0
1,920,0,190,0,1,0,31,1,0,54,1,119,0
0,453,1,122,1,0,1,18,4,0,45,3,98,0
1,277,0,47,0,0,1,14,3,1,41,4,97,0
1,784,0,90,0,0,2,13,1,0,58,0,90,0
0,1217,0,193,1,0,2,51,0,0,83,2,80,1
1,154,0,29,0,1,2,13,3,0,22,3,91,0
0,317,1,108,1,0,0,64,2,0,57,4,82,1
1,638,0,46,1,0,1,14,2,0,35,3,114,1
1,391,1,212,1,0,2,5,0,0,57,2,104,0
0,324,1,191,0,0,1,32,2,1,69,1,115,0
1,107,0,43,1,0,2,14,3,0,69,3,84,0
1,1134,0,147,1,0,1,0,1,1,35,2,100,1
1,708,0,156,1,1,2,25,1,1,56,3,88,0
0,76,1,152,1,0,2,32,0,0,75,3,75,1
0,1143,1,314,0,0,3,42,1,0,84,1,101,0
0,451,1,178,0,1,2,23,1,1,77,2,94,0
0,85,0,127,0,0,3,26,2,1,32,3,79,0
0,1576,1,292,1,1,4,26,0,0,73,2,93,0
1,208,0,159,0,0,2,36,5,0,24,3,81,1
1,232,1,136,0,0,0,38,5,1,47,4,86,0
1,635,0,10,0,0,0,0,0,0,59,4,80,1
0,592,0,189,0,0,0,21,0,1,45,3,75,1
0,996,1,220,0,1,0,35,4,0,40,3,75,1
0,766,1,367,1,1,1,9,1,0,77,1,116,0
1,492,0,23,0,0,0,5,5,0,25,1,118,0
1,343,1,28,1,0,1,0,5,0,29,3,86,0
1,257,0,24,0,0,0,14,2,0,46,4,83,1
0,573,1,178,1,0,1,5,1,0,24,2,110,0
0,50,0,126,0,0,1,28,2,1,15,4,70,1
0,907,1,243,1,0,2,0,5,1,100,3,88,0
1,1024,0,213,0,0,0,40,2,1,48,3,82,1
1,791,1,223,0,1,2,22,5,0,46,3,98,0
1,727,0,359,1,0,3,36,2,0,43,3,80,0
1,7,0,0,0,0,0,0,1,0,8,1,71,1
1,902,0,141,0,1,2,29,2,0,71,4,70,1
0,721,1,170,1,0,3,14,1,0,43,0,108,0
1,49,0,120,0,0,2,5,5,0,42,3,106,0
1,886,0,161,0,0,3,20,3,0,68,0,118,0
1,821,0,46,1,0,3,7,1,0,87,4,73,1
1,739,0,154,1,0,4,35,1,1,54,1,107,0
1,1026,0,381,0,0,2,43,1,0,63,3,100,1
1,0,0,71,0,1,2,0,2,0,34,4,103,0
1,1238,1,346,1,0,2,23,1,0,76,3,95,0
0,1245,0,34,1,0,2,25,1,0,85,2,106,0
1,1136,0,396,1,1,2,54,0,0,76,4,79,0
1,209,0,124,0,0,0,18,6,0,12,2,102,0
0,859,0,92,0,0,2,52,1,1,82,4,82,0
0,819,0,197,1,0,1,24,3,0,69,0,116,0
1,1108,0,112,1,0,1,21,3,1,73,4,75,1
1,856,0,0,0,0,1,2,2,0,30,3,84,0
0,911,1,185,0,0,5,59,2,1,57,4,78,1
1,1191,0,142,0,0,3,0,2,0,41,0,110,1
1,897,0,57,0,0,0,25,2,0,36,3,80,1
1,809,0,188,0,0,0,28,3,0,53,0,106,0
1,11,0,39,0,0,2,0,6,0,20,3,71,1
0,935,1,138,1,1,1,27,1,0,42,3,81,0
0,665,0,167,0,0,2,28,3,0,66,2,72,0
0,818,0,39,1,0,1,25,4,1,68,2,98,0
0,1214,1,396,1,1,2,41,1,0,69,1,114,1
1,162,0,119,1,0,2,0,5,0,20,4,86,1
0,886,0,113,0,0,1,19,2,0,36,4,91,1
0,1016,0,72,1,0,4,19,4,0,75,3,109,0
0,145,1,157,1,0,2,12,0,0,68,3,82,1
1,97,0,0,1,0,1,20,2,0,31,4,85,1
0,386,1,177,1,1,3,4,2,1,34,2,102,0
0,440,0,247,0,1,2,79,3,0,52,4,96,0
0,956,0,0,1,0,2,29,0,0,70,0,103,0
1,443,0,0,1,0,2,29,3,0,38,4,78,1
1,593,1,272,1,0,1,33,2,0,49,4,79,1
1,225,0,350,1,0,1,0,2,0,74,4,95,0
0,1021,0,285,0,0,1,14,2,0,49,2,120,1
0,1388,0,300,1,1,2,28,2,0,89,4,88,1
1,0,0,36,0,0,0,18,3,0,23,3,79,1
1,630,0,54,1,0,1,0,7,0,5,4,81,1
0,362,0,69,0,0,2,3,0,0,62,2,103,0
0,587,1,301,1,1,3,22,2,1,51,2,87,0
1,1455,0,118,1,1,2,13,1,0,43,3,98,0
0,1382,1,211,0,0,2,28,0,1,60,0,130,0
0,1051,1,225,1,0,3,59,1,1,72,4,72,1
0,687,0,209,1,0,1,14,5,0,53,4,93,0
1,462,0,57,1,0,1,4,2,0,40,3,113,0
0,840,0,393,1,1,4,17,0,1,94,4,100,0
0,1071,0,213,1,0,2,0,2,0,52,3,96,0
1,120,0,223,0,1,2,49,3,0,27,4,82,1
0,0,0,0,0,0,1,8,4,0,2,1,91,0
0,811,0,29,0,0,2,37,0,1,70,3,99,0
0,975,0,6,0,0,1,9,3,0,34,1,82,0
1,525,0,270,1,0,2,19,0,0,53,4,85,0
1,1228,0,245,0,0,1,15,0,0,70,1,107,1
1,1031,0,268,1,1,4,12,5,1,48,0,128,0
1,427,0,168,0,0,2,16,1,0,56,4,103,0
1,335,0,293,0,0,1,13,3,0,46,0,109,1
0,436,0,231,0,1,1,20,2,0,58,2,98,0
0,1296,1,535,1,1,2,26,0,0,96,3,90,0
0,62,0,148,1,0,1,3,4,0,34,0,106,0
1,0,0,0,0,0,0,0,2,0,24,3,70,1
0,3,1,246,1,0,1,52,0,1,81,0,105,0
0,1034,1,413,1,1,4,36,0,0,92,3,88,0
0,186,1,131,1,0,2,10,0,0,63,3,72,0
1,806,1,152,0,0,1,5,2,0,30,2,116,0
0,1391,1,391,1,1,3,48,1,1,97,2,81,1
0,193,1,146,1,0,2,21,0,0,68,2,81,1
0,573,0,0,1,0,0,26,2,0,60,2,105,0
1,0,0,213,0,0,0,17,2,1,30,4,75,1
1,767,1,61,1,0,3,27,1,0,91,4,84,0
0,858,1,112,1,0,1,14,3,1,85,1,103,0
0,793,0,42,0,0,2,9,2,0,41,4,107,0
1,340,1,86,1,1,2,54,4,0,43,4,87,0
0,586,0,278,1,1,1,66,0,1,79,4,84,0
1,1031,0,73,1,0,3,24,1,0,50,2,102,0
1,225,0,0,0,0,0,9,3,0,28,2,92,0
0,1200,1,173,1,1,3,23,2,0,69,2,98,0
0,723,0,128,0,0,0,36,3,1,27,4,92,0
1,0,0,13,1,0,1,36,6,0,12,4,78,1
0,941,0,191,1,1,1,17,2,0,83,2,93,0
1,0,0,84,0,0,1,33,2,0,28,1,109,0
0,931,1,165,1,0,3,37,3,0,75,3,95,0
0,461,0,241,0,1,1,2,2,0,72,4,88,0
1,0,0,37,0,0,3,21,4,0,22,1,113,0
0,1385,1,198,1,0,3,14,0,0,76,4,91,1
0,1052,0,213,1,1,3,7,1,0,50,2,111,1
0,851,0,0,1,0,2,3,5,0,26,2,106,1
1,658,0,0,0,0,0,30,3,0,45,2,101,0
0,474,0,106,1,0,1,56,2,0,59,4,88,0
0,90,0,84,1,0,1,26,4,0,67,4,87,0
0,490,0,241,0,0,1,50,4,0,58,4,74,1
1,57,0,180,0,0,0,18,5,0,42,4,103,0
0,1532,1,387,0,1,0,44,2,0,100,2,102,0
0,578,1,100,0,0,1,18,4,0,52,0,114,0
1,0,0,34,1,1,2,13,3,1,31,4,83,1
1,81,0,216,0,1,1,9,4,0,28,2,102,0
0,1422,0,304,1,0,4,30,1,0,82,4,81,0
1,609,1,15,1,0,2,6,3,0,39,3,80,0
0,1161,1,206,1,0,3,40,0,0,61,1,106,0
1,978,0,0,1,0,2,5,2,0,74,0,102,0
1,248,0,88,0,0,0,9,4,0,37,3,81,1
0,193,1,169,1,0,2,37,0,0,79,3,70,1
1,523,0,36,0,0,1,27,2,0,59,3,84,0
0,482,0,85,0,0,3,28,1,0,69,4,118,0
1,526,1,265,1,1,2,41,0,0,77,4,81,1
1,0,0,126,0,0,1,67,4,0,32,2,91,0
1,397,0,171,0,0,2,48,3,0,36,3,79,1
0,852,1,306,1,0,4,8,2,1,70,2,118,0
0,1262,0,161,1,0,3,16,0,1,54,0,108,0
0,67,1,0,1,0,0,5,1,0,30,4,80,0
0,893,1,86,0,0,2,16,0,0,54,4,99,0
1,1082,0,167,1,0,3,22,2,0,72,2,109,0
1,715,0,312,1,0,2,15,1,1,51,1,115,1
0,750,0,128,0,0,0,0,4,0,63,1,117,0
0,1380,0,140,1,1,3,23,1,1,56,2,90,0
1,0,0,24,1,0,2,1,3,0,23,2,92,0
0,1070,0,211,0,0,2,36,3,0,51,2,92,0
0,1009,0,62,1,0,1,53,3,0,80,3,97,0
1,0,0,0,0,0,0,0,3,0,20,2,82,1
0,521,0,190,1,0,3,27,2,0,68,2,109,0
1,150,0,233,0,0,1,20,3,0,39,2,80,0
1,148,0,151,0,0,2,22,4,0,29,2,105,0
1,189,1,259,0,0,2,45,1,0,64,3,84,0
1,0,0,34,1,1,0,13,3,0,30,0,120,0
1,0,0,47,1,0,0,5,2,0,21,4,92,0
0,682,0,129,1,0,0,53,2,0,51,3,81,1
1,181,1,123,0,0,1,24,2,0,15,4,79,1
0,334,0,0,0,0,1,37,4,0,51,0,113,0
0,834,0,138,0,1,1,9,4,1,61,2,104,0
0,1723,1,207,1,0,2,39,2,0,80,2,106,0
0,442,0,138,0,0,1,8,2,0,28,0,99,0
0,1200,0,134,1,1,0,50,1,0,69,2,110,0
1,471,0,191,0,0,0,47,2,0,25,4,83,1
0,1437,0,315,1,1,3,52,1,1,95,3,106,0
0,459,1,325,0,0,3,26,0,1,57,4,86,0
0,1175,0,208,1,0,5,36,0,1,85,1,105,0
1,0,1,0,0,1,2,39,3,1,38,4,82,1
0,1019,0,374,1,0,1,25,2,0,48,2,104,0
1,189,1,151,1,1,0,0,3,1,17,2,96,0
0,1000,0,104,1,0,1,21,1,1,57,3,79,0
1,0,1,195,0,0,3,13,0,0,75,3,91,1
1,621,0,113,0,0,2,14,4,0,24,4,72,1
0,1304,0,188,0,0,2,47,1,0,69,4,78,0
1,371,0,50,0,0,2,29,3,0,18,4,70,1
0,586,0,73,0,0,1,23,1,1,35,2,95,0
0,658,0,207,0,0,1,13,1,0,42,3,106,1
0,347,0,0,0,0,1,20,1,1,72,3,81,0
1,0,0,37,0,0,1,13,3,0,36,1,100,0
0,264,1,138,1,1,0,0,3,1,61,2,103,0
1,0,0,0,0,0,0,0,3,0,16,2,70,1
0,1150,0,224,0,0,3,19,0,0,59,2,90,0
1,0,0,140,0,0,1,22,4,0,31,4,90,1
0,937,1,122,1,0,2,52,3,1,83,3,89,0
1,1138,0,145,1,0,2,19,0,0,64,1,93,0
0,920,0,156,0,0,4,21,5,0,56,2,116,0
1,995,0,88,0,0,0,28,0,0,52,3,72,1
0,1248,1,224,1,0,2,0,0,0,83,0,116,0
0,0,0,105,1,0,2,16,5,0,54,1,102,0
1,470,0,18,0,0,1,17,3,0,55,2,90,0
0,675,1,98,0,0,1,13,3,0,39,2,71,1
1,4,0,0,0,0,0,0,2,0,3,1,71,1
1,661,0,0,0,0,2,0,5,0,29,4,77,1
0,446,0,18,0,0,0,24,4,0,38,4,94,1
1,589,1,23,1,0,1,25,3,0,24,3,93,1
1,20,0,0,0,0,0,0,1,0,0,3,81,1
1,780,0,6,1,0,2,21,2,0,57,1,122,0
0,1522,0,0,0,0,2,9,3,0,90,0,116,0
0,225,1,165,1,0,2,16,2,0,80,0,103,0
0,211,0,358,0,0,2,30,0,1,87,2,106,0
1,1150,0,81,0,1,4,14,0,1,51,0,88,0
1,84,0,52,1,0,1,6,1,0,40,1,112,0
0,440,0,257,0,1,1,4,1,0,46,1,106,1
0,1165,0,157,0,1,5,25,1,0,80,2,108,0
1,787,0,0,0,0,0,7,3,0,33,2,81,0
1,664,0,168,1,0,4,27,1,0,63,4,98,0
0,570,1,209,0,0,3,10,2,0,57,2,105,0
1,628,0,237,0,0,0,61,4,0,51,3,83,1
1,1038,0,0,1,0,3,26,0,0,98,2,101,0
1,726,0,80,1,1,1,19,2,0,61,3,80,0
1,172,1,146,0,0,3,44,3,0,40,3,84,0
1,776,0,226,1,0,2,37,3,0,48,4,82,1
0,0,0,56,0,0,2,50,5,0,41,3,77,0
0,643,0,232,0,0,2,38,1,0,80,1,113,0
0,571,0,185,1,0,1,25,0,0,57,2,98,0
1,103,0,44,0,0,0,2,3,0,28,1,91,0
0,826,1,129,1,1,1,7,3,0,32,4,76,1
0,790,1,147,0,0,0,15,3,0,53,1,98,0
1,942,0,419,1,0,4,24,3,1,64,3,71,1
1,0,0,109,0,0,0,49,6,0,27,4,78,1
1,915,1,209,1,0,2,39,2,0,60,4,75,1
1,791,0,216,0,0,3,40,1,1,58,2,81,0
0,989,0,0,0,0,2,22,1,1,68,4,91,0
0,1226,0,215,1,1,2,30,2,0,46,4,104,0
1,330,0,252,1,0,0,0,2,0,75,0,114,0
1,0,0,0,0,1,2,31,1,0,18,2,113,0
1,827,0,0,0,0,2,9,1,0,81,1,111,0
0,1672,0,83,1,1,2,38,2,0,97,3,97,0
1,437,0,84,0,1,3,49,1,1,74,4,104,0
0,1184,1,185,0,0,4,35,2,0,87,1,110,0
1,74,0,119,0,1,0,48,1,0,22,4,81,1
1,97,0,17,0,0,0,0,6,0,0,4,79,1
0,781,0,150,0,1,2,61,0,0,41,2,86,0
1,685,1,87,0,1,1,32,1,0,31,4,81,1
0,1248,1,164,0,0,2,34,2,0,83,2,86,0
1,1227,0,126,1,0,2,17,4,1,41,1,90,0
1,972,0,192,0,1,1,43,2,1,46,3,91,0
0,1500,0,0,1,0,3,11,3,0,64,3,79,0
0,739,0,177,0,0,1,37,2,0,65,2,82,1
0,1680,0,229,1,1,2,29,3,0,100,4,105,0
1,685,0,118,1,0,4,18,3,1,40,2,87,0
