is_muted,time_unmuted,is_speaking,speaking_duration,camera_on,hand_raised,hand_raise_count,message_length,hesitation_count,has_question,confidence_level,missing_assignments,grade_average,grade_trend,days_since_submission,late_submissions,struggle_label,_latent_p
1,110,0,0,0,0,0,0,0,0,13,1,50,90,3,3,1,0.9720686692055746
1,177,1,116,1,0,5,18,1,0,67,0,80,100,0,0,0,0.003969428989314635
0,368,0,0,0,1,1,0,0,0,41,2,52,90,6,3,0,0.16443113739889995
1,0,0,0,0,0,0,0,0,0,0,0,80,100,0,0,0,0.5092785986776275
1,0,0,14,0,0,0,0,0,0,14,4,72,102,0,2,1,0.4239118834725645
1,28,0,17,1,0,0,0,0,0,46,1,80,114,3,0,0,0.08995196992568842
1,280,1,123,0,1,1,22,2,0,37,1,80,95,2,0,0,0.08557942355533937
1,106,1,60,0,0,2,25,1,0,43,2,80,110,23,0,0,0.012574133089074496
0,406,0,180,1,1,3,0,0,0,100,5,80,85,3,7,0,0.5794598961283801
0,320,0,327,0,0,0,31,0,0,57,6,43,74,3,1,0,0.5061837984902977
0,40,0,62,0,0,0,0,0,0,13,2,70,99,5,1,0,0.25505594831074313
0,178,0,248,1,0,1,27,4,0,62,4,77,101,2,4,0,0.029106444958408934
0,27,0,0,1,0,3,0,0,0,70,4,80,123,1,6,0,0.0028310775460856532
1,64,0,0,0,0,0,11,3,0,0,0,80,100,0,0,1,0.5027854085927559
0,67,0,113,0,0,1,21,0,0,39,9,51,84,6,0,1,0.8792892109651517
0,130,0,7,1,0,0,25,1,1,49,6,67,98,3,2,0,0.07605083708452794
1,103,0,0,0,0,0,0,0,0,16,6,76,115,0,1,0,0.10176618930127122
1,95,0,55,1,0,0,0,0,0,40,1,75,112,0,0,0,0.009895424503149716
1,0,0,38,0,0,0,20,0,0,21,0,80,100,0,0,0,0.038313184565070074
0,94,0,16,1,1,1,21,0,1,60,0,80,100,0,0,0,0.006009207083855349
0,2,0,6,1,1,0,7,0,0,26,10,80,88,0,2,1,0.9631523771480622
0,191,0,20,1,0,0,21,2,1,55,0,46,83,0,0,1,0.3122722874566803
1,41,1,26,0,0,0,0,0,0,12,5,66,103,8,1,0,0.48050951543347104
0,188,0,9,1,0,0,18,2,0,42,1,88,122,0,0,0,0.0014262258779728753
1,99,0,65,0,1,1,0,0,0,67,4,56,96,9,1,1,0.311979158364318
0,508,0,186,1,1,0,25,0,0,78,1,71,109,1,1,0,0.07411802709672492
1,160,0,0,0,0,0,0,0,0,50,2,80,102,0,0,0,0.02357878592010339
0,225,0,153,0,1,2,0,0,0,73,3,50,70,6,2,0,0.47871108832675185
0,336,0,98,1,0,1,19,1,0,76,0,80,100,0,0,0,0.0005133091850171888
1,59,0,0,0,0,0,0,0,0,6,3,80,94,0,3,0,0.13465599431952052
0,24,0,14,1,1,1,21,1,1,46,0,65,103,4,1,0,0.010685821468659573
1,44,0,31,1,0,1,3,6,0,28,3,80,91,0,6,1,0.9395930130029422
0,116,0,0,0,0,0,0,0,0,34,2,61,95,0,1,0,0.2805776550762622
1,145,0,0,1,0,0,0,0,0,71,2,70,107,6,2,0,0.007940505061862575
1,168,0,0,0,1,1,0,0,0,22,0,80,100,0,0,0,0.008267886048756378
0,0,0,0,1,0,2,0,5,0,15,4,47,73,7,1,1,0.959728084830812
1,180,0,34,1,0,3,0,0,0,67,3,80,91,10,5,1,0.8002897249435094
0,142,0,15,1,1,2,22,1,0,45,3,49,86,11,1,1,0.8858630249404512
1,69,0,101,0,0,0,48,3,0,40,4,36,72,13,11,1,0.9947029889791517
1,97,0,75,0,0,0,3,2,0,14,2,48,86,0,0,1,0.8414710794915626
1,0,0,0,0,0,1,0,3,0,0,1,56,101,4,1,0,0.561863497870721
1,32,0,37,1,1,2,0,0,0,60,0,80,100,0,0,0,0.0282527986712766
0,272,1,59,1,1,0,21,0,0,47,1,80,108,3,2,0,0.043589640928477315
0,124,0,45,1,1,3,26,0,0,79,0,48,75,0,0,0,0.6716838091650487
1,156,0,39,0,0,0,25,0,1,40,7,56,86,2,4,1,0.5559002527574518
0,226,0,189,1,0,4,0,0,0,90,6,69,101,0,5,0,0.016740607276758888
1,183,0,161,1,0,1,13,1,1,81,0,80,100,0,0,0,0.06214840082438062
1,0,0,10,0,0,2,20,0,0,25,0,80,100,0,0,0,0.04726467962738942
1,0,0,8,1,1,1,0,0,0,39,0,64,106,0,3,0,0.06928917239045676
0,430,0,0,0,0,0,0,0,0,100,0,80,100,0,0,0,0.012320896438327667
0,93,0,0,0,0,0,0,0,0,24,0,80,100,0,0,0,0.012478538154139355
1,6,0,0,0,0,0,0,0,0,2,3,78,115,13,3,0,0.006889900587267974
1,54,0,216,0,1,3,12,0,0,48,0,80,100,0,0,0,0.06591098332041678
1,112,0,109,0,0,0,24,1,0,34,1,80,97,0,0,1,0.34907860235107757
0,96,0,0,1,0,6,0,0,0,73,2,68,103,0,1,0,0.14582308747289946
1,20,0,0,0,0,2,0,0,0,25,2,75,99,0,1,0,0.12205980339563767
0,103,0,32,0,0,0,3,0,0,12,3,37,69,0,4,1,0.9902388284808008
1,27,0,37,0,0,0,4,3,0,0,0,80,100,0,0,0,0.22332379136295633
1,220,0,0,1,0,2,0,0,0,89,7,41,79,0,4,1,0.8505180670123912
0,268,0,137,0,0,0,0,0,0,40,3,65,100,4,1,0,0.15996004170177408
0,13,0,67,0,1,0,20,0,0,41,0,80,112,0,0,0,0.002944002748034805
1,121,1,2,0,0,3,25,0,0,28,2,60,99,0,0,0,0.03643144121721785
1,30,1,101,0,0,2,14,3,0,40,0,80,100,0,0,0,0.1439636083869503
0,262,1,66,1,0,2,9,1,0,50,0,80,100,0,0,0,0.05433791075275066
1,116,0,0,1,0,0,10,1,0,29,2,56,101,0,3,0,0.3171504935639603
1,123,0,0,1,0,1,0,2,0,26,0,80,100,0,0,0,0.12775772932016635
0,318,1,146,1,0,2,33,1,0,86,5,60,97,0,0,0,0.025612652860932963
0,158,0,220,1,1,3,65,1,0,77,0,80,100,0,0,0,0.14316198932423183
0,94,0,0,0,0,0,0,0,0,47,4,79,102,0,0,0,0.10271281956865129
1,104,0,31,1,0,0,17,1,0,37,0,80,100,0,0,1,0.3061665464536066
1,34,0,0,1,0,0,0,0,0,49,0,80,100,0,0,0,0.4668648789520633
1,0,0,9,1,0,2,13,3,0,32,0,65,99,1,0,0,0.2210527658231801
1,192,0,228,1,0,2,29,0,0,80,1,86,118,0,4,0,0.007160897508708198
0,95,0,0,0,0,1,0,0,0,19,2,61,92,0,13,0,0.3536647774814867
0,229,0,105,1,0,1,9,2,1,59,1,78,110,0,1,0,0.014549006437636604
1,14,0,37,1,0,1,14,3,0,32,4,64,96,3,4,0,0.24304717505643222
1,0,1,31,0,0,1,8,5,1,9,0,85,115,5,4,0,0.0039642058167088205
1,39,0,0,1,0,3,0,0,0,72,0,78,120,15,0,0,0.006427647726586432
1,80,0,0,0,0,0,0,0,0,25,2,80,82,0,7,1,0.9251863155097747
0,6,0,21,0,1,1,25,1,1,39,2,75,108,0,3,0,0.01813225260796165
1,158,0,100,1,1,0,20,3,1,67,5,73,110,0,0,0,0.053229170748872935
0,317,0,9,0,0,0,30,0,1,38,2,73,104,3,1,0,0.05132332977119514
0,104,0,37,0,0,0,0,0,0,31,1,80,84,5,1,1,0.8153538339318942
1,20,0,0,1,0,4,0,0,0,68,0,80,100,0,0,0,0.08221591375019233
0,55,1,6,1,0,1,17,0,0,40,2,48,72,9,5,1,0.7946542859764191
0,312,0,315,1,1,1,41,1,0,76,3,94,130,3,1,0,0.00021009019502627802
1,0,0,55,0,0,0,0,0,0,33,5,80,81,4,3,1,0.9217681294992396
1,60,0,2,0,1,5,30,0,0,36,0,85,118,1,1,0,0.007089621422367946
0,312,0,109,0,0,0,22,4,0,36,5,60,95,0,5,0,0.4493058144393408
1,155,0,27,0,0,0,0,3,0,2,5,44,72,10,3,1,0.9756839041288078
0,68,0,6,1,0,1,12,0,0,35,0,80,100,0,0,0,0.02767078243571596
0,109,0,0,0,0,1,0,0,0,13,2,52,87,0,0,1,0.714349136844493
0,66,0,55,1,0,0,58,1,0,43,4,52,87,0,4,1,0.8349323200040822
1,0,0,99,0,0,1,41,1,0,47,0,80,100,0,0,0,0.3698326449553731
1,154,0,0,0,0,0,0,0,0,19,0,80,100,0,0,0,0.7038394803494336
1,22,0,0,0,0,0,0,0,0,1,1,51,81,12,2,1,0.7821026043106428
0,202,0,23,1,0,0,0,0,0,48,0,80,100,0,0,0,0.006902327010049655
0,221,0,103,1,0,1,10,1,0,72,0,80,100,0,0,0,0.00458390274746736
1,20,0,26,0,0,0,0,0,0,14,0,60,105,0,3,0,0.2930247182837864
0,150,0,79,0,0,2,0,0,0,58,0,80,100,0,0,0,0.017433764814806386
1,9,0,55,1,0,3,0,0,0,64,0,80,100,0,0,0,0.3999760100274219
1,0,0,61,0,0,0,18,0,0,20,5,93,112,0,3,0,0.016460968221296012
1,0,0,0,1,0,0,0,0,0,27,8,75,111,3,8,0,0.029165425706493688
1,367,0,0,1,1,0,0,0,0,70,0,80,100,0,0,0,0.1328169574591427
1,376,0,157,0,1,0,21,5,0,29,0,85,110,0,2,0,0.04155102065337302
1,79,1,0,0,0,2,10,0,1,29,9,58,96,10,6,1,0.8990696632281922
0,124,1,163,0,0,2,33,1,1,59,1,55,85,4,0,1,0.23371550395562377
0,691,1,82,1,0,2,30,0,0,73,5,55,94,4,2,1,0.12574466509127732
1,49,0,0,0,0,0,0,0,0,13,3,44,83,0,2,1,0.97684239312826
0,114,0,34,0,0,1,20,0,0,39,6,62,100,0,0,0,0.3073616255204258
0,67,0,0,1,0,3,0,0,0,87,1,74,110,0,2,0,0.03338177762128339
1,55,1,55,0,1,1,16,1,0,47,0,80,107,5,0,0,0.20578899839676867
0,92,0,13,0,0,0,0,0,0,14,1,96,123,2,0,0,0.0002933917877121772
0,154,0,0,1,0,1,0,0,0,65,1,80,92,3,0,0,0.27781411845151927
0,95,0,54,1,0,0,13,1,0,42,0,80,100,0,0,0,0.03331929542497852
1,201,1,228,1,1,0,28,1,0,68,0,80,100,0,0,0,0.16207822842913272
0,138,0,16,1,0,2,0,0,0,49,5,59,99,11,2,1,0.5252751307797047
1,0,0,6,0,0,0,7,1,1,12,0,80,100,0,0,0,0.27736211323019994
0,186,0,205,0,0,4,0,0,0,65,0,80,100,0,0,0,0.0019988030510694004
0,190,0,0,1,0,0,0,0,0,58,4,65,116,0,0,0,0.011177730597351495
1,232,0,23,1,0,0,0,0,0,59,0,80,100,0,0,0,0.0036449036932258197
0,54,1,26,1,1,6,0,0,0,62,1,80,112,9,2,0,0.0018903048990216728
1,108,0,56,0,0,0,0,4,0,15,0,80,100,0,0,0,0.18859573523585174
1,111,0,184,0,1,0,52,2,0,44,4,34,81,7,0,0,0.9567992683711883
1,294,1,172,0,1,1,16,0,0,52,2,79,112,6,0,0,0.007407352124881915
0,53,1,49,0,0,1,14,3,0,19,0,80,100,0,0,0,0.06063787112405146
0,245,0,36,1,1,0,8,2,0,36,0,80,100,0,0,1,0.07124844442155637
0,69,0,0,0,0,2,0,0,0,28,2,41,64,0,4,1,0.9939827179792835
1,90,0,3,0,1,0,7,2,0,4,2,80,105,3,1,0,0.05835394380972336
1,310,0,67,1,0,0,11,1,1,53,1,34,77,0,1,1,0.9151425685409793
1,209,0,154,0,0,2,29,3,0,46,1,80,88,9,3,1,0.813767688336207
1,21,0,50,0,0,0,0,0,0,23,0,94,117,0,0,0,0.015192147833466224
0,0,0,0,0,0,0,0,0,0,0,2,57,101,0,1,0,0.39966810719311047
1,40,0,67,0,0,0,45,4,0,24,0,49,73,10,5,1,0.9699702528156167
0,150,0,56,1,1,2,45,1,0,79,4,55,82,4,2,0,0.09035419801153322
1,213,1,70,1,1,1,35,2,0,79,2,80,102,0,0,0,0.05081853373810181
1,43,0,0,1,0,0,0,0,0,36,2,80,70,5,3,0,0.4705165117978851
1,123,0,0,1,0,1,0,0,0,69,0,80,100,0,0,0,0.41791819860547397
0,419,0,0,1,0,0,0,0,0,77,0,80,100,0,0,0,0.003541355872306072
0,67,1,22,1,0,0,0,0,0,61,2,42,79,0,4,1,0.9460521616103545
1,0,0,55,1,0,0,0,3,0,25,1,34,78,13,2,1,0.9940560631585004
0,136,0,0,1,0,1,0,0,0,39,0,80,100,0,0,0,0.017099921701212512
0,0,0,30,1,0,4,22,0,1,73,0,68,105,0,2,0,0.032082430769428655
0,241,0,0,0,0,0,0,0,0,49,0,34,72,16,4,1,0.9923136534727021
0,263,0,0,1,1,1,0,0,0,89,1,53,87,0,0,1,0.7975802134946732
1,0,1,13,0,1,1,48,1,1,31,2,42,67,0,2,1,0.7489915294881778
1,143,0,43,1,0,0,24,0,1,67,2,69,114,0,0,0,0.3453428533434055
1,206,0,106,1,1,1,0,0,0,89,3,85,117,0,3,0,0.03738227772460198
1,58,0,0,0,0,0,0,0,0,15,0,80,100,0,0,0,0.36095200722934484
0,346,0,147,0,0,1,33,0,0,65,3,68,102,0,0,0,0.022411362070021694
0,112,1,56,1,1,2,32,1,0,86,1,52,80,1,1,0,0.018311892774371646
0,104,0,7,0,0,0,37,1,1,41,6,59,90,0,1,1,0.7279961369636644
1,158,1,114,0,0,1,12,0,0,40,0,80,107,2,0,0,0.013680130827192435
0,150,0,149,0,0,2,16,0,0,57,4,75,103,0,1,0,0.004336361739640539
1,403,0,0,0,0,0,0,0,0,28,3,41,86,0,3,1,0.9109749507743613
1,23,0,4,0,0,0,0,0,0,4,2,80,114,4,2,0,0.39727329444865467
0,243,0,44,1,0,4,0,0,0,66,0,80,100,0,0,0,0.014923292447901169
0,273,0,0,0,0,0,0,0,0,69,0,40,76,7,2,1,0.7657278054945716
1,5,0,6,1,0,0,14,0,1,38,0,80,112,0,0,0,0.10570414930433115
0,210,0,82,1,1,0,18,0,0,65,0,80,100,0,0,0,0.005006049798124801
0,33,0,84,1,1,1,16,3,0,49,5,80,106,0,3,1,0.38148884443598363
1,214,1,37,1,0,0,11,2,0,34,0,80,100,0,0,0,0.039701014061727685
0,96,1,39,1,1,6,19,0,1,62,4,80,108,0,0,0,0.03289785063250044
0,188,1,282,1,0,0,27,0,1,81,3,43,73,0,3,1,0.8677365237831032
0,163,0,0,1,0,2,0,0,0,96,0,80,100,0,0,0,0.10998302776306972
1,0,0,44,0,1,0,0,0,0,11,2,74,100,0,7,0,0.22430567919515737
0,342,1,113,1,0,0,0,0,0,74,0,73,100,34,1,0,0.09113665483928451
1,0,0,11,1,0,0,0,0,0,29,4,81,110,0,3,0,0.13426291766722487
1,0,0,11,1,0,0,22,3,0,31,0,80,100,0,0,0,0.011377103350115941
1,187,0,0,0,0,2,0,0,0,45,2,64,100,2,1,0,0.014642617878104804
1,0,0,36,0,0,0,2,6,0,0,4,46,83,0,2,1,0.962051499000748
1,11,0,31,1,0,0,0,6,0,21,2,80,116,0,1,0,0.0954175137719375
0,218,0,95,1,0,1,23,0,1,92,0,80,100,0,0,0,0.003012785638968707
0,245,1,258,0,0,0,0,0,0,49,2,80,124,0,0,0,0.0015980197934053826
1,0,0,0,0,0,1,0,3,0,0,0,80,100,0,0,1,0.8288264827087268
0,0,1,0,1,0,0,20,1,0,27,0,80,100,0,0,0,0.005898203612506434
0,171,0,0,0,0,0,0,0,0,61,1,64,101,8,1,0,0.006867565498875526
0,178,0,0,0,1,4,0,0,0,47,3,70,105,1,0,0,0.00381344663644616
0,274,0,0,1,1,1,0,0,0,74,2,47,93,5,1,0,0.28438161812736074
0,285,1,104,1,1,0,18,2,0,48,0,78,110,0,2,0,0.03241843286598055
1,178,0,0,0,0,0,0,0,0,100,6,51,92,17,0,1,0.7525553617345002
1,117,0,40,0,0,0,13,2,0,34,4,54,88,0,0,1,0.9394982238044848
0,41,0,68,0,0,0,0,0,0,23,3,36,72,0,9,1,0.9932589995597163
0,290,1,150,1,1,2,28,1,0,86,3,65,116,6,1,0,0.015493628792390256
1,95,0,53,1,0,0,15,4,1,41,2,40,64,0,0,1,0.9501593418044484
0,34,0,0,1,0,0,0,0,0,47,2,61,89,11,5,0,0.2782908340496024
0,72,0,166,1,1,1,18,2,0,59,0,80,100,0,0,0,0.03739633124820991
1,19,0,61,1,0,2,16,0,1,81,7,68,100,0,1,0,0.1251742699924812
0,664,0,185,1,0,1,31,0,0,82,0,80,100,0,0,0,0.0024077254658778496
1,216,0,128,1,0,0,0,0,0,64,0,61,96,1,1,1,0.2938349104859439
0,443,1,99,1,1,2,24,0,0,74,2,37,96,7,0,0,0.16994574033266002
0,23,0,105,1,0,1,43,1,0,60,0,46,84,8,0,1,0.9071386002057218
0,79,0,0,0,0,0,0,0,0,19,0,80,100,0,0,0,0.11058416960292235
0,73,0,35,0,0,0,10,2,0,17,0,55,89,0,4,1,0.360658679910692
0,92,0,0,0,0,0,0,0,0,52,1,79,109,4,3,0,0.041885181344058116
1,112,0,0,0,0,0,0,0,0,25,0,80,100,0,0,0,0.16695641924341476
0,83,0,142,0,0,1,15,1,0,33,7,80,102,0,1,0,0.042164771114774714
1,0,0,94,0,0,2,35,2,1,59,0,80,100,0,0,0,0.013883379618034965
1,116,0,33,1,0,0,7,4,0,48,3,53,89,8,0,0,0.8084409575953154
1,79,0,52,1,0,1,10,1,0,58,3,50,80,5,6,1,0.9118677875020008
0,127,0,103,1,0,2,61,0,0,89,0,80,100,0,0,0,0.07843663419727824
1,68,0,173,1,1,0,0,0,0,72,3,44,76,0,1,1,0.8022303720201583
1,54,0,0,0,0,0,16,2,1,14,6,80,84,0,0,1,0.4934426827845241
0,91,0,86,1,0,2,28,3,0,70,0,80,100,0,0,0,0.018725953704571367
1,600,0,197,1,0,3,0,0,0,98,0,80,100,0,0,0,0.007305566360904401
0,209,1,258,1,0,1,36,1,0,73,0,80,100,0,0,0,0.012424419078802505
0,314,1,70,0,1,1,35,1,0,46,1,80,92,0,2,0,0.5477444632298824
1,0,0,0,0,0,2,0,0,0,22,4,80,95,0,3,1,0.7251906193965499
1,45,0,0,1,0,1,0,0,0,63,0,80,100,0,0,0,0.24742954346105347
0,243,0,0,0,0,1,0,0,0,27,3,80,97,0,2,0,0.2399795862893944
0,151,0,100,0,0,3,15,2,0,48,3,65,96,15,1,0,0.44430151286149877
1,36,0,64,0,0,1,17,2,1,52,6,41,85,7,5,1,0.8936062968445376
1,129,0,51,0,1,2,11,4,0,20,1,76,107,4,1,0,0.39933676351802017
1,20,1,34,1,1,1,0,0,0,43,0,80,100,0,0,0,0.0052203528655772585
1,224,0,131,0,1,0,0,0,0,37,0,80,104,7,2,0,0.045393931820910415
0,148,1,99,1,0,2,25,0,0,64,0,80,100,0,0,0,0.01412912717131179
0,312,1,0,1,0,1,19,1,0,42,0,80,100,0,0,0,0.010715121501723315
1,136,0,20,0,0,0,0,6,0,16,3,51,86,0,1,1,0.9445962571616889
1,66,0,269,0,0,0,32,7,0,32,1,45,71,8,2,1,0.8836164255608262
0,57,0,42,1,1,4,0,0,0,63,0,80,100,0,0,0,0.031112152595851802
1,0,0,0,0,0,0,0,0,0,0,4,55,89,0,1,0,0.9277301284037341
1,0,0,30,1,0,1,7,2,0,30,3,80,123,0,3,0,0.06036849150735176
0,310,0,205,0,0,0,20,1,1,59,1,45,80,11,4,0,0.6781361524180511
0,0,0,3,1,0,5,16,0,0,39,0,80,100,0,0,0,0.0031786750946756455
0,323,1,97,1,0,1,31,1,0,65,0,80,100,0,0,0,0.0007997293921241321
0,166,0,63,1,0,0,24,0,0,60,0,68,104,0,0,0,0.2684251730964309
1,41,1,22,1,0,1,10,3,0,45,0,63,94,0,0,0,0.131251087142834
1,54,0,0,1,0,0,0,0,0,51,1,52,87,0,0,1,0.820923989120389
1,135,0,157,0,0,2,0,0,0,54,6,54,77,0,2,0,0.6500474149206007
0,140,0,0,0,0,0,0,0,0,37,2,49,89,0,2,0,0.23504889263831485
0,219,0,74,0,0,2,1,1,0,26,2,80,121,0,0,0,0.0035348873009542403
1,15,0,19,0,0,2,0,5,0,13,4,72,105,3,1,1,0.2788737714257862
0,55,0,0,1,0,3,0,0,0,87,7,59,98,3,0,0,0.2866974539861342
1,422,1,145,1,0,0,18,0,1,76,4,56,90,4,5,1,0.47718201326727533
0,214,0,184,1,0,1,25,1,1,84,2,58,87,0,0,0,0.26168194297568936
0,264,0,0,1,0,1,0,0,0,72,1,57,96,0,3,1,0.8540849890419168
0,78,0,20,0,1,2,24,0,1,38,0,80,100,0,0,0,0.00021389111999695434
1,317,0,0,1,0,2,0,0,0,93,1,72,105,0,1,0,0.004310730983849658
1,24,0,0,0,0,0,0,0,0,5,1,76,104,0,0,0,0.2248770255540959
0,206,1,52,0,0,0,10,2,0,20,1,76,108,5,1,0,0.011934135095852935
1,106,0,32,1,0,0,23,2,0,35,4,43,80,3,2,1,0.882641958088711
1,321,0,234,1,0,7,20,0,1,92,0,80,100,0,0,0,0.017527535924305185
1,127,0,76,1,1,0,24,0,0,48,3,50,91,0,3,0,0.1777226654887703
1,130,0,164,1,0,5,29,0,0,71,2,77,104,4,0,0,0.052042234933825815
1,210,0,78,1,0,0,11,1,0,39,5,44,86,0,4,1,0.9306807657069841
0,35,0,77,1,0,1,18,3,0,39,11,51,77,0,2,1,0.9807289029402768
0,62,0,106,1,1,1,19,0,1,73,2,62,93,9,3,0,0.09466103684568361
0,141,0,6,1,0,0,5,3,0,20,1,68,94,0,0,1,0.8697778157422845
1,149,0,33,0,0,0,13,2,1,25,0,46,77,0,3,1,0.9477402521408702
1,119,0,58,0,0,0,0,0,0,19,6,71,112,5,0,0,0.5309309008099725
0,229,0,50,1,1,1,17,1,0,61,2,76,117,0,0,0,0.024796469440559712
0,91,0,8,1,0,1,35,0,0,56,3,51,79,0,3,0,0.13291319324272005
1,459,0,259,1,1,0,24,0,0,77,2,78,105,0,0,0,0.009382533350892348
1,111,0,0,0,0,1,0,0,0,19,2,80,90,0,3,1,0.8293378322203033
1,137,0,55,1,0,0,5,1,0,39,4,46,78,4,3,1,0.9012095834867374
1,121,1,145,1,0,0,53,1,1,81,6,51,73,0,1,0,0.9527916166227949
1,45,0,0,0,0,0,0,0,0,27,1,80,107,6,1,0,0.1334759098786262
0,150,0,6,0,0,0,25,0,1,40,1,54,86,0,3,0,0.1913073430815138
1,115,0,30,0,0,1,7,0,0,19,0,80,79,0,2,1,0.9699447514348744
1,289,1,52,1,0,1,13,0,0,53,0,57,89,0,0,0,0.15446979847089662
0,119,0,0,1,1,2,0,0,0,82,2,66,100,1,0,0,0.0934822899890399
0,0,0,147,0,0,2,9,0,1,48,0,80,100,0,0,0,0.00478444339355421
1,146,0,0,1,0,0,0,0,0,54,0,80,80,4,1,1,0.7956511402807828
1,132,1,55,0,0,0,0,0,0,60,0,80,100,0,0,0,0.011534446350357674
1,0,0,46,0,0,0,10,5,1,9,1,80,87,0,2,1,0.8674836376240634
0,119,1,99,0,1,2,33,0,0,61,0,80,100,0,0,0,0.0026073613813409778
0,444,1,139,0,0,2,38,1,1,77,2,48,87,0,2,0,0.37146474766941223
1,0,0,44,0,0,0,0,0,0,21,0,80,100,0,0,0,0.0792390663992935
0,201,0,97,1,0,5,0,0,0,100,3,46,77,29,5,1,0.9709491623022292
0,292,0,184,0,0,1,33,0,0,61,1,86,121,0,0,0,0.0008949472329736247
1,142,0,0,0,0,0,0,0,0,50,4,80,95,0,0,1,0.15978234954558299
0,232,0,181,1,0,0,23,1,1,82,0,77,111,3,4,0,0.012836965821270377
0,94,0,86,1,0,3,11,5,1,56,0,45,88,4,0,1,0.5821973612369823
0,392,0,0,1,0,0,0,0,0,78,2,49,80,4,2,0,0.10115527295019382
0,234,0,0,1,0,0,0,0,0,60,0,80,100,0,0,0,0.049245621527739265
0,102,0,62,0,0,1,24,3,1,56,0,80,100,0,0,0,0.04908012522453241
0,92,0,0,1,0,1,0,0,0,64,3,72,96,0,0,0,0.1505531404101873
1,0,0,78,0,0,0,13,0,1,28,5,50,80,0,1,0,0.7039677156340217
1,229,0,188,1,0,4,27,2,0,80,0,80,100,0,0,0,0.003962535839022233
1,117,0,69,1,0,0,22,0,0,50,0,80,100,0,0,0,0.0017744164546678405
1,70,0,0,1,1,0,18,1,1,41,0,43,65,0,1,1,0.9837831227581173
0,387,0,90,0,0,2,0,0,0,47,5,74,105,0,2,1,0.06450369950786086
1,0,0,0,0,0,0,0,0,0,0,3,80,114,0,0,1,0.30450647027777855
1,127,0,0,0,0,0,0,0,0,77,1,76,117,4,1,0,0.10248744810472357
1,250,1,37,0,0,1,17,5,0,25,4,57,91,0,1,1,0.6346188786510427
1,179,0,0,0,0,0,0,0,0,84,6,42,84,0,0,1,0.8469992468700057
1,58,0,19,0,0,1,12,5,0,2,0,80,100,0,0,1,0.7327422274401907
1,101,0,0,1,1,0,0,0,0,71,1,66,101,0,1,0,0.057637277126995526
1,88,0,79,0,0,1,10,1,0,27,4,80,120,0,0,0,0.04382384407239094
0,135,0,104,0,0,0,0,0,0,57,0,43,78,1,1,1,0.9362390161960299
0,61,1,81,0,1,2,32,0,0,65,0,80,100,0,0,0,0.012736307500211076
1,72,1,2,0,0,2,15,4,0,10,0,36,72,0,0,1,0.8071010363519446
1,0,0,0,0,0,1,19,1,1,22,2,76,102,0,2,0,0.012627260873005617
1,68,1,48,1,1,7,15,0,0,77,4,68,97,8,1,0,0.04046488907857876
1,0,0,0,0,0,0,0,0,0,0,0,80,100,0,0,1,0.508301936929428
1,6,0,58,0,0,2,0,0,0,54,2,55,95,4,0,0,0.19261783127023022
1,93,0,91,1,1,2,20,0,0,69,4,80,88,0,2,1,0.5028358990842274
0,70,0,161,1,0,0,13,1,1,63,3,56,88,10,3,0,0.18410134553468127
1,24,0,115,0,0,2,42,1,0,54,6,40,79,0,4,1,0.9513882810629047
0,235,1,332,1,0,3,18,0,0,77,0,80,100,0,0,0,0.0037466821060891616
1,0,0,0,1,0,0,0,0,0,20,3,52,96,5,2,1,0.8044217031977263
1,0,0,0,0,0,0,0,0,0,0,2,80,94,0,3,0,0.25207162654163967
0,103,0,61,1,0,0,15,6,0,30,7,50,92,0,4,1,0.9575481363060643
1,1,0,15,0,0,1,22,7,0,7,0,80,100,0,0,1,0.08009346501584819
1,217,0,0,1,0,0,0,0,0,60,0,80,110,3,0,0,0.36154201420627835
1,272,0,43,0,0,1,24,1,0,31,3,92,129,3,2,0,0.001141429239232533
1,85,0,0,0,0,0,7,1,0,7,3,52,83,0,2,1,0.9444015155259436
0,117,0,90,0,0,1,0,5,0,21,1,71,104,0,0,0,0.15554265250756388
0,82,0,78,0,0,1,52,3,0,39,0,80,100,0,0,0,0.02772286709385282
0,177,1,162,1,0,3,4,1,0,67,1,75,105,7,1,0,0.021780591091079486
1,68,0,0,1,1,0,0,0,0,57,4,45,83,5,0,1,0.732951060764893
0,178,0,147,1,1,0,27,1,1,85,2,80,88,0,5,0,0.03654184397547142
1,0,0,0,0,0,0,0,0,0,0,0,80,100,0,0,0,0.008966139791663589
1,111,1,81,0,1,1,11,0,0,27,3,80,120,0,0,0,0.01185979373312145
1,201,0,129,1,0,0,21,1,0,67,1,80,103,9,1,0,0.21095575722562748
1,29,0,0,0,0,0,0,0,0,2,1,62,98,6,4,1,0.7761340742672599
0,109,0,0,1,1,0,0,0,0,62,0,54,77,2,0,0,0.4124151988392323
1,66,1,155,1,0,3,36,0,1,89,0,80,112,10,1,0,0.005251221515183513
1,32,0,66,1,1,4,11,2,0,47,0,50,83,5,4,1,0.5502259898926606
1,115,0,46,0,1,0,16,4,0,25,0,72,97,13,3,1,0.085251537810828
1,403,0,125,1,0,0,10,0,0,65,0,80,100,0,0,0,0.014791789326157925
1,82,0,37,1,0,0,27,0,0,53,1,57,88,2,1,0,0.06853645052064222
0,247,0,0,0,0,1,0,0,0,44,8,51,83,0,4,0,0.531249046493568
0,94,0,12,1,0,0,16,3,0,26,3,59,95,0,2,0,0.61565438940352
1,234,0,0,0,0,0,0,0,0,33,1,67,103,0,1,0,0.11018486465454928
0,150,0,0,1,0,2,0,0,0,78,1,42,88,0,1,0,0.181609513752321
1,124,1,2,0,0,0,35,1,1,30,1,52,91,0,6,1,0.6855315551124256
1,134,0,14,1,1,1,17,2,1,54,7,53,92,21,1,0,0.6318433828297149
0,281,0,246,0,1,4,23,1,0,56,1,65,97,4,0,0,0.013288518064584665
1,175,0,333,1,0,1,0,0,0,81,0,80,100,0,0,0,0.027303039246226162
1,512,0,51,0,0,2,23,2,1,47,6,61,91,9,2,1,0.6418364719450583
0,135,0,84,0,0,0,26,1,0,42,2,46,85,14,3,1,0.7953332720464049
1,24,0,0,0,0,0,0,0,0,5,5,36,66,0,1,1,0.9888266166275271
1,97,0,0,0,0,0,6,0,0,7,8,68,104,7,2,0,0.40149613726865513
0,0,0,49,0,0,2,0,0,0,20,0,80,100,0,0,0,0.13091999713403898
0,222,1,191,0,0,0,26,1,0,47,2,61,93,0,1,0,0.1891895608462194
1,190,0,0,0,0,0,0,0,0,72,0,80,100,0,0,0,0.1350107611620918
0,99,0,50,1,1,3,36,3,0,51,3,80,100,0,0,0,0.01477254289640227
0,47,0,26,0,0,0,0,2,0,10,1,73,113,2,0,0,0.3323755071740632
0,30,1,61,0,1,2,36,3,0,27,0,80,100,0,0,0,0.0045575401139170725
1,248,0,160,1,1,1,16,0,0,65,0,61,103,19,2,1,0.39764330436884726
0,218,1,74,1,0,0,43,0,1,67,3,80,114,2,2,0,0.004213005465984327
1,68,0,131,0,0,1,12,3,0,28,2,67,114,2,2,0,0.24203048730348478
1,163,0,28,0,0,0,9,2,0,16,0,63,98,8,1,0,0.13581057383825076
0,195,1,177,1,0,1,0,0,0,93,3,80,81,0,10,1,0.5362603382865522
1,214,0,0,0,0,3,0,0,0,38,0,80,110,0,0,0,0.026035533330334034
1,0,0,24,0,0,0,28,1,0,16,2,45,83,0,2,1,0.6683168851179299
0,227,0,268,1,0,3,37,0,1,94,1,73,96,2,0,0,0.01921155877583177
1,169,0,91,0,0,1,19,2,1,36,2,37,66,15,4,1,0.9460361111971386
1,639,1,323,1,0,3,0,0,0,100,0,80,100,0,0,0,0.0026123641312532594
0,0,0,11,0,0,0,23,7,0,6,0,80,100,0,0,0,0.18205736967802671
0,340,0,9,1,0,0,16,1,0,36,9,66,93,5,5,0,0.04877178702114357
0,69,0,0,0,0,0,0,0,0,7,1,44,84,4,7,0,0.20465096956799494
1,162,0,39,0,1,1,19,4,0,16,0,73,103,11,1,0,0.040833951533169856
0,34,0,2,1,1,2,11,3,0,30,0,80,100,0,0,0,0.09731855816147407
1,0,0,38,0,1,5,0,0,0,47,4,66,112,5,6,1,0.16311687369551747
1,167,1,40,1,0,3,8,1,0,45,0,80,100,0,0,0,0.510899404637594
0,167,0,0,0,0,1,0,0,0,38,0,72,94,0,0,0,0.013260175526498944
0,3,0,0,0,0,1,0,0,0,12,0,80,100,0,0,0,0.015723944859341674
0,0,0,26,1,0,2,0,0,0,40,3,80,91,14,2,1,0.9546632661967444
1,0,0,56,0,0,1,17,3,1,30,4,73,110,6,0,0,0.03956484200505595
1,96,0,8,0,1,5,4,7,0,9,4,66,92,8,4,1,0.884006751412923
1,177,0,34,0,0,0,1,0,0,23,2,52,85,0,2,1,0.9165513323086938
0,0,0,2,0,1,1,20,4,0,4,3,46,82,0,1,0,0.7205482621601289
1,20,0,0,0,0,2,0,0,0,15,1,78,113,10,0,1,0.16743116598871322
0,130,0,0,0,0,0,0,0,0,100,2,72,117,10,4,0,0.0047348955462679625
1,72,0,77,1,0,0,25,2,0,54,2,38,78,0,2,1,0.950821391463819
1,45,0,92,0,0,1,12,4,0,23,0,75,115,2,2,0,0.004101763892077522
0,0,0,0,1,1,2,0,0,0,67,1,80,110,4,1,0,0.010227988503061891
1,6,0,14,0,0,1,9,2,0,6,0,80,100,0,0,1,0.48110151174570615
1,0,1,0,0,0,0,9,0,0,5,0,49,88,10,2,1,0.8603499447455499
1,89,0,4,1,1,1,22,1,0,39,1,47,78,6,5,0,0.6004676476093816
1,68,0,44,1,0,1,3,2,0,38,2,61,97,2,5,0,0.36913064184940747
1,75,0,13,1,0,0,21,2,0,35,0,80,100,0,0,0,0.14173554787389042
1,85,0,37,0,0,1,13,1,1,30,0,69,107,0,1,0,0.018788711692686828
0,63,0,0,1,0,0,0,0,0,49,0,84,118,1,0,0,0.0018927914436936226
1,0,0,0,0,0,1,20,3,0,6,0,50,86,0,1,1,0.8917601755636299
0,439,1,110,0,0,0,14,0,0,47,4,96,125,9,4,0,0.0070307470560800915
1,62,0,44,0,0,1,13,1,0,41,2,66,100,4,1,0,0.22893946258327924
1,0,0,49,1,0,1,26,0,0,52,0,80,100,0,0,0,0.00452292452175411
1,0,0,0,0,0,1,0,0,0,11,3,51,78,11,2,1,0.7866335138151584
0,135,0,0,0,1,1,0,0,0,23,0,80,100,0,0,0,0.09883101329231453
1,228,0,70,0,0,1,0,0,0,32,0,80,100,0,0,0,0.11017026387752274
1,50,0,58,1,0,0,12,0,0,36,0,80,100,0,0,0,0.4418587954390813
1,0,0,0,1,0,0,0,0,0,44,6,70,87,5,2,1,0.4264401710243174
0,59,0,0,1,1,2,26,0,0,50,3,74,105,7,4,0,0.01007970355676189
0,0,0,42,1,0,1,14,1,1,69,2,64,110,0,3,0,0.4728892542508084
1,0,0,35,0,0,0,16,2,1,28,5,35,76,4,5,1,0.9772347810107117
0,115,0,7,1,0,0,26,2,0,32,3,71,107,0,0,0,0.028152495944618314
1,97,0,0,1,0,1,36,1,0,45,0,80,100,0,0,0,0.04640986950761051
1,35,0,2,1,0,0,0,6,0,8,2,57,93,10,6,1,0.6957435809308713
1,70,0,27,0,0,0,0,0,0,8,1,73,104,0,2,0,0.38456394104408487
0,201,1,184,1,0,1,27,0,0,79,0,80,100,0,0,0,0.01653763226684752
1,0,1,85,0,0,1,0,0,0,47,3,63,92,0,0,1,0.1760775930029065
0,134,0,37,1,1,1,22,0,0,71,3,93,124,12,1,0,0.003540818750888112
1,74,0,84,0,0,0,20,4,0,34,0,44,79,3,1,1,0.9511170031776461
0,304,0,0,0,0,0,0,0,0,57,5,80,102,0,2,1,0.7520118432926576
0,19,0,0,1,0,2,0,0,0,69,3,67,100,9,0,0,0.04972674955130287
1,181,0,0,1,0,1,0,0,0,78,4,96,122,0,3,0,0.00035616117849043106
1,6,1,0,1,0,0,0,0,0,27,0,80,100,0,0,1,0.16878211210793473
0,27,0,116,1,1,1,6,3,0,51,0,80,100,0,0,0,0.0032859916123139654
1,96,0,25,0,0,0,16,1,1,22,2,66,101,0,1,0,0.3497722955485352
1,250,0,153,0,1,1,13,4,0,36,3,80,110,0,3,0,0.0070049098166796425
0,163,1,27,1,1,3,0,0,0,60,0,60,102,0,3,0,0.24617379255551286
1,149,0,0,0,1,2,0,0,0,45,0,84,110,0,1,0,0.03752459243919626
1,116,0,0,0,0,0,0,0,0,6,2,62,95,0,4,1,0.5869598173424737
1,171,0,58,1,0,0,18,1,0,64,3,80,112,5,1,0,0.0023723235678568735
0,325,0,52,1,0,0,30,0,0,72,1,80,98,0,3,0,0.05275663297304348
1,126,1,73,0,0,0,5,2,0,19,0,80,100,0,0,0,0.28074047134390934
1,15,0,25,0,1,0,18,0,0,20,1,83,112,6,0,0,0.013846733861463283
1,21,1,40,1,0,0,6,2,0,33,0,80,100,0,0,0,0.18926759046733033
0,223,1,103,0,1,0,27,3,0,34,2,45,70,10,2,0,0.8739775308370688
0,185,0,63,1,0,2,10,3,0,46,2,43,78,0,3,1,0.8228081771810029
1,385,0,277,0,0,0,45,2,1,63,0,48,78,7,0,0,0.5455368710865419
0,233,1,72,1,0,1,29,0,1,90,4,41,90,3,4,0,0.5947191258217118
0,326,0,0,1,0,0,0,0,0,69,2,68,92,0,0,0,0.02047785278363034
1,0,0,41,1,0,0,43,2,0,50,3,44,82,12,0,1,0.9479988047265848
1,0,0,2,1,0,0,37,1,0,33,5,48,89,0,0,0,0.6866826194957395
1,0,0,13,1,1,0,19,3,0,24,0,77,115,4,2,0,0.061866038700808014
1,353,0,0,1,0,0,0,0,0,68,1,67,105,0,2,0,0.08907389643232695
0,0,0,0,0,0,2,0,0,0,22,2,61,97,7,2,1,0.36231561196825873
1,0,0,27,0,1,0,7,3,0,1,1,95,115,0,0,0,0.005735296905116746
0,248,1,126,1,0,3,25,3,0,61,1,98,124,12,0,0,0.0015749818939534833
0,80,0,14,1,0,0,7,0,0,30,0,80,100,0,0,0,0.13822077885002892
0,229,0,106,1,0,2,18,1,1,74,3,63,102,0,4,1,0.16199942791655586
1,71,0,37,0,0,0,8,0,0,16,0,69,108,0,10,0,0.6844745375001978
1,130,0,0,1,0,1,0,0,0,76,5,70,109,10,3,0,0.30705658679741366
1,0,0,0,0,0,2,0,0,0,13,2,80,98,0,4,0,0.83253195331925
1,52,0,19,0,0,0,16,0,1,29,5,80,100,7,0,0,0.1049694730545907
1,89,0,62,1,0,3,30,7,0,48,0,80,100,0,0,0,0.004119200892648676
1,110,0,76,1,0,2,21,1,0,59,0,80,100,0,0,1,0.243018510194769
1,163,0,0,0,0,0,0,0,0,33,0,80,94,16,2,1,0.7608414313021559
1,0,0,33,0,0,0,0,0,0,12,2,80,90,3,0,1,0.19013329384977903
1,0,0,26,1,0,0,0,1,1,33,3,60,107,5,0,0,0.4002948053715029
1,317,0,312,1,0,0,30,1,0,71,1,84,116,7,0,0,0.008151483122096903
1,128,0,19,1,0,2,0,0,0,55,1,69,121,4,4,0,0.022579079726395983
1,50,0,0,0,0,0,0,0,0,12,0,75,104,2,5,0,0.08005667709665991
0,264,0,66,1,1,3,26,1,0,59,0,80,100,0,0,0,0.0011296025077843555
1,96,0,0,0,0,2,0,0,0,33,0,80,100,0,0,0,0.01557955917970601
1,96,1,60,1,0,0,7,2,0,50,2,66,99,0,4,1,0.2708221245727405
1,54,0,22,1,1,2,6,6,0,23,4,52,73,0,6,1,0.8629545469103554
0,5,0,0,1,0,3,35,1,0,43,5,54,101,0,1,0,0.11092895563279609
0,0,0,0,1,0,1,19,0,1,44,4,70,93,0,1,0,0.21014621441038872
1,156,0,0,0,0,1,0,0,0,31,5,72,121,0,0,1,0.09901003774222619
0,120,1,367,0,1,0,24,1,1,53,1,80,98,0,1,0,0.018266717501035003
1,27,0,8,0,0,0,2,3,0,0,0,60,90,6,0,1,0.2665399555282484
0,156,0,12,0,1,2,0,0,0,45,0,80,100,0,0,0,0.005047443361573933
1,0,0,0,1,0,1,3,1,0,24,0,80,100,0,0,0,0.10420517346666239
1,51,0,44,1,0,0,2,6,0,14,0,80,100,0,0,1,0.8303761660543265
0,218,0,137,1,0,2,29,0,0,85,5,80,102,0,2,0,0.18425424821303493
0,120,0,0,1,0,0,0,0,0,55,2,29,60,0,1,1,0.9496434622574773
1,0,0,16,0,0,1,0,0,0,17,2,78,118,0,0,0,0.11274109165332256
0,195,0,88,1,0,3,69,1,0,76,3,80,93,0,0,0,0.045934292168138595
0,183,0,18,1,0,0,0,0,0,37,1,79,117,1,0,0,0.0007906786135604125
1,0,0,0,1,0,0,25,2,0,27,0,55,88,1,0,1,0.5098480122226151
1,167,0,78,0,0,0,5,0,0,23,0,80,100,0,0,1,0.27339162640212494
1,11,0,0,0,0,0,16,2,1,12,1,80,100,6,0,0,0.17929679479510294
1,174,0,7,1,0,1,11,5,0,23,0,80,100,0,0,0,0.36698662975635316
1,115,0,47,1,0,1,16,1,0,75,2,82,111,1,1,0,0.005084082066049546
0,161,0,21,0,1,5,5,0,0,36,5,63,100,0,2,0,0.1702468256092229
1,101,0,123,0,0,0,18,5,0,19,2,55,89,0,2,1,0.6927141706785964
0,419,1,215,1,0,1,0,0,0,91,6,71,100,0,4,0,0.026228376267637087
0,0,0,27,0,0,0,26,0,1,28,0,80,100,0,0,0,0.0010573734964667762
0,63,0,0,1,0,2,22,0,0,44,2,84,128,2,2,0,0.0015577027654785078
1,90,0,0,0,0,0,0,0,0,17,5,61,87,0,2,1,0.7831973368742853
1,17,1,92,0,0,1,19,3,1,34,0,80,100,0,0,0,0.18924158683670828
0,0,0,48,1,1,0,54,1,0,62,3,80,66,0,13,1,0.9917653519350742
1,213,0,121,1,0,0,17,0,0,54,2,77,109,4,2,0,0.15819852864407624
1,32,0,0,0,0,0,0,0,0,34,0,55,95,0,0,1,0.6699177671811309
0,78,1,148,0,1,0,17,1,0,40,5,90,123,7,1,0,0.0067379898822501946
1,99,0,0,1,0,0,0,0,0,54,10,45,82,0,0,1,0.9918218089921885
1,61,0,90,0,0,0,25,0,1,38,6,49,84,0,1,1,0.9820318839814208
0,124,1,31,1,0,1,20,0,0,67,6,48,97,0,3,1,0.10982850277818709
0,102,0,47,0,1,3,9,1,1,33,1,83,113,1,4,0,0.06150150573712219
1,139,0,124,0,0,0,24,2,0,44,0,80,100,0,0,0,0.17559373569778158
1,137,0,127,1,0,0,8,2,0,56,0,80,100,0,0,0,0.03892118822218617
0,425,0,0,1,0,4,0,0,0,95,5,80,88,2,1,0,0.04591389454729421
1,29,0,287,0,0,1,63,7,0,36,0,48,71,24,6,1,0.9846285136741757
1,119,0,0,0,1,1,19,2,1,23,12,79,109,3,1,0,0.017022121651144577
1,0,0,0,0,0,3,0,0,0,22,12,80,96,0,3,0,0.9194489907070131
1,132,0,70,0,0,0,18,2,0,19,1,68,96,2,0,0,0.23915360570233862
1,139,1,73,1,0,1,16,5,0,36,4,41,87,0,3,1,0.9100757556253136
1,287,0,67,0,0,6,22,2,0,42,0,80,100,0,0,0,0.029475067129225718
1,109,0,32,0,1,0,14,2,0,10,5,52,94,3,3,1,0.6771150913738211
1,288,1,81,0,1,5,27,4,1,66,0,80,100,0,0,0,0.00470205953582004
1,70,0,0,0,0,1,0,0,0,9,7,66,107,0,5,1,0.39109392498500234
1,24,0,0,1,0,1,0,0,0,59,0,80,100,0,0,0,0.0476329438789953
0,153,0,0,0,0,0,0,0,0,32,5,80,99,3,6,0,0.20905801414420502
1,134,0,0,1,0,1,0,0,0,77,2,52,81,9,1,1,0.9525957163118172
0,110,0,83,1,0,1,23,1,0,64,0,80,100,0,0,0,0.030480527552671385
1,100,0,6,0,0,1,19,1,0,20,0,78,107,3,0,0,0.013594171112867991
0,141,0,48,1,0,2,27,4,0,51,1,55,94,4,1,1,0.8355715513869827
0,423,0,0,1,0,3,0,0,0,100,9,71,105,7,0,0,0.01615257256585781
0,0,0,99,1,1,2,16,0,0,68,2,80,92,11,1,0,0.049529487767986005
1,28,0,17,0,0,0,7,6,0,0,0,58,93,0,2,1,0.750870051854308
1,417,0,34,1,0,0,0,0,0,49,4,97,112,0,1,0,0.007722297884375215
1,0,0,0,1,0,1,0,0,0,56,0,56,85,0,0,1,0.6272213011285703
0,124,0,0,0,0,0,2,2,0,3,1,80,123,0,1,0,0.021092473599565943
1,0,1,26,1,0,1,17,0,0,43,4,51,80,0,1,1,0.5959583723230615
1,106,1,147,0,0,1,15,4,0,36,0,80,100,0,0,1,0.1192404530612437
0,85,0,196,1,1,0,61,2,0,64,0,47,79,0,4,0,0.34268132426561476
1,86,0,19,1,1,0,10,13,0,17,0,80,100,0,0,0,0.11834852460972667
0,290,1,197,1,0,1,20,0,1,89,8,80,76,8,3,1,0.8899064929944149
0,103,0,213,1,0,2,0,0,0,86,1,46,91,0,1,1,0.7921025396189992
1,0,0,112,0,0,3,42,2,0,49,0,47,87,0,4,1,0.8685827948594234
0,224,1,160,0,1,0,17,0,1,60,7,80,106,8,2,0,0.05948605441974796
1,15,0,15,0,0,3,8,4,0,12,2,48,89,0,3,1,0.8861693834239146
1,121,0,0,0,0,0,0,0,0,5,0,80,100,0,0,1,0.6088889144004341
0,75,0,172,1,1,3,0,0,0,85,0,80,100,0,0,0,0.002840419042487575
1,0,0,0,1,0,0,14,2,0,21,3,80,108,0,1,1,0.2577236193911748
1,150,0,0,1,0,0,0,0,0,32,0,80,100,0,0,1,0.5893253631021657
0,0,0,0,0,0,0,0,0,0,0,0,44,81,15,3,0,0.865963540234734
1,259,1,273,1,0,2,26,0,0,84,0,80,100,0,0,0,0.0011305518073858477
1,135,0,8,1,1,2,24,0,0,47,0,80,100,0,0,0,0.01271327799290158
0,12,0,40,1,0,2,9,2,0,54,1,74,108,17,0,0,0.07445581868818359
1,103,0,11,1,0,5,0,0,0,50,0,96,119,4,0,0,0.001510857071300855
0,131,1,45,1,0,3,21,7,0,39,0,80,100,0,0,0,0.11298902180160922
1,136,0,45,1,0,2,37,0,0,59,0,80,100,0,0,0,0.0011286536499238197
1,102,0,0,0,0,1,0,0,0,24,6,36,89,6,2,1,0.8105384100180407
1,315,0,101,1,1,4,26,1,1,90,3,71,113,14,0,0,0.005345253539099262
1,448,0,0,0,0,3,0,0,0,56,7,52,87,0,1,0,0.30823781891248647
0,0,0,0,0,0,0,13,1,0,4,11,34,74,0,8,1,0.9982644171842536
0,143,0,0,1,0,2,0,0,0,79,1,80,95,0,0,0,0.08629685875344269
1,0,1,61,0,0,1,20,4,0,12,13,80,78,8,0,1,0.9599913077644461
1,0,0,53,1,1,3,0,0,0,80,0,73,110,0,0,0,0.009271765117309051
1,16,0,11,0,0,2,3,1,0,15,2,30,64,5,5,1,0.9895243079335533
0,136,0,317,1,0,5,0,0,0,86,5,38,80,0,0,1,0.9740253481498543
0,77,1,61,1,1,2,0,0,0,88,1,80,86,2,1,0,0.4860379726883122
0,144,0,55,1,0,1,22,1,0,70,3,62,96,13,1,0,0.17188665373214823
0,82,0,41,1,0,0,15,1,0,35,3,60,96,7,4,0,0.46175247292870225
1,140,0,0,0,0,0,0,0,0,32,0,80,100,0,0,0,0.016000987779531267
1,81,0,5,0,0,1,13,3,0,11,1,80,102,0,1,0,0.07836557989195053
0,362,0,237,1,1,1,24,0,0,77,0,80,100,0,0,0,0.002617547689607031
0,303,0,0,1,1,0,0,0,0,47,1,48,98,0,1,1,0.09247569164592205
1,132,0,0,0,1,4,0,0,0,36,0,80,100,0,0,0,0.01882116259253497
1,4,0,57,1,1,0,11,2,1,43,4,80,96,7,1,0,0.16248173034192975
1,197,0,21,1,1,1,16,0,0,53,0,84,124,1,1,0,0.0010503022936725935
1,25,0,0,0,0,0,0,0,0,5,5,57,84,6,1,0,0.7503181049881865
0,39,0,28,0,0,0,0,0,0,17,0,80,100,0,0,0,0.12518915683495277
0,277,1,201,1,1,0,23,1,1,77,3,80,105,0,1,0,0.011661348313588333
1,0,0,0,0,0,0,4,1,0,0,8,38,63,14,1,1,0.9977926391912079
1,0,0,4,1,0,1,24,0,0,38,0,67,100,8,5,0,0.5835384418527559
0,221,1,159,0,0,3,27,0,1,78,0,80,100,0,0,0,0.0016989613093067724
1,0,0,0,0,1,1,0,0,0,11,0,80,100,0,0,0,0.032950113281310305
0,2,0,76,1,0,1,12,2,0,55,2,86,116,0,1,0,0.0036680163940600845
1,260,0,0,0,0,0,0,0,0,55,6,72,102,20,2,1,0.2698049395736815
0,408,0,171,0,0,1,17,0,1,63,1,54,89,1,0,1,0.31205806658996066
1,103,0,68,1,0,0,33,4,0,53,0,80,100,0,0,0,0.048558859128883934
1,250,0,18,1,0,1,26,1,0,45,2,52,84,0,0,0,0.33194017283598326
1,94,0,127,0,0,2,18,1,0,51,3,80,108,3,6,0,0.1472559315705383
0,184,1,129,1,0,1,30,1,0,71,2,86,117,10,7,0,0.0023648941384323816
0,38,0,0,0,0,0,0,0,0,8,0,80,100,0,0,0,0.7062754483402041
0,9,0,34,0,0,0,0,0,0,14,0,79,119,2,1,0,0.02759994840046094
1,92,0,0,1,1,1,19,1,0,39,1,63,96,0,0,0,0.3307945267232305
1,189,0,3,1,0,0,0,0,0,39,0,80,100,0,0,0,0.1773153787873806
0,141,0,0,0,0,1,0,0,0,17,2,40,71,0,0,1,0.9901921403631656
1,339,0,0,1,0,0,0,0,0,68,0,80,100,0,0,0,0.055394458862411386
1,0,0,0,0,0,1,3,1,0,4,2,80,77,2,3,1,0.9699948041278161
1,128,0,125,1,0,0,7,0,1,62,0,80,100,0,0,0,0.06652580232278721
1,12,0,117,1,0,1,59,0,1,81,6,38,67,0,2,1,0.9825472072196141
1,40,0,0,1,0,1,12,2,0,26,0,72,101,2,0,0,0.08391655388349879
1,32,0,0,0,0,0,0,0,0,12,0,80,100,0,0,0,0.17344812872748408
1,0,0,359,0,0,1,4,2,0,31,6,43,80,1,1,1,0.917214420532867
0,102,1,55,0,0,1,17,1,1,31,3,69,105,0,3,0,0.2715648130159028
0,58,0,0,1,0,2,10,3,0,28,3,54,113,9,1,1,0.6143131365881823
0,297,0,66,1,1,0,17,1,0,48,2,43,80,16,3,1,0.8875003200553205
0,148,0,30,1,0,1,0,0,0,59,2,55,91,0,5,1,0.47492361416294543
0,44,0,23,1,0,2,22,0,0,52,2,40,65,13,4,1,0.9328774354174248
0,223,0,135,1,0,2,15,4,0,55,0,58,107,4,2,0,0.14406097082053335
0,40,0,173,1,0,1,43,4,0,60,0,80,100,0,0,1,0.425127307210864
0,124,1,104,1,0,1,22,3,0,54,5,80,109,4,1,0,0.04410436505435636
1,91,1,0,0,0,1,17,4,1,15,1,41,66,0,2,1,0.9673871192048483
1,10,0,20,0,0,1,0,4,1,8,3,77,115,20,1,0,0.03804340674269813
0,167,0,0,0,0,2,0,0,0,33,3,68,104,6,3,0,0.2380012201036718
0,173,0,39,0,1,0,8,1,0,18,5,67,103,0,0,0,0.7915066455938975
0,1,1,22,0,0,2,0,0,0,26,7,66,101,0,0,0,0.05082919481204133
1,25,0,20,0,0,1,16,0,0,22,0,32,80,0,0,1,0.9528464470701911
0,75,0,0,1,0,0,0,0,0,54,0,75,108,0,0,0,0.055575467504835545
0,220,0,0,0,1,2,0,0,0,38,0,80,133,0,0,0,8.94023694581383e-05
0,426,1,167,1,0,9,0,0,0,100,0,80,100,0,0,0,0.0008091195284107049
0,146,0,68,0,0,0,17,0,0,54,1,64,105,0,5,0,0.06606121283818288
1,206,0,30,1,0,1,6,1,0,39,0,80,99,2,2,0,0.35248900409028716
0,181,0,137,1,0,0,20,6,0,49,0,66,95,0,2,0,0.04986106132426824
0,324,0,116,1,1,0,0,0,0,63,0,80,100,0,0,0,0.006684724208093885
1,279,0,60,1,0,1,0,0,0,86,2,61,100,0,3,0,0.1913892984371828
0,219,0,0,1,0,0,0,0,0,62,0,80,100,0,0,0,0.01061900302699539
0,327,0,0,0,0,0,0,0,0,61,0,80,100,0,0,0,0.008326929096328355
0,392,1,378,1,0,4,0,0,0,100,6,52,89,0,1,0,0.09384563460730419
1,30,0,0,0,0,0,0,0,0,33,5,81,110,0,3,0,0.01694181997891618
1,124,0,309,0,0,0,35,3,0,40,2,35,78,0,6,1,0.9952321566431535
0,28,1,93,1,1,0,21,3,0,37,0,80,100,0,0,0,0.017855225918577175
1,0,0,51,0,0,0,0,0,0,35,0,80,100,0,0,0,0.1942771416861209
1,0,0,0,0,0,0,0,0,0,0,5,61,85,5,2,1,0.9165881068876527
0,109,0,152,1,0,0,21,3,0,58,0,51,95,2,0,0,0.29217855256982306
1,9,0,57,1,0,0,28,2,0,58,0,71,100,3,2,0,0.0607338023155534
0,41,0,0,1,0,0,0,0,0,58,0,80,100,0,0,0,0.0010861679912189924
1,38,0,0,0,0,3,14,0,0,20,4,60,92,8,3,0,0.4466424435729023
1,5,0,357,0,0,0,48,2,1,49,0,80,100,0,0,0,0.047870710270085486
1,35,0,88,0,1,1,25,3,0,31,2,63,93,7,0,0,0.054310545477642296
1,670,1,360,1,1,1,29,0,0,85,0,80,100,0,0,0,0.0019442174609812233
1,35,1,31,1,0,2,24,0,1,59,2,82,111,0,3,0,0.015710361922182246
0,508,1,250,0,0,0,23,1,1,64,2,89,119,0,0,0,0.0001920699837118997
1,8,0,0,1,0,2,0,0,0,68,0,80,100,0,0,0,0.012982053750581085
0,0,0,38,1,0,3,16,5,0,33,8,64,101,11,1,0,0.2899093033119814
1,81,0,10,1,1,5,22,3,0,47,0,80,100,0,0,0,0.0035870094811156646
0,0,0,74,0,0,0,24,0,0,42,1,45,75,2,3,1,0.9838315957710266
1,56,0,0,1,0,0,0,0,0,55,0,80,100,0,0,1,0.06604892078878398
1,66,0,0,1,0,0,0,0,0,56,1,47,77,2,0,0,0.5607801849258309
1,59,1,51,1,0,0,7,0,0,48,3,52,81,7,3,1,0.9907098796514273
1,125,0,267,1,0,1,38,0,1,88,0,80,100,0,0,0,0.0007050111678272642
1,0,1,12,1,0,0,3,2,1,32,0,80,100,0,0,0,0.5500298950701886
0,43,0,28,0,1,1,0,0,0,22,0,77,109,0,3,0,0.003924880111952078
0,347,0,103,0,0,1,28,0,0,60,3,55,83,0,2,1,0.3284539059132243
1,0,0,11,1,0,0,0,2,0,19,2,76,112,0,1,0,0.03602355231371155
1,6,0,41,0,0,0,6,1,0,6,0,80,100,0,0,1,0.819575962542367
0,217,0,50,1,1,2,34,1,1,91,2,74,102,0,1,0,0.022203418688904488
0,427,0,0,0,0,0,0,0,0,100,0,80,100,0,0,0,0.0193319562685166
1,153,0,0,1,0,3,0,0,0,93,3,34,63,6,4,1,0.9942226601700903
0,280,0,162,0,0,5,21,0,0,66,2,79,114,0,0,0,0.001890131390465944
1,16,0,3,0,0,1,8,0,1,21,4,51,89,3,1,1,0.9202176050228275
0,90,0,0,0,1,1,0,0,0,22,0,80,100,0,0,0,0.005113712195745077
1,58,0,9,1,0,0,9,2,0,23,0,62,99,5,3,0,0.2883433297908605
0,412,1,146,1,0,3,12,1,0,70,7,57,97,7,2,1,0.2839476584613394
1,117,0,0,1,0,0,0,0,0,52,1,77,112,0,0,0,0.012502503277360069
0,365,0,284,1,0,0,23,2,0,68,0,45,79,0,2,1,0.7740785444303797
1,32,0,0,0,0,0,0,0,0,9,2,80,98,3,3,0,0.11184260094728825
1,98,0,69,0,1,0,20,0,0,33,8,60,91,12,2,0,0.3987264502064461
1,102,0,40,1,0,0,5,2,0,37,0,80,105,0,0,0,0.27633125847127465
1,143,0,192,1,1,3,0,0,0,88,1,80,106,22,2,0,0.24612855477234905
1,0,1,45,0,1,3,14,0,0,31,2,80,92,8,9,1,0.8231121897882515
1,0,0,49,0,0,0,2,7,1,4,5,80,107,7,2,0,0.20110762155719042
1,98,0,87,1,0,2,20,1,0,70,0,80,109,0,0,0,0.007801289576334684
1,149,0,181,1,0,0,20,5,0,54,3,55,85,0,1,1,0.9876600364174554
0,130,0,0,0,0,0,0,0,0,55,4,80,104,15,2,1,0.5715590033125784
0,103,0,0,1,0,3,12,0,1,61,0,80,100,0,0,0,0.018841824006842006
0,0,0,18,1,0,1,19,0,0,40,0,80,100,0,0,0,0.0030156399197378584
0,281,1,69,0,1,0,21,0,0,38,3,67,92,0,2,0,0.06296486613998489
0,100,0,0,0,0,1,13,2,0,14,5,69,110,5,2,0,0.3199315189960153
1,54,0,60,1,0,2,49,6,0,41,0,35,72,0,5,1,0.9949087648840544
1,109,0,39,1,0,0,16,0,0,63,1,96,126,0,3,0,0.08154150172385033
0,305,0,165,1,0,5,24,0,0,81,0,80,100,0,0,0,0.08553705261245045
1,0,1,131,1,0,0,8,4,0,33,1,78,103,9,0,0,0.017651795114057234
1,0,0,6,0,0,1,0,0,0,12,6,63,106,0,3,1,0.5920021432273443
1,44,0,9,0,0,0,5,2,0,2,0,80,100,0,0,0,0.15185451296986197
1,136,0,0,1,0,4,0,0,0,82,2,39,76,9,1,1,0.9795548431784021
0,193,0,217,1,0,2,50,2,0,77,2,33,83,0,1,1,0.5720613410443823
0,101,0,98,1,0,5,15,0,1,78,0,80,106,0,1,0,0.0011827524746722356
0,159,1,117,1,0,3,0,0,0,91,0,80,100,0,0,0,0.00578413646918203
0,322,0,0,0,0,4,0,0,0,56,2,48,78,18,0,0,0.31438501748809083
1,130,0,119,0,0,1,19,0,0,37,5,81,112,0,2,1,0.25417206552891014
1,0,0,0,0,0,3,0,0,0,22,9,70,104,0,4,0,0.10583973934167065
1,69,0,50,0,0,1,12,5,1,16,1,71,114,0,2,0,0.1929931023468144
0,0,0,3,1,0,1,6,1,0,26,0,80,100,0,0,0,0.1627695398553282
1,0,0,0,0,0,0,0,0,0,0,2,80,117,0,0,0,0.017189074472332432
0,194,1,159,1,0,3,25,0,0,70,0,80,100,0,0,0,0.0017340364661294107
0,310,0,0,1,0,0,0,0,0,72,1,80,116,0,0,0,0.002087628432968159
0,85,0,0,1,1,1,55,0,0,47,3,80,92,0,3,0,0.24584420857054748
1,33,0,31,0,0,1,0,0,0,36,4,80,115,0,1,0,0.023754925337501318
0,179,0,0,0,1,3,0,0,0,39,0,80,100,0,0,0,0.0006485206265116587
1,51,0,0,1,0,1,0,0,0,41,6,67,101,11,2,0,0.3370627020800241
0,119,0,0,0,0,0,0,0,0,58,0,80,86,0,0,0,0.034608404457415545
0,246,0,73,1,0,2,25,0,0,65,0,59,89,15,0,0,0.056619744112220635
0,153,0,96,1,0,2,39,2,0,64,7,89,121,7,1,0,0.0034390822994615185
0,239,0,0,0,0,3,0,0,0,56,2,33,75,0,9,1,0.8947518324782642
0,322,0,299,0,0,3,42,0,0,67,0,80,100,0,0,0,0.0012982755606701115
1,432,0,130,1,1,0,23,0,1,72,0,73,115,2,1,0,0.016807162657322877
1,0,0,59,0,0,0,5,1,0,30,1,82,120,0,1,0,0.09848792078897387
1,158,0,0,0,0,0,0,0,0,27,2,69,97,9,1,0,0.03280572786316322
1,67,1,119,1,1,1,14,2,0,60,7,52,81,7,0,1,0.6652366810443183
0,37,0,0,0,0,0,0,0,0,15,0,84,118,1,1,0,0.006989809874608447
0,210,0,40,1,0,2,22,0,0,71,0,73,104,5,1,0,0.0051412439407587975
0,153,0,16,1,0,1,4,3,1,41,4,47,87,5,3,1,0.7430251475739446
0,85,1,101,1,0,3,58,0,0,81,4,52,83,1,2,0,0.1414110160113044
1,0,1,57,0,0,1,41,2,1,39,1,32,67,0,4,1,0.5404771873816151
1,151,0,0,0,0,0,20,1,1,24,9,64,99,0,2,1,0.8779119524575555
0,299,0,241,1,0,3,16,3,1,84,0,80,100,0,0,0,0.015445538367212935
1,200,0,0,0,0,0,0,0,0,62,2,80,112,9,1,0,0.059806219249845395
0,0,0,0,1,0,0,6,6,1,18,4,58,99,2,5,0,0.5830557775656504
1,147,0,38,1,1,0,6,2,0,33,0,80,100,0,0,0,0.20084428914078764
1,207,0,75,1,0,1,13,3,0,41,2,68,103,0,1,0,0.1640387549372036
0,175,1,190,1,1,1,31,3,0,71,4,39,72,4,3,1,0.7748462748840709
0,149,0,0,1,0,1,0,0,0,68,0,80,100,0,0,0,0.35072612194502417
1,251,0,368,0,0,0,46,3,1,53,1,44,79,3,0,1,0.9563698559040903
0,402,0,102,1,0,1,38,0,0,69,0,80,100,0,0,0,0.0027942344716899883
0,276,0,82,1,1,2,18,1,1,70,5,54,80,6,9,1,0.9802670922412569
1,38,1,82,1,0,1,0,0,0,73,3,50,91,0,0,0,0.2830644228435349
0,47,0,0,1,0,4,0,0,0,70,0,72,86,9,0,1,0.26425387597138106
1,20,0,12,0,0,1,15,1,0,14,7,80,100,4,2,1,0.7284913283863785
0,200,1,109,1,0,1,33,2,1,89,12,80,79,6,5,1,0.8522280859102411
0,311,0,0,1,0,0,1,0,0,32,5,67,101,1,0,0,0.18806328352783233
0,113,0,32,0,1,0,12,4,0,2,0,80,100,0,0,0,0.025185830625725804
0,180,0,146,1,0,1,0,6,0,37,0,80,100,0,0,1,0.1706364762226745
0,348,0,63,0,0,0,17,2,1,33,0,80,100,0,0,0,0.010872377202624782
1,217,1,135,1,1,1,36,0,1,92,1,69,104,0,2,0,0.023936650850065286
0,0,0,12,1,0,1,10,2,0,29,0,80,100,0,0,1,0.5237123859961452
1,26,0,98,0,1,0,19,0,0,25,0,80,100,0,0,0,0.08428093586133194
1,133,1,108,1,0,0,18,2,0,68,0,80,100,0,0,0,0.09476390724929236
1,111,0,117,0,0,0,17,3,0,21,2,59,89,7,6,0,0.3337910976818523
0,154,0,50,0,0,0,4,0,1,33,12,38,72,0,3,1,0.9948664490048434
1,109,0,5,1,0,0,0,0,0,37,4,80,96,7,2,1,0.44786791665593245
0,64,0,0,1,1,4,0,0,0,79,11,80,68,21,6,1,0.9602770528484622
1,120,0,285,1,0,0,43,2,0,63,4,80,70,13,1,0,0.4429264905030386
1,148,0,0,0,0,1,4,1,0,19,12,53,83,1,3,1,0.685484743002582
1,239,0,66,1,0,1,20,2,0,68,0,80,100,0,0,0,0.019382663804358477
1,0,0,0,0,0,0,0,0,0,0,1,82,122,0,2,0,0.010761789609176772
0,381,0,0,1,1,0,0,0,0,72,8,60,93,8,4,1,0.20673409378500673
1,89,1,60,0,0,1,0,0,0,62,2,68,116,0,1,0,0.02097483602223325
0,41,0,0,0,0,2,36,1,1,35,2,73,101,6,1,0,0.014829280419787996
0,101,1,69,0,0,1,0,0,0,37,0,80,100,0,0,1,0.2300969484848067
0,71,0,0,0,0,1,0,0,0,33,0,80,100,0,0,0,0.05000946555012367
0,292,0,153,1,1,1,12,0,0,76,3,51,92,0,1,1,0.2293933842195787
1,148,0,16,0,1,0,18,2,0,18,0,94,105,0,0,0,0.004110833890351132
1,51,0,0,0,0,0,0,0,0,22,9,49,89,10,0,1,0.8531391116106755
1,422,0,112,1,0,2,0,0,0,96,0,80,100,0,0,0,0.0002947185554631441
0,92,0,0,0,1,3,0,0,0,32,1,84,119,2,1,0,0.00044579046363671176
0,277,0,0,0,0,0,0,0,0,87,0,91,112,0,0,0,0.0009077675182301182
0,123,0,0,1,0,1,0,0,0,85,2,81,117,0,0,0,0.02380201777352107
1,256,0,218,1,0,2,0,0,0,96,1,52,86,16,3,0,0.5426774948972336
1,205,0,0,1,0,1,0,0,0,70,1,38,83,18,5,1,0.9035838979240931
0,0,0,28,1,0,4,0,0,0,49,2,80,116,1,1,0,0.004365728957640308
0,350,1,172,1,0,2,28,2,1,84,0,80,100,0,0,0,0.01433002643437431
0,365,0,158,1,1,0,17,1,0,69,0,80,100,0,0,0,0.0019288107488388483
0,48,0,15,0,0,0,0,2,0,8,0,80,100,0,0,1,0.8086644480972287
1,292,0,217,1,1,1,27,1,0,76,2,80,98,5,1,0,0.02325903422940604
1,9,0,0,0,0,0,0,0,0,3,1,59,100,0,0,1,0.8888477222188582
0,112,1,160,0,0,2,59,0,1,74,6,54,83,6,1,0,0.14870366386147502
1,104,0,0,0,0,0,0,0,0,50,0,80,100,0,0,0,0.003103228951212857
0,342,1,142,0,0,0,12,0,0,40,1,63,94,9,2,0,0.035123251097373076
1,138,0,105,0,0,0,17,1,0,30,0,80,100,0,0,0,0.062910794137667
1,41,0,0,0,0,0,0,0,0,13,2,74,104,6,3,0,0.2709501470057706
1,45,0,0,0,0,0,0,0,0,22,3,80,73,14,3,1,0.971198616998987
1,0,0,41,1,1,0,0,0,0,35,7,35,66,0,6,1,0.9987425548474457
0,306,1,4,1,0,1,0,0,0,48,2,65,98,7,4,0,0.07060558153348923
1,175,0,0,0,0,0,0,0,0,100,0,80,100,0,0,0,0.02796370836238443
0,151,1,52,0,0,1,14,2,0,32,0,80,100,0,0,0,0.01325385156352638
0,361,0,0,1,0,1,0,0,0,79,6,58,89,4,0,1,0.49526567934718646
1,56,0,0,0,0,0,0,0,0,14,2,52,86,7,3,1,0.8633216301346425
0,164,0,78,1,0,2,28,0,1,73,1,67,109,5,3,0,0.011309940768563273
1,14,0,199,1,0,1,14,0,0,62,2,74,107,0,1,0,0.03706411192268422
1,76,0,16,1,0,1,0,0,0,64,0,80,100,0,0,0,0.03624646107070505
0,40,0,0,0,0,3,0,0,0,33,4,73,110,0,1,0,0.6717565698651817
1,85,1,78,0,1,1,0,0,0,33,1,67,101,0,0,0,0.09668116864466905
0,218,0,55,1,1,0,0,0,0,72,2,73,93,3,1,0,0.00536629118162379
1,32,0,0,1,0,1,9,2,0,25,3,34,72,0,3,1,0.9664380865717676
0,0,0,0,0,0,0,0,0,0,0,0,80,100,0,0,0,0.3338767504919431
0,198,0,0,0,0,0,2,0,1,21,4,66,101,2,2,0,0.051480791287115635
0,154,0,0,1,0,0,7,0,0,28,0,80,100,0,0,0,0.27660420364017835
0,126,0,28,1,0,1,25,1,0,48,0,80,100,0,0,0,0.008875914042254896
0,0,0,29,1,1,0,21,1,0,42,6,80,96,0,0,0,0.0667008135246858
0,24,0,78,1,0,0,0,0,0,48,5,70,93,7,0,0,0.8178761520751744
1,174,1,43,1,0,0,42,0,1,62,0,80,100,0,1,0,0.017910732691476514
0,55,0,83,0,0,0,25,2,0,27,0,80,100,0,0,0,0.09922733482654035
0,247,0,305,0,0,4,22,1,0,55,7,80,83,0,2,0,0.33659500680678883
1,106,0,11,1,0,0,8,0,0,47,5,80,98,5,1,0,0.3950767159740812
0,85,0,0,0,0,0,0,0,0,18,2,43,80,4,0,1,0.9447511497240959
0,149,0,62,1,0,0,22,0,1,71,0,86,122,1,0,0,0.0017125599719222037
0,31,0,0,1,0,1,0,0,0,58,3,46,85,0,3,1,0.8876838737094938
1,111,0,84,0,0,1,17,4,0,20,2,44,77,10,3,1,0.9729375963174323
0,96,0,63,1,1,0,21,2,0,40,2,80,99,0,4,1,0.3716871545317489
1,10,0,0,1,0,2,0,0,0,67,3,56,84,0,4,0,0.1997394483421429
1,48,0,0,0,0,2,0,0,0,27,8,55,81,3,1,1,0.832386758543494
1,83,0,0,0,0,1,10,0,0,19,2,58,89,5,0,0,0.28486319091081075
0,366,1,189,1,0,0,20,0,0,73,3,80,86,10,5,1,0.8445013299875939
0,127,1,85,1,0,5,13,2,0,72,2,80,83,0,2,1,0.8130999708352488
0,289,0,116,0,0,3,10,1,0,46,3,42,82,0,3,1,0.9748044658405651
1,214,0,145,0,0,1,24,2,1,48,4,83,124,0,1,0,0.0037071414554590717
1,14,1,15,0,0,0,0,0,0,5,0,80,109,1,0,1,0.09784008853217574
1,0,0,33,1,0,0,3,2,1,35,0,80,100,0,0,0,0.30468794436881497
0,235,0,114,0,0,1,14,1,0,38,4,52,88,0,1,0,0.5764967532693327
0,44,1,109,1,0,3,15,0,0,70,3,71,99,1,4,0,0.13136750409089507
0,225,0,179,1,0,2,0,0,0,96,4,47,81,0,1,0,0.6248074733409273
1,0,0,0,0,0,0,0,0,0,0,7,25,71,0,2,1,0.9956445510795631
1,0,0,19,0,1,4,47,0,1,47,1,80,84,0,2,0,0.11491865888760072
1,123,0,105,0,0,3,18,0,0,46,4,45,86,2,3,1,0.7354738725114603
1,0,0,9,1,0,0,10,4,1,24,7,80,79,7,2,1,0.9631357505264161
0,157,1,174,1,1,0,47,0,0,73,2,80,117,0,0,0,0.000837599578775997
0,230,0,25,0,0,0,16,1,0,19,2,59,97,0,1,1,0.37509755524284544
1,150,0,37,0,0,0,14,2,1,30,0,80,100,0,0,0,0.4141936114663145
1,0,0,62,1,0,3,14,1,0,60,0,68,100,4,4,0,0.16245438574024898
0,28,0,0,1,0,0,15,1,0,26,0,80,100,0,0,0,0.03296245154370957
1,44,0,107,0,0,1,36,4,0,42,5,49,73,8,0,1,0.9492447982160341
1,97,0,11,1,1,0,6,5,0,14,0,80,100,0,0,1,0.5974653852937861
0,80,0,0,1,1,1,0,0,0,65,1,76,106,6,3,0,0.008223257877687495
0,62,0,0,1,0,0,0,0,0,64,0,74,100,5,1,1,0.4549904507106908
1,0,0,31,0,0,0,0,0,0,28,4,56,83,0,1,0,0.4539983967163568
1,7,0,72,1,1,2,15,1,1,73,0,70,110,1,0,0,0.025747151409487443
1,133,0,0,0,0,0,0,0,0,68,0,80,100,0,0,0,0.0021556768887745787
0,29,1,36,0,1,2,19,0,0,37,2,81,112,0,2,0,0.0024444111140831024
0,144,0,0,1,1,0,9,4,0,18,0,80,100,0,0,0,0.2415715047123883
1,0,1,14,0,1,1,0,0,0,17,0,80,100,0,0,0,0.14153454961605702
0,49,0,15,1,0,0,28,0,0,39,3,77,112,15,2,0,0.007957609968053322
0,113,0,0,1,0,5,0,0,0,77,2,74,114,2,3,0,0.012619227937432516
0,182,0,63,1,1,1,21,1,0,56,0,80,100,0,0,0,0.03317311570624031
0,521,0,48,0,0,0,22,1,0,31,0,80,108,7,1,0,0.004698990070588205
1,58,0,8,0,0,2,33,1,0,28,0,80,90,0,3,0,0.30767518486266077
0,0,0,0,0,0,0,0,0,0,0,11,47,85,0,1,1,0.6961691767887055
1,14,0,45,0,0,0,8,4,1,10,1,67,108,13,2,0,0.7184899906379649
1,191,1,241,1,0,3,40,0,0,83,3,51,82,4,5,1,0.5345491926263134
1,422,0,137,0,1,1,4,2,1,48,2,88,113,1,0,0,0.03079197840793609
0,281,0,0,1,0,0,0,0,0,67,1,80,68,0,1,1,0.9396965357636224
1,51,0,0,0,0,0,0,0,0,4,0,80,100,0,0,1,0.2600859641512181
1,125,0,51,0,0,1,0,2,0,10,6,62,91,0,1,0,0.4513834470712284
0,147,0,0,1,0,0,0,0,0,61,0,80,100,0,0,0,0.16877495264069955
0,257,0,0,0,0,1,0,0,0,27,6,61,104,9,0,0,0.09967625400064899
1,0,0,90,0,0,1,70,2,0,41,2,80,72,4,3,1,0.9968016729703296
0,45,0,27,0,0,3,17,1,1,33,0,76,110,0,0,1,0.004293501258144796
0,280,0,2,1,0,1,16,1,0,43,3,74,100,5,0,0,0.05128599120732341
1,0,0,48,0,0,1,58,1,0,29,0,80,100,0,0,1,0.10109156865877572
0,134,0,45,0,0,1,7,8,0,15,0,80,100,0,0,1,0.23414328569779733
0,342,0,269,1,0,3,26,1,1,93,0,56,90,0,0,0,0.008908864782079121
1,98,0,27,1,0,2,37,0,1,66,0,80,100,0,0,0,0.0015344720166962993
1,363,0,53,0,0,1,0,0,1,35,0,58,93,0,1,0,0.2223610463658095
0,101,0,0,1,0,2,19,1,0,46,5,73,109,0,0,0,0.007304244179605038
1,166,0,64,0,0,1,15,0,0,34,0,80,100,0,0,0,0.04370514403739007
0,239,0,0,0,0,0,0,0,0,45,1,77,109,4,2,0,0.20482160342275793
1,53,0,15,1,0,0,0,2,0,21,2,50,71,6,1,1,0.9218590271454539
1,151,0,0,1,0,0,0,0,0,61,2,80,94,0,0,0,0.03938885633522343
0,368,0,80,0,1,0,33,1,0,40,4,48,82,0,0,0,0.08817890530196512
1,162,0,301,0,1,0,22,0,1,56,0,80,100,0,0,0,0.005106911641038874
1,52,0,3,0,0,1,0,0,0,12,5,67,112,0,3,1,0.6470390388723382
1,149,0,0,1,0,0,0,0,0,46,4,67,97,10,0,0,0.1186691344881544
1,148,1,9,0,0,1,13,3,0,22,3,50,82,8,0,1,0.8320729286585618
1,0,1,3,0,0,1,0,2,0,1,0,80,100,0,0,1,0.7663192550685548
0,8,1,16,0,0,0,18,1,0,9,4,62,93,0,2,0,0.18876428772260825
0,594,0,312,1,0,4,33,0,0,90,0,80,100,0,0,0,0.0006166646830720518
1,60,0,23,0,1,0,5,7,1,3,0,80,100,0,0,0,0.6442918978806221
1,0,0,12,0,0,0,10,2,0,2,0,80,100,0,0,1,0.635682358884579
1,25,1,36,0,0,5,24,1,0,44,2,74,106,0,0,0,0.011937214486393132
0,129,0,155,0,1,0,30,0,1,54,0,80,100,0,0,0,0.005515108608460915
1,442,0,0,0,0,0,0,0,0,88,0,80,100,0,0,0,0.06253107631566754
1,168,1,63,0,0,1,16,1,1,45,0,67,108,7,5,0,0.47997221671969
1,310,1,133,0,0,0,18,3,0,45,0,80,100,0,0,0,0.00361116403960204
1,208,1,25,1,0,1,17,3,0,36,1,80,101,8,0,0,0.016605768135860847
1,27,0,166,0,0,0,42,0,0,46,2,80,71,0,6,1,0.9551622343616932
1,115,0,46,1,0,2,15,0,1,68,1,56,90,0,2,1,0.3329621413177206
1,0,0,7,1,1,2,0,0,0,44,0,80,100,0,0,0,0.1377405269947554
0,53,0,0,0,0,0,0,0,0,23,3,80,70,0,0,1,0.9680991907038344
0,271,0,9,0,0,1,30,3,0,22,0,80,100,0,0,0,0.0022974153161182532
0,67,0,113,0,1,1,71,2,0,46,0,80,100,0,0,0,0.07579681127972929
1,108,0,126,1,0,1,17,0,0,59,0,80,100,0,0,0,0.23922067533210425
0,278,0,79,0,1,0,16,4,1,32,0,80,100,0,0,0,0.02464016937266508
1,38,0,0,0,0,0,0,0,0,8,7,42,70,13,0,1,0.9411641293545906
0,99,0,88,1,1,8,20,1,0,76,3,70,108,5,3,0,0.04707307428205843
0,221,0,164,0,0,2,16,1,0,52,0,80,100,0,0,0,0.019005427573338726
1,190,0,140,0,0,0,0,0,0,52,0,80,100,0,0,0,0.054897985247876216
1,84,0,0,0,0,0,0,1,0,8,0,80,100,0,0,0,0.3779765467876298
0,317,0,106,1,0,1,29,0,0,65,0,80,100,0,0,0,0.0016543660835905603
1,171,1,240,1,0,1,40,2,0,70,4,80,78,19,7,0,0.1400332660285188
0,42,1,85,1,0,3,18,0,1,86,1,90,139,0,4,0,0.0010443260405020225
1,0,0,24,1,0,0,5,2,0,28,5,62,91,2,2,1,0.6118219859092964
1,127,0,0,0,0,0,19,1,0,11,0,80,100,0,0,0,0.024947431037360884
1,342,1,92,1,0,2,18,1,0,60,3,80,107,3,1,0,0.03424606008347798
0,111,1,43,1,1,4,38,2,0,84,5,52,87,4,6,1,0.3296158309851703
1,77,1,43,1,1,3,33,1,1,95,0,80,100,0,0,0,0.03475418441234879
0,190,0,165,1,1,0,21,2,0,65,1,31,72,4,4,1,0.5947634078826841
1,53,1,68,0,0,0,1,3,1,22,2,52,90,4,0,1,0.9074090496350009
0,93,0,0,0,0,0,0,0,0,32,4,45,79,0,3,1,0.7115672118274567
1,19,0,11,0,0,0,17,3,0,2,3,80,79,0,1,1,0.672766045037267
0,210,1,184,1,1,0,22,0,0,68,4,64,91,0,2,1,0.4263024259051156
0,3,0,37,1,0,3,9,1,0,53,0,80,100,0,0,1,0.34522661658970133
1,35,0,53,1,0,0,22,0,0,65,0,80,114,11,5,0,0.018688990375727056
0,122,0,34,1,0,1,18,0,1,71,5,84,134,8,0,0,0.002153941479800777
1,65,0,19,0,0,0,0,7,0,0,0,82,119,3,0,0,0.023105070947149493
1,280,1,33,0,0,3,28,1,1,48,0,80,100,0,0,0,0.006032423417461168
1,0,0,67,0,0,2,47,2,0,49,1,38,80,7,1,1,0.9453925381266083
0,560,1,268,1,1,3,0,0,0,100,3,58,93,0,0,1,0.31920336451915915
0,374,0,88,1,1,3,15,2,0,66,0,80,117,4,1,0,0.0063560935773090445
1,0,0,10,1,0,0,3,3,0,15,0,80,101,4,1,1,0.18780933386867804
1,17,0,113,0,0,0,52,3,1,42,1,42,80,0,2,1,0.9338737259060012
1,325,0,250,1,1,0,41,0,0,75,1,50,86,9,2,0,0.5894416553699305
0,322,1,22,1,1,5,15,1,1,67,3,49,91,0,0,1,0.8848512897706758
0,158,0,154,0,0,1,24,7,0,40,0,80,100,0,0,0,0.009363885903517298
0,142,0,0,1,1,0,0,0,0,78,2,66,108,7,2,0,0.007178803290405476
1,94,0,321,0,0,0,39,2,0,42,3,49,88,0,5,1,0.9396827461733482
0,25,0,0,1,1,1,0,0,0,64,0,80,100,0,0,0,0.00025745260939405673
1,196,0,0,0,0,1,0,0,0,26,14,73,105,8,4,0,0.5418598686649301
1,304,0,0,0,0,0,0,0,0,100,0,80,100,0,0,0,0.019784032322075894
0,146,1,76,1,0,1,26,0,0,63,0,80,100,0,0,0,0.0029924444280406974
0,190,0,0,1,0,4,0,0,0,89,1,80,85,0,1,1,0.6237381148903468
1,433,0,33,0,1,1,7,2,0,23,0,70,102,0,2,1,0.12964034616590733
1,0,0,0,0,0,0,0,0,0,0,4,69,95,0,4,1,0.699129070866548
0,117,0,63,0,0,1,0,0,0,28,1,49,76,0,1,1,0.9291240518154013
1,262,1,174,0,0,0,30,1,0,53,0,80,100,0,0,1,0.20586900937943206
1,19,0,17,1,0,1,16,3,1,41,5,54,92,14,3,0,0.7716667487064299
1,117,0,0,0,0,0,0,0,0,8,0,80,100,0,0,0,0.26371856295991214
0,379,0,83,0,0,2,17,0,0,43,6,55,78,29,2,1,0.9552759036022692
0,546,0,53,1,1,4,31,0,0,70,2,80,112,12,2,0,0.004505541564701046
0,79,0,0,0,0,0,0,0,0,58,0,80,100,0,0,0,0.0014812556358554498
0,453,1,278,1,0,6,0,0,0,99,1,45,87,3,2,0,0.050552166246207876
0,77,0,75,1,0,0,0,0,0,73,0,70,102,0,1,0,0.02767479656440954
1,28,0,0,1,0,0,16,4,0,18,0,80,100,0,0,0,0.19123380326227837
0,317,0,117,1,1,0,34,0,0,63,3,82,112,0,0,0,0.021540984923287817
0,181,1,199,1,1,1,20,1,1,80,0,80,100,0,0,0,0.04486888723856078
1,329,0,0,0,0,0,0,0,0,66,0,80,100,0,0,0,0.007071062511849915
0,245,0,187,1,0,1,46,1,0,80,3,54,88,0,2,1,0.5423009331547233
1,98,0,38,1,0,2,5,5,0,26,2,80,98,0,8,0,0.08767732336284126
0,210,1,115,0,1,2,0,0,0,56,0,80,100,0,0,0,0.00666686338346581
0,34,0,39,1,0,2,0,0,0,58,7,56,86,14,2,1,0.9033180607008476
1,157,0,0,0,0,3,0,0,0,42,0,85,121,0,0,0,0.0020124941817678357
1,86,1,27,1,1,3,18,0,0,50,4,74,113,0,0,0,0.009156739807788925
0,311,1,138,1,0,3,12,1,0,64,1,79,112,9,3,0,0.011416867527384977
0,205,0,95,0,0,0,14,0,0,35,6,80,77,5,6,1,0.9924830299385705
1,284,0,0,1,0,1,0,0,0,81,2,80,89,0,2,0,0.8358686165521169
1,0,0,53,1,0,0,15,5,0,22,2,85,126,3,1,0,0.014621063519751003
0,159,0,83,0,0,3,32,0,0,47,2,72,108,8,3,0,0.01274465651741135
0,222,0,167,0,1,2,31,0,0,66,3,57,79,0,0,1,0.4244164290147927
1,109,0,0,0,0,0,0,0,0,73,1,40,90,2,6,1,0.8767680205036258
0,225,0,0,0,1,2,22,2,1,39,0,92,114,0,1,0,0.009636610808501403
1,6,0,53,1,1,0,9,2,0,30,1,77,115,4,1,0,0.027697559876375007
0,200,1,205,1,0,0,24,1,1,80,0,80,100,0,0,0,0.0007917882248473733
0,200,0,29,0,0,0,0,0,0,28,0,80,100,0,0,0,0.1852209006135475
1,238,0,172,1,1,0,48,1,0,77,0,50,93,0,4,0,0.8355719581794564
0,179,0,0,1,0,8,0,0,0,82,2,54,83,11,2,0,0.3976064378910957
0,196,0,156,1,0,0,17,4,0,54,12,50,78,6,1,0,0.5716728757230637
0,127,0,14,0,0,0,2,3,0,1,0,80,100,0,0,0,0.18106734649152278
0,108,0,0,0,0,0,0,0,0,67,5,47,75,0,1,1,0.9883870027546559
1,200,0,0,1,0,2,38,1,0,55,0,80,100,0,0,0,0.00044316941372982556
1,78,0,0,0,0,0,0,0,0,35,0,64,95,0,2,0,0.040855669417952906
1,207,0,119,1,0,1,10,0,1,71,1,80,99,4,3,1,0.23439811203925848
0,263,0,87,1,0,0,0,0,0,73,5,59,92,0,5,0,0.49953615898434117
0,78,1,206,0,0,0,9,3,1,41,2,44,88,0,1,1,0.8924048295215459
0,122,1,44,1,0,1,0,0,0,49,0,76,110,17,1,0,0.005560541304760166
1,71,0,48,1,0,1,17,6,0,35,0,80,100,0,0,0,0.18380651144917082
1,87,0,20,0,0,0,0,0,0,8,3,80,107,2,0,0,0.1301316743465346
1,67,0,78,0,0,0,16,2,0,15,0,87,119,2,2,0,0.009142548526275126
0,167,1,54,1,1,1,0,0,0,77,5,80,116,0,0,0,0.010952536234689308
0,177,1,63,1,0,4,19,2,0,78,2,72,106,0,3,0,0.0031916173494132578
1,299,0,9,0,0,2,0,0,0,26,4,80,90,22,4,1,0.9902115098992401
1,58,0,25,0,0,1,24,0,1,46,2,77,115,0,0,0,0.009079678287382896
1,149,1,26,1,0,2,20,4,0,59,5,80,107,0,6,0,0.2952010127379385
1,75,0,0,0,0,0,0,0,0,16,0,80,100,0,0,1,0.5633984615946123
0,176,0,35,1,0,1,0,0,0,61,1,83,118,5,5,1,0.15884486274762827
1,43,0,0,0,0,0,1,9,0,0,2,40,69,0,4,1,0.9626001934776491
1,98,1,171,0,0,2,20,2,0,49,5,45,84,7,0,1,0.5535622426338703
1,101,0,52,1,0,1,0,0,0,59,0,80,70,7,0,0,0.8016291271541194
1,0,0,16,0,0,0,6,5,0,0,1,64,104,8,2,0,0.6528531356286985
0,351,0,20,1,0,1,16,1,0,48,0,80,100,0,0,0,0.026188948476985777
1,1,0,108,0,1,3,44,6,0,28,8,30,70,13,1,1,0.991151624321141
0,188,0,73,1,1,1,0,0,0,92,0,83,114,0,2,0,0.0009030318470246912
0,229,0,0,1,0,7,0,0,0,93,5,45,94,0,1,0,0.17341971790816865
1,21,0,40,0,0,0,27,2,0,16,0,84,126,8,0,0,0.0017449834449791636
0,303,0,0,1,0,0,29,2,1,54,0,80,100,0,0,0,0.002588228756494302
1,180,1,159,1,0,2,0,0,0,88,1,37,58,9,1,1,0.9366240040476551
0,77,1,0,1,0,1,0,0,0,40,7,80,86,0,2,1,0.6886319604210821
0,303,0,280,1,0,2,50,4,1,84,3,80,85,22,7,1,0.7404418525425759
0,177,0,35,0,0,1,21,3,0,33,1,74,108,0,0,0,0.4990627227919788
1,52,0,134,0,1,0,24,2,0,38,1,80,86,6,2,1,0.8953776179933775
1,120,0,7,0,0,0,4,7,0,0,0,74,107,2,0,0,0.10271615050678533
1,266,0,0,1,0,2,0,0,0,84,1,62,94,0,5,1,0.5570058149351511
0,151,0,10,1,0,2,0,0,0,48,1,74,118,0,1,0,0.0016595411683174876
0,135,0,8,0,0,0,20,1,1,23,0,75,115,7,1,1,0.09977263481975718
0,0,0,0,0,0,0,0,0,0,0,4,52,78,0,1,1,0.47089538096532374
0,188,1,98,1,0,2,9,0,1,70,0,84,120,0,2,0,0.0014040047723257764
1,136,0,0,1,0,1,8,2,0,36,3,63,112,0,2,0,0.02831413174143007
0,143,1,117,0,1,2,15,1,1,60,0,80,100,0,0,0,0.046663718654691384
0,379,0,0,0,0,0,0,0,0,82,0,80,100,0,0,0,0.05549482106333007
1,0,0,0,0,1,0,26,0,0,13,6,62,98,0,3,0,0.04363885292455232
0,274,0,121,0,1,2,5,2,0,45,0,73,102,0,2,0,0.012663657005272302
0,320,0,165,0,0,2,2,2,1,54,4,80,114,1,5,0,0.1191259543488629
1,301,0,121,1,0,0,22,3,0,50,1,86,126,0,2,0,0.0034999986480094636
1,0,0,40,1,0,1,10,4,0,48,1,64,88,3,1,1,0.608258644317073
1,0,0,29,0,0,0,0,0,0,6,9,53,84,0,0,1,0.984424576167209
0,295,0,322,1,0,3,24,2,0,76,0,80,100,0,0,0,0.002582641041443347
0,10,0,0,1,1,0,0,0,0,45,5,40,82,7,8,1,0.9935992349349937
1,256,1,131,0,0,3,29,2,0,62,1,80,105,5,0,0,0.005305462062497591
0,238,0,0,0,0,0,0,0,0,57,5,73,104,0,0,0,0.04977991923677479
0,36,1,123,1,0,4,14,1,1,76,3,61,93,0,6,0,0.02910302596838661
1,177,0,13,0,0,0,13,5,0,3,0,80,100,0,0,0,0.09828169607122735
0,191,0,0,1,0,1,30,3,0,40,5,94,122,0,2,0,0.001508618789127734
1,0,0,389,0,0,0,43,1,0,42,6,40,80,0,4,1,0.9749014911598328
0,258,0,104,1,1,1,0,0,0,66,0,80,100,0,0,0,0.004838082382936538
1,65,0,0,0,0,1,0,0,0,21,2,78,111,16,0,0,0.12279072199571017
1,18,0,0,0,0,3,0,0,0,16,0,80,100,0,0,1,0.10277362048076422
0,214,0,31,1,0,0,17,0,0,55,1,50,85,2,2,0,0.09449103762748037
1,284,0,0,1,0,0,0,0,0,65,0,80,100,0,0,0,0.011270712913259
0,0,0,24,0,0,0,0,0,0,7,6,92,117,4,2,0,0.009398725056441173
1,0,0,0,0,0,0,0,0,0,0,10,71,104,0,0,0,0.22774053148550272
1,0,0,319,0,0,0,28,2,1,48,0,80,100,0,0,0,0.41237904553901306
0,177,0,0,1,0,0,0,0,0,70,5,80,83,0,2,1,0.7143174332686701
1,10,1,80,0,1,0,20,2,0,29,0,80,100,0,0,0,0.01261792007745883
0,275,0,49,1,0,1,14,0,0,68,0,80,100,0,0,0,0.041144527617013545
0,419,0,358,1,0,3,0,0,0,96,1,81,115,5,0,0,0.007098584178085583
0,90,0,0,1,0,3,0,0,0,52,7,39,62,5,2,1,0.986245653765557
1,60,0,2,0,0,0,28,4,1,15,7,80,92,4,2,0,0.5888834058549371
0,24,0,113,1,0,0,51,1,0,52,0,80,100,0,0,0,0.012579379077964062
0,103,1,82,0,1,2,37,0,1,51,3,49,82,0,0,1,0.17128301937046458
1,43,1,0,1,0,0,21,1,0,30,9,65,83,4,0,1,0.8992121624447937
1,99,0,22,0,0,0,0,0,0,11,5,64,88,3,1,1,0.5677694858858716
1,0,0,0,0,0,0,0,0,0,0,0,80,100,0,0,1,0.4718062749496671
0,75,1,0,0,0,0,13,3,1,10,3,56,93,2,0,0,0.08994377434148476
1,50,1,0,0,1,1,33,4,1,20,1,80,118,1,3,0,0.002343471566036407
0,173,0,0,1,1,2,0,0,0,81,5,64,93,9,0,0,0.06796553524066397
0,578,0,0,0,0,0,0,0,0,100,0,80,100,0,0,0,0.0018388529039128948
1,0,0,14,1,0,0,11,2,0,28,0,80,100,0,0,1,0.11119892890337042
1,13,0,148,0,0,1,23,3,0,38,8,41,78,4,2,1,0.9821554927830595
0,0,0,58,1,0,4,0,0,0,80,1,84,118,0,1,0,0.03759193156783801
1,119,0,138,1,0,0,12,3,0,40,1,65,97,6,3,1,0.3171071158913866
0,163,0,34,0,1,1,12,4,1,50,2,90,121,8,2,0,0.039824098120046704
1,80,0,71,0,0,2,17,4,0,19,3,51,86,8,4,0,0.7240171666143703
1,160,0,54,1,0,2,5,1,0,65,0,80,100,0,0,0,0.33584736806027726
1,54,0,0,0,1,2,0,0,0,28,7,68,113,0,1,0,0.07812654488026353
0,121,0,98,0,0,3,23,1,0,53,2,76,115,0,0,0,0.17099240049869946
0,560,0,90,1,0,2,25,0,1,83,0,80,100,0,0,0,0.0024796201069466044
0,95,0,72,1,0,3,11,6,0,56,1,72,102,5,2,0,0.07293726620923291
0,182,0,152,1,0,2,27,4,0,71,0,80,100,0,0,0,0.00175251088006898
1,229,0,83,1,0,0,0,0,0,62,3,52,93,21,6,1,0.6465206072782397
1,247,0,22,0,0,0,0,2,0,16,0,71,107,0,2,0,0.519360487453876
1,243,0,28,1,0,0,12,2,0,44,3,61,105,0,0,0,0.005126740243381688
1,170,0,3,0,0,1,0,0,0,14,2,67,98,0,6,1,0.19291788932716666
1,136,0,134,0,0,0,50,1,1,59,0,80,100,0,0,0,0.05644410296816804
1,67,0,0,0,1,1,0,0,0,13,4,80,108,0,3,0,0.015510167205376676
0,233,0,0,1,1,0,0,0,0,66,0,80,100,0,0,0,0.0019093643657435307
1,289,0,0,1,0,0,7,3,1,33,0,80,100,0,0,0,0.07874264048084939
0,117,0,20,1,0,1,18,4,0,31,1,80,79,0,0,1,0.22597245995654722
0,28,1,26,1,1,0,40,1,1,55,0,80,109,6,3,0,0.023247911816435853
1,83,0,7,0,0,2,0,0,0,26,0,80,100,0,0,0,0.22392479666012344
1,0,0,0,0,0,0,0,0,0,0,0,83,109,4,2,0,0.0037466851968399844
1,70,0,65,1,0,1,7,1,0,37,3,82,117,1,1,0,0.09962669414459557
0,354,1,345,1,0,3,0,0,0,97,2,55,91,16,2,0,0.05146507044502609
1,55,0,0,0,0,0,0,0,0,5,0,57,92,0,2,0,0.6038488131284245
1,11,0,307,0,1,3,41,0,0,55,4,48,85,0,0,1,0.6008853105775309
0,0,0,0,1,0,0,0,0,0,27,0,80,113,4,1,1,0.5798168481164171
0,28,0,1,1,0,4,13,2,1,42,3,74,101,0,3,0,0.047138094735597186
0,11,0,9,1,0,3,24,1,0,43,1,56,86,10,5,0,0.07523379722821413
1,122,0,0,0,0,0,0,0,0,58,0,72,105,0,1,0,0.4164757525026589
0,303,1,99,1,0,3,45,2,0,68,6,37,71,2,0,1,0.49438363720615885
1,60,0,8,0,0,0,0,0,0,6,0,80,100,0,0,1,0.7433266802272545
0,113,1,67,1,0,0,29,0,0,61,0,80,100,0,0,0,0.0036847717900704226
1,14,0,89,0,0,1,1,0,0,19,1,77,107,0,2,0,0.018357083548046375
1,0,0,0,0,0,0,0,0,0,0,5,37,77,7,2,1,0.8475540974532225
0,214,0,0,1,0,3,0,0,0,87,4,57,89,5,0,0,0.09207084367518475
0,590,0,208,0,0,1,58,3,0,56,5,57,89,8,0,0,0.14466647812046005
0,61,1,46,1,0,0,0,0,0,77,1,61,90,0,0,0,0.12806352593002518
1,81,0,0,1,0,0,14,1,1,45,0,77,111,1,2,0,0.015905537648249424
1,230,1,56,0,1,2,7,4,0,18,1,91,118,0,2,0,0.006709235336716872
1,217,0,115,0,0,2,17,2,1,47,1,52,80,0,3,0,0.6196305690099188
0,137,0,38,0,0,0,39,0,0,53,2,80,107,6,2,0,0.024701725557451027
0,0,1,0,0,0,0,18,4,1,7,2,73,112,4,0,0,0.0022093457611581722
1,103,0,55,0,0,0,7,5,0,0,3,47,92,0,4,1,0.9774216059069994
1,0,0,0,0,0,1,2,5,0,0,2,80,84,14,4,1,0.94385102120705
1,90,0,0,0,0,2,0,0,0,44,3,51,94,10,3,1,0.8375429343612106
1,157,0,153,0,0,0,4,0,0,28,0,65,94,8,0,0,0.3016523309023706
1,0,1,137,0,0,2,11,2,1,41,0,80,100,0,0,0,0.23307727290718852
0,53,0,69,1,0,3,0,0,0,87,1,46,85,0,5,0,0.32615108761512296
0,172,1,145,1,0,6,48,0,0,78,10,45,76,0,4,0,0.3553413549687352
0,485,0,310,0,1,1,31,0,0,65,0,72,107,0,0,0,0.001260017998396276
0,0,1,56,0,0,3,28,3,0,26,0,80,100,0,0,0,0.2702166691424866
1,142,0,41,1,0,0,20,3,1,42,11,80,86,11,2,1,0.9666395438155512
1,78,1,67,0,1,0,15,3,0,37,5,49,83,6,2,1,0.9392657165791544
0,171,1,26,0,0,0,0,0,0,15,0,94,129,0,0,0,0.0010718396460292778
0,316,0,15,1,1,7,0,0,0,67,0,80,100,0,0,0,0.00843923210913297
0,0,0,79,0,0,0,38,2,1,42,0,80,100,0,0,0,0.20021167278040494
0,53,0,21,0,1,4,18,0,0,26,4,71,110,10,3,0,0.07430093117859378
0,333,1,126,1,0,4,8,1,0,76,0,80,100,0,0,0,0.024850011193428098
0,141,1,30,1,1,5,18,0,0,69,0,80,100,0,0,0,0.001159948621078531
0,0,1,102,1,0,0,0,0,0,67,3,48,86,3,1,1,0.8312288226281048
1,60,0,0,0,0,2,0,0,0,38,5,34,78,0,2,1,0.9000396387582672
1,113,0,0,1,0,3,11,2,0,33,1,80,118,8,2,0,0.038480878002053326
0,0,0,33,1,0,0,0,0,0,39,1,59,94,3,0,0,0.1906705609030166
1,89,0,0,0,1,3,20,4,0,11,1,50,92,5,0,1,0.5506028431717159
0,128,1,31,1,1,0,15,0,0,44,3,52,91,6,3,1,0.4921721816112221
1,86,0,0,0,0,0,0,0,0,28,1,83,124,1,0,0,0.016832062327682303
1,108,1,144,0,0,0,24,6,0,30,1,68,92,0,1,0,0.2227423144704388
1,177,0,29,1,0,0,0,2,0,26,3,63,100,5,1,1,0.7329683936870002
0,160,0,0,0,0,0,0,0,0,36,0,80,100,0,0,0,0.053055448608341604
0,136,0,50,0,0,3,0,0,0,52,2,50,88,8,4,0,0.30419481863141595
1,86,0,72,0,1,3,37,0,0,64,2,91,113,0,0,0,0.00018006077748743666
1,23,0,53,1,0,1,0,0,0,78,0,80,100,0,0,0,0.23200121761053433
0,414,1,118,0,0,0,23,2,1,44,5,59,98,0,5,0,0.31907844233997773
0,0,0,17,0,0,0,0,4,0,0,4,62,85,0,4,1,0.940912637286084
0,239,0,0,0,0,1,0,0,0,44,0,80,100,0,0,0,0.051300716967132134
0,30,0,0,0,0,0,0,0,0,19,1,61,88,0,0,0,0.033294640868572103
1,140,0,62,0,0,1,0,0,0,39,2,49,77,10,3,0,0.6265731161778104
0,86,0,97,1,1,0,21,1,0,71,6,35,76,2,3,1,0.9172351833536673
1,316,0,167,1,0,1,6,4,0,58,0,70,109,0,0,0,0.009422679649894648
1,140,1,46,1,0,0,0,0,0,44,0,80,100,0,0,0,0.10132932970600493
1,60,0,12,0,0,0,1,2,0,1,0,80,100,0,0,0,0.37269552514784415
1,68,0,258,0,0,0,23,2,0,38,3,56,87,0,0,0,0.16165487022950467
0,21,0,0,1,0,2,18,0,1,52,2,53,89,7,2,0,0.20771442706558255
1,0,0,0,0,0,0,0,0,0,0,0,80,96,0,1,1,0.6683799846253002
0,57,1,70,0,0,1,0,0,0,30,8,45,79,0,4,1,0.8561685204470528
1,185,0,0,1,0,1,30,0,0,46,4,46,95,2,0,0,0.32469918994729596
1,41,0,83,0,1,0,25,0,0,35,3,80,102,6,0,0,0.116792670656417
1,42,1,140,1,0,1,11,1,0,49,0,57,97,0,0,0,0.3092095496621478
0,280,0,236,0,0,0,0,0,0,60,1,58,94,5,5,0,0.29974025908996793
1,7,0,0,0,0,0,0,0,0,2,3,62,97,2,3,1,0.6160131062781332
1,166,0,0,1,0,0,0,0,0,55,0,80,100,0,0,0,0.3145495755160038
0,0,0,67,1,0,1,50,0,0,70,2,46,89,2,2,1,0.9514107318722707
1,0,0,0,1,0,2,0,0,0,40,0,80,100,0,0,0,0.028832612136322763
0,20,0,37,0,0,1,0,0,0,13,0,69,115,0,1,0,0.3757157747439551
0,531,1,137,0,0,0,20,0,0,51,5,48,70,8,4,1,0.5550519670440026
1,95,0,12,0,0,0,9,1,0,9,5,72,101,0,6,0,0.16934958539797285
1,562,0,0,0,0,0,0,0,0,100,0,80,100,0,0,0,0.005542605361808968
0,208,0,83,0,1,1,29,0,0,55,0,80,100,0,0,0,0.00033715590903173395
0,135,0,0,0,0,0,0,0,0,82,5,41,68,0,5,1,0.9758619910403878
1,260,1,62,1,1,1,13,1,0,59,1,52,71,2,3,1,0.9170697075524434
0,74,0,25,1,0,0,0,0,0,37,0,85,120,1,0,0,0.0011396908415749894
0,101,0,52,1,0,3,28,0,0,74,0,80,100,0,0,0,0.0018409102175873644
1,56,0,98,1,1,2,33,0,0,79,3,76,90,4,3,0,0.025594873554837208
0,156,0,108,1,0,0,51,3,0,70,6,80,83,1,0,1,0.29974179670741957
0,176,0,250,1,0,1,25,4,0,62,1,80,79,0,1,1,0.6027639162024844
0,93,1,16,1,0,3,27,1,0,56,6,51,84,0,2,0,0.0702619907588457
1,2,0,44,0,0,0,3,4,0,0,0,80,100,0,0,0,0.39025960499993845
1,31,0,43,0,0,2,5,4,0,30,0,80,100,0,0,0,0.016992858024495676
0,21,1,37,0,1,2,17,4,1,40,0,80,100,0,0,0,0.0010510142767609326
0,50,0,17,0,1,1,23,0,0,25,0,80,100,0,0,0,0.002297764868800887
1,0,0,37,0,0,0,0,0,0,31,0,80,100,0,0,0,0.08237008846173073
1,0,1,74,1,0,1,29,0,0,62,8,78,102,0,0,0,0.02948024372521421
1,111,0,46,1,0,1,0,0,0,76,3,70,104,0,1,1,0.17308141391366003
0,59,0,0,0,0,0,0,0,0,7,0,80,100,0,0,0,0.14000481899749645
0,301,0,0,0,1,1,0,0,0,44,0,80,100,0,0,0,0.004213397212084123
0,119,0,62,1,0,1,0,0,0,74,7,71,101,7,2,1,0.5683780635612169
1,7,0,11,0,1,0,1,0,1,12,2,51,82,11,3,1,0.8103191565218723
1,253,1,230,0,0,1,28,1,0,57,1,80,97,13,0,1,0.39975445198750975
0,111,0,7,1,0,0,5,3,0,23,0,91,115,4,1,0,0.03343618582336608
1,0,0,87,1,1,3,0,0,0,80,0,80,100,0,0,0,0.00014029989747026098
0,87,1,152,1,1,2,27,1,0,77,2,77,108,0,2,0,0.010320372776596644
1,113,0,0,0,0,0,0,0,0,28,11,80,95,8,3,1,0.7571767858014706
0,56,1,47,0,0,3,35,0,0,55,3,64,102,4,1,0,0.21272970666194324
0,171,0,14,1,0,2,9,2,0,51,0,82,114,0,3,0,0.002672163133034912
0,129,1,106,1,0,2,31,1,0,83,0,67,110,0,1,0,0.005244108355845696
0,178,0,0,1,0,2,0,0,0,95,4,77,101,11,1,0,0.01940755621481324
1,16,0,32,1,1,2,37,1,1,67,0,91,125,5,3,0,0.0020864913146827133
1,0,0,248,0,0,3,29,2,0,49,0,86,114,3,1,0,0.012962924221271122
1,92,1,186,1,0,3,0,0,0,84,2,80,108,0,2,0,0.023284706848414116
1,22,1,0,1,1,2,0,0,0,45,0,80,100,0,0,0,0.032431391631758684
1,237,0,0,0,0,1,23,1,0,28,0,80,100,0,0,0,0.028935960447622255
1,266,1,147,1,0,1,0,0,0,89,4,89,128,0,1,0,0.021119865035516897
0,0,0,0,0,0,1,0,0,0,7,0,80,100,0,0,0,0.03827802331554089
0,92,0,0,0,0,0,0,0,0,35,1,52,86,17,1,0,0.7734199732551758
0,31,0,0,0,0,0,0,0,0,2,3,44,81,0,1,1,0.9193563620599483
0,0,0,44,1,0,1,11,0,0,46,1,67,103,1,1,0,0.03512253102781733
1,163,0,33,1,0,0,0,0,0,49,0,80,100,0,0,0,0.029402889549393966
0,490,1,73,1,0,2,0,0,0,75,0,80,100,0,0,0,0.017331824207228275
1,0,1,25,1,0,0,20,0,1,45,2,80,87,0,2,0,0.4017076358021494
0,159,0,0,0,0,0,0,0,0,100,3,80,97,0,4,0,0.01853486922323813
0,119,0,32,0,0,1,0,0,0,15,0,80,100,0,0,1,0.6826265005050522
1,0,0,69,0,0,1,0,0,0,40,1,80,98,7,4,0,0.18739755290225646
0,384,0,150,0,0,2,21,2,0,48,0,80,100,0,0,0,0.045771931653648894
0,63,0,82,0,0,3,3,1,1,35,2,80,97,0,4,0,0.13234555258134229
0,25,0,61,0,0,0,26,1,1,48,0,80,100,0,0,0,0.020861617518188796
1,0,1,57,1,0,1,20,1,0,48,1,68,94,0,0,0,0.294513401013503
1,0,0,143,0,0,5,37,1,0,52,4,52,87,0,1,0,0.7216705505666718
1,100,0,18,1,0,0,0,1,0,28,2,63,86,0,3,1,0.5906024603389959
0,155,1,58,0,0,1,0,0,0,62,6,74,119,4,7,0,0.00756622468871905
1,139,0,84,0,0,1,21,3,0,26,2,80,113,0,2,0,0.04284839674563762
1,12,0,0,1,1,0,0,0,0,46,5,63,99,12,2,1,0.3073693160013337
0,388,0,152,1,0,0,10,0,0,58,1,36,82,23,0,0,0.9442010471975514
1,0,0,62,0,0,0,11,1,0,14,2,80,94,4,2,0,0.10652485472908998
0,44,0,73,1,0,2,18,1,0,70,2,59,91,0,2,1,0.7610163919925432
1,347,0,154,1,0,0,39,2,0,60,1,54,84,0,0,1,0.8249585770257041
0,116,0,98,1,0,0,44,1,0,59,0,69,95,10,6,0,0.07570728380591789
1,129,1,125,0,0,0,7,1,1,49,0,80,100,0,0,0,0.02886298194503106
0,0,0,45,1,1,0,7,4,0,36,8,80,108,0,1,1,0.28125471960729315
0,142,1,110,1,1,2,20,0,1,91,0,80,100,0,0,0,0.0022483769286900084
1,0,0,0,0,0,0,0,0,0,0,0,80,100,0,0,0,0.03884449129897757
1,0,0,0,0,0,0,12,4,0,0,0,80,100,0,0,1,0.49965729352216687
0,179,0,0,0,0,1,0,0,0,30,0,80,100,0,0,0,0.026153451822108195
0,223,1,210,1,0,4,32,0,0,84,0,80,100,0,0,0,0.0018303513789022458
1,303,0,120,1,0,1,23,0,0,67,2,75,114,0,0,0,0.15387081463437327
1,124,0,45,0,0,1,17,4,0,16,3,75,115,0,0,1,0.4756661632919763
0,6,0,12,0,0,2,31,0,1,37,0,80,100,0,0,0,0.0041781766177191055
1,90,1,70,0,0,3,0,5,0,9,0,75,97,0,0,0,0.08324847814457126
0,167,0,157,0,0,5,4,3,0,37,0,80,82,0,3,1,0.6736304848552588
1,147,1,96,0,0,0,13,2,0,29,0,80,100,0,0,1,0.1527608291472047
0,131,0,94,0,1,2,0,0,0,73,2,53,81,2,2,0,0.3439418694574127
0,133,0,0,0,0,3,41,2,0,26,3,80,92,6,4,0,0.22327690113166102
0,303,0,167,1,1,0,26,1,1,75,3,75,117,0,1,0,0.19549438703608146
1,0,0,0,0,0,0,0,0,0,0,3,75,106,1,3,0,0.12736257958293237
1,0,0,19,0,0,2,8,2,0,14,2,68,84,3,2,0,0.4833153179815428
0,0,0,43,0,0,0,0,0,0,32,0,80,100,0,0,0,0.1280585887469059
0,409,0,29,1,0,1,19,2,0,44,1,47,80,0,1,1,0.5803823735518024
1,0,0,12,0,0,1,16,1,1,23,0,80,100,0,0,0,0.06187288971728772
1,0,0,0,1,0,1,6,1,0,25,0,80,100,0,0,0,0.025071248214901504
1,517,0,0,0,1,0,0,3,0,5,1,67,95,6,0,0,0.11129335979366245
1,0,0,5,0,0,0,11,0,0,7,4,86,121,3,7,0,0.05410637086185904
1,251,0,129,1,1,0,25,0,1,78,2,73,99,0,3,0,0.03977305822617575
1,127,1,86,0,0,2,0,0,0,73,4,80,86,0,2,1,0.7154354685309546
1,207,0,0,0,0,0,0,0,0,39,0,80,100,0,0,0,0.11075493175388057
1,88,0,20,1,1,2,22,4,0,39,3,37,67,0,3,1,0.9907462155319315
0,53,1,78,0,0,2,15,0,0,53,2,81,110,0,1,0,0.0038220463509749123
1,284,0,0,0,0,0,0,0,0,64,0,80,100,0,0,0,0.09013720771503947
1,331,0,90,1,0,1,31,0,1,75,0,80,100,0,0,0,0.0020871817509601756
1,85,1,109,0,1,1,0,0,0,54,6,30,79,0,13,1,0.9276330281962984
0,207,1,216,1,0,2,21,0,0,80,0,80,100,0,0,0,0.005759422310965164
1,36,0,42,1,0,2,0,0,0,54,6,80,87,6,2,1,0.9664499342162215
1,114,0,224,0,0,1,16,0,0,47,1,80,89,9,0,0,0.21249410712862601
0,186,0,64,0,0,0,20,0,0,42,0,80,100,0,0,0,0.019466841812729695
0,30,0,14,1,0,0,8,1,0,26,2,80,112,0,0,0,0.04154016685568417
1,39,0,1,1,0,0,0,0,0,30,2,43,81,5,1,1,0.7836953609379088
1,273,0,31,0,0,0,12,0,0,31,0,80,114,1,4,0,0.001037166852819332
0,9,0,19,1,1,1,29,2,1,59,2,80,86,0,2,1,0.09172290858258221
1,286,0,116,0,0,0,27,1,1,56,1,37,72,0,1,1,0.9911158162992224
1,0,0,42,1,0,0,0,0,0,44,3,60,94,0,0,0,0.7142027579486901
1,0,0,0,0,0,0,14,6,0,0,0,80,100,0,0,0,0.5040700705452201
1,48,0,26,0,0,0,7,3,1,24,10,40,74,8,0,1,0.9366323857543918
1,117,0,126,0,0,2,61,2,0,60,1,44,77,8,1,1,0.6943298048185336
1,110,0,0,1,0,0,0,0,0,56,0,80,83,5,0,0,0.24895981612971152
1,95,0,60,1,0,0,17,1,1,70,1,65,93,0,1,1,0.18144407082674757
0,185,1,0,1,0,2,28,2,0,53,3,53,92,0,4,1,0.44264005670985807
0,191,0,41,1,0,1,0,0,0,69,3,52,84,2,1,0,0.043475839568389234
1,136,0,72,0,0,0,17,0,1,64,0,80,100,0,0,0,0.04153469815138268
1,0,1,35,0,0,1,0,0,0,17,4,77,108,0,2,1,0.22391257995370661
1,138,0,7,1,0,1,25,2,0,49,1,66,130,0,2,0,0.013763579064856007
1,134,0,0,0,1,2,0,0,0,31,3,41,82,0,2,1,0.7302335382429347
1,118,1,55,1,0,0,21,3,1,68,1,73,114,1,0,0,0.009626715596175263
1,12,1,45,1,0,2,24,2,0,50,2,80,110,0,2,1,0.08260623090560243
0,169,1,293,0,0,2,60,1,0,58,1,80,74,11,3,0,0.7355387698534012
1,519,0,0,1,0,0,0,0,0,78,3,79,112,15,2,0,0.008226862984560266
1,85,0,37,1,1,4,18,2,0,53,0,80,100,0,0,0,0.009901178735000005
1,30,0,0,1,0,1,0,0,0,63,4,77,108,5,0,1,0.1820877908618646
0,14,0,0,1,0,1,0,0,0,58,0,80,100,0,0,0,0.04134011556865615
0,312,0,39,1,0,2,17,2,1,59,0,80,100,0,0,0,0.12116849966372593
1,0,0,52,0,0,0,5,1,1,36,4,38,74,11,4,1,0.9901021049072773
1,96,0,0,0,0,1,22,2,0,15,0,80,104,1,0,0,0.04957955196932576
1,342,1,32,1,1,3,0,0,0,74,0,81,113,0,0,0,0.00024747629833841663
1,155,0,81,0,0,0,16,0,0,27,0,80,100,0,0,0,0.015451379507047306
0,199,0,0,1,1,1,0,0,0,89,3,80,98,0,0,0,0.014751606574157881
1,325,0,57,1,0,0,0,0,0,62,2,71,104,2,2,0,0.03125300510771238
1,224,0,0,1,0,0,0,0,0,61,10,66,104,0,5,0,0.05355563838315602
0,142,1,48,1,0,3,27,0,1,65,0,80,100,0,0,0,0.0014216811678195997
0,120,0,84,0,0,0,0,0,0,60,2,73,97,0,1,0,0.063318286853196
1,25,0,6,0,0,0,0,4,1,2,2,80,106,0,4,1,0.8873305199403059
0,435,0,164,1,1,1,28,0,1,86,4,80,111,23,6,1,0.09587550406365614
1,131,0,9,1,0,2,0,1,1,46,7,46,80,4,0,1,0.9443415530358831
1,21,0,103,0,1,0,33,2,0,25,0,80,100,0,0,1,0.7003415964995344
1,30,0,17,0,0,0,21,1,0,11,0,80,96,34,2,1,0.789109676532639
1,0,0,57,0,0,2,6,4,0,31,1,72,103,0,1,1,0.048651082835924404
1,0,0,51,0,0,0,0,1,1,16,3,78,121,0,1,0,0.10243097912967208
1,44,1,69,0,1,0,11,1,0,33,4,76,116,8,2,0,0.05161134270221066
1,127,1,100,0,1,0,15,2,1,30,3,80,90,6,2,0,0.33222693682117765
1,0,0,0,0,0,1,13,3,0,3,0,80,100,0,0,1,0.34811157845269347
1,0,0,15,0,0,1,0,0,0,19,4,37,80,0,7,1,0.9817787827229075
0,13,0,0,0,0,0,7,1,0,2,0,80,100,0,0,1,0.6964135479720327
1,147,0,57,1,1,1,4,1,0,40,0,80,100,0,0,0,0.24014376829292894
1,0,0,0,0,0,0,0,0,0,0,0,80,100,0,0,0,0.7193235099739527
1,49,0,0,0,0,0,0,0,0,34,0,58,93,9,3,1,0.7627951243378602
1,143,0,31,0,0,0,0,2,1,18,4,54,89,8,3,1,0.6201301143410293
0,374,0,47,1,0,2,0,0,0,67,3,55,86,0,2,0,0.1406476353559919
1,96,0,48,0,0,2,11,1,1,67,0,80,100,0,0,0,0.020055567886951037
0,230,0,329,0,1,1,23,1,0,51,1,80,110,0,0,0,0.0033178458980081447
1,45,0,0,0,0,0,0,0,0,12,3,68,107,0,1,0,0.06841712819186042
1,0,0,0,0,0,1,0,0,0,11,0,72,97,0,0,1,0.12615279038575208
1,87,0,46,1,0,1,0,1,1,75,5,46,83,6,2,1,0.9177080997045839
0,359,0,115,0,0,2,18,3,0,44,0,80,100,0,0,0,0.0028901656373661157
0,0,0,46,0,0,0,0,3,0,0,2,80,116,3,3,0,0.13229049712351126
0,234,1,131,1,0,0,23,0,0,59,0,80,100,0,0,0,0.0023917500115823286
0,75,0,0,0,0,0,0,0,0,25,0,80,93,17,1,0,0.22265459438702168
1,0,0,0,1,0,0,8,4,0,12,2,79,112,1,2,0,0.08508857565110269
1,113,0,17,1,0,0,23,2,0,34,8,80,82,16,2,0,0.9657257031302127
0,52,0,29,1,0,0,20,4,0,25,0,80,98,0,2,0,0.06944523101203452
0,252,1,429,1,1,2,36,1,0,80,1,80,116,4,0,0,0.0018036782270671385
0,0,1,0,1,1,2,24,1,0,39,1,67,110,3,0,0,0.0188176123309292
0,75,0,0,1,0,5,0,0,0,75,8,69,104,8,2,0,0.10131080975623488
0,466,0,43,1,0,2,28,0,0,63,1,77,102,3,0,0,0.0004894314969060813
1,27,0,42,1,1,1,49,4,0,57,2,34,75,0,3,1,0.9964141516537408
1,91,0,0,1,0,0,0,0,0,55,2,80,88,3,2,0,0.4440575850374397
0,303,1,246,1,0,3,32,0,0,90,2,58,101,3,0,0,0.010933562461587129
1,0,0,0,0,1,0,0,0,0,0,4,65,101,10,2,0,0.45127569135491746
1,48,0,16,0,0,0,0,3,0,0,0,80,100,0,0,0,0.09107737056467556
0,396,1,54,1,1,0,23,3,1,54,1,54,86,0,3,0,0.15816188690890984
1,224,0,58,1,0,2,11,2,1,65,0,80,100,0,0,0,0.03972364636195068
1,229,1,164,1,0,1,19,3,0,57,1,66,101,0,3,0,0.08919139237708824
1,175,0,7,0,0,1,7,3,0,6,0,88,119,3,1,0,0.004198875276635717
0,202,0,86,0,0,0,0,0,0,53,0,80,100,0,0,0,0.1089226053024999
0,0,0,42,0,0,0,0,0,0,21,11,42,74,2,4,0,0.8006538177183194
0,101,0,85,1,0,0,28,0,0,78,0,52,83,0,1,0,0.025007710842519786
0,478,0,0,0,0,0,0,0,0,100,0,80,100,0,0,0,0.003641494634732121
0,164,0,94,1,0,1,20,0,0,77,3,61,107,8,0,0,0.023243541152363777
1,190,1,86,1,0,0,0,0,0,67,0,80,126,1,1,0,0.0016439910265138545
1,0,0,8,0,0,0,12,0,0,9,1,87,115,6,1,0,0.007778071306141873
1,68,0,44,0,0,1,24,3,0,20,2,80,99,8,1,0,0.31154607464831297
1,86,0,31,0,0,0,14,0,0,15,4,80,125,3,3,0,0.029266740477230425
0,214,0,0,0,0,0,0,0,0,68,0,89,122,3,0,0,0.0006396653177353672
1,155,0,13,0,1,1,4,2,0,10,3,47,86,6,2,1,0.9730975877869564
1,228,0,23,1,1,3,25,3,1,66,1,80,77,1,1,0,0.24734146377769634
1,0,0,0,0,1,1,0,0,0,11,2,78,107,5,1,0,0.028259331610925864
1,98,0,69,1,0,1,22,1,0,66,0,85,114,0,1,0,0.0036608402465901535
1,160,0,0,0,0,0,0,0,0,20,0,80,100,0,0,1,0.19058008466724127
1,0,0,0,0,0,2,5,3,0,4,7,52,104,10,0,1,0.9498785572627212
0,97,0,65,1,0,0,32,1,1,74,0,80,100,0,0,0,0.12582984143095582
0,54,0,11,1,0,0,14,0,0,36,0,80,100,0,0,0,0.010600060740487775
0,94,0,51,1,0,0,30,0,0,71,0,53,89,0,3,0,0.14236565063836346
1,30,0,63,0,0,0,22,1,1,51,6,48,84,0,2,1,0.9181270101847989
1,121,0,60,0,0,0,0,0,0,41,3,56,92,0,1,0,0.03370954102806481
0,508,0,21,0,0,0,0,0,0,24,0,83,115,0,3,0,0.008521567904071176
1,0,0,350,1,1,0,32,1,0,62,6,36,57,17,6,1,0.9937112432626074
0,98,0,36,1,0,3,15,0,1,59,3,64,92,1,7,0,0.28455707203778957
1,62,0,3,0,0,1,28,7,0,7,1,98,126,2,0,0,0.0004640736472278138
0,417,0,105,1,1,5,0,0,0,88,0,80,100,0,0,0,0.048114026253298484
0,0,0,0,1,1,3,0,0,0,67,0,71,107,0,3,0,0.0259523594102232
1,90,0,165,0,0,3,0,0,0,59,0,80,100,0,0,0,0.009439942761651022
0,544,0,79,1,0,3,24,3,0,60,10,80,77,0,1,0,0.6994493848463751
1,39,0,8,1,0,0,47,5,0,23,1,41,75,17,7,1,0.9552348192422092
0,120,0,155,1,0,1,0,0,0,83,0,80,86,0,3,1,0.745097067952915
0,0,0,14,0,0,0,6,2,0,5,0,80,100,0,0,0,0.6251911410809655
0,103,0,42,1,0,0,28,3,1,63,0,80,100,0,0,0,0.006815217040262391
1,272,0,124,1,0,1,5,3,1,73,2,59,85,0,1,0,0.19299414329062237
1,100,1,89,0,0,1,25,3,0,31,8,61,98,0,4,1,0.502443174061408
1,0,0,88,0,0,0,13,4,0,8,0,80,100,0,0,0,0.14498818534224747
1,25,0,46,1,0,4,9,0,0,58,3,28,69,5,2,1,0.9346712603482268
0,32,0,60,0,1,2,21,2,0,34,0,78,104,0,5,0,0.03922102452523076
0,289,1,128,1,1,3,54,7,1,73,5,29,72,20,3,1,0.9824593067363684
0,290,1,223,0,1,0,0,0,0,55,0,80,100,0,0,0,0.002947412149759216
1,100,0,35,1,1,0,0,0,0,57,0,80,100,0,0,0,0.09038658813408454
1,0,0,0,0,0,0,0,0,0,0,0,80,100,0,0,0,0.6029158950554019
1,120,0,0,1,0,0,0,0,0,33,1,61,103,4,4,1,0.7689391614333765
0,213,0,144,1,0,0,13,6,1,56,0,80,100,0,0,0,0.2824221601000626
1,103,0,4,1,0,0,24,0,0,47,2,39,78,2,4,1,0.9901901348778175
0,160,1,233,1,0,4,0,0,0,88,0,80,100,0,0,0,0.04933450447399626
0,0,1,31,0,0,0,22,2,0,13,0,80,100,0,0,0,0.03960939871979164
1,264,0,91,1,0,1,17,4,0,46,0,80,100,0,0,0,0.008220659076470887
1,127,0,34,0,0,0,2,5,0,13,0,80,100,0,0,0,0.5793396596078738
1,0,0,0,0,0,1,1,0,0,6,3,55,97,15,2,1,0.624698022348963
0,294,0,0,1,0,0,0,0,0,68,5,47,80,5,0,1,0.6696854323070416
1,69,0,0,0,0,0,0,3,0,0,0,80,100,0,0,0,0.5394094603651267
0,201,0,78,1,1,2,28,0,0,78,1,80,121,6,1,0,0.0025735538158628305
1,110,1,71,0,1,6,0,0,0,68,3,36,63,6,5,1,0.7766691613679353
1,0,0,0,1,0,0,0,0,0,44,1,75,118,1,1,0,0.028286232310598947
1,39,0,0,0,0,0,0,0,0,15,0,80,100,0,0,1,0.23878520362957284
0,12,0,37,1,0,1,55,2,0,45,9,43,72,2,9,1,0.9824901326790438
1,0,0,0,0,0,0,7,2,0,0,1,62,100,0,0,0,0.05970849916542009
1,0,0,81,0,0,0,29,1,1,52,3,36,81,0,3,1,0.9894887073739566
1,7,0,28,0,0,2,20,3,0,20,1,49,83,12,3,1,0.9803048336330937
0,0,0,0,0,0,0,0,0,0,0,1,57,85,10,1,1,0.8031792494205193
0,411,0,0,0,0,0,0,0,0,82,5,62,99,6,2,0,0.04550889515319668
0,70,0,107,1,1,1,27,1,0,76,4,39,79,0,1,0,0.8678519954120038
0,98,1,70,1,1,0,18,3,0,61,0,85,111,0,0,0,0.005092013099679291
0,95,0,0,0,0,1,0,0,0,22,1,39,74,8,2,0,0.9411051258304569
1,158,0,213,0,0,1,27,0,0,53,0,80,110,4,1,0,0.006182519451161993
0,165,0,231,1,0,1,14,0,0,67,0,80,110,14,1,0,0.012538874440325287
1,270,0,0,0,0,0,0,0,0,75,0,80,100,0,0,1,0.3366556689088929
0,121,1,167,1,0,3,32,1,1,89,2,67,97,0,3,0,0.2102954384232527
1,37,1,22,1,1,4,15,1,0,43,4,60,101,14,2,1,0.20918129575533387
0,178,0,142,0,0,0,23,9,1,48,4,80,82,0,2,1,0.7774622543772784
1,73,0,0,0,0,0,0,0,0,15,2,41,82,10,7,1,0.917283000556832
1,116,0,61,0,1,0,20,2,0,49,2,80,111,0,2,0,0.008850156286322741
0,547,1,319,1,0,2,32,0,0,90,1,80,108,16,0,0,0.026890207158238897
1,0,1,34,1,0,1,0,0,0,49,0,80,100,0,0,0,0.1344463491099458
0,145,1,88,0,0,1,26,0,1,72,3,71,95,10,1,0,0.013706358474493465
1,170,0,0,0,0,0,0,0,0,55,0,80,100,0,0,0,0.14786066707479137
1,0,0,144,0,0,0,57,0,0,36,0,80,100,0,0,1,0.5194909642179528
0,240,1,39,1,0,4,14,1,1,68,0,80,100,0,0,1,0.006057439797861557
1,143,0,0,0,1,0,0,0,0,11,2,61,96,3,1,0,0.06251553014419658
1,0,0,0,0,0,0,9,0,1,15,5,57,85,3,0,1,0.31374382736249656
0,150,0,38,0,0,2,54,1,1,75,2,55,91,2,4,0,0.1858479076803168
1,0,0,0,0,0,1,14,1,0,9,6,70,111,11,0,0,0.7455061151326526
1,242,0,0,1,0,1,0,0,0,84,2,56,80,4,7,0,0.2444815247492887
1,85,0,0,0,1,2,0,0,0,28,3,80,87,5,3,0,0.7275499702248159
1,82,0,69,1,1,0,15,2,0,59,4,89,119,4,4,0,0.0650178308989429
1,21,0,43,0,0,0,0,0,0,44,0,80,100,0,0,0,0.4160952834513878
1,0,0,60,1,0,0,12,3,1,57,2,75,109,3,0,0,0.07580070812538693
0,19,0,10,1,0,5,35,1,1,56,1,80,84,6,1,0,0.5262889256089128
0,93,0,151,1,0,1,0,0,0,83,3,41,76,0,1,1,0.26103406983484195
1,0,0,14,1,0,1,9,0,0,32,1,57,100,3,2,0,0.20242455972201756
1,214,0,166,0,0,0,28,2,1,58,1,79,125,2,2,0,0.01305916557680219
0,442,0,46,0,0,0,22,0,0,30,0,80,100,0,0,0,0.002536606480130435
1,108,0,112,1,0,1,14,0,0,54,0,80,115,0,0,1,0.07782180448226206
1,99,0,0,0,0,0,0,0,0,22,0,80,100,0,0,0,0.20212381546305355
0,194,0,0,1,0,0,23,0,0,44,0,80,100,0,0,0,0.001150669635248899
1,202,0,57,0,0,1,13,1,1,33,2,63,94,3,2,0,0.24259057013424212
0,7,0,226,1,1,0,34,3,0,56,3,54,87,7,0,1,0.9028773073136364
1,183,0,0,0,0,1,0,0,0,28,0,80,100,0,0,0,0.029899552809412946
1,116,0,66,0,0,0,5,4,0,13,0,80,100,0,0,0,0.02805255092764489
1,17,0,20,0,0,0,8,0,0,15,2,80,112,0,2,0,0.03193623985642315
1,19,0,34,0,0,0,9,0,0,11,2,68,102,0,0,0,0.25335717926287527
1,9,0,0,0,0,1,15,2,0,7,0,80,100,0,0,0,0.3509936855751031
1,68,1,93,1,1,1,17,3,0,61,3,50,83,0,2,1,0.7232768219015104
1,195,0,192,0,0,0,0,0,0,56,2,48,75,25,1,1,0.9646847034743639
1,77,0,0,0,0,0,0,0,0,44,7,80,80,6,1,1,0.9760883577259215
1,217,0,0,0,0,1,0,0,0,26,4,75,106,7,2,0,0.00908750376948963
1,75,0,0,0,0,0,0,0,0,27,0,56,88,8,4,1,0.7396091930282545
0,181,0,0,0,0,0,0,0,0,59,3,80,77,6,1,1,0.6635082264620444
1,106,0,0,1,0,1,0,0,0,53,0,80,100,0,0,1,0.24555553155913984
1,102,0,0,1,0,2,0,0,0,97,3,57,94,1,2,1,0.45700432656605966
1,69,0,48,1,1,0,17,2,0,37,1,71,105,0,2,0,0.1668827712700205
1,192,0,43,0,0,0,6,3,0,13,2,61,96,0,0,0,0.10373507621056753
0,20,0,49,0,0,1,10,3,1,25,1,92,119,0,2,0,0.04087723172525127
1,0,0,0,1,0,0,5,2,0,17,4,68,106,0,2,0,0.3632129911624781
1,186,0,37,0,0,0,0,2,0,10,0,80,100,0,0,0,0.5081615061226283
0,158,0,151,1,0,1,14,3,0,61,0,80,100,0,0,1,0.25658886065621705
0,235,0,50,1,0,1,29,1,0,68,1,82,119,0,2,0,0.0026078228644230332
1,57,1,314,0,1,1,53,0,0,52,0,49,89,4,1,0,0.12109880928519406
0,94,0,0,0,0,0,0,0,0,22,4,65,94,10,1,0,0.12189661397804126
1,16,0,37,1,0,2,0,0,0,48,7,57,99,4,4,0,0.10127268073659644
1,50,0,70,1,0,0,25,2,0,61,8,80,105,19,1,1,0.18716881916648356
1,37,1,15,0,0,1,29,0,1,44,0,80,100,0,0,0,0.007850888526219731
1,93,0,144,1,1,1,9,4,0,42,1,80,92,0,1,1,0.11644690896033129
1,75,0,115,1,0,6,25,1,0,75,1,71,96,0,0,0,0.08438844085629263
1,60,1,41,0,1,1,0,0,0,43,0,80,100,0,0,0,0.1028990544131323
0,423,0,110,1,1,1,16,1,1,79,0,80,100,0,0,0,0.0026964787539995134
1,292,0,0,0,0,0,0,0,0,23,3,76,110,0,3,0,0.04843816588936928
1,158,0,195,1,0,0,11,2,0,55,0,80,106,8,2,0,0.08265173587016153
1,0,0,39,0,0,0,0,11,0,5,0,80,100,0,0,0,0.09581360618435482
0,253,0,129,1,1,2,69,1,0,87,1,39,96,6,2,1,0.6757681985466134
1,148,0,11,0,0,1,0,0,0,19,8,80,85,0,0,0,0.912798853536459
0,193,1,24,1,0,1,19,4,1,61,1,54,88,8,1,1,0.41214093885800696
1,0,0,117,0,1,0,18,4,1,33,0,80,100,0,0,0,0.0841335355135534
1,0,1,8,0,1,1,57,0,0,22,1,48,86,0,1,0,0.18635411872306823
1,70,0,81,0,0,1,5,1,1,35,1,80,116,1,1,0,0.030473937935954164
1,161,0,0,0,0,1,0,0,0,24,4,48,87,8,2,1,0.6344899001850592
0,157,0,0,1,0,1,21,1,0,38,0,80,100,0,0,0,0.018580480598931057
1,0,0,0,0,0,1,0,0,0,11,1,87,124,0,0,0,0.006365168032995761
1,191,0,0,1,0,3,21,3,0,45,0,80,91,0,1,1,0.25123709398947724
0,234,0,66,1,1,1,14,3,0,60,8,49,86,16,0,1,0.6614199882804433
1,51,0,0,1,0,0,0,0,0,49,2,53,100,0,3,1,0.26033483489638165
0,438,0,171,1,1,1,0,0,0,88,0,71,107,4,0,0,0.009170632096032616
1,0,0,51,0,0,0,19,3,0,9,8,51,84,4,1,1,0.920818942482477
0,349,0,0,0,0,0,0,0,0,96,3,50,79,0,2,0,0.04447673658149336
0,0,0,49,1,0,1,19,0,0,47,1,80,89,1,3,0,0.06065217860343381
1,92,0,57,1,0,0,7,1,1,46,5,88,128,8,2,0,0.01304978554866214
1,125,0,69,0,0,0,0,1,0,18,6,62,101,0,0,1,0.5988722152880316
1,57,0,0,0,0,0,0,0,0,3,0,80,100,0,0,1,0.8353182716390454
0,239,1,110,1,0,2,17,2,0,67,2,65,86,0,1,1,0.2466279984768792
1,39,0,27,1,0,0,13,1,0,29,0,80,100,0,0,0,0.015184242664113053
1,110,0,0,1,1,0,7,9,0,12,1,80,95,4,1,1,0.6314893290340944
0,270,1,93,1,0,4,0,0,0,100,0,80,100,0,0,0,0.001359001099480529
1,0,0,89,1,0,0,0,1,0,31,1,80,108,0,0,0,0.03894117889163693
0,131,0,0,0,0,2,0,0,0,35,6,89,118,6,0,0,0.001250797448181339
0,0,0,93,0,0,1,0,0,0,25,1,49,86,0,1,1,0.7889551397746294
0,183,0,0,0,0,2,0,0,0,56,2,56,100,0,0,0,0.22097883534530963
1,254,0,96,1,1,0,15,0,1,61,0,80,100,0,0,1,0.23980059209022328
0,337,0,72,1,0,2,31,0,0,69,1,75,113,7,1,0,0.004150313270293783
0,0,0,0,0,1,1,0,0,0,11,11,80,104,16,0,0,0.08478405944439801
1,0,0,0,1,0,0,0,0,0,44,0,80,100,0,0,0,0.10375985162084331
1,111,0,26,0,0,0,3,0,0,20,1,71,104,0,4,0,0.09604933961105898
1,166,0,0,0,0,0,0,0,0,15,0,39,80,8,2,1,0.9708221244609941
0,69,0,6,1,0,0,16,0,0,34,4,64,100,0,2,0,0.05373132479142592
1,496,0,0,0,0,1,0,0,0,44,0,80,100,0,0,0,0.0010908339663277871
0,52,0,0,1,0,0,0,0,0,48,0,80,100,0,0,1,0.345447203796667
1,62,1,80,0,0,0,13,4,0,15,7,67,110,8,1,0,0.21834912314344535
0,87,0,83,1,1,1,0,0,0,77,12,53,83,15,1,1,0.8044422171646405
1,136,0,0,1,0,1,0,0,0,65,2,51,89,8,0,1,0.8521085978457783
1,105,0,163,0,1,0,18,0,1,53,5,68,104,3,0,0,0.07473696841440368
0,107,0,49,1,0,1,16,0,1,87,4,85,115,0,1,0,0.0058253259202895764
1,0,0,0,0,0,0,0,0,0,0,0,80,100,0,0,0,0.4445896415892973
0,132,0,54,0,0,3,14,1,0,33,3,62,96,0,0,0,0.2221344281179693
0,545,1,123,1,0,3,32,0,1,90,0,80,95,6,1,0,0.03961525021615774
0,194,1,54,0,1,1,26,1,1,54,3,57,88,10,7,1,0.12820763428144827
1,0,0,64,1,1,1,22,1,0,45,5,78,110,0,0,0,0.003907935958875478
0,91,0,0,1,0,6,19,0,1,58,3,59,92,0,1,0,0.04140878878213007
1,247,0,0,0,0,0,0,0,0,52,0,80,100,0,0,0,0.1440521618316125
1,0,1,54,0,0,0,44,2,0,22,0,80,100,0,0,0,0.05909133199008284
1,0,0,0,0,0,0,0,0,0,0,0,80,100,0,0,0,0.3328803424291951
0,303,0,128,0,1,1,22,2,1,59,4,62,81,0,3,1,0.8725249864129772
1,217,0,44,1,0,2,13,2,0,64,4,80,92,8,3,1,0.307233624822198
1,148,0,40,0,0,3,5,4,0,42,6,80,79,0,1,1,0.9760140739359175
0,107,0,139,0,0,0,8,2,0,22,0,80,100,0,0,0,0.3083808354730824
1,55,0,88,0,0,2,12,2,1,40,1,51,83,0,5,1,0.85609078336873
0,198,0,329,1,0,2,26,0,0,79,7,80,109,2,0,0,0.007233580840329677
0,338,0,151,1,0,0,24,2,0,66,1,82,109,0,3,0,0.009099345883591672
0,165,1,116,1,1,1,45,2,0,69,5,51,83,21,3,1,0.8237588233658937
0,240,1,104,0,0,1,0,0,0,36,12,54,91,6,5,1,0.8261192098363183
0,125,0,0,1,0,1,0,0,0,66,4,89,132,5,1,0,0.014938787798670266
0,0,0,88,1,0,0,28,0,0,64,0,80,100,0,0,0,0.004220531707194005
0,163,1,82,0,0,2,27,1,0,41,0,54,94,5,0,0,0.5336622453382346
1,175,0,133,1,0,2,0,0,0,92,3,80,95,0,1,0,0.16477717681688792
0,74,0,0,1,0,2,0,0,0,78,2,36,62,2,1,1,0.9824530304159457
0,0,0,0,1,0,1,12,0,1,41,2,49,85,19,3,1,0.8463262329311986
1,0,0,0,0,0,3,12,0,0,16,6,71,109,0,7,0,0.4046966762614091
1,335,1,205,0,0,0,56,1,1,62,3,38,80,0,2,1,0.8837109148984492
1,42,1,13,0,0,3,18,2,1,29,5,39,73,12,2,0,0.6538477545705812
0,172,0,0,0,0,0,0,0,0,40,1,77,100,0,0,0,0.011152741650222736
1,176,1,103,1,0,1,0,0,0,64,6,58,93,7,1,1,0.6637334921427206
1,30,0,0,1,0,0,27,0,1,46,4,35,61,13,8,1,0.8574711629346897
1,320,1,115,1,0,0,24,7,0,60,0,80,100,0,0,0,0.07384188603222237
1,252,0,99,1,0,0,0,0,0,67,3,70,98,3,0,0,0.09690320917095296
0,136,0,0,0,0,0,0,0,0,39,0,80,100,0,0,0,0.0007171107288741351
0,369,1,81,1,0,0,0,0,0,73,4,63,112,8,1,0,0.032152795889276366
1,145,0,51,0,0,1,12,2,1,34,2,73,107,0,1,0,0.0961461092714321
1,51,1,0,1,0,0,9,1,0,25,1,70,100,9,3,0,0.43087350191119056
1,158,0,170,0,1,0,22,0,1,59,0,80,100,0,0,0,0.0007608765023863804
0,188,1,128,1,1,2,32,0,1,92,1,91,123,0,0,0,0.0002769918222616849
1,0,0,0,1,1,0,0,0,0,27,0,80,100,0,0,0,0.4105368319182794
0,0,1,27,1,1,2,0,0,0,60,6,84,115,0,3,0,0.01156158394910882
0,0,0,0,0,0,0,0,0,0,0,0,80,100,0,0,0,0.0451927530590793
0,159,0,69,1,1,1,11,1,0,48,2,36,66,14,1,1,0.9916153981439245
0,210,0,21,0,0,0,21,2,0,15,0,80,100,0,0,0,0.12698671108268741
1,134,0,51,0,0,0,68,3,0,18,5,36,71,0,0,1,0.9709935013000603
1,0,0,111,0,0,0,0,0,0,33,2,68,94,4,2,0,0.03466798569361725
1,0,0,0,1,1,1,5,4,0,16,0,61,96,4,5,0,0.4410681576260474
1,161,1,144,0,0,1,0,0,0,53,10,51,79,0,2,0,0.6109393621682366
1,0,0,30,1,1,2,0,6,0,24,0,80,100,0,0,0,0.17895320900845849
1,85,0,0,0,0,0,0,0,0,34,4,45,90,10,1,0,0.49704086776355016
0,85,0,0,0,0,0,0,0,0,46,4,63,101,0,2,0,0.07156358609638937
1,213,0,50,1,0,1,28,0,0,53,6,38,76,0,2,1,0.9464728786999257
0,0,0,0,1,0,1,0,0,0,33,5,66,106,16,0,1,0.6150494879365018
0,0,0,105,0,0,0,0,0,0,40,1,37,74,13,2,1,0.8913641960453739
0,108,0,0,0,1,3,0,0,0,43,1,60,78,0,1,0,0.17813216283755834
0,139,0,0,0,0,0,0,0,0,30,10,38,78,0,7,1,0.9940031208850414
0,325,0,213,1,0,2,24,4,0,70,1,61,87,0,0,1,0.2279386489947945
1,51,0,22,0,0,0,8,0,0,11,0,80,100,0,0,0,0.7693960070354037
1,160,0,121,0,0,0,7,4,0,14,4,61,96,0,0,0,0.29522923476118934
0,126,1,159,1,0,0,40,1,0,68,1,57,91,1,4,0,0.01763431702233395
0,113,0,74,1,0,2,19,1,0,75,0,80,100,0,0,0,0.01787201522805543
1,0,0,0,1,0,0,0,0,0,44,0,60,104,3,3,1,0.4840265562031588
1,0,0,0,0,0,1,4,6,0,0,0,77,122,14,2,0,0.25074556907747236
1,82,0,0,0,0,0,0,0,0,18,0,80,100,0,0,1,0.6755868979119259
1,71,0,3,1,0,2,26,0,0,46,3,72,99,5,3,0,0.15461133735056432
0,239,1,333,1,1,3,31,0,0,82,0,39,77,0,2,1,0.8944577466519109
1,237,0,58,1,0,0,0,0,0,47,0,80,100,0,0,0,0.22893055645408272
0,114,0,0,1,0,5,0,0,0,49,3,72,104,0,0,0,0.06332941228227092
0,162,0,142,1,1,0,24,2,0,64,4,31,72,11,1,1,0.9951690084710478
0,97,0,42,1,1,3,32,0,0,69,1,75,102,2,0,0,0.0010162454397286095
0,41,0,116,1,1,0,19,1,0,45,7,41,88,0,2,0,0.16650859232363097
0,128,0,0,0,0,0,0,0,0,45,2,42,69,0,3,1,0.9061921661224556
1,0,0,4,0,0,0,0,2,0,0,7,64,99,1,0,0,0.2765293862573737
1,90,0,0,1,0,6,0,0,0,76,2,50,79,0,2,1,0.9384165766794972
1,174,0,61,1,0,0,50,1,0,66,5,55,77,0,3,0,0.7663099636454669
0,216,0,120,0,0,1,31,2,0,46,1,70,107,5,1,0,0.05066631645285056
0,166,0,158,1,0,2,20,6,0,63,4,52,82,0,3,1,0.7544767033107334
1,0,0,36,0,0,0,21,0,0,16,1,50,89,3,3,0,0.459550890221733
1,0,0,19,1,1,0,7,4,0,26,0,80,100,0,0,0,0.19383786645299245
1,188,1,199,1,0,0,0,0,0,75,0,80,100,0,0,0,0.03812439533885439
1,81,0,50,1,0,0,1,3,0,30,6,60,92,8,3,0,0.6497671740549696
0,95,0,0,1,0,2,14,0,0,46,1,63,100,4,0,0,0.0493680500151019
0,0,0,47,0,0,0,57,2,0,37,4,47,77,14,1,1,0.9380693583631146
1,0,0,0,0,1,2,0,0,0,22,4,40,84,0,0,1,0.7448917579754232
0,83,0,36,1,0,0,19,1,0,38,0,80,100,0,0,0,0.01180478884562268
0,140,1,48,1,1,1,0,0,0,81,1,81,108,1,0,0,0.003155697843303133
1,246,0,0,0,1,0,0,0,0,21,3,41,85,4,1,1,0.9406270718147561
1,460,0,0,0,0,1,0,0,0,25,2,58,99,0,1,0,0.10122826475726643
1,82,0,0,1,0,0,0,0,0,52,0,80,100,0,0,0,0.7068525791865983
0,216,0,29,1,0,4,31,0,0,74,0,80,100,0,0,0,0.004086699162412772
1,0,0,0,0,0,2,0,0,0,22,0,80,100,0,0,1,0.1513328925033282
1,87,0,17,0,0,0,49,7,0,19,6,37,75,0,2,1,0.9904063556862729
0,75,0,0,1,0,4,23,1,1,59,1,76,126,3,1,0,0.0063226662822685065
0,157,0,87,1,1,1,12,0,0,74,3,80,94,11,0,0,0.7169839918540458
0,96,0,0,0,0,0,0,0,0,54,4,73,111,0,0,0,0.269786574201243
1,114,0,76,0,1,2,22,0,1,59,5,66,95,12,4,0,0.25310363246233075
1,0,0,73,0,0,0,18,3,0,11,3,83,114,7,0,0,0.10142401735636793
0,296,0,0,1,0,1,0,0,0,86,1,93,124,0,1,0,0.00103174437133438
0,0,0,0,0,0,0,0,0,0,0,1,80,125,0,1,0,0.0011377569921661476
0,133,0,0,0,0,0,0,0,0,100,1,60,83,6,1,0,0.09752736073738354
1,261,0,207,0,1,4,8,5,1,48,4,38,67,4,1,1,0.9826236470676476
0,238,0,0,1,0,1,0,0,0,75,5,58,87,0,2,1,0.5592122914051209
0,0,0,0,0,1,1,23,0,0,17,1,86,120,0,0,0,0.003962790565613022
0,112,0,59,1,0,0,19,1,1,59,3,57,95,2,2,0,0.6580369773806415
1,288,0,269,1,0,0,23,0,0,71,0,80,100,0,0,1,0.008232863603920037
0,87,0,0,1,0,1,0,0,0,37,0,80,100,0,0,0,0.27410133534154274
0,303,0,78,0,1,2,27,2,0,55,0,80,100,0,0,0,0.005002459084552147
0,69,0,0,0,0,0,6,1,0,11,0,80,100,0,0,0,0.18852736927511304
1,423,0,118,0,1,2,27,0,0,63,3,54,84,4,1,1,0.5423769707324592
1,21,1,59,0,0,0,21,1,0,31,3,80,113,0,0,0,0.026889599955359986
1,28,0,0,0,1,4,0,0,0,24,1,46,84,0,0,1,0.7991776266521649
1,136,0,0,0,0,0,0,0,0,71,1,44,80,0,6,1,0.8405866183613796
1,0,0,0,0,0,0,0,0,0,0,3,80,77,8,4,1,0.9880854500033738
0,45,0,37,1,0,0,50,0,0,62,4,80,63,0,1,1,0.9737328098670361
0,187,0,28,1,0,1,20,0,1,55,7,65,94,0,0,0,0.06095418122902229
1,33,0,0,1,0,2,0,0,0,71,2,69,111,6,1,0,0.47212614414024406
1,304,0,76,0,0,2,9,1,1,42,0,58,93,3,3,1,0.4013575648448422
1,14,0,39,1,1,0,5,3,0,25,6,74,103,0,2,1,0.5282935759251958
0,438,0,54,1,1,4,25,0,1,73,0,47,89,0,0,0,0.11596543852079379
0,45,1,59,1,1,1,0,0,0,80,2,66,103,3,0,0,0.008216580505652443
1,177,0,6,0,0,3,8,0,0,34,1,80,83,0,1,1,0.9764222011468724
1,183,0,76,1,0,3,1,1,0,57,0,80,100,0,0,0,0.10970571249054266
1,129,1,30,1,1,0,0,0,0,53,2,80,101,10,0,1,0.1518458196270336
1,251,0,0,1,0,2,0,0,0,96,1,59,100,0,6,0,0.1688332943708794
0,94,0,143,0,0,0,12,1,1,38,1,77,102,10,3,0,0.09852017486124294
1,89,1,70,1,0,1,8,2,0,49,0,80,100,0,0,1,0.5798248663808955
1,85,0,0,1,0,0,0,0,0,34,0,80,100,0,0,0,0.01848407203294646
1,300,0,0,0,0,0,0,0,0,69,6,71,107,1,2,0,0.0075682232693521
0,87,0,0,0,0,0,0,0,0,29,2,52,91,3,2,0,0.22096624581473534
1,120,0,0,1,0,0,0,1,0,22,2,66,99,5,2,1,0.8162131596185472
1,237,1,98,1,0,0,20,2,0,45,0,80,100,0,0,0,0.2445571443899986
0,146,0,60,1,0,0,12,0,0,60,1,59,80,0,0,1,0.6002925287799391
1,161,1,29,1,1,1,32,0,0,64,0,80,100,0,0,0,0.00736790129411319
1,99,0,45,0,0,2,18,0,1,42,1,73,109,0,1,0,0.051609403621074273
0,126,0,0,1,0,2,0,0,0,96,0,80,100,0,0,0,0.024627303046721116
1,116,0,0,1,0,2,0,0,0,90,4,71,109,5,2,0,0.007039709085785305
1,88,0,0,0,0,0,0,0,0,8,0,80,100,0,0,0,0.29149191124046164
1,77,1,37,0,1,0,28,4,0,9,0,80,100,0,0,1,0.3617512232194811
1,236,0,21,0,0,0,5,0,0,14,7,35,73,8,4,1,0.9253223197955115
0,264,0,0,0,0,0,0,0,0,64,4,80,99,2,1,1,0.40820191688636276
1,0,1,26,1,0,0,24,0,1,56,0,63,106,0,3,0,0.2953873461081848
1,361,0,281,0,0,1,43,0,0,62,6,36,76,6,4,1,0.9601751572425566
1,48,0,0,1,1,2,12,1,1,46,0,80,100,0,0,0,0.04315335575359875
0,181,0,12,0,0,0,0,0,0,14,0,80,100,0,0,0,0.016465361293212445
1,282,0,29,0,0,0,22,1,0,21,0,74,110,5,2,0,0.036804057706642315
1,131,0,0,0,0,2,0,0,0,56,1,80,106,2,1,0,0.026885721562795305
1,126,0,115,1,0,3,23,0,0,77,0,80,100,0,0,0,0.1101187558266471
0,197,0,57,1,0,0,39,0,0,70,5,70,88,1,4,0,0.05852782406626449
0,203,0,92,0,1,2,30,2,0,51,0,80,100,0,0,0,0.008447712075296303
0,72,0,0,1,0,1,0,0,0,61,1,80,114,3,2,0,0.0022059804913248894
0,88,0,0,1,0,0,0,0,0,55,0,80,100,0,0,0,0.03293812972222405
0,223,0,0,1,0,1,0,0,0,72,1,78,106,1,0,0,0.00670661661214702
1,346,0,127,1,1,2,32,3,1,82,1,81,120,0,1,0,0.0019017629139830886
1,202,0,0,1,0,1,0,0,0,68,2,95,124,1,2,0,0.000890324118099528
0,317,0,100,0,1,0,36,1,0,41,5,65,101,8,2,0,0.18274006130573112
1,302,0,182,0,1,0,16,0,0,48,0,42,73,26,2,1,0.9191961864413143
1,81,0,0,0,0,0,1,5,0,0,0,80,100,0,0,0,0.43142929957401593
1,190,0,173,0,1,0,15,2,0,33,0,80,100,0,0,0,0.030714484122121362
1,116,0,19,0,0,1,18,1,0,28,0,63,92,3,0,1,0.3296245238121634
1,285,0,0,0,1,1,0,0,0,18,1,65,85,0,1,1,0.5693927244559113
0,4,0,52,1,0,0,0,0,0,54,2,71,92,9,4,0,0.30653164758744805
1,0,0,23,1,1,0,15,5,0,16,1,80,83,0,6,1,0.9761822969949837
0,18,0,0,0,0,0,0,0,0,7,1,94,131,0,1,0,0.00021413766117120547
1,7,0,110,1,0,3,16,1,1,76,0,80,100,0,0,0,0.02819790104363723
0,447,0,39,0,0,2,38,4,0,37,1,80,122,5,0,0,0.0013479216820769086
1,94,0,42,1,0,1,0,0,0,53,3,55,88,2,0,0,0.3203139088253062
0,335,0,31,1,0,0,20,0,0,48,0,80,100,0,0,0,0.012232587269523275
1,0,0,0,1,0,0,10,1,0,22,3,74,107,0,0,0,0.019990462903660466
1,19,0,69,1,0,0,18,4,1,59,7,77,101,0,3,0,0.18888431413091922
1,80,0,0,0,0,0,0,0,0,80,1,80,108,6,2,0,0.0032657251693951634
1,147,0,0,0,0,0,19,5,0,5,5,66,104,5,0,1,0.20724916037599092
0,78,0,23,1,0,0,22,1,1,48,0,80,100,0,0,0,0.10127869612480651
0,175,0,108,1,0,0,23,2,0,49,7,49,86,13,7,1,0.8748314218348153
1,7,0,23,1,0,0,7,1,1,42,0,80,100,0,0,0,0.08850125252182042
1,162,1,241,1,1,2,31,2,0,79,4,46,76,6,1,1,0.4748549008406332
0,283,0,179,1,0,1,29,0,0,80,2,76,99,4,0,0,0.017280822697088083
1,43,0,47,0,0,1,4,4,0,3,4,66,112,2,2,1,0.5937894852355278
1,100,0,93,0,0,0,9,1,0,18,5,58,85,8,5,0,0.5895931667831977
1,206,1,31,1,0,0,13,2,0,51,0,80,100,0,0,0,0.028012944773661327
1,0,0,18,1,0,0,6,2,0,28,1,47,90,4,1,1,0.9446994728520814
0,183,0,194,0,0,2,16,0,0,54,4,68,105,4,5,0,0.02560767889677842
1,125,0,0,0,0,0,9,0,0,17,1,51,88,5,2,0,0.6006866467126007
1,314,0,0,0,0,0,0,0,0,30,4,80,100,0,0,0,0.036608690236007324
1,0,0,166,1,0,0,44,6,0,45,4,34,72,5,4,1,0.9678906641630202
1,83,0,136,1,0,2,36,0,0,81,2,45,80,0,1,1,0.7395684737036207
0,226,0,83,1,0,1,14,1,0,47,2,78,114,1,1,0,0.016258645828424664
0,14,0,0,1,0,0,0,0,0,47,0,90,124,0,0,0,0.00034169733270750425
1,226,0,0,0,1,0,0,0,0,15,3,80,109,3,0,1,0.16340158650753578
0,0,0,0,1,0,0,0,0,0,44,9,53,85,0,1,0,0.587029687010514
1,49,0,40,0,0,1,6,0,0,20,0,80,100,0,0,1,0.6357051137298478
1,182,1,66,0,1,0,23,3,0,39,0,80,100,0,0,0,0.0018834496569685806
0,105,0,0,1,0,0,27,2,0,34,0,42,76,13,1,1,0.9304294995387951
0,192,0,0,0,0,2,0,0,0,45,0,80,100,0,0,0,0.01119765977001925
1,127,0,31,1,1,0,20,2,0,32,0,84,126,0,2,0,0.014000098394350395
1,171,0,83,0,0,0,11,8,1,25,0,80,105,7,0,1,0.15682321627658735
0,169,0,16,1,1,2,27,6,0,44,0,80,100,0,0,0,0.16680307937097447
0,76,0,110,0,1,0,35,3,0,41,6,38,77,5,1,1,0.9801248922829529
1,61,0,9,1,0,3,4,0,1,50,2,80,88,5,1,1,0.8033228245394053
1,47,0,24,0,0,1,21,0,1,38,2,80,103,0,2,0,0.0890293624462786
0,318,1,94,1,0,0,20,6,0,42,0,80,100,0,0,1,0.20634992792802925
0,108,0,115,0,1,0,58,1,0,53,5,43,77,0,2,1,0.6700382104870499
1,16,0,123,1,0,1,45,0,0,71,5,80,72,0,1,1,0.9608920252235583
1,102,0,0,0,0,0,0,0,0,37,0,80,100,0,0,0,0.45252094736953263
1,68,0,0,0,0,0,0,0,0,21,0,80,100,0,0,1,0.2650516681851468
1,0,0,0,0,0,0,0,0,0,0,0,80,100,0,0,0,0.015022452652174294
1,403,0,134,1,1,0,6,3,0,51,1,78,113,0,3,0,0.01499895639568257
0,562,0,296,1,0,4,10,0,0,80,3,80,106,0,2,0,0.004907498720618859
1,108,0,0,1,0,0,0,0,0,58,5,59,83,18,0,1,0.49641412726915324
1,199,0,114,1,0,1,11,5,0,43,2,73,108,7,0,0,0.13146875579149245
1,309,0,43,0,1,0,8,0,0,27,3,80,93,10,1,0,0.5268583466580781
1,44,0,0,1,0,1,0,0,0,65,1,89,122,6,0,0,0.0018907329925429493
1,32,0,0,0,1,2,0,0,0,16,4,38,62,0,6,1,0.9873551349768687
0,10,0,48,1,0,4,0,0,0,66,0,80,100,0,0,0,0.2145473505965338
1,227,0,0,0,0,0,0,0,0,16,1,82,112,13,2,0,0.0035252834401493967
0,191,1,43,1,1,0,19,1,0,55,3,80,97,0,3,0,0.2493693414330044
0,212,1,100,1,0,2,0,0,0,80,0,72,108,23,3,0,0.05213479583602922
1,365,0,190,1,0,1,10,0,0,69,0,80,100,0,0,0,0.002156293086883037
1,80,0,0,1,1,0,10,2,0,31,5,65,100,15,0,1,0.8103584303704822
1,0,0,0,0,0,0,0,0,0,0,3,61,101,12,5,1,0.8045769339022057
1,323,0,35,1,0,0,22,1,1,58,2,60,84,0,1,1,0.7725362295700564
0,266,0,0,1,0,0,0,0,0,74,0,80,100,0,0,0,0.023404169060638462
0,115,0,88,0,0,1,15,3,1,52,3,77,119,3,1,0,0.004273653326069851
1,137,0,0,0,0,1,0,0,0,24,0,80,100,0,0,0,0.16487313900327843
1,96,0,42,1,0,1,3,1,0,32,1,64,92,0,1,1,0.847975338282512
1,89,0,0,0,0,0,0,0,0,20,0,83,120,0,1,0,0.028073600987420178
1,155,0,129,1,0,0,14,1,0,56,2,80,69,0,6,1,0.7710769639376902
1,401,0,297,1,0,4,35,1,0,87,2,45,76,0,4,1,0.7996204662178213
1,63,0,14,0,0,1,3,4,1,9,6,40,72,0,6,1,0.9902417144165563
0,551,1,61,1,1,1,28,1,1,72,2,78,114,0,8,0,0.0036953834747367135
1,12,0,23,1,0,1,45,3,0,47,3,41,81,10,0,1,0.8797705027775056
0,97,0,0,0,0,0,0,0,0,40,0,80,100,0,0,1,0.19203029996540616
1,343,0,149,1,0,2,30,1,1,88,1,60,99,4,1,0,0.014987067012178409
1,106,0,0,0,0,0,7,3,0,0,0,80,100,0,0,1,0.525526576421799
0,15,1,150,0,1,1,33,3,1,44,0,80,100,0,0,0,0.003435110690248823
0,54,0,78,1,1,0,0,0,0,73,0,80,100,0,0,0,0.000970055052375902
0,52,1,59,0,0,0,0,3,0,4,3,67,96,0,1,1,0.8025055832621866
1,233,0,68,0,1,0,24,2,0,50,2,51,87,20,3,0,0.7404233587438197
0,264,0,17,1,0,1,23,1,1,63,0,80,100,0,0,0,0.012752639822673514
1,116,0,70,1,0,7,15,7,0,36,6,88,121,14,1,0,0.04260411869958253
0,270,0,189,0,1,4,21,2,0,53,0,80,100,0,0,0,0.026809998988207823
0,112,0,0,0,1,0,0,0,0,22,3,80,89,4,0,0,0.7763644851975973
0,44,0,0,0,0,0,0,0,0,18,0,80,100,0,0,0,0.018382565168831026
0,7,1,19,1,0,0,0,1,0,24,0,80,100,0,0,0,0.335344300263106
1,72,0,45,0,1,0,7,2,0,15,3,52,94,6,1,1,0.8801831986660431
0,234,0,50,0,0,5,16,0,0,33,1,88,123,0,0,0,0.015367253188671121
0,131,1,11,1,0,0,27,6,0,37,4,80,125,0,1,0,0.002714389277081637
1,32,0,19,0,0,1,14,5,0,3,0,80,100,0,0,0,0.462102518861129
1,195,0,9,1,0,0,0,0,1,41,0,80,100,0,0,1,0.7665179842339257
0,317,0,0,0,0,0,30,1,0,26,1,80,120,0,3,0,0.003487499671298654
1,0,0,36,0,0,1,0,0,0,18,0,80,100,0,0,0,0.4125402972949323
0,183,0,0,1,1,0,0,0,0,64,2,33,68,10,2,1,0.9875372128871269
1,72,1,167,1,0,3,0,0,0,84,5,50,80,0,4,1,0.9300114415066656
0,69,0,373,1,0,0,0,0,0,69,0,46,82,5,0,1,0.7115645590498914
0,29,0,85,1,0,0,30,1,0,64,2,80,83,9,5,1,0.3516440483735108
1,12,0,245,1,1,0,54,1,0,63,0,80,100,0,0,0,0.6048658252788218
1,0,0,15,1,1,1,8,1,0,28,0,75,111,8,3,0,0.28796655758262935
1,68,0,0,0,0,0,0,0,0,22,1,44,83,0,0,1,0.9574134916257564
1,0,0,1,0,0,0,9,2,0,0,1,78,107,2,1,0,0.10015052646701125
1,164,1,42,0,0,2,18,0,0,37,0,80,100,0,0,0,0.10187470016180697
1,99,0,0,1,0,0,0,0,0,62,10,65,98,0,5,0,0.19891918171259232
0,0,1,128,0,0,1,14,0,1,52,6,65,103,0,0,1,0.303585611905333
1,68,0,71,1,0,0,0,0,0,80,0,80,100,0,0,0,0.0006608898782239386
1,257,0,87,1,1,1,21,3,0,52,2,80,89,0,5,1,0.5251809697106412
0,134,0,123,1,0,2,17,0,0,74,9,46,81,0,6,1,0.9241057570544925
0,472,1,211,1,1,3,16,0,0,82,3,66,100,2,1,0,0.03318699530325034
0,327,1,4,1,0,5,20,0,0,56,4,80,113,2,0,0,0.022189143400732005
1,0,0,30,0,0,2,5,0,0,18,0,80,100,0,0,0,0.08398623222953716
0,12,0,0,0,0,1,3,0,1,17,0,80,100,0,0,0,0.32223825683413454
1,0,0,0,0,0,0,0,0,0,0,4,55,96,5,2,1,0.5027460416802734
0,63,0,0,1,0,1,25,0,0,40,0,80,100,0,0,0,0.0012938580742741653
1,100,0,18,1,0,1,23,1,0,57,1,72,95,10,0,0,0.006077126985110024
1,0,0,21,0,0,1,17,0,0,27,1,82,119,5,1,0,0.01004735258729181
1,0,0,5,0,0,0,3,5,0,0,2,77,106,1,2,0,0.12389296319203487
1,159,0,0,0,0,0,0,0,0,32,0,43,69,0,0,1,0.9115342871921261
1,233,0,58,1,0,1,24,2,1,75,0,80,100,0,0,0,0.004690878079461942
0,259,0,79,1,0,2,26,1,0,66,4,80,97,6,0,1,0.20694784167278218
0,177,0,314,1,1,0,21,0,0,66,0,80,100,0,0,0,0.021038243158445085
1,234,0,0,0,0,0,0,0,0,9,0,80,100,0,0,0,0.19553285988266458
1,107,0,121,1,0,0,0,0,0,67,1,72,106,2,1,0,0.16631370668858564
1,154,0,0,0,0,0,0,0,0,30,3,67,92,8,1,1,0.767861277736575
1,0,0,0,1,0,0,24,0,0,32,1,89,115,6,3,0,0.014189683360741851
0,0,0,75,1,0,0,37,0,0,65,11,32,69,0,3,1,0.48125021702671683
1,326,0,52,1,0,0,0,0,0,57,6,77,105,2,3,0,0.042033790126608836
1,218,0,52,1,0,0,0,0,0,85,0,80,100,0,0,1,0.13326516934457774
1,41,0,57,1,0,0,26,0,0,50,0,84,116,5,0,0,0.006556579376682325
0,56,0,27,1,0,0,0,0,0,35,1,54,89,0,0,0,0.7206671342886144
0,40,0,44,0,0,0,38,0,0,27,4,45,80,10,2,1,0.8696298839852707
1,178,0,0,1,0,0,0,0,0,65,0,80,100,0,0,0,0.013301513735848227
0,116,0,112,1,0,2,32,0,0,82,2,66,102,0,2,0,0.25477361268914817
1,69,0,7,1,1,0,19,0,0,46,5,69,104,2,0,0,0.008389538346676837
0,700,0,0,1,0,2,29,0,0,60,0,86,111,0,1,0,0.003006371886511778
0,157,0,74,1,0,2,34,0,0,78,0,80,100,0,0,0,0.0015962589201096813
0,156,1,137,0,1,0,27,0,0,51,4,50,86,12,1,0,0.22479476216756666
1,172,0,0,1,0,2,0,0,0,91,2,70,104,0,0,0,0.02361721361112552
0,123,1,56,1,0,5,24,0,0,76,4,54,66,0,3,0,0.3080244952118919
0,0,0,0,0,1,2,0,0,0,13,7,64,104,0,4,1,0.25797497856382434
0,315,0,126,1,0,4,10,4,0,51,6,51,94,0,2,1,0.5784625455315189
0,80,1,81,0,0,3,0,0,0,56,1,57,88,5,1,1,0.25315792188653696
1,109,0,14,0,0,0,15,5,0,5,0,79,113,0,3,0,0.12047392025240347
1,32,0,0,0,0,1,0,0,0,19,5,42,78,0,12,1,0.9744638158911791
0,22,0,0,0,0,1,0,0,0,13,2,36,79,6,3,1,0.9405571098403726
1,36,0,42,1,0,0,0,1,0,31,3,50,86,0,1,1,0.8612165363324481
0,102,0,48,1,0,2,7,5,1,39,0,52,84,0,5,1,0.9210771027485002
1,305,0,22,0,0,0,0,0,0,15,3,70,99,9,2,0,0.47690827124534496
0,447,0,261,1,0,0,35,2,0,73,4,48,84,12,2,1,0.7798639584108202
0,187,0,68,1,1,2,32,0,1,96,0,89,121,0,0,0,0.0005010010954716199
0,0,0,0,0,1,0,0,0,0,0,0,80,100,0,0,0,0.041764105149178485
1,0,0,102,0,1,4,19,0,1,49,0,80,100,0,0,0,0.040508093156058037
1,122,0,64,0,0,0,16,5,1,26,5,52,93,0,1,1,0.8667631087997062
1,103,0,23,0,0,0,15,6,0,1,0,80,100,0,0,1,0.7470589492625257
0,325,0,0,1,0,0,0,0,0,78,2,80,117,3,1,0,0.0019704975727313757
1,0,1,38,0,0,0,14,1,0,10,1,80,103,4,0,0,0.04818941085317351
0,0,1,21,0,0,4,32,0,0,41,2,80,125,0,2,0,0.007772335873732343
0,266,1,286,1,1,5,42,0,0,82,1,32,73,8,2,1,0.8843403912336121
0,213,0,98,1,0,2,32,0,0,90,5,42,70,2,5,0,0.3625366967383089
1,70,1,212,0,0,1,35,4,0,40,0,80,100,0,0,0,0.10867627508364801
1,220,0,0,0,0,0,0,0,0,56,5,91,122,0,3,0,0.004316385699154278
1,423,0,182,1,0,2,27,1,0,78,6,80,75,14,2,1,0.8319877787628343
1,104,0,0,0,0,0,0,0,0,23,0,80,100,0,0,0,0.5381557719629046
1,273,0,177,0,0,0,22,2,0,42,3,40,72,0,1,1,0.9449935737681119
0,21,0,0,0,0,2,0,0,0,26,2,65,104,7,1,0,0.04135093331147642
0,404,1,189,1,0,0,28,0,0,78,0,80,100,0,0,0,0.000912721179694666
1,13,0,0,0,0,2,17,2,0,15,1,80,107,0,2,0,0.004986714466976509
1,26,0,2,1,1,1,17,3,0,26,0,80,100,0,0,0,0.008191283602987655
1,38,1,40,1,0,1,16,1,0,39,3,47,84,7,0,1,0.901659716945842
1,206,0,131,0,0,2,20,5,0,33,4,79,108,0,1,0,0.036062333305560045
0,68,1,65,1,1,3,0,0,0,86,5,74,112,2,2,0,0.02279983485059991
1,0,1,0,0,0,1,0,6,0,0,9,80,70,0,4,1,0.9986317604692911
0,0,0,0,0,0,0,0,0,0,0,0,80,100,0,0,0,0.0026726281712253627
1,189,1,69,1,0,2,13,2,0,57,6,80,97,10,0,0,0.13396549674027394
0,164,1,127,1,1,5,33,1,1,92,2,73,99,12,1,0,0.056333636693849595
1,0,0,8,0,0,0,7,3,0,0,0,80,100,0,0,1,0.6712336146935735
1,0,0,94,0,0,1,0,0,0,47,0,80,100,0,0,0,0.3235956207160352
1,187,0,46,0,0,4,12,3,0,31,0,80,100,0,0,0,0.051097060721820776
1,10,0,0,0,0,3,31,1,1,33,0,80,100,0,0,0,0.011417605856357677
1,91,0,0,0,0,5,0,0,0,33,0,74,110,0,1,0,0.045168263896270544
1,0,0,22,0,0,1,1,5,0,0,5,64,101,2,1,0,0.11883191151868429
1,95,1,39,0,0,0,6,2,0,20,6,52,84,3,7,1,0.8823567766384046
0,82,0,0,1,0,0,0,0,0,59,2,84,119,3,0,0,0.02868999458340829
1,51,0,0,1,0,1,0,0,0,62,2,80,101,17,3,1,0.4653985966334853
0,153,0,117,1,0,4,30,1,0,64,0,80,122,6,2,0,0.003263792730908108
1,97,0,6,0,1,1,14,1,0,13,1,51,83,1,1,0,0.4463050378021942
1,158,0,21,0,0,1,7,0,0,20,2,87,116,7,0,0,0.14220229328013423
0,393,0,0,0,0,0,0,0,0,82,0,80,100,0,0,0,0.007961872469428406
1,0,0,0,0,0,0,0,0,0,0,2,40,75,5,2,1,0.9857915738874624
1,119,0,0,0,0,1,0,0,0,21,3,50,85,0,1,1,0.9515313160322734
1,53,0,11,1,0,0,36,5,0,32,0,80,78,14,6,1,0.9881596411220325
0,71,0,0,0,0,0,0,0,0,22,0,80,100,0,0,0,0.0008158708090113319
1,39,0,30,0,0,0,22,0,0,17,4,80,93,3,1,0,0.4097775878474169
0,127,0,0,0,0,0,0,0,0,10,0,80,100,0,0,0,0.013646645420646796
0,476,0,285,1,0,1,27,0,0,83,1,50,88,0,2,0,0.4599062465166037
1,111,0,34,1,0,2,21,1,0,69,0,80,100,0,0,0,0.0029858485037466583
0,91,0,0,0,0,0,0,0,0,31,3,81,101,0,1,0,0.02264967026466138
1,89,0,52,0,0,0,0,6,0,13,6,56,91,4,2,1,0.8963783157412644
1,383,0,279,1,0,4,53,2,0,81,4,52,92,0,7,0,0.33270067251975316
1,33,0,0,1,1,1,0,0,0,35,0,80,100,0,0,0,0.03558270339400036
1,10,0,0,1,0,2,0,0,0,70,1,66,107,11,2,0,0.08325498128201364
0,77,0,0,1,0,0,0,0,0,40,0,80,100,0,0,0,0.0008341559250508179
0,91,1,41,1,0,4,32,2,1,64,1,80,92,0,5,0,0.1315907290876108
0,142,0,0,1,0,0,0,0,0,55,0,80,88,9,1,0,0.46348469266127146
1,87,0,0,0,0,0,0,0,0,69,5,45,70,0,3,1,0.9828481533449712
0,71,1,137,1,0,1,33,0,0,75,3,78,104,0,0,0,0.0026263851784652553
0,303,0,0,1,1,1,0,0,0,84,2,57,84,0,1,0,0.022405054080966155
1,0,0,0,0,0,0,7,1,0,1,0,80,100,0,0,0,0.5066452773191581
1,188,1,30,1,0,2,11,1,0,45,0,80,100,0,0,0,0.26998283245872745
1,130,0,0,1,1,4,0,0,0,84,0,80,100,0,0,0,0.0025645524543014475
1,39,1,13,0,0,0,4,0,0,7,1,64,113,0,1,0,0.3496470658683078
1,265,0,0,0,0,0,0,0,0,94,0,50,94,3,1,0,0.3547983797173035
0,115,1,14,1,1,1,16,1,0,44,3,80,92,4,3,1,0.39174221337398096
1,119,0,132,1,0,2,22,0,0,79,3,66,94,0,0,0,0.013487888245946475
0,180,0,127,1,0,3,0,0,0,93,6,63,93,0,6,0,0.7707416650664953
1,124,0,39,0,1,1,14,4,0,34,2,68,93,6,0,1,0.5100986369735977
0,123,0,197,1,0,4,34,0,0,80,10,53,89,0,1,1,0.47236712962828026
0,187,0,0,0,0,2,0,0,0,23,9,73,101,10,0,0,0.08784346632747013
1,129,1,12,0,0,0,14,2,0,7,1,80,104,0,0,0,0.02851172616134771
0,229,0,0,1,1,3,27,0,1,68,2,78,103,0,2,0,0.01180868781524396
0,382,0,321,0,1,3,0,0,0,69,1,72,118,0,2,0,0.004478132171268602
1,83,0,123,1,0,1,6,0,0,59,0,56,87,0,0,0,0.7697244447249788
0,186,0,0,1,1,1,0,0,0,71,0,86,122,2,0,0,0.00018551507324094353
0,116,0,33,1,1,1,7,4,1,64,1,55,95,0,1,1,0.38955114499635196
0,267,0,0,0,0,2,0,0,0,46,4,80,81,4,4,0,0.12762442050118222
1,0,0,0,1,0,0,0,0,0,44,0,80,100,0,0,1,0.5244453747213824
1,183,0,69,1,0,0,15,4,0,60,0,63,98,2,1,0,0.15120763949412977
0,152,0,72,0,0,0,0,0,0,21,0,83,119,6,0,0,0.006839800703012672
0,360,1,159,1,0,0,22,0,0,73,2,80,86,0,1,0,0.16212899482671025
1,205,0,0,0,0,0,0,0,0,45,1,83,114,0,0,0,0.0031429197318743347
0,186,0,45,1,0,2,0,0,0,67,1,54,84,0,0,0,0.06240187641442922
1,108,0,0,0,0,2,16,1,0,19,1,80,97,6,1,0,0.21350915602283865
0,182,1,0,1,0,1,31,1,0,52,1,59,92,0,6,0,0.13594085085556695
1,164,0,95,1,1,2,12,2,1,61,1,80,78,0,4,1,0.899813587489195
1,52,0,18,0,0,0,2,3,0,0,12,71,109,13,1,0,0.5497379282551124
1,91,0,0,0,0,0,0,0,0,13,0,80,82,0,8,1,0.881747016436832
0,18,1,10,1,0,1,18,1,0,38,0,77,123,8,2,0,0.07198745433468941
1,0,0,6,0,0,1,1,0,0,7,0,69,110,0,1,0,0.4353490512291144
1,134,0,71,0,1,2,17,2,0,43,0,80,100,0,0,0,0.015777232436918538
0,523,0,0,0,0,0,0,0,0,100,0,80,100,0,0,0,0.0032451486596123138
1,367,0,31,0,0,3,30,3,1,41,0,59,100,0,0,1,0.1859593882409027
0,200,0,114,1,0,3,0,0,0,100,3,80,67,16,3,1,0.9515878569535464
1,51,0,198,1,0,0,70,3,0,56,0,80,100,0,0,1,0.8428691519482995
1,211,0,0,0,0,0,0,0,0,47,0,80,100,0,0,0,0.2095863859880853
0,176,0,0,1,1,2,0,0,0,80,0,80,100,0,0,0,0.0031613972440922844
1,82,0,0,1,0,0,15,7,0,16,3,80,70,0,0,1,0.9966935808242318
1,117,0,139,0,0,0,39,2,0,50,5,80,75,0,2,1,0.8872884228879373
0,0,1,0,1,1,0,10,0,0,25,2,66,100,5,0,0,0.03205544593727084
1,128,0,0,0,0,0,0,0,0,25,0,80,100,0,0,0,0.012864532479177094
0,0,0,21,0,0,1,0,0,0,15,0,42,87,0,4,1,0.9903148033185197
1,0,1,17,0,0,1,0,0,0,17,0,80,100,0,0,0,0.0470810940040192
0,102,0,101,1,1,1,0,0,0,91,2,80,100,0,3,0,0.01296159039234881
0,420,0,126,1,0,0,0,0,0,82,0,46,80,10,1,0,0.6437682468463648
1,277,0,72,0,0,1,0,0,0,40,1,67,88,0,2,0,0.12895696231982443
0,189,1,227,1,0,0,12,3,1,63,1,72,94,3,1,0,0.037944608508045555
1,0,0,0,0,0,0,0,0,0,0,0,80,100,0,0,0,0.2326861436094086
0,0,0,0,0,1,0,0,0,0,0,1,71,109,0,0,0,0.04815442706231457
1,189,1,257,1,0,0,19,0,1,75,6,54,86,5,5,0,0.2684221839653011
0,99,0,78,0,0,1,50,0,0,51,0,38,74,10,0,1,0.7379245168790312
1,27,0,51,1,0,1,1,1,0,35,2,80,66,0,4,1,0.8527032487837152
1,25,0,201,0,0,0,46,2,0,40,7,42,83,6,2,1,0.8708226122201062
1,104,0,47,0,0,0,8,1,0,46,0,80,100,0,0,0,0.3959297810044326
0,137,0,72,0,1,1,46,0,1,72,0,80,100,0,0,0,0.0046719198452422235
1,250,0,26,0,0,0,0,0,0,21,4,74,113,5,0,0,0.10705297241545217
0,107,0,82,0,0,2,42,2,0,50,2,80,83,9,1,1,0.817867915348711
0,360,0,16,1,1,0,46,0,0,53,1,80,75,7,5,1,0.47924446477823335
1,116,1,0,1,1,0,26,0,0,43,2,44,75,0,3,1,0.5685345769387959
1,105,0,146,1,0,0,0,0,0,77,3,43,77,11,2,1,0.9873233204214737
0,140,0,64,1,0,0,16,1,0,70,0,80,100,0,0,0,0.11016768182202591
1,136,0,45,1,0,1,11,2,0,42,0,70,101,0,0,1,0.39259915277344665
1,95,0,0,0,0,0,0,0,0,28,0,80,100,0,0,0,0.002565004505494382
1,74,0,22,0,0,0,0,4,0,0,2,66,101,0,1,1,0.5096721442647513
1,77,0,0,0,1,0,7,8,1,1,0,80,100,0,0,1,0.6448502791099199
1,74,1,20,0,0,2,12,0,0,24,3,51,92,5,0,1,0.6291264576050509
1,0,0,0,1,0,0,0,0,0,44,3,58,88,0,0,1,0.5491123696963525
1,160,0,16,1,0,0,14,5,1,35,0,87,120,0,3,1,0.030303789059990035
0,128,0,90,1,1,0,0,0,0,81,0,80,100,0,0,0,0.027468940683263558
1,245,0,10,0,0,2,30,1,0,41,0,85,105,2,0,0,0.0017876411571313667
0,175,0,137,1,0,0,0,0,0,87,0,80,100,0,0,0,0.0004537531509729731
0,120,0,0,1,1,3,0,0,0,79,1,61,96,2,0,0,0.026242444871341593
0,317,1,316,0,1,0,22,1,0,49,0,80,100,0,0,0,0.06326742152357559
0,197,1,119,0,0,1,0,0,0,46,0,80,100,0,0,0,0.002365897099429769
0,93,0,141,1,0,1,33,4,1,74,0,80,100,0,0,0,0.003179897667323411
1,117,0,32,0,0,0,8,1,0,16,3,60,93,0,1,1,0.8835558261457139
1,204,0,0,0,0,0,0,0,0,100,2,55,87,7,0,1,0.8321670700057511
1,133,1,79,0,1,5,18,0,1,54,1,72,106,6,0,0,0.01057923439963293
0,291,0,0,1,0,1,8,1,0,38,0,80,100,0,0,0,0.08442449929524447
0,75,0,73,1,0,0,0,0,0,43,4,80,85,8,5,1,0.8691276344927095
0,0,0,57,0,0,0,10,1,0,10,5,49,86,0,1,1,0.919067312937167
1,50,0,47,0,1,0,1,2,0,8,3,80,71,4,3,1,0.9532026242653763
1,168,0,26,1,0,0,9,5,1,36,0,80,100,0,0,0,0.4898468248332732
0,55,1,47,1,0,1,2,1,0,53,3,43,79,3,2,1,0.7514105639644486
1,78,0,9,1,0,2,26,0,0,62,3,43,82,10,1,1,0.9726862812924546
1,0,1,0,0,0,0,13,1,0,4,1,79,111,1,1,0,0.025075102339771102
1,143,0,60,1,0,0,10,3,0,61,3,63,94,3,3,1,0.09694493730131375
0,112,0,0,0,0,0,0,0,0,80,0,73,96,0,3,0,0.025858857168678286
0,82,0,0,1,0,0,10,4,0,17,6,80,116,0,1,0,0.04307666170437538
1,435,0,47,0,0,1,19,2,0,27,4,80,100,12,1,0,0.04348742026467236
0,513,1,120,1,0,2,19,1,1,83,3,93,133,0,2,0,0.0005487733984448621
0,0,0,56,0,0,0,8,7,1,28,1,85,116,7,0,0,0.028833225666555527
1,37,0,0,1,0,2,0,0,0,71,2,69,98,0,2,1,0.38101899589105725
0,77,1,10,1,1,1,31,0,1,59,2,65,106,6,3,0,0.014655342580228973
0,192,0,44,1,0,0,14,3,1,60,0,80,100,0,0,0,0.006290735738407622
1,84,0,0,0,0,0,0,0,0,7,0,80,100,0,0,1,0.6272968245365187
0,34,0,6,0,0,0,26,0,0,21,0,80,100,0,0,0,0.07527346578082521
1,150,1,57,0,0,2,6,7,1,23,5,49,81,0,8,1,0.9419617771525111
0,156,0,70,0,1,0,27,2,0,43,1,60,101,0,3,0,0.11881548170285249
0,279,0,0,1,1,1,0,0,0,89,0,80,100,0,0,0,0.0003146546191591427
0,129,0,0,1,0,0,12,1,1,43,1,64,108,0,0,0,0.04719506293117165
0,171,0,0,0,0,1,0,0,0,36,0,80,100,0,0,0,0.04990002891736682
1,33,0,67,1,0,1,2,3,0,28,3,62,99,1,2,1,0.22230046156600902
1,26,1,0,0,0,0,42,1,0,14,0,80,100,0,0,0,0.0007828047983343374
1,0,1,60,0,0,2,12,3,0,36,2,80,117,0,0,0,0.006574191423505455
1,95,0,0,0,0,1,18,1,0,18,5,55,89,8,3,1,0.780356598794152
1,0,0,12,0,0,1,0,0,0,18,0,57,91,14,0,0,0.6237420313178609
1,67,0,12,1,0,0,19,1,1,57,0,80,100,0,0,1,0.07890333741353973
0,235,1,179,0,0,1,36,2,0,56,2,57,93,3,0,0,0.125437433874368
0,28,0,15,0,0,1,20,5,0,10,2,58,92,0,1,1,0.6805425986659637
0,196,0,0,1,1,2,0,0,0,99,2,80,91,2,3,0,0.04013449268738217
0,186,0,151,1,1,3,22,0,0,80,1,80,121,0,4,0,0.001550033407314313
1,162,0,187,1,0,9,13,0,1,84,0,80,100,0,0,0,0.03299221653890891
1,245,0,1,1,0,0,4,0,0,32,2,66,97,0,0,1,0.1334349560720782
0,97,0,60,1,0,0,0,0,0,75,0,48,73,0,1,0,0.9038142055855861
0,391,0,262,1,1,2,32,0,0,90,0,80,100,0,0,0,0.008384593386288266
1,205,1,139,0,0,1,5,2,0,40,0,80,70,9,0,0,0.9181218306725353
1,28,0,30,0,0,0,12,2,1,15,2,52,94,0,2,1,0.9188755466760724
1,28,0,4,0,0,0,0,1,0,0,0,74,101,0,2,0,0.06250656560760032
0,215,0,198,0,1,0,19,0,0,46,0,80,100,0,0,0,0.005498640141970715
0,25,0,0,0,0,1,0,0,0,18,0,80,100,0,0,0,0.0642712459018704
1,0,1,0,1,0,1,10,5,0,15,5,34,72,0,2,1,0.9700413344223314
0,383,0,0,1,0,1,0,0,0,84,0,80,100,0,0,0,0.00046063650959282014
0,197,0,0,1,0,1,0,0,0,89,0,80,100,0,0,0,0.0032573695066708715
1,0,0,0,0,0,0,0,0,0,0,0,80,100,0,0,0,0.0848549238547698
1,115,0,67,1,0,0,0,0,0,50,5,41,68,0,2,0,0.7428674969060522
1,29,0,88,0,0,2,0,0,0,57,2,51,87,2,5,1,0.9448658759132931
0,384,0,0,1,0,0,0,1,0,29,2,66,98,0,0,0,0.3410387671294917
1,0,0,79,0,0,0,12,0,0,22,0,73,100,0,1,0,0.08455604933290747
0,0,0,3,0,0,0,24,1,0,11,0,57,83,7,2,0,0.38013090006481715
1,180,0,0,0,1,1,0,0,0,27,12,52,84,0,11,1,0.947157884690081
0,113,0,97,0,0,0,18,0,0,41,1,72,105,0,0,0,0.039455636491954674
0,16,0,0,0,1,3,23,2,0,16,3,60,106,0,2,0,0.13562568346319517
0,271,1,71,0,0,0,17,3,0,33,2,51,87,0,0,0,0.6399461886181806
0,173,0,0,1,0,0,0,0,0,77,1,74,94,6,3,0,0.5334450892643442
1,60,0,82,0,0,0,9,1,0,26,3,65,103,4,5,0,0.40302386636501386
0,21,1,65,1,0,2,24,0,0,54,2,80,114,0,1,0,0.0020846097948424287
0,44,0,0,0,0,0,0,0,0,17,2,72,104,0,0,0,0.01594721216068704
0,285,1,256,0,0,2,0,0,0,65,1,62,104,3,4,0,0.05324480459188616
0,266,0,205,0,1,4,35,1,1,71,0,80,100,0,0,0,0.0012914018792113773
1,167,0,95,1,1,0,10,0,0,63,0,80,113,0,0,0,0.0015282684570807105
1,66,0,17,1,0,0,13,1,1,43,0,61,94,0,3,0,0.4018079295654982
1,56,0,171,1,1,1,62,2,0,66,4,41,61,0,1,1,0.9864720149478936
0,139,0,54,1,0,1,23,2,0,65,4,64,101,0,0,0,0.01762844155137784
1,148,1,3,1,0,0,19,2,1,44,0,91,120,0,2,0,0.0036906999996168988
1,0,0,0,0,0,1,12,0,0,11,2,77,113,10,5,0,0.25561291083771975
1,148,0,31,0,1,0,0,0,0,16,2,80,75,9,2,1,0.9942952939699945
1,0,0,8,0,0,0,15,6,1,9,1,82,115,8,0,0,0.014044388930398999
0,156,0,9,1,0,1,17,1,0,52,4,83,116,0,0,0,0.0024338994918775706
1,254,1,128,1,1,3,28,0,0,89,5,75,103,9,2,0,0.04380832951478477
1,0,0,111,0,0,2,19,2,0,44,5,72,109,13,1,1,0.08816748023347676
0,431,0,294,1,0,0,29,0,1,88,5,80,96,0,2,0,0.03783600380493129
0,151,0,12,0,1,3,0,0,0,32,0,80,100,0,0,1,0.14957973105313307
1,170,0,21,1,0,0,1,4,0,19,0,80,98,8,0,0,0.5628074175926109
1,58,0,5,0,0,1,0,0,0,18,0,80,100,0,0,0,0.4511917392130433
0,165,0,28,1,0,0,0,0,0,40,5,58,88,2,1,1,0.7401940677004323
1,0,0,27,0,0,0,15,1,0,17,5,80,79,9,2,1,0.8501556362902084
0,121,0,0,1,1,4,0,0,0,75,4,74,106,0,1,0,0.003002557666344491
1,33,0,0,0,0,0,0,0,0,6,4,64,101,0,2,0,0.03980852045262804
1,3,0,7,0,0,0,13,3,0,0,1,80,103,5,0,0,0.04119893377918316
1,1,1,0,1,1,2,41,0,1,55,7,47,72,0,7,1,0.4149254821484072
1,162,0,0,0,0,0,0,0,0,100,1,80,134,0,1,0,0.0002874049006241808
1,101,1,75,1,0,0,0,0,0,68,3,36,65,3,4,0,0.7707916927951474
0,173,0,246,1,1,1,52,0,0,79,3,39,77,7,2,1,0.8924808169940853
1,57,0,37,1,0,0,9,0,0,34,0,80,100,0,0,0,0.1926087038078451
0,76,0,30,1,0,0,0,0,0,54,0,76,101,0,0,0,0.048632832511020616
0,221,0,0,0,0,0,19,1,0,15,4,80,99,0,2,0,0.13933426527034298
0,583,0,0,0,0,0,0,0,0,100,1,69,103,0,0,0,0.0031061396206272895
1,78,0,97,0,0,1,34,0,0,60,4,70,106,8,1,0,0.005529645687821722
0,297,0,93,0,0,1,44,0,1,71,2,80,101,0,0,0,0.03596384196562716
1,0,0,0,1,0,1,0,0,0,56,0,80,100,0,0,0,0.17810436442557012
0,352,0,125,1,0,5,35,0,1,100,0,80,100,0,0,0,0.0067770167106757425
1,0,0,0,1,0,1,0,0,0,56,4,36,76,0,3,1,0.9773734339749357
1,153,0,34,0,0,0,25,2,0,16,1,72,97,19,6,1,0.7357731593450071
0,186,0,372,0,0,0,0,0,0,47,0,80,100,0,0,0,0.1429832662180612
0,136,0,111,1,0,1,13,3,0,43,0,80,100,0,0,0,0.058392324835731556
1,287,0,14,1,0,3,14,1,0,46,4,80,80,0,1,0,0.5389761684819566
1,90,0,79,1,1,0,19,1,0,53,3,68,102,0,1,1,0.42509801576986594
0,0,0,299,0,0,0,20,3,0,31,6,38,66,24,2,1,0.9988563398025511
0,60,1,105,1,0,3,59,0,0,70,3,39,82,6,4,1,0.7248715516143204
1,162,0,142,1,0,3,22,0,0,81,0,80,100,0,0,0,0.001708857733760345
1,187,0,7,0,0,0,0,0,0,10,3,63,100,3,3,0,0.1238978566796566
0,399,0,161,1,0,4,30,0,1,100,4,100,124,0,0,0,0.00010567045327963003
0,33,0,154,0,1,1,19,2,1,52,0,80,100,0,0,0,0.02693779392675762
1,0,0,9,0,0,0,14,1,1,19,0,80,100,0,0,0,0.2528120520731636
1,0,0,0,0,0,1,0,0,0,11,2,41,77,0,5,1,0.9907635174228777
0,218,0,0,0,0,0,0,0,0,25,1,45,83,6,5,1,0.5716132501203828
1,182,1,352,1,1,1,0,0,0,80,0,80,100,0,0,0,0.009667353974178481
0,56,0,3,0,0,3,0,0,0,18,3,80,132,5,0,0,0.00023083251166680155
0,290,1,133,1,0,3,42,0,0,79,1,40,72,0,0,1,0.7961735395476435
0,125,0,39,0,1,2,23,1,1,44,2,80,119,0,0,0,0.00044702440777367265
1,0,0,59,0,1,2,0,0,0,28,2,100,116,0,0,0,0.0026756540538394845
0,413,1,174,1,0,6,27,0,0,81,4,39,82,3,5,0,0.6007814174740832
1,111,0,0,0,1,0,0,0,0,8,2,37,76,9,3,1,0.9932504744461691
1,88,0,14,0,1,1,24,0,0,22,0,69,98,0,2,0,0.0470130881521881
1,0,0,1,1,0,0,0,0,0,27,0,80,100,0,0,1,0.8462164896355122
1,108,0,0,0,0,0,5,0,0,6,4,47,76,23,6,1,0.9558581019071806
0,0,0,15,1,1,2,25,4,1,53,0,80,100,0,0,0,0.011381270842814657
1,187,0,0,1,0,2,0,0,0,54,0,68,106,13,3,1,0.0901726952057758
1,0,0,24,0,0,1,11,4,0,10,7,61,105,0,0,1,0.8546362416794585
1,114,1,35,0,1,0,7,3,0,4,2,80,92,7,0,1,0.8154617858143307
0,100,0,61,0,0,1,3,0,0,20,0,80,100,0,0,0,0.09013365184499568
1,525,0,0,1,1,1,0,0,0,89,3,80,79,8,3,0,0.11702260052554093
0,260,1,62,0,0,0,10,3,0,25,0,80,100,0,0,0,0.037740010327489165
1,327,1,115,0,1,2,18,0,0,44,1,58,111,0,0,0,0.06911117110037301
1,237,1,22,1,0,0,0,0,0,38,0,80,100,0,0,1,0.6948856344902932
0,21,1,173,0,0,3,0,0,0,48,3,80,108,10,3,0,0.05892063762773258
1,113,0,0,0,0,0,0,0,0,46,7,39,74,0,4,1,0.9311146078339126
0,472,1,111,0,1,2,33,2,1,62,1,83,120,0,0,0,0.002520210080345049
1,67,0,49,1,0,2,7,7,0,28,2,65,98,1,1,1,0.3282758054367046
1,151,0,70,1,0,1,8,0,0,58,5,67,98,0,1,0,0.11540680967769017
0,136,0,82,1,0,1,17,1,0,60,0,80,100,0,0,0,0.16488684684111976
0,308,1,198,0,1,2,0,0,0,61,6,40,65,0,5,1,0.8943934649003632
0,148,0,0,0,0,2,0,0,0,38,0,51,82,5,1,1,0.8246916931584707
0,229,0,0,0,1,1,0,0,0,40,1,66,103,17,2,0,0.07506028078770334
0,0,0,46,0,0,0,10,1,0,12,5,80,85,0,1,1,0.7305159906847176
0,46,0,26,1,0,5,22,0,1,65,0,80,100,0,0,0,0.0021713881731058073
0,168,0,0,0,0,2,23,0,0,27,2,51,87,0,1,0,0.38880494746270916
0,493,0,375,0,1,3,32,1,1,76,0,85,120,0,6,0,0.0020646404239792093
1,0,0,43,0,0,0,19,2,0,33,1,45,75,4,2,1,0.9579650744973712
0,96,1,0,1,0,0,15,5,1,34,2,68,96,6,5,0,0.13473302293422404
0,500,0,0,1,0,1,0,0,0,89,0,80,100,0,0,0,0.0006174903024664248
1,93,1,71,0,1,1,12,4,0,34,1,70,102,0,1,1,0.12294866351838937
1,5,0,105,1,0,1,0,0,0,60,0,80,100,0,0,0,0.01186505876188745
0,99,0,0,1,0,2,0,0,0,77,1,80,126,1,1,0,0.0002612288839755146
0,128,0,61,0,0,0,18,3,0,13,4,52,86,8,2,1,0.9598337813385179
1,109,0,5,1,0,0,9,3,0,30,1,37,68,14,8,1,0.9974895812743739
0,0,0,0,0,0,0,0,0,0,0,1,56,101,7,3,1,0.49429818237382384
1,244,0,60,1,1,3,24,0,0,59,1,50,79,0,1,0,0.2805811646809444
0,0,0,132,0,0,1,19,2,0,38,0,58,93,0,5,1,0.4423010194005719
0,5,1,63,0,0,3,17,2,0,32,0,62,92,2,0,0,0.019464754644119696
0,64,0,221,0,0,2,33,1,1,64,4,39,83,12,2,1,0.9658347533265343
1,0,0,0,0,0,1,0,0,0,7,2,50,75,0,0,1,0.4759003230427335
0,117,1,116,0,0,2,0,0,0,45,0,80,100,0,0,0,0.0005014257042446359
0,73,0,0,1,0,0,18,0,0,35,1,78,114,9,1,0,0.011981416535301218
0,83,1,0,1,1,1,27,0,1,59,1,80,107,3,1,0,0.009384533562858937
1,378,0,326,1,1,1,30,2,1,86,0,80,100,0,0,0,0.005777948841943742
1,28,0,201,1,1,4,0,0,0,82,0,80,100,0,0,0,0.0028627594368644837
0,233,1,35,1,0,2,29,0,0,72,4,80,125,5,2,0,0.0026708491159782837
0,215,0,0,0,1,3,0,0,0,56,0,80,100,0,0,0,0.002639332849507147
0,88,0,165,1,0,0,15,2,1,68,4,61,91,0,5,0,0.06221611615027773
1,71,0,0,0,0,0,0,0,0,39,0,80,100,0,0,0,0.08780006318400754
0,281,0,0,0,0,1,0,0,0,41,1,86,115,0,0,0,0.0005220184058131611
1,159,0,14,1,0,3,0,0,0,59,5,35,73,0,2,1,0.9729413805727671
0,178,0,0,1,0,0,14,2,1,44,4,66,95,0,2,0,0.368791360863122
0,85,0,0,1,0,3,0,0,0,80,0,80,100,0,0,0,0.002460352724296451
0,162,0,5,1,0,4,24,2,1,57,3,80,88,2,0,0,0.12604083526908774
1,221,0,313,0,0,0,45,9,0,38,2,41,75,27,6,1,0.9967881408651803
1,189,0,0,0,0,0,0,0,0,65,2,65,99,0,0,0,0.21972161101931434
1,23,1,32,0,0,4,26,0,1,48,3,80,99,0,1,1,0.1346994748603318
0,223,1,162,0,1,3,21,0,1,64,0,80,100,0,0,0,0.018883146683733823
1,346,0,0,0,0,0,0,0,0,74,0,80,100,0,0,0,0.05911018958020234
0,48,0,62,0,0,0,7,3,1,19,4,74,110,0,0,0,0.11837077301351305
1,29,0,44,1,0,2,0,0,0,53,3,80,92,0,0,0,0.05605997165842424
0,341,0,2,1,0,1,0,0,0,54,4,68,110,0,7,0,0.18733610817901714
1,141,0,0,0,0,0,0,0,0,54,1,57,98,0,3,1,0.7608445734151735
0,0,0,0,1,1,0,0,0,0,44,0,80,100,0,0,0,0.286370654730139
0,374,1,175,0,0,1,0,0,0,56,1,66,99,6,2,0,0.18906015970527146
1,0,0,57,0,0,1,12,2,1,45,3,55,89,0,4,0,0.41267992859553626
0,148,1,71,1,0,0,16,1,0,70,0,80,100,0,0,0,0.021395176840296386
1,0,0,0,0,0,0,3,0,1,12,4,84,115,11,2,1,0.11738770560016923
0,621,1,213,1,1,0,34,0,0,80,0,81,110,0,0,0,0.0037790136850564984
1,1,0,48,0,0,0,1,0,1,19,2,57,91,0,1,1,0.9211007447618136
1,130,1,98,1,0,4,0,0,0,82,1,46,78,7,1,1,0.8309069807381432
1,79,0,56,0,1,0,4,4,0,3,3,58,96,4,1,0,0.5713016813060208
1,180,0,42,0,0,1,20,1,0,29,6,57,87,0,2,1,0.5207466339283867
0,18,1,74,0,1,0,34,1,1,54,3,45,93,0,0,0,0.1472735174883367
1,0,0,0,1,0,0,0,0,0,44,0,80,100,0,0,0,0.03625028679387575
0,84,0,0,0,0,0,0,0,0,71,2,55,94,0,1,1,0.6314659857811663
0,307,1,55,1,1,3,25,3,0,57,2,89,127,3,0,0,0.001801368746943582
0,46,0,0,0,0,0,9,6,1,5,0,59,84,11,0,1,0.6680780802247643
0,306,0,0,0,0,0,0,0,0,32,0,80,100,0,0,0,0.007001455563521813
1,42,0,6,0,0,0,0,1,1,12,0,80,100,0,0,0,0.33711917526292834
0,416,0,0,0,0,0,0,0,0,19,3,46,82,22,1,1,0.4385276174287285
1,170,0,0,0,0,0,0,0,0,17,12,73,107,0,6,1,0.3821212737774593
0,278,0,0,0,0,0,0,0,0,100,2,80,110,3,2,0,0.051469010236438455
1,181,0,50,0,0,0,6,4,0,4,0,55,94,3,2,0,0.871615900817318
1,205,0,53,1,0,5,16,0,1,75,3,44,84,1,7,0,0.5679642592907352
1,46,0,13,0,0,1,17,6,0,3,2,90,103,3,1,0,0.07997532457450353
1,102,0,0,0,0,1,0,0,1,24,2,76,108,0,2,1,0.40266927671832903
0,443,0,21,1,0,1,29,0,1,69,0,80,100,0,0,0,0.0009648199895440375
1,199,0,113,1,1,5,32,1,0,86,0,80,100,0,0,0,0.00021968083155479224
1,68,0,23,0,0,0,0,0,0,24,1,57,88,0,3,1,0.5261142127324655
1,86,0,26,0,1,0,5,0,0,36,0,80,100,0,0,0,0.17299594508120622
1,24,1,185,0,0,0,57,2,0,40,0,80,100,0,0,1,0.5237003054117729
0,0,0,23,0,0,0,0,0,0,5,0,80,100,0,0,0,0.002128663275891009
1,0,0,0,0,0,0,0,0,0,0,0,80,100,0,0,1,0.60156799042234
0,123,0,22,1,0,0,26,0,1,67,0,80,100,0,0,0,0.0036994559530545
1,224,0,8,0,1,0,0,0,0,9,2,60,89,8,1,1,0.6953884739683888
1,14,0,25,0,1,1,4,1,0,20,0,80,100,0,0,1,0.23804504980837207
1,178,0,59,1,0,2,18,1,0,63,2,48,86,0,1,0,0.15836766667790858
0,77,0,0,0,0,0,37,0,0,27,1,80,71,3,2,0,0.24277805089084423
1,203,0,0,1,0,1,0,0,0,71,0,80,100,0,0,0,0.0008438740730678498
1,38,0,29,1,1,1,34,1,0,42,6,70,106,6,1,0,0.027388619565218642
0,102,0,88,0,0,0,19,2,0,38,0,80,100,0,0,1,0.07572820325326318
1,69,0,0,0,0,3,0,0,0,17,1,53,82,4,0,0,0.12898048182701444
0,99,0,95,0,0,1,14,3,0,31,0,58,88,0,3,0,0.24793329595794442
0,382,0,106,0,0,1,14,0,0,40,0,80,100,0,0,0,0.05823776365942487
0,18,0,64,1,0,0,11,5,0,26,4,82,110,14,3,0,0.26073027273116006
0,72,0,0,1,0,2,0,0,0,74,1,73,93,0,6,0,0.5888235448827449
1,92,0,0,1,0,0,0,0,0,51,0,80,100,0,0,0,0.17640266258286225
1,0,0,21,1,0,0,30,0,0,38,5,76,111,4,2,0,0.00991049511612586
1,0,0,56,1,0,0,5,0,1,41,5,65,94,1,1,0,0.16208392917383968
0,114,1,135,1,0,3,16,0,0,77,3,48,76,0,0,0,0.16902934809588963
0,177,1,310,1,0,1,31,0,1,88,0,80,100,0,0,0,0.0013417829603364516
1,4,0,96,0,0,1,0,0,0,38,4,35,70,0,1,1,0.9922595700695888
1,141,0,0,1,0,0,0,0,0,36,1,71,92,6,1,0,0.3133785709494779
1,124,0,27,0,0,0,3,0,0,10,0,80,100,0,0,1,0.778912065518273
1,63,0,171,1,0,0,46,3,0,59,0,80,74,0,3,0,0.9426859912069604
0,16,0,0,1,0,6,30,0,0,46,0,80,80,0,3,1,0.427261749884118
1,0,0,0,0,0,0,0,0,0,0,0,80,100,0,0,0,0.4226937273678165
0,69,1,253,0,1,1,69,4,0,40,0,80,80,2,0,0,0.2616438857566463
0,36,0,27,1,1,0,18,3,0,31,1,73,107,0,0,0,0.008958783318709295
1,158,1,23,1,0,0,17,0,0,38,0,80,100,0,0,0,0.08889450225391343
1,269,0,89,0,0,4,0,4,0,27,4,80,105,0,2,0,0.32614314638447145
1,17,0,56,1,0,0,0,5,0,38,0,80,100,0,0,1,0.42723204248051566
0,299,0,115,1,0,5,25,3,1,88,4,49,90,2,1,0,0.06816190562324428
1,0,0,138,0,1,1,6,3,0,20,5,80,86,9,0,0,0.2502085974538813
1,149,1,36,1,0,4,25,2,0,73,1,80,109,3,2,0,0.0008261571266068594
1,0,0,98,0,0,2,0,0,0,53,4,42,67,8,1,1,0.98390197969049
1,87,1,165,1,0,2,14,1,1,74,10,62,104,1,3,1,0.21434317470800981
1,85,0,135,0,0,0,0,0,0,47,7,80,69,0,0,1,0.9963661075347624
1,82,0,0,0,0,0,5,3,0,0,0,83,108,0,0,0,0.24527746434867778
1,304,1,288,1,0,1,30,0,1,90,2,84,121,1,4,0,0.0015493574173497647
1,222,1,119,1,0,1,18,2,1,82,1,76,110,0,1,0,0.004125503785183555
1,0,0,32,1,0,1,14,2,0,43,0,80,100,0,0,0,0.012042776771368799
0,18,0,33,1,0,1,11,2,0,31,0,80,100,0,0,0,0.28808286205609807
1,0,0,0,0,0,1,9,2,0,4,1,62,110,4,0,1,0.5871669564570712
0,100,0,115,0,0,2,20,0,1,60,3,77,113,4,3,0,0.002730835305350362
0,84,1,112,0,0,2,25,1,0,46,1,77,120,0,1,0,0.0033406444913456667
0,22,1,3,0,1,2,0,0,0,20,0,80,100,0,0,0,0.038054446228089796
0,242,1,59,0,1,2,32,0,1,52,2,66,116,0,1,0,0.0056620106933104085
1,0,0,0,0,0,0,0,0,0,0,2,90,125,7,1,0,0.009000065154547817
1,258,0,81,0,0,0,0,0,0,30,1,71,100,0,4,0,0.4023159741277501
0,180,0,54,1,0,2,16,1,0,48,3,77,111,0,4,0,0.06378357504655227
0,79,0,37,0,1,1,6,2,1,29,2,76,112,2,0,0,0.006846301239996198
1,59,0,172,1,0,1,27,0,0,72,2,47,83,0,7,1,0.7022836414500113
0,300,0,57,1,0,1,17,1,0,49,0,54,88,13,5,0,0.3667294216539994
1,353,0,0,0,0,0,0,0,0,66,0,80,100,0,0,0,0.22328975383225244
1,210,0,95,1,0,5,20,1,0,65,0,95,126,0,1,0,0.0006981742280336061
0,498,0,192,1,1,2,20,4,1,83,0,80,100,0,0,0,0.005094080293073672
1,120,0,0,0,0,0,23,0,0,23,2,88,126,0,0,0,0.0018111904998968826
1,0,0,20,0,0,0,14,5,1,11,1,76,115,0,3,0,0.09891224258968163
1,129,0,0,0,0,0,0,0,0,16,0,80,100,0,0,0,0.4144379375676683
1,0,0,8,0,0,0,11,1,0,5,0,80,100,0,0,1,0.3704921731625361
0,112,0,0,0,0,1,0,0,0,20,9,42,80,0,0,1,0.5315942924553654
0,354,1,68,1,0,2,28,1,0,72,5,80,86,0,4,0,0.3205932336061191
0,174,0,81,1,0,1,31,0,0,81,3,40,73,4,0,0,0.44143376372365706
0,0,0,0,0,0,0,0,0,0,0,5,41,73,3,1,1,0.8758890849917479
1,0,0,0,0,0,0,0,0,0,0,0,80,98,3,2,0,0.8115415193802953
0,56,0,0,0,0,3,21,1,0,21,6,59,87,0,4,0,0.5196032243098683
0,503,0,0,0,0,0,0,0,0,100,3,47,91,7,2,0,0.19427222601674526
1,0,0,0,0,0,0,2,1,0,0,6,68,97,0,2,0,0.7991659600614536
0,163,0,93,0,1,2,29,3,0,33,3,80,96,12,1,1,0.4682861512264235
1,107,0,79,0,0,0,29,0,1,56,0,80,83,0,0,0,0.256623135439366
0,420,0,66,1,0,1,19,2,0,49,0,80,100,0,0,0,0.0032141075177526987
1,63,1,212,0,0,0,52,3,1,50,0,80,100,0,0,0,0.21375896684951484
0,221,0,0,0,1,1,39,0,1,45,0,80,100,0,0,0,0.0011953199763222971
1,71,1,70,1,0,0,24,1,0,45,0,70,115,0,1,0,0.018951789040935967
0,27,1,42,0,0,2,46,1,0,37,3,77,109,0,3,0,0.05090569998440519
1,42,0,0,0,0,1,0,0,0,25,5,43,82,2,1,0,0.3804080015543007
1,0,0,88,0,0,2,11,1,0,28,4,42,84,0,2,1,0.9797155562233106
1,0,0,24,0,0,0,15,0,0,12,0,56,96,0,1,0,0.1256373619546669
0,81,0,36,1,0,0,29,0,0,44,4,80,99,0,0,0,0.08767170230603376
1,54,0,3,0,0,0,16,2,0,7,2,62,103,14,1,0,0.474360882783579
0,101,1,30,1,0,1,17,1,1,54,2,80,114,15,2,0,0.01416409777682195
1,0,1,40,0,0,0,0,0,0,39,0,80,100,0,0,0,0.16157171721801833
0,295,1,312,1,0,2,0,0,0,92,1,86,117,1,1,0,0.00019278051720129788
0,168,0,20,1,0,4,0,0,0,55,2,46,85,0,2,1,0.8696370329126829
0,145,1,54,0,0,6,26,2,0,62,2,40,85,0,1,1,0.47992091671638726
1,360,0,182,1,0,6,29,0,0,89,0,80,100,0,0,0,0.02322619238551419
0,109,0,0,0,0,0,0,0,0,28,1,91,118,0,0,0,0.002116886543749858
1,0,0,0,1,0,4,0,0,0,67,1,81,110,11,1,0,0.01936564868028363
0,30,1,10,1,0,0,0,0,0,32,0,80,100,0,0,0,0.12183406852594163
1,167,0,0,1,0,0,0,2,0,22,0,80,103,9,1,0,0.5964009356990063
1,85,0,0,0,0,0,0,0,0,8,6,61,100,0,1,0,0.43178741723181113
0,156,0,112,0,0,1,19,2,0,43,0,63,103,4,6,1,0.2431878953774785
1,191,0,33,1,0,3,13,1,0,44,1,66,114,4,1,0,0.013097663811463779
1,0,0,0,0,0,0,0,2,0,0,0,90,122,2,1,0,0.0077966051464938325
1,184,1,15,1,0,2,23,0,0,52,2,43,72,0,0,1,0.957023729979749
0,217,0,0,0,0,0,0,0,0,82,0,70,99,5,2,0,0.020392885492441854
1,148,0,35,1,0,0,2,1,0,60,8,60,95,3,1,1,0.5743665337960016
1,13,0,22,1,0,0,15,2,0,28,0,80,100,0,0,0,0.26399886944634
1,113,0,82,0,0,2,38,3,0,61,0,80,78,7,0,1,0.9096958614279183
1,0,0,391,0,0,2,28,0,0,54,4,37,70,0,6,1,0.9954664445682974
1,223,0,0,0,1,0,0,0,0,26,4,55,85,9,3,0,0.6986189739510326
1,16,0,30,1,0,2,0,0,0,47,0,80,100,0,0,0,0.3481154493717268
0,139,0,140,1,1,3,35,1,1,96,1,67,100,5,0,0,0.0126558459579025
0,266,0,339,1,0,1,42,0,0,79,4,50,91,2,6,1,0.8009714586160905
1,214,0,314,1,0,0,16,3,0,55,1,51,79,0,4,0,0.6861446001278776
0,159,0,196,1,0,0,12,3,0,53,4,73,101,0,2,0,0.014960281671844246
1,179,0,50,0,0,1,15,1,0,50,4,78,105,1,4,0,0.1331778645561972
1,0,0,101,0,0,1,0,0,0,47,0,80,100,0,0,0,0.10490389107932542
0,130,0,48,0,0,0,3,2,1,28,1,62,92,8,3,0,0.1002493651416314
0,112,0,0,0,0,1,0,0,0,27,2,54,83,0,1,1,0.4046932727622562
1,93,0,49,0,0,0,0,0,0,20,0,80,100,0,0,0,0.335004281685254
1,194,0,82,1,0,0,36,0,1,62,0,80,100,0,0,0,0.0007944626660498238
1,0,0,0,0,0,1,29,1,0,17,1,80,111,1,2,0,0.004994507112920789
1,131,0,179,0,1,1,54,2,0,50,2,47,82,2,0,1,0.9633713084965524
1,17,0,8,1,0,0,0,0,0,31,6,80,97,0,3,0,0.1218979017175881
0,86,0,0,0,0,0,0,0,0,12,3,76,116,2,0,0,0.12549561342094434
0,470,1,70,1,0,1,28,1,1,76,0,80,100,0,0,0,0.002473086045076989
1,24,0,13,1,0,1,29,1,0,43,0,80,100,0,0,0,0.08934033887628892
0,12,0,0,1,1,0,10,3,1,27,3,68,101,0,1,1,0.22357002750303107
0,139,0,0,0,0,0,0,0,0,31,0,80,100,0,0,1,0.7707959335490513
0,68,0,49,1,1,0,10,4,0,25,1,81,115,0,1,0,0.015489869645200677
0,653,0,0,1,0,5,0,0,0,100,5,80,113,3,1,0,0.004429450864907032
1,384,0,51,1,1,1,8,3,0,38,4,42,84,10,1,1,0.9864864839734718
0,135,0,0,0,0,0,0,0,0,33,3,56,90,0,4,0,0.05483053096153512
0,674,1,356,1,0,3,25,0,0,88,0,52,97,6,0,1,0.3719269007865336
1,273,0,0,0,0,2,20,1,0,31,0,78,116,0,1,0,0.0015256026159236793
0,150,1,191,0,0,0,25,0,0,48,10,53,85,0,0,0,0.4407037788816532
0,305,0,94,1,0,0,27,0,0,77,0,80,100,0,0,0,0.0031366429044337872
0,168,1,91,1,1,3,40,0,0,66,4,62,97,5,4,0,0.024840064027541315
0,88,1,77,0,0,1,25,2,1,59,0,80,100,0,0,0,0.006507493466853814
0,284,0,87,1,0,0,32,2,0,53,0,80,100,0,0,0,0.003432287152831566
1,149,0,221,0,0,0,18,3,0,39,2,35,71,3,5,1,0.8587799660709583
0,281,0,0,1,0,0,0,0,0,73,2,43,74,9,1,1,0.7349021891185541
0,44,0,81,1,0,0,16,1,0,53,6,64,93,0,4,0,0.21208893137017126
1,401,0,0,0,0,0,0,0,0,100,0,65,104,1,1,0,0.012901019119541541
0,402,1,270,1,0,0,47,0,1,87,5,38,74,9,0,1,0.9015228133671435
0,425,0,106,1,0,3,22,0,0,71,0,80,100,0,0,0,0.009258792139574161
0,350,0,0,1,0,3,0,0,0,97,2,56,86,4,5,1,0.4203686951997429
0,49,0,0,0,0,0,0,0,0,3,8,74,106,12,1,1,0.2717302069030801
0,89,0,16,0,0,0,0,0,0,17,5,80,81,0,3,0,0.8430068379636028
1,0,0,69,0,1,1,0,0,0,47,3,70,114,0,1,0,0.32820644119791736
1,0,0,14,1,0,2,0,0,0,52,1,65,96,0,1,0,0.21950072047001545
1,0,0,0,1,0,0,0,0,0,44,5,71,108,12,0,1,0.5648235926746401
1,0,0,0,1,0,1,16,0,1,43,1,71,105,12,2,1,0.31071816203027885
0,29,1,50,0,0,0,0,0,0,24,3,80,100,12,1,1,0.5703396407285863
0,77,0,66,1,1,1,0,0,0,52,2,80,82,0,2,1,0.577320177961041
1,0,0,27,0,0,1,0,0,0,13,2,87,113,0,0,0,0.07103579097707863
1,216,0,0,0,1,1,12,3,0,10,3,44,78,11,2,1,0.9651038316854036
0,199,0,154,0,0,1,33,3,0,46,5,52,88,1,5,1,0.5853445929755395
0,264,0,169,1,0,3,19,0,0,79,4,57,82,3,2,1,0.8546924337372609
1,81,0,9,1,0,0,0,2,0,20,5,40,75,0,3,0,0.9642570612562057
0,57,0,0,1,1,2,0,0,0,77,0,66,104,0,3,0,0.3075438250880521
0,148,0,0,0,0,0,0,0,0,23,4,58,79,0,3,0,0.8584403214749351
1,99,0,51,0,1,0,22,1,0,34,1,56,99,13,5,1,0.7622186879079116
1,32,1,40,1,0,2,38,0,1,67,0,80,100,0,0,0,0.004765795531800421
1,167,0,0,0,0,0,0,0,0,52,0,80,100,0,0,0,0.025768176600792093
0,0,0,140,0,0,0,50,1,0,42,8,31,85,0,10,1,0.9460308632792604
1,24,0,30,1,0,0,4,8,0,15,3,80,114,2,0,0,0.014347500984373084
1,271,1,141,0,0,4,0,0,0,50,0,80,100,0,0,0,0.11377537624795388
0,181,0,0,1,1,2,0,0,0,84,4,80,114,17,1,0,0.012102525463730788
1,0,0,0,0,0,0,0,0,0,0,4,66,101,2,2,0,0.16136031570557888
1,0,0,76,0,0,1,0,0,0,42,3,52,82,0,0,1,0.87749727814515
1,267,0,22,1,0,0,19,0,0,46,0,80,100,0,0,0,0.006590153622561884
0,127,0,0,0,0,0,0,0,0,38,0,54,87,5,1,0,0.34259975870027237
0,49,1,59,0,0,1,0,0,0,22,0,80,100,0,0,0,0.01198381679950293
1,106,0,80,0,0,1,11,3,0,25,6,79,96,0,2,0,0.3771209325665995
0,384,1,64,1,1,2,30,0,1,88,1,85,121,0,3,0,0.001490242215146311
0,247,1,363,1,0,11,0,0,0,90,0,80,100,0,0,0,0.001428331900770474
1,62,0,0,1,0,0,15,1,0,28,3,65,111,5,2,0,0.3695423850861754
0,115,0,29,1,0,1,35,0,0,61,2,64,105,0,8,0,0.06860771860757858
0,42,0,0,0,0,0,0,0,0,9,0,80,100,0,0,0,0.50030811129602
1,325,0,33,0,0,0,0,0,0,22,5,63,106,0,2,0,0.32559778174943443
0,52,1,32,1,0,1,12,2,0,47,4,60,94,0,4,0,0.6439462464734389
1,96,1,39,1,0,0,28,0,0,48,6,58,96,0,2,0,0.026447835594479458
0,21,1,10,1,0,2,0,0,0,47,7,80,66,0,1,1,0.6243202329891266
0,102,1,70,1,0,4,17,1,0,77,1,63,93,0,1,1,0.09760142451576038
1,0,0,20,0,0,0,22,1,0,11,1,80,78,4,0,1,0.9243142585943148
1,56,0,33,0,0,0,17,5,0,0,0,31,70,0,3,1,0.9776347111163334
0,0,0,31,0,1,0,12,3,0,12,1,69,107,1,0,0,0.0775683063406814
1,383,0,148,1,0,1,22,0,0,78,0,80,100,0,0,0,0.002415868606758566
0,90,0,51,0,1,0,0,0,0,53,1,80,101,7,0,0,0.0017987408440477556
1,35,0,220,1,0,1,0,0,0,75,6,80,89,5,2,1,0.9554756396339943
1,0,0,0,0,0,0,0,0,0,0,4,73,113,0,2,0,0.17299018170539707
0,307,1,187,1,1,1,21,4,0,64,7,80,71,0,2,1,0.45692209102056486
1,288,0,100,1,1,1,33,0,0,83,0,80,79,0,2,0,0.1790501380896243
0,79,0,28,1,0,2,27,0,1,66,0,80,100,0,0,0,0.005441375575198557
1,47,1,124,0,1,1,40,1,0,51,5,44,88,3,2,1,0.462896462630048
0,35,0,15,0,0,0,0,0,0,6,3,74,105,0,2,0,0.35399700530666794
1,22,0,48,0,0,0,0,0,0,33,11,41,78,0,3,1,0.9850457488354453
1,279,0,1,1,0,0,4,3,0,21,0,80,80,5,1,1,0.8533730680071085
1,139,0,56,1,0,1,9,3,0,35,5,80,72,6,3,1,0.996244350252677
1,164,0,129,1,0,0,0,2,1,49,7,33,69,5,4,1,0.97635884470555
0,482,0,67,0,0,1,12,0,0,40,2,80,94,15,2,0,0.11856279455856912
0,101,0,0,0,0,0,0,0,0,33,0,80,100,0,0,0,0.0036009370271692168
0,82,1,90,1,0,1,34,0,0,78,0,80,100,0,0,0,0.0017221921021750247
1,219,0,81,0,0,1,10,4,0,21,1,78,96,0,0,0,0.022402335164170024
0,226,0,96,1,0,3,16,0,1,78,4,38,80,4,0,0,0.1524240287349463
1,208,0,45,0,1,1,24,2,0,33,4,49,85,0,1,1,0.3632898041850991
0,101,1,0,1,0,0,27,0,0,38,1,53,85,1,2,0,0.23163044167854813
0,456,0,361,1,0,5,0,0,0,97,2,80,76,7,1,0,0.42887350300368415
1,284,0,0,0,0,0,0,0,0,74,0,45,91,0,2,0,0.37096339875139334
1,128,0,127,1,1,0,19,1,0,56,0,74,112,11,2,0,0.022576448223320868
0,223,1,207,1,1,1,35,0,1,89,5,68,96,0,4,0,0.0484791675215765
1,79,0,16,1,0,1,25,1,1,67,6,44,86,2,1,0,0.5288121589115641
0,248,1,71,0,0,2,16,3,0,30,0,80,100,0,0,0,0.11197894238090535
1,259,0,73,1,0,0,0,0,0,60,0,80,100,0,0,0,0.030958724630350532
1,148,0,217,0,0,0,38,4,0,38,2,39,72,0,4,1,0.9458492638134591
1,140,0,197,0,0,0,24,1,0,44,2,57,89,0,0,1,0.40048378077648733
1,0,0,32,1,1,1,0,0,0,47,0,80,100,0,0,0,0.1856456507870761
0,236,0,242,0,1,2,0,0,0,66,0,70,106,0,6,0,0.13547457191196927
0,154,0,415,0,0,0,58,3,0,40,2,47,92,8,0,1,0.974802063420507
1,232,0,30,0,0,1,6,1,0,22,5,80,91,8,5,1,0.9559442593047726
0,19,1,0,0,0,5,24,2,1,28,6,78,117,0,0,0,0.006705346636140207
1,0,0,89,0,0,0,0,0,0,24,0,80,100,0,0,0,0.7441516769249669
1,126,0,0,0,0,0,0,0,0,71,2,67,99,0,4,0,0.5746403993024982
1,0,0,238,0,0,0,29,6,0,30,5,80,92,2,2,0,0.6054168184990356
1,43,0,15,0,0,1,21,3,0,14,0,80,95,2,2,0,0.4913390355523436
1,98,0,37,1,0,0,2,2,0,25,2,68,102,0,2,1,0.1486636726753238
0,122,0,0,1,1,2,26,1,0,47,4,80,93,10,0,0,0.1501657602396336
0,148,0,35,1,0,1,11,1,1,58,1,63,99,5,3,0,0.020102578593424097
0,92,0,0,1,0,1,0,0,0,85,0,89,119,0,0,0,0.003166015425980182
1,0,0,18,0,0,0,0,1,0,6,0,80,100,0,0,0,0.29263568570955917
0,448,0,135,1,1,3,17,0,0,72,2,62,99,9,1,0,0.36526447430702486
0,253,0,64,0,0,0,29,2,0,29,3,53,97,6,4,1,0.801760183038151
0,599,0,20,1,1,1,16,2,0,45,5,80,101,0,7,0,0.02081645598742288
1,151,0,72,1,0,0,22,0,0,49,1,80,94,5,3,1,0.5674443466569663
1,198,0,0,0,0,0,0,0,0,17,3,59,83,1,0,0,0.6055977957347006
1,58,0,0,0,0,0,0,0,0,5,0,80,100,0,0,0,0.26586204771439276
1,64,1,0,0,0,4,22,4,0,18,0,80,100,0,0,0,0.1727060288224424
1,29,1,77,0,0,0,3,0,0,35,1,72,100,10,0,0,0.22003983523816414
0,132,0,31,0,0,1,16,0,0,30,11,80,76,7,0,1,0.9955312512371113
1,241,0,0,0,0,0,0,0,0,77,0,80,100,0,0,0,0.0376616551456339
0,98,0,17,0,1,0,27,4,1,33,7,87,117,3,2,0,0.00262563029912025
1,0,0,298,0,0,0,53,2,0,39,2,43,78,12,2,1,0.9937386183675622
1,194,0,0,1,1,0,6,5,0,15,2,64,98,0,2,0,0.0643291960538975
0,91,0,76,0,1,1,8,0,0,48,0,80,100,0,0,0,0.1234727456045747
0,260,0,0,0,0,1,12,3,0,10,3,72,103,0,0,0,0.05521441778646288
1,155,0,71,0,0,1,16,4,0,36,1,83,117,4,0,0,0.006009993367002484
1,0,0,0,0,0,1,0,0,0,7,1,54,87,7,1,1,0.28049165992055985
0,506,0,307,1,0,1,24,0,1,92,3,36,61,2,4,0,0.7070210867754022
0,201,0,224,1,1,1,16,1,1,76,2,82,97,10,2,0,0.02190476045414165
0,78,1,208,0,1,1,28,0,1,63,0,80,100,0,0,0,0.04290821761757293
1,140,0,25,0,0,1,0,0,0,17,0,80,100,0,0,1,0.0703682245396042
1,20,1,49,1,0,1,19,1,1,74,0,80,100,0,0,0,0.0017095776777031346
1,165,0,61,0,0,0,5,3,0,8,0,80,100,0,0,0,0.5548704375907524
1,277,0,0,1,0,0,0,0,0,69,0,80,100,0,0,0,0.01417475687518469
1,14,0,0,0,0,0,5,1,0,0,4,48,90,19,1,1,0.9961750926450053
0,92,0,0,1,1,0,0,0,0,36,0,80,100,0,0,0,0.05484656349742871
0,33,1,60,1,0,2,26,0,1,82,1,89,109,0,2,0,0.030314733833948008
0,43,0,0,0,1,0,13,1,0,5,0,79,106,0,1,0,0.020449719913105527
0,42,0,106,1,0,1,0,0,0,79,4,53,89,5,0,0,0.11366515320313744
0,22,0,0,1,0,2,0,0,0,70,1,37,83,3,1,1,0.8097665877608314
1,0,0,6,1,0,4,0,0,0,44,2,80,89,0,3,0,0.7473755733243834
1,45,0,64,1,0,0,7,4,0,41,0,80,100,0,0,0,0.05902183634948077
1,90,0,36,0,0,0,0,0,0,11,3,62,95,0,0,1,0.611252322165534
1,0,0,0,1,1,1,6,4,0,16,9,80,109,3,3,1,0.733913252109349
0,114,0,61,0,0,2,23,1,0,42,4,67,98,12,5,0,0.650808739001232
1,0,0,0,0,1,0,0,0,0,0,3,75,118,0,7,0,0.5574022918826526
0,222,0,6,0,1,4,0,0,0,31,0,80,100,0,0,0,0.030623515752993043
1,5,0,31,0,0,1,0,0,0,16,0,80,115,0,3,0,0.04905648251308494
0,0,0,0,1,0,1,18,2,0,28,2,80,74,0,4,1,0.8778223503838423
1,349,0,0,0,0,0,0,0,0,87,3,40,79,5,1,0,0.4936506702911835
0,45,0,32,0,0,0,11,2,0,15,6,37,80,0,1,1,0.97227706440646
1,15,0,23,0,0,0,0,1,1,14,2,42,83,17,2,1,0.9536273218604697
0,308,1,148,1,0,8,9,0,0,80,2,71,111,0,2,0,0.009408378297137138
0,61,0,5,0,1,1,22,0,1,31,3,55,91,0,0,0,0.45083120277758004
0,107,0,0,0,0,0,0,0,0,41,1,35,75,6,1,0,0.07573758844102518
0,184,0,48,1,0,1,13,1,0,67,4,51,88,14,0,1,0.8329388051717818
1,272,0,0,0,0,0,0,3,0,3,3,64,103,5,0,0,0.7139585155753341
1,64,0,27,1,0,0,18,0,0,43,0,80,119,1,5,0,0.0034567196523997
0,355,0,0,1,0,1,0,0,0,82,1,58,94,0,1,0,0.012888474632190214
1,386,0,286,1,0,2,0,0,0,97,0,80,100,0,0,0,0.07124342924121477
1,339,0,289,1,0,2,29,1,1,91,2,85,125,3,5,0,0.006478175358471632
1,0,0,0,1,0,0,6,4,1,21,1,65,107,6,1,0,0.11619403997839907
0,48,0,54,1,0,2,19,1,0,56,5,82,114,5,0,0,0.01364665640132202
1,0,0,71,0,0,2,30,0,1,65,0,80,100,0,0,0,0.028051491199279636
1,106,0,20,0,0,0,15,4,0,10,3,37,73,12,1,1,0.9421484661579969
0,322,1,206,1,1,3,26,0,0,88,5,51,91,0,2,1,0.7334148420948939
0,151,0,0,0,0,1,18,3,0,17,2,61,101,6,3,0,0.22385238959358855
1,367,1,147,0,0,3,6,1,1,65,2,61,99,10,0,0,0.02151015083983539
1,0,0,0,1,1,0,0,0,0,27,4,43,91,0,3,1,0.9928655070779957
0,154,0,126,0,0,0,21,0,0,48,0,53,89,0,3,1,0.7879348901361234
1,5,0,44,1,0,0,6,4,0,39,0,80,100,0,0,1,0.7759052699871858
1,56,0,26,0,0,0,0,0,0,7,0,80,100,0,0,1,0.6070199248313919
0,0,0,0,0,0,0,17,1,0,6,0,80,100,0,0,0,0.46351776052068855
1,116,0,0,0,0,0,0,0,0,83,1,52,73,0,1,1,0.8885386982215951
0,18,0,0,0,0,0,0,0,0,6,6,87,113,2,3,0,0.006215598446694541
1,259,0,0,1,0,2,0,0,0,93,2,80,91,5,4,1,0.46053786851088624
1,242,1,92,0,0,0,11,6,0,12,4,56,96,0,1,1,0.7255996078017394
0,245,0,190,0,1,2,19,0,0,59,1,63,93,0,0,1,0.06764571286075036
0,141,1,17,1,0,1,20,2,1,52,1,61,103,9,1,0,0.15632662435192757
0,469,1,231,0,0,0,0,0,0,58,6,80,79,5,1,1,0.3709904315545625
1,0,0,69,0,0,1,0,1,0,19,6,32,62,16,1,1,0.9975309929485862
1,239,0,0,1,0,1,0,0,0,77,0,80,100,0,0,0,0.0035456247086859288
1,171,0,40,0,0,1,18,0,1,40,0,80,100,0,0,0,0.034427839699556324
0,136,0,98,1,0,0,28,1,1,82,7,79,104,15,1,0,0.030371979898387823
1,194,0,94,1,1,2,25,2,0,70,1,72,112,2,0,0,0.016795120597577776
1,0,0,6,1,0,0,0,0,0,28,1,86,114,2,1,1,0.38010817475630126
0,0,1,0,1,0,1,15,1,0,30,0,69,102,0,2,0,0.006735055619545115
1,0,0,7,1,0,0,8,1,0,24,3,75,107,0,1,1,0.480142005050394
1,200,0,0,0,0,0,0,0,0,20,3,88,126,7,1,0,0.002335690044503397
1,128,0,17,0,0,0,0,0,0,27,2,45,74,7,1,1,0.9973683471935373
1,181,0,14,1,0,3,27,1,0,62,0,40,67,0,0,1,0.7902323482024192
1,106,0,147,0,0,6,6,2,0,38,5,50,93,0,1,0,0.5412948765923801
0,235,1,17,1,0,4,23,2,0,52,0,93,120,18,3,0,0.045654496763754444
1,159,0,13,0,0,3,6,0,0,26,2,80,73,0,1,1,0.9568493935995022
1,110,0,277,0,1,0,26,5,0,32,0,80,100,0,0,0,0.5518189270643742
1,89,0,0,0,0,0,0,0,0,22,0,80,100,0,0,0,0.1770063852671595
1,197,0,129,0,0,3,8,1,1,54,0,86,118,0,0,0,0.0018553150514185148
0,139,0,0,0,0,0,22,0,1,30,2,78,117,32,2,0,0.07714381025180864
0,273,0,68,1,0,1,14,0,0,50,1,80,97,0,1,0,0.017275701455787815
1,385,1,114,1,1,0,29,0,1,84,1,56,97,3,0,0,0.016694842337849056
0,604,0,259,1,0,2,32,1,1,97,0,80,119,0,0,0,0.00018925179566182945
0,184,0,247,1,0,0,42,1,1,78,6,29,54,0,0,1,0.9946119942758644
1,17,0,28,1,0,0,13,4,0,21,0,59,100,6,2,0,0.2012988321293789
0,246,0,23,1,0,1,0,0,0,64,3,53,80,0,1,1,0.2669905561147081
0,152,0,0,1,0,1,0,0,0,66,2,74,112,8,8,0,0.05241487747372981
0,49,0,193,0,1,0,68,2,0,42,2,36,73,7,0,1,0.9221382353031204
1,224,0,17,0,1,0,0,1,0,6,0,80,100,0,0,0,0.4514833895871053
0,143,0,103,0,0,0,0,0,0,51,1,80,115,0,1,0,0.02894562453047005
0,139,0,0,1,1,4,0,0,0,78,0,80,100,0,0,0,0.07649856441586965
0,210,0,52,0,0,0,19,1,1,33,2,61,99,5,1,0,0.15579149158154254
1,30,0,0,0,1,1,0,0,0,15,1,58,95,4,0,1,0.6252674941998512
1,145,1,92,1,0,1,29,0,0,78,0,80,100,0,0,0,0.0030448743873123414
1,36,0,0,0,0,1,0,0,0,15,1,56,104,7,2,0,0.1939589214553868
1,70,0,0,1,0,0,9,5,0,14,5,80,75,9,1,1,0.9969450445500013
0,248,0,119,1,0,3,27,1,0,86,1,71,105,2,1,0,0.018474198105717352
0,423,1,103,1,0,7,35,1,0,76,1,91,129,0,1,0,0.0001807435437850336
1,0,0,189,0,0,0,41,4,0,33,1,41,65,0,5,1,0.9982317038534407
1,80,0,87,1,0,1,12,0,0,51,4,62,94,6,1,0,0.2104124764858413
0,0,0,12,1,1,1,21,7,0,29,3,35,72,13,3,1,0.998612734602648
0,341,1,147,0,1,0,27,1,1,61,0,80,100,0,0,0,0.04771544549452071
0,79,0,0,1,0,3,0,0,0,78,3,80,77,1,0,1,0.6843273715407528
0,84,0,0,0,0,0,0,0,0,55,1,40,78,6,4,1,0.3691095393117644
1,7,0,75,1,0,0,23,2,1,59,0,80,100,0,0,1,0.05567120722043735
1,456,0,343,1,0,0,49,0,0,78,4,41,82,13,1,1,0.8774517292957176
0,289,0,3,1,0,1,6,2,0,36,3,80,75,26,3,1,0.9661213696757096
1,56,0,34,0,0,0,2,1,0,16,0,77,119,7,1,0,0.11798313345504464
1,0,0,0,0,0,1,0,0,0,7,0,80,100,0,0,0,0.14107229683577135
0,27,0,3,1,0,1,23,2,0,32,1,80,101,2,0,0,0.005814254828819225
0,38,1,7,1,1,1,0,0,0,36,4,46,85,2,2,1,0.719005995935689
1,60,0,121,1,0,1,14,1,1,73,3,63,104,0,1,0,0.04254783772801782
1,75,0,107,0,1,0,0,0,0,32,0,80,69,11,2,1,0.940310550809294
0,158,1,262,1,0,3,57,0,0,81,10,55,82,0,7,0,0.16387344917705177
0,3,0,75,0,0,1,32,1,1,57,1,63,93,0,1,0,0.036979084214683454
1,20,0,36,1,0,1,0,0,0,47,1,80,99,0,0,0,0.13852664825354977
1,157,0,16,1,1,0,25,5,0,32,2,80,109,0,0,1,0.11259871040469399
1,150,1,58,0,0,3,14,3,0,37,5,71,106,0,4,0,0.05083462337803002
1,17,0,0,0,0,0,0,0,0,1,7,51,91,9,1,1,0.9882130786992319
1,74,0,0,1,1,0,16,2,0,24,0,80,100,0,0,0,0.06865106316377359
0,65,0,64,1,0,1,0,0,0,67,0,80,100,0,0,0,0.00912734645490026
0,173,0,106,1,0,0,24,0,0,67,0,80,100,0,0,0,0.009374063281557862
0,43,0,0,0,0,0,0,0,0,4,2,80,101,4,0,1,0.7515610143431458
1,161,0,44,1,0,0,13,0,0,45,0,80,100,0,0,0,0.07164375173850035
1,173,0,21,0,1,0,3,6,0,0,2,48,83,9,3,1,0.8758067150557969
1,263,1,163,0,0,4,22,0,0,57,4,54,92,2,3,0,0.1764340060325226
1,66,1,0,0,0,2,18,3,1,24,0,80,93,0,0,0,0.11149835607467887
1,107,0,0,0,0,0,0,0,0,30,1,80,114,7,0,0,0.0034830923091995554
0,289,0,93,1,0,0,32,3,1,62,3,61,93,7,4,0,0.1268425963784421
1,276,0,48,0,0,0,12,1,0,20,2,73,111,0,0,0,0.13363183440316795
1,14,0,0,0,1,0,17,0,0,10,0,72,98,3,0,0,0.6525211157401939
1,174,0,0,0,1,1,25,1,0,22,0,80,100,0,0,0,0.05662703384190162
1,0,0,0,0,0,1,8,2,0,3,0,80,100,0,0,1,0.9265389933614278
0,151,0,160,0,1,1,19,3,0,40,4,82,115,9,3,0,0.006523755846876536
0,50,1,0,0,0,1,35,0,0,24,1,80,118,6,0,0,0.006558793511621
1,106,0,0,0,0,0,0,0,0,36,0,80,100,0,0,0,0.005949289101011487
1,412,0,0,0,0,0,0,0,0,93,0,80,100,0,0,0,0.007403285812836443
1,279,0,138,1,0,0,22,0,0,62,0,80,100,0,0,0,0.049627813551861535
1,312,0,0,0,0,0,0,0,0,76,5,41,78,0,0,0,0.8026829821479058
1,55,0,105,0,0,0,53,3,0,40,2,45,75,0,3,1,0.9933736551719262
0,80,0,97,1,0,3,15,0,0,67,0,62,96,0,3,0,0.06513688622382204
1,92,0,114,0,0,0,14,0,0,33,0,80,100,0,0,0,0.02566422692525602
0,50,0,44,1,0,0,28,2,0,61,3,55,89,12,2,1,0.2636517117224259
0,148,0,1,0,0,0,6,1,1,21,0,80,100,0,0,0,0.07836784033984986
0,198,1,122,0,1,0,21,0,0,52,0,33,67,19,2,1,0.916857387405374
1,0,0,117,0,0,1,36,4,0,38,0,80,100,0,0,0,0.23900095631343404
1,276,0,57,0,0,1,9,0,0,32,1,80,89,1,0,0,0.35297844470901
1,128,0,139,0,1,1,0,0,0,56,0,80,100,0,0,0,0.02316687934840118
1,0,0,0,0,0,1,0,0,0,11,4,71,105,0,2,1,0.5439756416002033
0,167,1,47,0,0,0,0,0,0,32,3,70,101,24,4,1,0.5071857252302148
1,104,0,0,0,0,0,0,8,0,0,0,80,100,0,0,1,0.3050581953004075
0,323,0,256,0,0,1,22,3,0,46,1,80,85,3,2,1,0.048987785493257406
0,65,0,18,1,0,1,34,1,1,70,0,80,100,0,0,0,0.01659880175372695
0,102,1,100,0,0,0,19,0,0,47,0,80,100,0,0,0,0.006328401099281164
1,160,0,0,0,0,0,0,0,0,12,7,66,95,5,1,1,0.34085597332003875
1,182,0,0,0,1,1,0,0,0,23,4,57,84,13,3,1,0.6052314005644126
0,30,0,6,1,0,1,8,0,0,33,3,80,77,4,1,0,0.31683906479359975
1,70,0,94,1,0,0,0,0,0,79,0,80,100,0,0,0,0.09524140429514937
0,254,0,100,1,0,4,18,1,1,69,3,81,118,5,4,0,0.0026212560835970115
1,343,1,183,1,1,0,10,1,1,70,1,80,114,12,1,0,0.05554736593114237
1,0,0,0,0,0,1,0,0,0,11,3,80,107,1,0,0,0.020376264502841017
1,29,0,36,0,0,0,22,4,0,9,0,80,100,0,0,0,0.26776340773889806
1,39,0,39,0,0,0,0,0,0,9,12,45,76,0,3,1,0.9916705421919059
0,166,0,71,0,1,2,24,6,0,48,6,80,73,13,1,1,0.9263850816642869
0,39,0,53,1,0,2,22,1,1,71,2,65,101,2,2,0,0.07255897360830885
1,126,1,59,1,1,0,0,0,0,77,1,80,76,3,2,1,0.49304740045197487
1,166,0,10,0,0,0,0,0,0,28,5,49,95,11,5,1,0.7332012012680812
1,114,0,0,0,0,1,5,2,1,17,5,68,88,10,2,0,0.09205931902721656
0,307,0,89,1,0,2,36,0,0,79,0,60,95,0,3,0,0.04206621029273496
1,123,0,132,1,0,9,28,0,0,80,3,64,91,0,4,0,0.061165035966240996
1,0,1,81,1,0,3,7,0,0,50,5,76,115,0,1,1,0.0549583921329217
0,19,0,192,0,1,0,18,2,0,34,0,80,100,0,0,0,0.021859955606948405
0,91,0,57,1,1,3,12,2,0,68,0,74,109,4,3,0,0.25632231657364785
0,75,0,31,0,0,0,0,0,0,9,3,52,83,4,0,0,0.738732101257737
1,69,0,0,0,0,0,0,0,0,13,0,80,100,0,0,1,0.31708918209636483
1,80,0,0,0,0,0,0,0,0,13,1,59,100,7,1,0,0.19649529389982817
1,110,1,65,1,0,0,0,0,0,86,1,80,102,0,2,1,0.24975334397371515
0,298,1,99,1,1,2,19,1,0,81,1,80,98,0,1,0,0.09883921002749717
1,81,0,0,1,0,1,19,3,0,34,0,80,100,0,0,1,0.24699631512538486
0,202,1,133,1,0,0,35,1,0,74,3,94,138,3,0,0,0.00022530983382584204
0,102,1,355,0,0,4,28,1,1,64,1,73,105,0,5,0,0.005171004366275947
1,0,0,0,1,0,0,0,0,0,44,0,80,100,0,0,1,0.5293028096475348
1,252,0,0,0,0,0,0,0,0,71,0,36,83,0,2,0,0.15608089196964528
0,71,0,0,0,0,0,0,0,0,5,5,48,88,6,1,1,0.8980692165493016
1,0,0,76,1,0,1,6,5,0,26,0,80,100,0,0,0,0.44523632315991724
1,408,0,138,1,0,0,27,2,0,64,0,80,100,0,0,0,0.03559897932176223
1,0,1,85,1,0,0,0,0,0,46,2,59,93,0,2,1,0.6156274095583705
1,24,1,36,0,1,5,0,0,0,36,4,24,68,0,0,1,0.9380902250932167
0,170,1,44,1,1,1,29,0,1,74,1,80,112,0,1,0,0.002832766982374886
0,119,0,3,1,0,3,17,0,0,43,3,80,122,2,1,0,0.0025150675340128996
0,137,0,26,0,0,0,17,1,0,28,9,67,89,0,0,0,0.2625427933607114
1,117,0,90,0,0,0,13,8,0,8,2,74,114,8,3,0,0.338918698960269
0,316,0,220,1,1,0,24,0,0,76,0,80,100,0,0,0,0.0010359066382217704
1,170,0,67,0,1,0,18,2,0,32,0,80,100,0,0,0,0.3111090563238351
1,31,0,4,0,0,0,0,0,0,5,0,65,100,2,1,0,0.38953768538727385
1,0,0,75,0,0,3,22,1,1,41,0,80,100,0,0,0,0.0024647990323660284
0,121,0,3,1,0,0,12,3,0,22,3,78,112,6,0,0,0.03929024017934697
1,18,1,20,1,0,0,12,3,0,31,1,89,116,0,0,0,0.005734311201821669
1,17,1,0,0,0,0,8,4,0,0,5,44,80,0,5,1,0.944722022164843
1,170,0,0,1,1,4,0,0,0,100,0,80,100,0,0,0,0.016626618286678267
1,0,0,55,1,1,1,9,2,1,64,0,80,100,0,0,0,0.011162953046639107
1,0,0,0,0,0,0,0,0,0,0,0,80,100,0,0,0,0.03089791068215037
1,35,0,0,0,0,0,0,0,0,13,0,80,100,0,0,0,0.1372919783248653
0,19,0,0,0,0,0,10,3,1,8,0,59,90,9,0,0,0.39123500662890626
0,98,0,1,0,0,1,0,0,0,14,1,47,69,0,1,1,0.9270560749118235
1,0,0,213,0,0,0,29,3,1,46,0,80,100,0,0,0,0.2962231871199521
0,67,0,6,0,0,0,10,11,0,0,0,80,100,0,0,1,0.33950601517230694
1,0,0,0,1,1,1,0,0,0,56,1,82,121,0,0,0,0.005709838923966182
0,213,0,110,0,0,1,9,1,1,41,0,80,109,0,0,0,0.005253449855761674
1,18,0,29,0,1,0,17,2,0,18,2,66,106,1,0,0,0.01904926775836768
1,25,0,48,0,0,0,4,5,0,0,1,51,89,4,4,1,0.8732252682609997
0,0,0,33,1,0,0,21,3,0,43,3,66,99,0,2,0,0.1297524335478681
1,156,0,203,0,0,0,0,0,0,53,0,43,90,12,2,0,0.8675019366492285
1,259,0,189,1,0,1,0,0,0,81,0,80,100,0,0,0,0.04621176808378626
0,288,0,0,0,0,0,0,0,0,31,0,66,110,5,2,1,0.3137227968026151
0,263,1,0,1,0,0,18,1,0,34,3,55,88,5,4,1,0.7097426464204936
1,89,0,25,1,1,0,29,2,0,36,2,63,90,0,2,1,0.7836728269017936
1,56,0,0,0,0,0,0,0,0,4,0,80,100,0,0,0,0.6109363138809869
1,0,0,46,1,0,0,9,0,1,44,0,80,110,8,1,0,0.030346482130887798
1,114,0,125,0,0,1,0,1,0,24,0,69,113,0,1,0,0.04318078207214596
1,151,0,169,1,0,0,28,0,1,82,2,80,82,16,0,0,0.17274581212708076
1,0,0,93,0,0,2,22,3,1,52,8,80,82,14,2,1,0.969603459572873
1,0,0,35,1,0,0,0,0,0,41,1,32,76,9,0,1,0.9682581316683418
1,80,0,0,0,0,0,0,0,0,35,0,80,100,0,0,0,0.05201694508627475
1,108,0,38,0,0,0,14,3,0,15,0,80,100,0,0,0,0.49735955260855486
1,70,0,51,1,1,0,14,2,1,43,0,80,100,0,0,0,0.1466257227820265
1,65,0,148,1,0,0,68,3,0,60,2,47,87,0,3,1,0.9621621452054555
1,0,0,89,0,0,0,13,0,0,21,2,73,106,0,0,0,0.03138697960083003
1,340,0,0,0,0,0,0,0,0,71,9,47,74,6,1,1,0.9161709746009761
1,241,0,0,0,0,0,0,0,0,75,0,80,100,0,0,0,0.016185472354681568
1,8,0,0,0,0,0,0,0,0,1,4,49,76,8,1,1,0.9033924092155007
0,224,0,64,1,0,0,35,0,1,86,1,87,117,7,0,0,0.0016354260731965664
0,291,0,89,0,0,2,0,0,0,50,0,80,100,0,0,0,0.027345418254325186
0,363,0,85,0,1,2,34,0,1,69,2,53,85,3,1,0,0.18808028088978865
1,0,0,41,1,0,1,7,9,0,19,0,80,100,0,0,0,0.251937443838352
0,138,0,0,0,0,5,0,0,0,44,8,55,83,0,0,1,0.6459298990849969
0,215,0,338,1,0,1,46,0,0,77,1,51,90,0,4,1,0.7151004703852502
0,318,0,64,1,0,1,0,0,0,58,1,67,102,15,2,0,0.06291178297366344
1,68,1,40,1,0,0,14,4,0,34,0,59,82,0,5,0,0.6478314010511295
0,194,0,41,0,1,0,15,0,1,31,1,54,89,9,4,0,0.7013956011421999
0,31,0,33,1,0,0,0,0,0,37,1,66,105,4,1,1,0.21065519005916072
0,61,1,40,1,0,1,23,0,0,65,1,49,85,5,2,0,0.05578658225180861
1,95,0,0,0,1,0,7,4,0,0,2,42,83,15,3,1,0.8968693320018459
1,187,0,9,1,0,0,0,2,0,23,0,60,103,10,1,1,0.8847272997568849
0,529,0,0,0,0,0,0,0,0,100,0,80,100,0,0,0,0.008783863278765607
0,204,0,78,1,1,0,34,0,1,80,5,80,122,15,1,0,0.1283219746399968
1,0,1,112,0,0,0,0,0,0,40,0,80,100,0,0,0,0.21111763502635442
1,0,0,77,0,0,0,22,2,0,35,0,48,72,5,1,1,0.8886644548077971
1,16,0,0,1,0,0,0,0,0,47,4,65,96,11,1,1,0.47297426974261125
0,146,0,62,1,1,1,26,0,0,53,0,96,125,0,4,0,0.001342123702227456
0,124,0,0,0,0,0,0,0,0,56,0,80,100,0,0,0,0.015206392024208645
0,199,0,182,1,0,1,19,8,0,58,0,80,100,0,0,0,0.008043456997114002
1,97,0,96,1,1,0,7,2,0,37,0,58,86,7,2,1,0.22860180558722434
1,79,1,22,0,1,2,13,0,1,47,0,80,100,0,0,0,0.15978194528560574
1,168,0,59,1,0,1,11,1,0,56,0,80,100,0,0,1,0.2893473499824744
1,56,0,55,0,0,0,19,1,0,17,0,79,115,0,2,0,0.027299642483615806
0,193,1,213,0,0,0,24,3,0,43,0,80,100,0,0,0,0.017733560584730995
0,47,0,0,0,0,5,0,0,0,27,0,80,100,0,0,0,0.011456457938784676
1,0,0,81,0,0,0,11,2,0,26,1,80,87,3,6,1,0.9569204830746213
1,0,0,0,1,1,0,0,0,0,27,3,55,89,4,0,1,0.8732353371630136
0,183,0,38,1,1,5,38,0,1,77,3,80,86,9,6,0,0.6023474747905613
1,153,0,99,1,0,1,22,0,0,66,1,70,114,1,1,0,0.005102009256422858
0,323,0,76,0,1,1,23,0,1,56,0,77,109,3,1,0,0.0048100843857088755
1,33,0,99,0,0,0,65,0,0,47,8,80,84,5,3,1,0.9674149120513149
0,247,1,124,1,0,1,35,0,0,84,5,80,88,6,2,0,0.12740305605503283
1,222,1,62,1,1,4,8,1,0,60,0,80,100,0,0,0,0.007555288600501899
0,30,0,80,1,1,1,17,0,0,48,3,78,110,0,0,0,0.010523736157939176
0,98,1,35,1,1,0,18,0,1,55,1,84,125,6,2,0,0.0031307663102986116
0,28,0,89,0,0,3,22,2,0,30,0,80,100,0,0,0,0.033932280585558354
1,46,0,13,0,0,0,0,0,0,5,1,80,81,0,2,1,0.9949213432192856
0,218,0,75,1,0,0,47,2,1,84,0,80,100,0,0,0,0.0012902552501024966
1,79,0,0,1,0,0,5,1,0,27,2,66,96,9,4,0,0.015419638358433204
1,156,1,51,1,0,3,27,1,0,54,1,84,115,14,0,0,0.0013774036424007022
1,46,0,14,0,0,0,10,2,1,19,22,63,85,3,2,1,0.840061152934684
0,40,0,2,1,0,1,3,2,0,22,1,80,110,0,0,0,0.05183738221280364
0,0,0,86,0,0,0,39,2,0,39,1,71,91,4,0,0,0.003207388176833092
1,66,0,57,1,0,1,12,4,0,36,0,80,100,0,0,0,0.1639455996965619
0,343,0,72,0,0,1,15,0,0,37,0,80,100,0,0,0,0.023675000155590563
0,90,0,28,1,1,1,0,9,0,27,1,53,83,0,1,1,0.9609120580018579
1,56,0,14,0,0,2,13,0,1,31,4,46,93,13,0,0,0.2583799467316882
1,185,0,0,0,0,0,0,0,0,56,6,80,131,0,0,0,0.004648519675359239
0,216,0,0,0,0,0,0,0,0,94,1,80,114,2,0,0,0.002666386981522353
1,131,0,28,1,0,0,0,0,0,39,4,64,98,7,3,1,0.5883406081195999
1,105,0,2,1,0,0,12,0,0,37,0,53,105,0,1,1,0.8498579316582231
1,0,0,56,0,0,1,3,8,0,6,0,80,100,0,0,1,0.6246656596832775
0,103,1,27,0,0,4,25,0,1,41,0,80,100,0,0,0,0.001513642643572691
0,139,0,25,0,0,1,0,0,0,24,1,70,105,0,0,0,0.025236896432407913
1,159,0,175,0,0,0,0,0,0,51,4,80,106,17,3,0,0.018776290250431437
0,213,0,25,0,0,2,6,0,0,27,0,94,120,0,0,0,0.0009951903574374214
0,119,0,0,1,0,1,0,0,0,73,9,36,70,0,4,1,0.9374440037257852
1,172,0,58,1,0,0,10,4,0,48,1,80,97,6,0,0,0.3994463026245383
1,68,0,33,0,0,2,7,0,0,23,1,47,87,15,3,1,0.9511367636148166
1,46,0,0,1,0,1,0,0,0,69,6,50,80,0,6,1,0.5351664466581136
1,52,0,0,0,0,2,18,1,0,18,0,80,100,0,0,0,0.015888109184590025
0,131,1,76,0,1,2,22,1,1,56,1,80,102,0,2,0,0.08347924662130245
0,265,0,0,1,0,1,0,0,0,73,1,72,102,7,5,1,0.019803323878909294
1,0,0,44,0,0,1,0,0,0,41,1,80,81,0,2,1,0.9446833229799646
1,0,0,7,0,1,1,6,2,0,3,6,47,83,0,5,1,0.9318962971505694
0,145,0,0,0,0,2,22,0,1,42,0,93,129,0,0,0,0.0003604001081473374
1,487,0,178,1,1,1,26,2,1,86,0,80,100,0,0,0,0.011129961205750017
1,285,0,135,0,0,0,37,1,1,64,5,87,116,4,1,0,0.001431733657040271
1,67,0,0,1,1,0,21,3,0,31,1,81,110,6,0,0,0.015926030005144778
0,171,0,0,1,0,0,0,0,0,57,3,77,97,0,1,0,0.008592453601978977
1,275,0,3,1,0,1,39,0,0,55,1,70,104,0,6,0,0.13257670448915304
1,64,0,66,1,0,3,55,0,1,80,5,49,83,18,1,0,0.23855239129028286
1,72,0,0,1,0,0,13,7,0,16,0,80,100,0,0,0,0.369210990348094
0,247,1,149,0,0,0,14,2,0,33,3,72,102,4,1,0,0.23075749924955882
1,12,1,50,0,0,2,2,0,0,29,2,71,109,6,1,1,0.4042069771816606
0,204,0,0,1,1,4,0,0,0,100,0,80,100,0,0,0,0.0006418975571049262
0,57,0,37,1,0,0,56,0,0,64,2,41,77,8,0,0,0.22449833844020473
0,242,0,0,0,0,1,0,0,0,30,5,45,84,7,0,0,0.15710709786287436
1,34,0,109,1,0,3,24,4,0,63,5,41,74,0,10,1,0.9448720442607857
1,247,0,184,1,0,2,18,0,0,79,0,80,100,0,0,0,0.0016688275370218564
0,90,0,0,0,0,0,6,4,0,0,0,61,85,2,0,0,0.24319853469123548
0,370,0,0,0,0,0,0,0,0,91,1,68,107,1,0,0,0.0008097309371260783
0,129,0,6,0,0,0,39,1,0,20,0,80,100,0,0,0,0.0012950519523776416
1,369,1,231,0,0,0,6,0,0,47,1,81,122,4,3,0,0.005039198254629911
1,187,0,29,0,0,0,10,8,0,0,18,40,70,0,5,1,0.9977355197311115
1,0,0,39,0,0,0,41,4,0,20,3,54,89,0,3,1,0.8772295700542866
1,2,0,17,1,1,4,52,3,1,50,4,39,65,0,3,1,0.7934092916080114
0,386,0,0,1,1,1,0,0,0,80,0,80,100,0,0,0,0.017750207873148304
1,29,0,0,0,1,0,0,0,0,2,0,52,87,2,0,0,0.1262905958889618
0,148,0,43,0,1,0,2,2,0,5,0,80,100,0,0,1,0.32040073913373995
0,17,0,39,1,0,0,12,1,0,43,4,35,77,8,6,1,0.9990941675282617
1,75,1,56,0,1,2,0,0,0,47,0,80,100,0,0,0,0.009439926559629127
0,245,0,40,0,0,1,14,0,0,26,0,80,100,0,0,0,0.021952858822848545
1,152,0,29,0,0,1,16,0,0,51,0,80,100,0,0,1,0.6764612541957686
1,0,0,109,1,0,1,0,0,0,67,7,62,92,11,0,1,0.7567380919207463
0,168,0,43,1,0,0,32,0,0,60,2,83,112,0,1,0,0.003058776595173294
0,163,0,176,1,0,0,25,0,0,76,0,92,121,0,0,0,0.0012419411248074759
1,91,0,86,1,1,0,0,2,1,50,3,52,88,0,0,0,0.7268811609007583
0,200,0,32,1,0,0,8,0,0,44,2,70,109,0,3,0,0.1635092316150412
0,254,0,53,1,0,4,24,0,0,80,0,56,97,4,2,0,0.09178420817128218
1,37,0,0,0,1,3,0,0,0,26,5,73,115,0,1,0,0.003747346488844452
0,584,0,0,1,1,0,22,0,0,46,6,99,142,0,2,0,0.0020533711465364085
0,374,0,140,0,0,1,19,6,1,40,7,80,102,9,5,1,0.6075952293689688
0,0,0,44,1,0,1,31,0,0,66,5,43,72,9,2,1,0.7039732706812111
0,0,0,63,1,0,0,41,0,1,69,3,49,75,0,4,1,0.8556912181963455
0,140,0,0,1,0,2,0,0,0,76,4,70,104,7,2,0,0.04695800615492161
1,122,0,0,1,1,0,7,4,0,25,0,80,100,0,0,1,0.28282593190469785
1,123,1,63,1,0,0,0,0,0,85,2,49,83,0,1,1,0.6368606050559398
1,0,0,12,0,0,0,24,2,1,21,0,80,100,0,0,1,0.563400446780394
0,173,0,0,1,1,0,0,0,0,59,5,37,81,17,3,0,0.8555426134664139
1,80,0,0,1,1,0,19,0,0,34,3,86,123,0,2,0,0.007807773736258483
0,265,0,342,1,0,0,22,0,0,72,6,40,70,0,1,1,0.9170629717275719
0,73,0,46,0,1,2,24,0,1,74,2,87,123,0,0,0,0.0015824264491644993
1,82,0,29,1,0,0,0,1,0,25,0,80,100,0,0,1,0.392449739489178
0,0,0,0,0,0,0,0,0,0,0,4,48,86,0,2,1,0.6206685073550618
1,82,0,0,0,1,0,14,1,0,6,5,60,92,0,0,1,0.7259293737738072
1,345,0,0,0,0,0,0,0,0,81,0,80,100,0,0,0,0.04366476107785262
0,76,0,34,1,0,1,27,1,0,53,0,80,100,0,0,0,0.009422102159841768
0,54,0,0,0,1,1,6,4,0,0,0,75,107,4,2,0,0.04658236858171825
0,171,0,0,1,0,0,26,1,0,37,5,55,88,0,1,1,0.2819730450173199
0,102,0,351,0,0,2,27,1,0,54,2,43,63,12,0,1,0.8455126018632825
1,156,0,0,0,0,0,0,0,0,26,0,80,100,0,0,0,0.051121154711357884
1,98,0,0,1,0,0,3,1,0,33,1,68,93,13,2,0,0.16361698554019885
0,0,0,43,0,0,0,0,0,0,37,4,44,69,8,5,1,0.9782878011579493
0,87,1,84,1,1,0,30,1,0,69,11,65,104,18,2,0,0.063243890934548
1,37,0,87,0,0,1,27,3,1,41,3,57,92,9,2,0,0.2141200427546689
1,11,0,0,0,0,0,0,0,0,7,6,37,79,0,1,1,0.959209768257894
1,85,1,43,1,0,0,26,1,1,61,0,80,100,0,0,0,0.045638210582441545
0,493,0,0,0,0,0,0,0,0,100,2,81,112,3,1,0,0.001679611594732214
0,199,0,73,1,0,1,15,0,0,48,0,80,100,0,0,0,0.18351149160695068
0,205,0,0,0,0,0,0,0,0,90,0,69,98,23,7,0,0.1498841230518192
1,77,0,0,1,0,0,0,0,0,72,3,80,88,0,5,1,0.8487119771842441
1,84,0,28,0,0,1,15,2,0,13,1,56,91,8,2,1,0.9625134003176191
1,173,1,22,0,0,0,0,1,0,22,3,51,84,0,1,1,0.9221136764713703
0,100,0,125,0,0,1,21,3,1,42,3,80,110,4,2,0,0.016604795750629116
0,211,0,238,0,0,4,48,0,1,74,0,80,100,0,0,0,0.001161360332041936
0,256,1,73,0,0,2,13,2,0,36,0,80,100,0,0,0,0.03945114728841734
1,97,0,59,0,1,0,14,0,1,35,7,40,74,0,1,1,0.9905230613964007
1,28,0,28,0,0,0,0,0,0,8,6,44,75,9,1,1,0.9536467323353802
0,7,0,0,0,1,0,33,0,0,15,2,73,113,6,4,0,0.006636094178210045
1,84,0,235,0,0,0,52,0,0,47,1,80,87,0,3,1,0.976057531204483
0,0,0,0,0,0,0,0,0,0,0,0,80,100,0,0,0,0.014279638840802402
0,82,0,74,0,0,2,13,1,0,48,0,80,100,0,0,0,0.007789361719785443
1,21,0,5,0,0,0,0,6,0,0,0,80,100,0,0,1,0.7597860147995044
0,143,0,81,1,0,2,25,0,0,65,2,83,114,4,3,0,0.0022943581235481507
0,27,0,0,1,0,1,0,0,0,60,0,80,100,0,0,0,0.01829858618232156
0,90,0,0,1,0,0,0,0,0,57,2,57,106,0,3,0,0.04631820319151945
0,157,0,178,1,1,0,28,0,1,87,0,60,108,0,2,0,0.004127012650419101
0,135,0,0,1,0,2,0,0,0,85,3,80,78,0,7,0,0.46020920294006257
0,234,0,71,0,0,0,0,2,0,16,1,54,96,7,1,1,0.5822443770037624
1,59,0,33,0,0,0,5,1,0,13,3,45,73,13,5,1,0.9865373000637505
0,83,0,65,0,1,1,1,7,0,24,2,73,118,6,1,0,0.015658408043313768
0,177,0,11,1,0,1,10,2,1,42,4,77,108,5,1,0,0.042829438194630864
1,124,1,13,1,0,1,22,1,0,58,1,80,90,0,2,0,0.5925144020759935
1,111,0,150,0,0,0,42,2,1,55,5,41,73,17,1,1,0.9944634645367708
1,0,0,0,0,0,0,0,0,0,0,1,80,106,0,0,0,0.09119460591113025
1,68,0,0,0,0,0,0,0,0,58,6,34,72,0,0,1,0.9987659656793182
0,133,0,0,1,0,0,0,0,0,45,5,80,114,12,2,0,0.013430979306729316
0,57,0,94,0,0,1,16,1,0,27,0,80,100,0,0,0,0.33325343962552256
1,133,0,98,1,0,2,20,0,0,71,7,54,80,1,1,1,0.35781349701820964
1,0,1,69,1,0,0,0,0,0,44,0,80,100,0,0,0,0.09334104733878384
1,212,0,149,1,0,1,30,0,0,68,0,80,100,0,0,0,0.002914944944314422
0,103,0,334,0,0,0,17,2,0,36,11,45,84,9,1,1,0.8432820759142565
0,148,0,0,1,0,3,0,0,0,95,0,80,103,0,1,0,0.07004370627895776
1,81,1,0,0,1,2,10,2,0,13,16,80,85,18,5,1,0.9716684601625218
1,239,1,61,1,0,0,31,3,0,56,0,80,100,0,0,0,0.015272665143304559
1,288,1,98,0,0,2,0,0,0,69,0,68,94,0,0,0,0.007729380223115149
1,19,0,0,1,1,2,0,0,0,68,0,80,91,5,4,0,0.15881525005439945
1,309,0,87,0,0,2,7,2,0,37,0,80,109,0,2,0,0.27677290617452277
0,0,1,0,1,0,0,20,1,0,27,0,80,100,0,0,0,0.0212848504534605
0,54,0,22,1,0,2,32,5,0,56,0,80,100,0,0,0,0.04382715749958188
1,22,0,0,0,0,0,0,0,0,22,1,69,97,5,0,0,0.00533498342622932
1,59,0,0,0,0,0,0,0,0,36,0,88,127,0,2,0,0.004794040135241197
0,135,0,0,0,0,0,0,0,0,28,0,80,100,0,0,1,0.12198617886112331
0,94,0,0,0,0,0,0,0,0,32,2,70,89,10,2,0,0.168398131813688
1,21,1,36,0,0,0,5,7,0,14,0,80,100,0,0,1,0.4435612467989702
0,156,1,99,1,0,0,19,1,0,67,4,86,123,0,3,0,0.0017680244176532449
0,62,1,53,1,1,1,25,0,0,61,1,62,102,0,2,0,0.028904599483179177
1,151,0,174,0,0,0,25,2,1,46,0,80,100,0,0,0,0.01755110790714537
0,522,1,208,1,0,2,0,0,0,99,0,80,100,0,0,0,0.0017839841448163327
0,124,0,64,1,0,0,32,0,1,90,3,80,106,0,1,0,0.02228715861890642
0,81,1,54,0,1,0,30,2,0,30,0,80,100,0,0,0,0.1056785066172558
1,289,1,207,1,0,3,16,1,1,87,4,65,108,4,2,0,0.008729572744400001
1,166,1,105,0,1,3,24,1,0,62,0,80,100,0,0,0,0.0012568504694997322
0,139,0,0,1,0,1,0,0,0,78,0,80,107,0,1,0,0.06956765545687682
1,81,0,0,0,0,0,0,0,0,23,0,80,100,0,0,0,0.23239716340278374
0,164,0,157,1,1,3,30,1,1,89,0,80,100,0,0,0,0.004934726578517812
1,25,0,77,0,0,0,8,3,0,10,0,77,110,2,0,0,0.04159650662244104
1,24,0,0,0,0,0,9,8,0,0,4,31,77,0,5,1,0.9989241915100068
1,213,0,48,1,0,0,15,0,0,45,2,68,108,0,2,0,0.164095483783162
1,69,0,0,0,0,0,0,0,0,5,0,80,100,0,0,1,0.647911958290214
0,0,0,57,1,0,0,0,0,0,45,0,80,100,0,0,0,0.004448267021745438
0,97,0,109,1,0,0,7,2,0,39,1,37,74,0,3,1,0.9485356137928342
0,167,0,0,1,0,0,0,0,0,74,0,80,100,0,0,0,0.025167862628274928
1,161,1,91,1,1,0,23,3,0,40,9,60,90,13,3,0,0.4409896259971386
0,130,1,75,1,1,0,21,1,0,56,0,80,100,0,0,0,0.008605905734007992
0,0,0,0,0,1,0,0,0,0,0,0,80,100,0,0,0,0.03010126829656517
0,124,0,0,0,0,1,0,0,0,23,3,53,97,0,6,1,0.29317479854610096
1,29,0,32,1,0,4,10,7,0,30,4,63,96,3,1,1,0.27476137576953785
0,4,0,84,1,0,0,33,2,0,48,2,63,97,0,0,0,0.0029489271776979784
1,184,1,133,0,1,2,33,0,0,69,1,45,84,0,3,1,0.7661832064631227
0,32,0,22,1,0,0,25,0,0,49,1,81,111,5,2,0,0.01649980248017482
0,57,0,21,1,0,1,6,4,1,45,2,58,85,4,0,0,0.5608579337091633
0,295,0,0,1,1,1,0,0,0,89,0,80,100,0,0,0,0.0007072697016002926
0,47,0,0,0,0,4,0,0,0,30,0,80,100,0,0,0,0.06334556146434271
1,75,0,91,1,0,0,11,0,0,41,2,80,83,0,1,0,0.9196741089452335
0,276,1,202,1,0,3,0,0,0,92,3,80,112,2,6,0,0.028377216193318285
0,183,0,26,1,0,2,25,1,0,55,0,73,113,4,3,0,0.0018664266705594324
1,35,0,0,1,0,0,17,1,0,29,3,80,101,5,4,0,0.06446484003116647
1,170,1,62,1,0,1,19,1,0,76,0,80,100,0,0,0,0.010532143793380857
0,115,0,43,0,0,2,20,1,0,27,0,80,100,0,0,1,0.45192192880674753
0,189,0,34,1,0,1,7,1,0,40,1,44,74,0,3,0,0.9398607306120733
1,155,0,0,1,0,2,0,0,0,77,2,55,90,0,2,0,0.24619095832874732
1,65,0,186,0,0,0,38,5,0,33,0,46,75,8,3,0,0.8916321367030574
0,199,0,122,0,0,1,40,0,0,65,5,42,71,0,1,1,0.8843038715936166
1,0,0,0,1,0,1,0,0,0,33,3,72,105,1,1,1,0.10924291173686529
0,335,0,291,1,1,6,0,0,0,98,1,54,79,0,1,1,0.8705593931575095
1,164,0,100,0,0,0,3,6,0,11,3,80,78,8,2,1,0.8924763633445031
1,35,0,0,0,0,0,0,0,0,6,2,69,96,13,1,0,0.15057667721278756
0,49,1,6,1,1,2,20,0,1,56,1,57,87,0,1,0,0.07003653229643181
1,45,0,67,0,0,0,24,4,0,29,0,80,100,0,0,0,0.03070253155700679
0,43,0,33,0,0,2,12,0,1,55,0,80,100,0,0,0,0.008399728439670379
1,0,0,0,0,0,0,0,0,0,0,0,80,100,0,0,0,0.7130207850061272
0,109,0,0,0,1,2,0,0,0,32,4,47,75,31,0,1,0.900556834190086
1,68,0,61,0,0,2,15,1,0,29,0,80,100,0,0,0,0.38695309333485567
0,14,0,68,1,0,0,9,2,0,49,0,64,107,0,5,1,0.11110181168203138
1,0,0,21,0,0,0,1,0,0,11,4,80,125,4,2,1,0.01987621000888151
0,187,0,0,0,0,0,0,0,0,100,0,80,100,0,0,0,0.16471136746953094
1,299,1,177,1,1,2,34,0,0,90,0,80,100,0,0,0,0.01742631158505365
0,0,0,27,1,1,1,36,1,0,49,0,80,100,0,0,0,0.002167335118787118
0,396,0,0,0,0,6,0,0,0,52,3,45,76,5,3,1,0.8771140403851451
0,122,0,230,1,0,1,17,1,0,66,2,56,87,0,1,1,0.6446696198912311
1,238,0,123,1,0,0,6,3,0,42,2,78,111,5,2,0,0.03078344239369641
0,67,0,73,0,0,0,27,0,0,28,0,75,124,5,1,0,0.00905232609879866
1,235,0,0,1,1,1,0,0,0,71,0,80,100,0,0,0,0.1281814852943517
0,128,0,0,0,0,1,40,1,1,33,7,50,76,4,3,0,0.28787400608133584
1,11,0,18,0,0,0,0,2,0,0,3,53,87,12,1,1,0.9400790767296842
0,213,0,254,1,1,2,33,0,0,83,5,80,114,7,4,0,0.012195708801519904
1,58,0,0,0,0,0,17,4,0,2,1,58,98,0,2,0,0.11087685056854939
1,113,0,42,1,0,0,20,2,0,61,0,44,80,4,1,1,0.2255281772116601
0,98,0,0,1,0,0,0,0,0,58,0,80,100,0,0,0,0.1763427150308463
1,153,0,48,1,0,0,22,2,0,37,0,80,77,0,2,0,0.8248703821632661
1,0,1,36,1,0,0,27,5,1,36,0,68,114,0,0,1,0.08096907670290021
0,127,0,21,0,0,0,4,6,0,0,0,80,100,0,0,1,0.5343388867817151
1,233,0,85,1,0,3,0,1,0,49,1,80,89,0,3,1,0.7393129995314821
1,70,0,0,0,0,0,22,1,0,17,4,51,81,19,1,1,0.9364427429399914
1,0,0,0,0,0,0,0,0,0,0,0,80,100,0,0,1,0.26542256171125905
0,374,0,0,1,0,0,0,0,0,69,2,80,117,8,1,0,0.1177405830262671
1,0,0,23,0,1,1,0,0,0,11,2,80,90,11,4,1,0.9555968451327714
1,82,0,0,1,0,0,0,0,0,36,0,80,100,0,0,0,0.03321998367559946
0,301,0,0,1,1,1,0,0,0,76,5,85,112,0,1,0,0.003944323680635342
1,102,0,0,0,0,0,19,5,0,0,0,80,100,0,0,0,0.01787526808429328
1,91,0,25,1,0,1,0,0,0,38,0,80,100,0,0,1,0.1295482452124819
0,68,1,71,1,1,2,0,0,0,95,0,80,100,0,0,0,0.0017792893468225016
0,280,0,41,0,0,0,7,6,0,6,3,66,106,7,4,0,0.19299434981767521
0,208,1,61,1,1,0,28,4,1,50,0,67,104,7,1,0,0.026291159480422564
1,34,0,0,0,0,0,14,1,1,16,0,80,100,0,0,0,0.2776244030130932
0,495,0,176,1,0,1,17,1,1,79,0,80,100,0,0,0,0.004136398889676159
1,71,0,88,0,1,2,27,0,1,70,8,80,113,4,3,0,0.0049727857514930834
1,124,0,0,1,0,0,28,0,0,43,2,62,101,0,3,0,0.24691628788603084
1,224,0,0,1,0,2,0,0,0,94,2,80,121,1,0,0,0.007851424995492809
1,33,0,0,1,0,0,1,6,0,9,0,80,100,0,0,0,0.10663220975714119
0,177,0,0,0,0,0,0,0,0,84,0,80,100,0,0,0,0.32963288496490717
1,87,0,32,0,1,5,14,1,0,54,4,80,83,17,6,1,0.9613633202148755
0,294,0,36,1,0,1,14,0,1,57,2,58,88,0,4,0,0.49839522521523155
0,295,1,380,0,0,1,0,0,0,58,4,35,79,8,4,1,0.8919514909166938
1,84,0,0,1,0,2,10,0,0,38,1,80,98,2,2,0,0.08586198379777105
1,353,0,27,0,0,4,8,2,0,22,0,80,100,0,0,0,0.014496616995583701
1,145,0,130,0,0,3,56,0,0,63,2,48,83,5,1,1,0.9122462073918275
1,180,0,13,0,0,2,18,0,1,48,0,54,90,0,1,0,0.09148752607555663
1,114,0,0,1,0,0,0,0,0,56,2,51,90,6,1,0,0.20675716820246326
1,142,0,103,1,0,0,31,0,0,63,1,80,93,4,3,0,0.1278137009056764
0,26,0,0,1,0,1,0,0,0,59,3,80,94,0,0,0,0.07290819567736986
0,94,1,13,0,1,1,28,1,0,28,5,61,88,0,2,0,0.1220359573873574
0,92,0,10,1,0,1,11,2,0,41,0,62,99,0,2,0,0.19387558085924517
0,68,1,23,1,0,2,32,3,0,44,5,80,110,6,2,0,0.16755243498203806
1,184,0,62,1,0,1,12,1,0,63,0,84,118,2,0,0,0.021083118326835668
1,125,0,0,0,0,0,0,0,0,48,0,81,120,5,3,0,0.03675014808272907
1,24,1,97,0,1,4,5,5,0,18,1,89,120,8,0,0,0.015711023067429
0,408,0,158,0,0,0,31,5,0,38,0,80,100,0,0,0,0.003936124353093762
0,0,1,0,1,0,2,0,0,0,40,3,38,91,0,1,0,0.8772535233701807
1,222,0,90,1,0,0,9,3,0,39,0,80,100,0,0,1,0.3785221808295162
1,1,0,17,0,0,0,16,0,0,11,0,43,68,0,4,1,0.760661660958247
1,49,0,31,1,0,0,14,3,0,25,2,78,104,7,0,0,0.04932430549529386
0,469,0,145,1,0,4,14,0,0,76,0,80,100,0,0,0,0.004024264486870495
1,80,0,43,1,0,3,21,0,0,57,0,80,100,0,0,0,0.005215063020509485
0,198,0,0,1,0,1,0,0,0,89,0,83,106,0,1,0,0.004213195416910804
0,25,0,0,1,0,1,0,0,0,58,0,80,100,0,0,0,0.008913919372191482
1,24,0,0,1,0,1,20,2,0,30,2,66,106,0,4,0,0.1383388608063102
0,19,1,47,1,1,4,8,2,1,49,2,91,116,1,0,0,0.0006952563672436055
1,0,0,0,0,0,0,0,0,0,0,1,80,112,7,1,0,0.06200054864181664
0,99,0,0,1,0,0,0,0,0,62,0,80,100,0,0,0,0.0008011721629629239
1,149,0,0,0,0,1,18,2,0,18,1,80,103,0,1,0,0.1055251404834948
1,229,0,8,0,0,0,7,7,0,2,0,50,91,0,3,1,0.7199816777296083
1,290,0,109,0,0,1,0,0,0,48,1,72,110,10,2,0,0.19152679543786696
0,325,0,156,1,1,1,20,2,0,65,0,80,100,0,0,0,0.11434098297772605
1,135,0,102,1,0,0,14,3,1,54,3,80,107,9,0,0,0.06962550308641358
0,161,0,68,1,1,1,0,0,0,54,0,80,100,0,0,0,0.505758950993406
1,0,0,0,1,0,0,0,0,0,44,3,43,82,0,1,1,0.9703967314870622
1,0,0,69,0,0,0,23,4,0,30,0,80,100,0,0,0,0.5905537623226115
0,156,0,14,0,1,3,0,0,0,25,1,50,83,4,0,0,0.4939235259917524
1,125,0,116,1,0,0,30,1,0,71,7,49,80,5,1,1,0.9002214069124014
1,162,1,42,0,0,0,24,2,0,23,0,57,85,0,2,1,0.9584827935072847
0,212,0,148,0,0,0,16,2,0,41,0,80,100,0,0,0,0.0046695973594100245
1,299,0,66,1,0,0,10,1,0,47,0,80,100,0,0,0,0.051918563466916444
1,163,0,6,1,0,0,10,0,0,38,6,85,123,7,6,1,0.05729789935154978
0,54,0,0,1,0,0,0,0,0,49,7,68,91,0,0,1,0.7239055376212054
0,385,1,291,1,0,0,0,0,0,86,4,61,92,5,0,0,0.01108461308484403
0,290,1,0,1,0,2,25,1,1,60,11,69,94,0,0,0,0.04323090971521568
0,69,0,0,0,0,0,0,0,0,21,0,80,100,0,0,1,0.12255435569158295
1,215,0,135,0,1,0,16,1,1,59,0,80,91,0,0,0,0.016753950252043005
1,277,0,114,1,0,5,28,1,1,93,0,80,100,0,0,0,0.0020514789619156277
1,74,0,28,1,0,1,13,4,0,27,3,64,102,0,4,1,0.8741416326308852
1,92,0,0,0,0,1,0,0,0,24,7,73,101,0,2,0,0.04114445186606197
0,0,0,0,1,0,0,20,3,0,21,1,62,99,0,0,0,0.49698632566299555
1,347,0,69,1,0,0,26,0,0,53,2,61,96,0,1,0,0.029951411589290978
1,0,0,26,1,0,0,18,1,1,44,3,80,108,10,0,0,0.09487013138294315
1,165,1,43,1,1,1,35,0,0,72,0,57,88,3,1,0,0.3159429134975729
0,342,1,147,1,0,0,34,0,1,78,2,65,109,6,1,0,0.014313336286113847
0,149,0,134,1,0,3,34,0,0,90,1,38,72,0,8,1,0.9239358641282613
0,113,0,21,1,1,1,26,1,0,60,2,72,103,0,4,0,0.004908643742676163
0,360,0,0,1,1,3,0,0,0,100,1,80,105,0,1,0,0.00487293347781688
1,176,0,27,0,0,1,9,9,0,4,0,80,100,0,0,0,0.24927569986212803
0,95,0,98,1,0,0,10,2,1,52,1,60,93,0,2,0,0.2069978122930779
1,590,0,0,1,0,0,0,0,0,78,2,80,91,8,4,0,0.2758328497696105
1,86,0,0,0,1,2,0,0,0,43,0,63,97,5,1,0,0.14893468156304515
0,117,0,87,1,0,0,30,0,0,78,4,76,97,0,1,0,0.009091536491196182
0,685,1,161,1,1,1,36,0,0,78,5,80,100,0,1,0,0.0140076404213201
1,111,0,36,0,1,0,23,2,0,14,0,80,100,0,0,0,0.3753620916877168
0,247,0,362,1,1,3,35,0,0,83,9,41,88,0,1,0,0.3994591492440492
0,155,0,52,1,0,0,0,0,0,56,0,80,100,0,0,0,0.0020860144692915537
1,211,1,25,0,0,1,14,6,0,7,0,80,100,0,0,1,0.04096080662768608
1,243,0,32,1,0,1,20,1,0,49,1,40,70,22,1,1,0.9954700821738407
0,70,0,21,1,0,0,23,1,1,47,0,80,100,0,0,0,0.016435866316914814
0,129,1,0,1,0,0,18,4,0,32,6,80,109,1,2,1,0.011195954755005389
0,163,0,151,0,0,1,12,1,0,34,2,40,86,7,5,1,0.9904247467540296
1,74,0,116,0,0,1,13,0,0,46,0,80,100,0,0,0,0.008587579757919168
1,285,0,0,0,0,3,0,0,0,42,0,80,100,0,0,0,0.05770966670778012
0,56,0,0,0,0,0,0,0,0,6,4,60,89,8,1,0,0.7112578204995345
0,258,0,180,1,0,0,0,0,0,81,0,66,99,0,1,0,0.006521541398074496
1,114,0,63,0,1,0,30,2,0,54,0,80,100,0,0,0,0.07158626059823894
1,27,0,120,0,1,2,11,0,1,47,4,55,95,7,3,1,0.6432544970038003
1,0,0,0,0,0,1,13,2,0,6,4,34,72,14,11,1,0.9991834210301778
1,0,0,0,0,0,0,0,0,0,0,4,71,104,0,2,1,0.35247863832092147
1,128,1,78,1,0,1,29,1,0,64,4,70,108,0,2,0,0.013758469170867782
1,84,0,0,0,0,0,0,0,0,18,1,71,94,0,1,0,0.011744398728266287
1,21,0,14,0,0,1,9,3,0,4,3,67,106,0,0,0,0.20233247814538272
0,86,0,182,0,1,0,31,2,1,54,0,80,100,0,0,0,0.002246181311186686
1,368,0,136,1,0,0,9,2,1,59,2,35,75,0,4,1,0.9862382032164801
0,15,1,10,1,0,6,27,0,0,47,4,71,108,0,1,0,0.008068048608486346
0,111,0,93,0,0,1,32,0,0,45,0,94,126,0,1,0,0.002969474249818038
1,70,1,29,1,0,1,0,0,0,57,2,44,84,4,2,1,0.7578349826972267
0,39,0,0,1,0,2,0,0,0,69,0,71,106,3,1,0,0.06481809738822249
0,428,0,8,1,0,1,12,0,1,55,2,63,97,0,1,0,0.11057511885133434
0,337,0,0,1,0,2,0,0,0,87,0,80,100,0,0,0,0.0020627736111250624
1,84,0,0,1,0,3,16,2,1,48,6,84,119,0,2,0,0.02221928029921062
0,102,1,107,1,0,2,40,1,0,85,0,80,100,0,0,0,0.002214712019874686
1,60,0,40,0,1,0,14,2,1,32,0,71,116,0,2,0,0.0875867125492414
0,238,0,63,1,0,0,37,1,0,50,3,75,127,0,0,0,0.0011563012982043327
1,205,0,85,0,0,1,17,2,0,40,0,80,100,0,0,0,0.12349166298510679
0,87,0,0,1,0,0,0,0,0,71,4,80,121,0,1,0,0.0038017449484395605
1,22,1,59,1,0,0,0,0,0,55,3,76,102,0,1,1,0.3028608032935771
0,370,1,64,0,0,1,18,1,0,39,0,80,100,0,0,0,0.002509446192139769
0,543,0,5,1,0,1,0,0,0,54,2,87,125,0,1,0,0.0029453438582635397
1,232,0,72,0,1,0,22,0,0,39,9,46,72,0,0,1,0.9792609243032032
1,1,0,0,0,0,1,0,0,0,5,2,80,103,3,1,1,0.21794210910780962
0,333,0,208,0,0,1,0,0,0,60,3,80,82,1,0,0,0.060160579741377083
0,207,0,81,1,1,2,33,1,1,71,3,61,92,9,0,0,0.01747777201635244
1,0,0,184,1,0,0,38,3,0,56,2,37,73,0,3,1,0.9790728072296424
0,196,1,47,1,0,0,15,0,0,41,0,80,100,0,0,0,0.07980559785386315
0,191,0,40,1,0,0,18,1,0,65,0,80,100,0,0,1,0.016597038236165214
1,150,0,171,0,0,4,26,4,0,44,0,53,91,0,1,0,0.3489772913420714
1,26,0,102,0,0,3,24,1,0,37,0,57,82,1,1,0,0.14255223928215127
0,0,1,69,0,0,1,9,0,0,24,3,50,73,0,1,1,0.9475746657597984
0,244,0,0,1,0,2,0,0,0,100,0,51,83,11,1,0,0.2121795157935687
0,202,0,27,0,0,2,0,0,0,34,2,76,107,13,1,0,0.15285968131099328
1,161,0,20,1,0,1,0,0,0,53,0,67,97,0,0,0,0.023859751640717585
0,61,0,10,0,1,1,21,2,0,14,0,80,100,0,0,0,0.03653378618271364
1,0,0,17,1,0,0,0,0,0,32,0,80,100,0,0,0,0.3086443389959723
1,159,1,128,1,1,1,24,2,0,54,0,80,100,0,0,0,0.005892412871469232
1,56,1,86,1,1,3,21,0,0,77,7,64,100,0,0,1,0.1684684927606083
1,114,0,83,0,0,0,29,1,0,47,1,80,105,5,1,0,0.18603035972673307
1,41,0,0,0,0,2,19,2,0,20,3,69,105,6,0,0,0.2830276982979861
1,19,0,0,1,0,0,0,0,0,47,4,76,95,4,1,1,0.739559318540683
0,142,0,33,1,0,2,35,0,1,80,2,82,118,12,3,0,0.0024450300267574118
0,80,1,37,1,0,0,35,0,0,72,1,73,102,0,2,0,0.005404354031355739
0,22,0,106,1,0,0,0,0,0,57,6,80,98,0,1,0,0.20002351276906788
1,0,0,12,0,0,0,0,0,0,4,3,64,106,0,4,0,0.6343215473826613
1,0,0,0,0,0,0,0,0,0,0,2,58,95,4,3,0,0.5494680871625917
1,0,0,21,0,0,0,0,4,0,0,0,80,100,0,0,1,0.877031777159228
0,341,0,0,0,0,0,0,0,0,70,3,81,111,4,0,0,0.0028032692724859493
0,98,1,43,0,0,0,16,1,0,22,2,59,89,0,2,0,0.09149377413758068
1,18,0,0,0,0,0,0,2,1,5,0,80,100,0,0,1,0.7704353640843936
1,145,0,17,1,1,1,0,0,0,42,2,47,93,19,2,1,0.9135137459101225
0,126,0,69,1,0,0,19,2,0,54,3,68,107,0,1,0,0.16218499801448155
0,109,0,63,0,0,3,20,6,0,17,0,80,100,0,0,0,0.005521137906664173
1,2,0,0,1,1,0,18,3,0,20,0,80,100,0,0,0,0.26446608356166074
1,0,0,0,0,0,0,0,0,0,0,0,80,100,0,0,0,0.28353608124420276
0,42,0,0,0,0,2,0,0,0,35,2,80,96,6,1,0,0.5895614852649825
0,0,0,24,0,0,0,25,3,0,13,3,75,101,0,0,0,0.033054275176530964
0,314,0,353,1,0,3,30,1,0,82,0,80,100,0,0,0,0.00021491026816191155
1,0,0,0,1,0,0,0,0,0,44,9,80,64,5,1,1,0.988198682218026
0,47,0,79,1,0,1,23,4,0,42,0,80,100,0,0,0,0.0998484423207182
1,117,0,35,0,0,1,17,0,1,33,7,58,91,0,1,0,0.11885942847645549
1,106,0,4,1,0,1,0,1,0,31,0,80,100,0,0,1,0.6564885269620315
1,217,0,36,1,0,0,24,0,0,63,0,80,100,0,0,0,0.0076686983370277744
1,50,0,114,0,0,0,57,2,0,43,4,39,75,4,0,0,0.9140942845823736
0,356,0,236,1,1,1,26,0,0,79,1,80,112,4,0,0,0.008766233647158004
0,94,0,30,1,0,1,18,5,1,50,0,80,100,0,0,0,0.030158922568054462
1,42,1,74,0,1,2,15,1,1,56,4,80,89,0,2,1,0.554791305963982
1,77,0,1,1,0,1,23,9,0,29,0,80,100,0,0,1,0.7295304387459469
0,162,0,47,0,0,1,7,2,0,14,6,64,107,0,2,0,0.2447142897577734
1,157,1,150,0,0,0,13,0,1,44,1,78,108,3,1,0,0.007028217152763365
1,35,0,0,0,0,0,0,0,0,11,1,79,117,1,4,0,0.02091602210405734
1,0,0,0,0,0,1,0,0,0,11,3,62,84,0,4,1,0.825893962771828
1,258,0,6,1,1,0,11,2,0,34,3,80,100,0,0,0,0.04755139242493956
1,47,0,16,0,0,2,6,0,0,20,2,72,114,15,1,1,0.5248983884540342
0,632,0,322,1,0,3,45,0,0,90,1,80,86,12,2,1,0.574415633400279
1,103,0,74,1,1,2,0,0,0,83,9,80,105,8,1,0,0.13762435590284133
0,75,1,200,0,0,1,57,1,0,51,0,46,81,11,0,0,0.20610511225449635
1,198,0,32,1,0,4,0,0,0,54,0,80,77,4,1,1,0.32888909697417734
1,1,0,0,0,0,0,0,0,0,0,0,80,100,0,0,0,0.02102055520458138
1,27,0,87,1,1,1,0,0,0,76,3,70,100,8,6,0,0.22201982610016355
0,127,0,14,1,0,1,28,2,0,57,1,63,93,0,0,1,0.3661396027846271
1,184,1,119,1,0,3,19,0,0,74,1,81,122,2,0,0,0.0005587465034038131
1,198,0,21,0,0,0,5,7,0,0,2,84,120,0,0,0,0.004792724928445914
0,107,0,86,1,0,0,40,1,1,60,7,36,67,6,4,1,0.9630291208950436
1,47,1,30,0,0,0,25,0,0,35,8,41,83,0,6,1,0.9301459586505867
0,91,0,6,1,0,1,18,1,0,34,0,80,100,0,0,0,0.16427148058831445
0,473,0,124,0,1,3,25,0,0,57,1,80,121,1,2,0,0.0011520038695929473
0,134,0,28,1,0,0,21,2,0,38,0,80,100,0,0,0,0.029367003521039842
0,73,0,0,1,0,0,0,0,0,62,3,61,97,0,0,1,0.4474464011198991
1,31,0,42,0,1,0,0,0,0,11,0,62,93,6,2,0,0.6482620710445601
0,15,0,0,0,0,0,0,0,0,9,2,80,73,16,3,1,0.8660741025954619
1,0,0,26,1,0,0,9,1,0,27,2,57,101,4,3,1,0.7311015457543063
1,31,0,0,1,0,2,0,0,0,69,4,65,96,0,2,0,0.03516189890999191
0,94,1,72,0,0,0,0,0,0,48,3,62,101,9,0,0,0.26766345568685485
1,13,0,0,0,0,0,0,0,0,1,0,49,83,0,5,1,0.985416891590968
0,0,0,12,1,0,0,0,3,0,14,3,47,97,0,1,1,0.9476910971169368
1,27,0,0,0,0,0,0,0,0,6,1,62,91,0,8,0,0.4351928208355658
0,0,0,13,1,0,1,22,7,1,34,0,80,100,0,0,0,0.08849811105186427
0,0,1,0,0,0,0,18,5,0,0,0,80,100,0,0,0,0.2654513922088493
1,0,0,0,0,0,0,0,0,0,0,0,80,100,0,0,1,0.6300260815487467
1,112,0,0,0,1,1,0,0,0,27,0,80,100,0,0,0,0.39987160335821176
1,0,0,0,1,0,0,0,0,0,44,2,38,79,0,3,1,0.9679143382505716
1,0,0,0,0,0,0,0,0,0,0,6,51,85,8,1,1,0.8481096245219805
1,23,1,52,1,0,0,20,4,1,52,0,80,100,0,0,0,0.10973007335481648
0,330,0,202,1,0,0,28,1,0,71,2,44,80,0,1,0,0.20992066762055378
1,116,0,0,0,1,0,10,3,0,3,1,80,79,0,1,1,0.9692335808064179
0,255,0,103,1,1,1,9,3,0,53,0,80,100,0,0,0,0.01182628926496836
1,490,0,257,1,1,2,15,2,0,75,2,51,96,0,3,0,0.1726232081735234
0,88,0,0,1,0,1,0,0,0,72,0,80,100,0,0,0,0.010721755859095378
1,293,1,25,0,0,2,0,0,0,34,5,67,107,1,3,0,0.020000596860945186
0,19,0,0,1,0,0,11,5,1,22,0,80,100,0,0,0,0.027608910812653327
1,36,0,0,0,0,2,0,0,0,29,0,80,100,0,0,0,0.3401192109453425
0,150,0,164,0,0,2,31,3,1,63,4,47,79,6,2,1,0.9268612404654964
0,220,0,106,0,0,0,0,0,0,40,0,80,103,4,6,0,0.2594562962083434
1,87,0,46,0,0,0,7,1,0,11,8,45,82,7,3,1,0.9788255636646724
0,139,0,80,1,0,0,0,0,0,62,0,57,79,11,3,1,0.347106873955014
1,213,0,33,0,1,0,0,0,0,33,1,41,77,8,9,0,0.9398627999838497
0,115,0,130,0,0,0,25,1,1,46,2,69,99,19,1,0,0.32567132419719413
0,37,0,15,1,0,0,12,0,0,31,4,65,97,6,0,0,0.022446709122570456
1,226,0,0,0,0,0,0,0,0,44,3,41,80,0,0,1,0.7340956127416804
1,339,1,23,1,0,3,16,2,1,57,0,80,100,0,0,0,0.03245000795321817
1,60,0,0,0,0,1,0,0,0,26,0,80,118,0,4,0,0.0007103304477024845
1,34,0,55,0,0,0,0,3,0,2,4,57,94,5,1,1,0.5569474568422631
0,0,1,0,1,0,1,34,0,0,40,1,77,113,5,0,0,0.0016788479931796466
1,55,1,48,1,0,0,0,0,0,73,5,62,81,0,3,1,0.8588917010865996
0,47,0,108,0,1,3,20,0,0,54,2,65,97,0,1,0,0.035887748687068226
0,11,1,83,0,0,2,16,3,0,35,3,72,112,0,0,0,0.02118655330545952
0,267,0,308,0,0,0,63,1,0,50,0,80,100,0,0,0,0.05543577190764649
1,10,0,34,0,0,1,37,3,1,27,0,80,100,0,0,0,0.028721618971146078
0,294,0,225,1,1,4,0,0,0,97,5,38,70,10,1,1,0.9945061390228491
1,0,0,0,0,0,0,0,0,0,0,0,80,100,0,0,1,0.6452932758377514
0,17,1,74,1,1,1,54,0,0,72,2,67,108,20,0,0,0.05218080364617924
1,31,0,19,0,1,0,2,2,0,7,0,80,100,0,0,0,0.10068227847660986
1,4,0,0,0,0,0,0,0,0,1,4,53,86,15,3,1,0.9775952498241537
0,78,0,0,1,0,3,32,1,0,54,2,79,112,6,2,0,0.04333496824682874
1,427,1,340,1,1,3,30,0,0,88,0,80,119,1,1,0,0.0006264701515687885
0,250,1,343,1,1,2,44,0,1,93,4,80,75,0,5,1,0.22731331444660433
1,382,0,0,0,0,1,0,0,0,35,0,80,100,0,0,0,0.0014542080156525587
1,39,0,86,0,0,2,10,0,0,47,5,80,99,11,1,0,0.0325772579720378
1,178,1,42,0,0,1,6,4,0,32,0,80,100,0,0,0,0.31338492380916955
1,129,0,19,0,1,0,0,0,0,25,6,47,85,0,2,1,0.6564193958421087
0,329,1,95,1,1,1,30,0,0,83,2,92,132,7,2,0,0.0033456481553527377
0,177,1,21,0,0,4,25,0,1,64,0,80,100,0,0,0,0.024698668982846974
0,89,1,102,0,0,1,0,0,0,58,0,80,100,0,0,0,0.013925412343689781
0,159,0,52,1,0,0,3,3,1,36,5,45,70,0,2,1,0.9911618907244538
0,140,0,108,1,0,1,0,0,0,85,2,53,83,11,2,1,0.8651161341602017
0,603,1,70,1,1,2,39,0,1,80,0,49,84,0,2,0,0.25006205232517414
1,0,0,79,0,0,1,21,5,0,21,0,40,65,0,3,1,0.9743182198802361
1,34,0,37,0,0,1,28,2,0,44,2,79,111,1,2,0,0.023291910143379273
0,35,1,36,1,1,1,33,0,0,47,3,80,99,0,1,0,0.11571398639591307
1,0,0,35,0,0,0,0,0,0,33,4,58,105,14,3,1,0.7584579288245464
0,226,0,67,0,0,0,0,0,0,38,3,80,96,0,2,1,0.1739077136316233
0,9,0,40,1,1,1,27,0,1,66,0,80,100,0,0,0,0.002957313235936948
1,423,0,133,0,1,2,65,1,0,56,5,48,76,8,0,1,0.6786467027315404
1,68,0,119,0,0,0,0,0,0,48,0,80,100,0,0,0,0.47733855537239994
0,46,0,84,1,1,2,31,0,0,82,0,80,100,0,0,0,0.0005627330147229834
0,499,0,250,0,1,2,29,1,0,66,4,69,89,0,0,0,0.02647843172061792
1,232,0,173,1,0,3,16,6,0,61,1,51,83,0,1,0,0.6076277758979524
1,29,1,64,1,0,1,6,0,0,62,10,58,93,11,3,1,0.8952449292316433
0,72,0,0,1,1,0,21,1,1,45,5,65,109,2,0,1,0.028260684548830618
0,109,1,46,1,1,1,26,0,0,55,2,63,105,4,6,0,0.029122867038123477
1,58,0,0,1,0,0,16,4,0,19,0,80,100,0,0,1,0.2204339502852313
1,18,0,0,0,0,0,0,0,0,5,0,80,100,0,0,0,0.18632179340942628
0,212,1,234,0,0,0,0,0,0,54,2,48,87,0,1,0,0.17166984610923003
1,341,0,77,1,0,0,0,0,0,66,3,57,97,0,3,1,0.26097223785567303
1,0,0,1,0,0,0,0,6,0,0,1,65,97,7,0,1,0.7892479519556432
1,0,0,133,0,1,0,26,3,0,34,18,45,91,0,3,1,0.9357680586952747
1,0,0,0,1,0,0,18,4,0,17,2,80,94,1,0,0,0.20066757968678073
0,348,1,145,0,1,5,48,0,1,80,0,80,100,0,0,0,0.0005453461272096889
0,0,0,14,1,1,0,26,2,1,46,3,40,77,19,2,1,0.8696861802010978
0,69,1,121,0,0,2,23,1,0,40,5,80,97,0,1,0,0.02708289903689524
0,113,0,34,1,0,1,24,2,1,64,4,70,109,0,9,0,0.06632401652965553
1,98,0,155,0,1,1,13,3,0,28,0,80,100,0,0,0,0.03596910935910697
0,0,0,15,0,0,0,35,4,1,16,0,48,90,0,5,0,0.5908721945268522
0,284,1,218,1,0,2,34,0,0,90,0,80,100,0,0,0,0.0005257715108814296
0,266,0,0,1,0,0,26,1,1,49,1,86,125,0,0,0,0.04414759708012543
0,59,0,38,1,0,0,0,0,0,64,2,71,107,0,1,0,0.1795674070364792
1,205,0,107,0,1,1,9,2,0,26,8,35,74,15,4,1,0.9697675520785242
0,114,0,37,1,1,1,0,1,0,37,0,67,99,0,2,0,0.22295905552570947
1,44,0,0,0,0,1,0,0,0,15,0,69,106,0,3,0,0.1252372856978043
1,198,0,0,0,0,0,4,3,1,12,0,75,106,0,7,1,0.4918257566517316
1,33,0,0,1,0,0,17,3,0,21,4,61,86,0,4,0,0.2816511220363079
0,205,0,0,0,1,3,0,0,0,37,0,71,119,1,0,0,0.0010878746289872685
1,98,0,0,0,0,1,0,0,0,32,0,80,100,0,0,1,0.32838832058351386
1,212,0,153,1,0,2,13,4,0,60,0,57,90,0,2,1,0.33185924076742185
0,107,0,0,0,0,1,0,0,0,18,2,80,102,0,0,0,0.009288924627229956
1,192,0,34,0,0,0,9,6,1,24,4,83,123,0,1,0,0.037135998070367104
1,168,0,178,1,1,0,27,2,0,63,3,69,106,3,0,0,0.05418669001507281
0,322,1,337,1,1,2,31,0,1,96,0,80,100,0,0,0,0.0002623864478423859
0,130,0,0,1,0,2,22,0,0,46,1,89,126,1,1,0,0.0010565626901536235
0,0,1,52,0,0,0,0,0,0,40,4,83,110,2,0,0,0.04466930456975773
1,0,0,0,0,0,0,0,0,0,0,0,80,100,0,0,0,0.6459850112003348
0,310,0,185,1,0,0,17,1,0,70,1,82,111,2,1,0,0.0028164732932478595
1,78,0,0,0,1,0,30,0,1,36,0,80,100,0,0,0,0.006171736013645701
0,134,0,0,1,0,2,0,0,0,76,5,77,115,0,2,0,0.02975029948028948
1,56,0,0,1,0,0,2,2,0,20,0,80,100,0,0,0,0.07238361187093605
1,11,0,43,1,0,1,0,2,0,26,1,64,97,1,2,0,0.28754355955348954
1,146,1,14,0,0,2,0,0,0,24,0,80,100,0,0,1,0.1108825763020331
1,349,0,62,0,1,0,8,1,0,30,2,70,98,0,1,0,0.08672495124543254
1,15,0,0,0,0,0,0,0,0,10,3,72,107,1,0,0,0.02601677742819319
0,148,0,74,1,1,0,0,2,0,58,3,63,93,10,0,1,0.8885818451762897
1,46,0,72,0,1,1,5,4,0,7,0,80,100,0,0,1,0.1718816333490873
0,95,0,19,1,0,0,0,2,0,28,0,80,100,0,0,0,0.591408987529404
1,78,1,87,1,0,0,35,2,1,81,0,80,100,0,0,0,0.002050428936828732
0,25,0,0,0,0,0,0,0,0,4,0,80,100,0,0,0,0.03635337327305608
1,180,0,0,0,0,1,0,0,0,24,4,46,74,0,2,1,0.9393178158901087
1,53,0,0,1,0,3,0,0,0,70,0,39,82,7,4,1,0.8718225651743355
1,31,0,102,0,0,0,21,8,0,27,5,52,82,5,3,1,0.8101693285237044
0,97,0,0,0,0,0,0,0,0,58,0,80,100,0,0,0,0.03734232713370433
0,88,0,0,1,1,3,0,0,0,86,3,58,102,0,3,0,0.26356626216356926
1,107,0,10,1,1,0,33,0,1,51,2,82,114,13,1,0,0.00792180437259685
1,0,0,47,0,0,0,28,1,1,30,0,55,93,0,1,1,0.777547882524442
0,200,0,0,1,0,4,20,1,0,52,4,71,101,5,1,0,0.003122919548347873
1,0,0,22,0,0,0,13,1,0,9,6,42,74,25,3,1,0.9723595374194842
0,210,0,14,1,1,2,17,1,0,57,0,80,100,0,0,0,0.010894565298444566
1,356,0,245,1,1,3,39,1,0,85,5,37,77,2,0,1,0.8577982673037159
1,115,0,315,1,0,0,0,0,0,72,1,42,80,16,1,0,0.8974574966820318
1,100,0,140,0,0,0,59,12,0,25,0,80,100,0,0,0,0.35684979048664883
0,147,0,137,0,0,0,22,1,1,55,0,80,100,0,0,0,0.002775365721994297
1,0,0,0,0,0,0,11,1,0,2,1,80,79,0,5,1,0.8208258300589284
1,93,0,118,0,0,1,19,2,1,42,0,51,81,0,3,0,0.48845177411099944
0,58,0,0,0,0,0,0,0,0,4,7,36,75,4,4,1,0.9917505467260338
1,80,0,120,1,0,0,7,0,0,50,0,80,100,0,0,0,0.25779618779603297
1,133,0,0,0,0,0,0,0,0,26,0,80,100,0,0,0,0.2218525172765128
0,155,0,0,0,0,0,0,0,0,33,2,80,100,3,4,1,0.28074797283530434
0,87,1,71,0,0,1,14,5,0,10,0,80,100,0,0,0,0.012629092652082318
1,213,0,0,1,0,1,0,0,0,72,0,80,100,0,0,0,0.13047308257241264
0,278,1,115,1,0,0,28,0,0,63,4,74,113,6,1,0,0.02534685641202044
1,252,0,0,0,0,1,0,0,0,30,9,45,102,0,2,0,0.3479083644347323
1,122,1,42,1,1,1,21,0,0,60,0,80,100,0,0,0,0.0078051540075496865
1,179,0,0,0,0,0,3,0,0,15,0,80,100,0,0,0,0.5874545848575616
0,173,0,12,1,1,0,6,0,0,44,0,80,100,0,0,0,0.004115321225657048
1,183,0,79,0,0,3,27,0,1,56,1,80,121,3,1,0,0.001488479662472123
1,31,1,43,1,1,0,10,1,0,33,2,78,113,6,2,0,0.07235961339086901
1,0,1,65,0,1,0,20,3,0,31,3,46,81,0,1,1,0.7198669721176936
0,136,0,101,0,0,3,0,0,0,62,1,77,115,0,1,0,0.0016034115403209663
1,181,0,0,1,0,2,0,0,0,84,0,80,100,0,0,0,0.15414788928316067
0,5,0,0,0,0,0,0,0,0,2,0,80,72,6,3,1,0.48999025174429817
0,66,0,0,0,1,0,0,0,0,13,1,58,100,0,0,1,0.46724445572331014
1,128,0,115,0,0,5,28,1,1,69,0,83,123,0,0,0,0.0003824837844036758
1,173,0,36,0,0,0,20,3,0,13,1,82,120,0,1,0,0.013529342651662545
0,46,1,28,1,0,2,0,0,0,51,3,39,72,8,1,1,0.8844489705812584
0,120,0,89,1,0,1,13,0,0,61,3,66,113,0,2,1,0.18715737994545945
0,150,1,49,1,0,2,22,6,0,38,0,65,107,0,1,1,0.2977159316364515
1,44,1,52,0,0,0,0,0,0,16,1,67,94,0,0,0,0.2640839124552691
1,57,0,0,1,0,1,18,4,0,26,1,50,88,24,2,1,0.9577304644273985
1,202,0,0,0,0,1,0,0,0,25,2,79,117,5,2,0,0.011747049984132472
1,122,0,0,0,0,0,0,0,0,63,0,80,100,0,0,0,0.01974074275358898
1,221,0,78,0,0,0,34,2,0,52,0,80,100,0,0,0,0.3734226823698035
1,43,0,132,0,0,0,0,0,0,32,0,80,100,0,0,1,0.2462195620600639
0,46,0,114,0,1,3,13,2,0,43,2,55,94,0,2,0,0.45771535799614227
1,338,0,0,0,0,0,0,0,0,68,3,96,117,7,1,0,0.0027794719732016143
1,54,0,0,0,0,1,18,1,1,24,4,52,86,20,1,1,0.9278180414268108
1,148,1,15,1,1,2,39,0,0,62,0,80,100,0,0,0,0.00044167593269149136
1,131,0,26,0,1,0,13,5,0,12,3,80,110,11,1,0,0.21228138898178245
0,166,0,138,0,1,1,29,2,1,49,0,80,100,0,0,0,0.00668091825438044
1,24,0,88,1,0,0,11,0,0,50,0,80,100,0,0,0,0.06671813236620566
1,131,0,22,0,0,1,5,0,0,30,7,61,92,0,3,0,0.3564317811685248
1,5,0,88,0,0,2,19,0,0,35,2,54,93,0,1,0,0.7112579906420788
1,24,0,0,0,0,0,0,0,0,1,1,75,112,0,2,0,0.09866372459707591
0,312,0,95,1,0,2,8,0,1,83,0,80,100,0,0,0,0.006707011478734009
0,0,0,12,0,0,2,13,1,0,16,4,65,89,18,3,1,0.8904476925363839
1,0,0,28,0,0,0,8,5,1,12,0,80,100,0,0,1,0.3247860320142223
0,160,0,48,1,0,0,10,0,1,66,0,91,125,2,0,0,0.0006483364999425983
1,163,1,109,1,0,1,21,4,1,75,2,80,70,0,0,0,0.9046885150508606
1,119,0,37,1,1,0,0,0,0,54,1,83,122,0,0,0,0.0028827568306896436
1,24,0,121,0,0,3,24,2,1,57,0,80,100,0,0,0,0.012427061975346243
1,0,0,8,0,0,0,0,0,0,2,2,70,114,3,0,0,0.07922257312323136
0,16,0,0,1,0,4,0,0,0,69,0,80,100,0,0,0,0.011920941868949387
0,51,1,81,1,1,1,0,0,0,79,5,80,69,0,2,0,0.2998479814384612
0,226,0,0,1,0,0,0,0,0,68,0,80,100,0,0,1,0.18763116350732717
1,214,1,103,0,1,2,22,2,0,54,1,79,104,3,0,0,0.006750623547349239
1,110,0,10,0,0,4,16,2,0,27,6,70,107,4,2,0,0.2764861536534406
1,14,0,65,0,0,0,8,2,0,10,4,65,110,0,3,0,0.10193962557802103
0,52,0,0,1,0,1,33,1,0,43,2,73,110,2,2,0,0.0026611574868639185
1,7,0,20,0,0,0,14,1,0,8,5,80,109,1,1,0,0.1252758513910729
0,200,0,0,0,0,0,0,0,0,50,0,80,100,0,0,1,0.118857505768009
1,179,0,0,1,1,0,0,0,0,61,0,96,118,0,0,0,0.000472737694568175
0,182,0,268,1,0,3,34,1,0,80,0,80,100,0,0,0,0.007426263916882811
1,0,0,0,1,0,1,0,0,0,56,2,80,125,6,1,0,0.0070846729382838865
0,0,0,0,0,0,1,0,0,0,11,3,68,100,0,0,1,0.3520016209341487
1,476,1,289,1,1,3,28,1,1,96,8,41,79,0,1,1,0.9683133450071298
1,186,0,0,0,0,0,9,4,0,2,1,80,121,2,2,0,0.008243711494647931
1,0,0,22,0,0,0,7,2,0,2,4,69,109,0,0,0,0.16260571580674416
0,184,0,0,1,0,0,0,0,0,59,1,80,78,0,5,1,0.9818412019948358
1,143,0,0,0,0,0,0,0,0,27,5,75,108,0,2,0,0.009804065565972136
1,9,0,0,0,0,0,0,0,0,5,5,80,82,22,0,1,0.9640655343148345
0,283,0,107,1,0,0,26,1,0,60,0,80,100,0,0,0,0.012252832976701628
1,28,0,0,1,0,1,0,0,0,62,5,91,119,0,1,0,0.005960454762232258
1,0,0,48,0,0,0,13,1,0,13,19,41,68,0,1,1,0.987170285996371
1,108,0,94,1,0,0,26,0,1,68,0,80,100,0,0,0,0.039024508222112356
0,178,0,151,1,1,1,29,2,1,83,0,80,100,0,0,0,0.008835212411108982
0,505,0,440,1,1,1,35,1,1,91,2,52,100,20,3,0,0.1341576645014335
0,432,0,236,1,1,0,0,0,0,87,1,75,97,0,0,0,0.0075943812212190265
1,126,0,145,1,1,0,9,1,0,57,5,80,85,4,2,0,0.1897688344197249
0,227,0,103,1,0,2,15,1,0,64,0,80,100,0,0,0,0.008511567429281847
1,124,0,38,0,1,1,0,0,0,36,5,47,79,0,2,1,0.9577852230927925
1,46,0,26,0,0,1,10,2,1,32,0,66,98,2,1,0,0.10742118566334594
0,174,0,19,1,0,0,19,3,1,40,1,81,111,0,0,0,0.04428058286792672
1,197,0,67,1,0,1,23,0,1,72,4,80,111,0,1,0,0.07678517966883212
0,38,0,18,0,0,0,29,1,0,28,0,80,100,0,0,0,0.020023154986152435
1,297,1,189,1,1,2,15,0,0,74,5,76,111,1,1,0,0.013127533982829622
0,0,0,8,0,1,1,0,0,0,11,2,46,82,0,0,1,0.8039772626167128
0,86,0,2,1,0,5,0,0,0,58,1,85,123,0,0,0,0.0007096284118398461
1,247,0,67,1,0,1,9,0,0,48,0,80,100,0,0,0,0.04714402299918925
1,83,0,0,0,0,1,4,2,0,5,0,80,100,0,0,1,0.7050024813676706
1,56,0,60,0,0,2,16,2,0,36,1,79,113,5,0,1,0.07997334970788526
1,157,0,48,1,0,1,0,0,0,93,0,80,100,0,0,0,0.006686756165421077
0,121,0,0,1,0,0,0,0,0,53,0,80,100,0,0,0,0.16253425239766442
1,242,0,0,0,0,0,12,2,0,11,1,80,106,2,0,0,0.012041011039426576
0,17,0,89,1,0,0,14,3,0,50,0,80,100,0,0,0,0.025623987984582222
1,82,1,36,1,0,0,0,0,0,51,1,59,91,0,1,1,0.3309151678745925
1,156,0,0,1,1,0,0,0,0,57,0,80,100,0,0,1,0.40640674953559847
1,0,0,4,0,0,0,56,0,0,17,2,55,78,4,2,1,0.8729216050723695
1,0,0,0,0,0,0,0,0,0,0,0,80,118,5,2,0,0.03253499445259081
0,140,0,75,0,0,1,19,4,0,32,0,80,100,0,0,0,0.014613607754442613
1,61,0,47,0,0,1,32,1,0,35,8,44,76,8,0,1,0.7888941435496282
0,7,1,49,0,0,2,0,0,0,50,1,80,105,15,3,0,0.032985482206828995
0,219,0,0,0,0,0,0,0,0,53,0,84,105,1,2,0,0.0007273687259871327
0,73,0,36,0,0,0,7,2,0,9,0,80,100,0,0,0,0.04667331405101637
0,37,0,36,0,1,1,35,1,0,48,5,43,71,9,3,1,0.9598073463475425
0,155,0,0,1,0,0,0,0,0,59,0,80,100,0,0,0,0.28535129533493675
0,0,0,0,0,0,0,0,0,0,0,1,82,110,6,0,0,0.059896130719439986
1,40,0,17,1,0,3,17,0,1,59,0,80,100,0,0,0,0.0011485648191734996
1,101,0,32,1,0,0,16,3,0,53,0,80,100,0,0,0,0.040701767462480345
1,33,0,35,1,0,0,0,0,0,42,5,69,98,6,0,0,0.6025784131134511
0,47,0,19,0,1,0,11,3,0,2,0,80,100,0,0,1,0.30235442333013296
1,71,0,66,0,0,1,5,3,0,22,2,56,76,21,4,1,0.9571454078504633
0,0,0,0,1,0,1,0,0,0,56,4,80,92,0,2,0,0.31356654752151325
1,27,0,9,1,0,0,12,3,0,22,3,70,98,3,1,0,0.16278167873401397
0,377,0,220,0,0,0,49,2,0,51,5,43,77,0,0,1,0.9388604769458502
0,358,0,262,1,0,1,26,0,1,91,0,80,100,0,0,0,0.0013332391386823117
1,212,0,47,0,0,0,0,0,0,25,2,61,90,2,1,0,0.6668709826921844
0,304,0,171,1,0,0,25,3,0,61,1,66,98,0,1,0,0.08904316410200556
0,105,0,328,0,0,1,0,0,0,52,3,47,78,0,1,0,0.5284404210649221
1,92,0,21,1,0,0,8,0,0,47,7,66,96,3,2,1,0.27989280642048764
0,230,0,104,1,0,1,23,3,0,53,1,79,109,2,1,0,0.026774796570048984
1,121,0,43,0,0,0,10,0,1,25,2,56,92,4,1,1,0.8834529137114395
1,109,0,0,0,0,0,0,0,0,21,0,80,100,0,0,1,0.4359954873874504
0,142,0,0,0,0,0,0,0,0,49,2,80,93,5,1,1,0.15018658097704246
0,203,0,74,0,0,3,7,4,0,24,0,80,100,0,0,0,0.0564132847276593
0,349,1,109,0,0,1,24,0,1,61,0,78,118,2,0,0,0.0008986633118810088
0,264,0,175,1,0,1,29,1,1,88,8,71,110,0,0,0,0.11228055259247675
0,20,0,0,1,0,2,0,0,0,73,3,55,93,0,4,1,0.5636050667831941
1,108,1,83,0,0,0,19,0,1,35,5,80,103,0,1,0,0.028900398512367656
0,231,0,263,0,0,0,45,1,0,50,3,47,83,0,7,0,0.9261895942254217
1,109,0,0,0,0,0,0,0,0,11,0,80,100,0,0,0,0.19609450474425089
1,222,0,99,0,0,3,24,3,0,42,0,80,100,0,0,0,0.021133889818188152
0,239,0,116,0,0,0,17,1,1,60,14,59,87,0,6,1,0.7464090088458087
1,267,1,42,1,1,0,12,0,1,67,0,77,108,9,2,0,0.01837516372264696
1,0,0,27,0,0,1,9,5,0,0,4,34,74,16,1,1,0.9971063847761877
1,126,1,0,0,1,0,18,2,0,18,0,80,100,0,0,0,0.1535612791329747
1,146,0,17,1,1,4,0,0,0,50,0,41,81,0,1,0,0.06548216086214166
0,234,0,71,1,0,0,11,2,1,50,2,80,74,0,0,1,0.7788986807933298
1,147,0,21,1,0,1,0,0,0,70,7,80,112,7,0,0,0.013697217371316425
1,24,1,0,1,0,2,12,2,1,42,1,80,121,0,1,0,0.010625485737616513
1,193,0,163,0,0,0,10,0,0,44,2,60,89,0,3,0,0.4990146236450205
0,164,0,84,1,1,2,39,0,0,90,3,46,90,10,2,0,0.3943912964200435
1,193,0,0,0,0,0,0,0,0,90,2,55,92,2,0,1,0.43095816907516854
0,19,1,94,0,0,1,15,0,1,36,2,71,90,5,0,1,0.03178138588682119
1,0,0,0,0,0,1,0,0,0,11,5,65,99,0,3,1,0.9127473751456012
1,104,1,1,1,0,0,14,1,0,36,6,76,118,0,1,0,0.06638784654226114
0,281,0,24,1,0,0,20,1,1,52,0,80,100,0,0,0,0.003798065765005906
1,317,0,88,1,0,1,21,2,0,55,0,81,112,15,1,0,0.05745194610812571
1,250,0,24,0,0,0,34,1,0,24,2,65,99,0,1,0,0.1234940753578862
0,87,0,84,0,1,2,18,1,1,49,0,80,100,0,0,0,0.006967251785586264
0,268,1,73,1,1,3,27,0,0,79,2,48,79,13,3,0,0.29866827112180405
0,381,1,238,1,1,0,25,0,0,76,0,68,99,6,1,0,0.2712691033743263
0,84,1,0,0,0,0,23,2,1,18,3,61,97,0,0,0,0.10335974935828716
0,0,0,0,0,0,0,0,0,0,0,0,80,100,0,0,1,0.2587921598453662
0,30,1,0,0,0,2,17,4,0,8,2,73,105,0,1,0,0.14844537178688016
0,59,1,103,1,0,3,0,0,0,86,5,32,76,0,2,1,0.9172281185974009
1,133,0,72,0,0,0,9,0,1,37,8,48,90,11,3,1,0.6657990185228985
0,93,0,0,1,1,7,0,0,0,96,11,34,73,7,1,1,0.9677867509224588
1,35,0,77,0,1,1,0,3,1,40,0,80,100,0,0,0,0.3103082858646739
1,347,0,86,0,1,1,19,2,1,49,0,80,100,0,0,0,0.01496090053314614
0,96,0,108,0,0,0,0,0,0,25,1,44,77,0,1,1,0.9677827040675108
1,171,0,0,0,0,2,0,0,0,35,9,68,100,0,8,0,0.15020431958013716
0,185,0,155,1,0,1,0,0,0,74,3,59,96,0,3,0,0.37010206594313666
0,146,0,10,1,0,1,7,0,0,34,0,80,100,0,0,1,0.4256943882875742
1,75,0,8,1,0,0,5,3,0,28,0,80,90,1,3,1,0.5726456985087602
0,161,0,7,1,0,1,23,0,0,55,0,80,100,0,0,0,0.0008656737056779575
0,290,0,109,0,0,1,20,1,1,55,0,60,94,5,3,1,0.356291365024058
1,0,0,38,0,0,0,0,2,0,2,9,71,112,8,2,0,0.7254719220824009
0,0,0,42,0,0,0,0,0,0,26,1,67,108,0,1,0,0.10687471506370169
1,0,0,0,0,0,0,0,2,1,4,3,65,89,8,3,1,0.8541655480255822
0,92,1,5,1,1,1,0,0,0,38,2,68,101,0,0,0,0.009102845821637272
0,20,0,0,1,0,0,0,0,0,47,5,59,95,12,2,0,0.6724451187127534
1,76,0,0,0,0,0,0,0,0,6,0,80,100,0,0,1,0.866693664144416
1,67,0,0,0,0,1,0,0,0,16,0,85,124,0,0,0,0.0015011398558562776
1,78,0,26,0,0,0,11,5,0,0,3,47,82,0,4,1,0.9375784300588386
0,41,0,20,1,0,1,0,0,0,60,2,64,98,1,2,1,0.36544524386347405
0,0,0,9,1,0,0,32,0,0,38,2,53,81,7,0,0,0.10529300769139334
1,319,0,92,1,1,4,0,0,0,89,0,80,100,0,0,0,0.005796688398891395
1,141,0,27,0,0,0,7,4,1,9,3,76,118,0,1,0,0.07747721418326989
1,65,0,74,0,0,0,11,6,0,20,0,80,100,0,0,0,0.21345687636550734
0,251,0,144,1,0,2,27,0,1,96,3,66,104,0,0,0,0.04229439370332132
0,161,0,148,1,0,0,0,0,0,67,0,87,118,0,1,0,0.007396878591639916
1,121,0,0,1,0,1,13,1,0,44,2,52,87,2,0,1,0.5159516262770999
0,0,0,27,0,0,1,13,0,0,19,2,80,98,1,1,0,0.014520449462785818
1,85,0,33,0,0,0,9,3,0,3,2,80,87,0,1,1,0.7923523367760945
1,74,0,49,0,0,1,5,2,0,20,0,80,100,0,0,0,0.4536694934619532
1,276,0,0,1,1,4,0,0,0,92,3,44,80,0,20,1,0.8402078121781472
1,192,0,64,0,0,0,22,0,1,43,0,80,102,9,4,0,0.11838626492088054
1,0,0,0,0,0,0,0,0,0,0,1,75,110,3,0,0,0.2542067398342484
1,133,1,37,0,0,1,6,0,0,46,8,62,98,5,1,1,0.7657202793499729
0,307,0,94,0,0,1,0,0,0,37,4,80,97,0,4,1,0.8467194708892437
0,265,0,151,0,0,1,0,0,0,47,2,60,89,0,4,1,0.6895039119331636
1,312,1,32,1,0,1,3,0,0,40,1,80,97,4,0,0,0.38186954526897887
1,262,0,0,0,0,1,0,0,0,32,2,49,90,0,2,1,0.826859800179713
1,0,0,0,1,0,0,7,1,1,31,1,69,96,4,2,1,0.2630774149783349
1,81,0,0,1,1,2,0,0,0,77,0,80,100,0,0,0,0.035599794900543685
1,73,0,175,0,0,1,12,1,0,36,3,80,97,7,3,1,0.2834577999696183
0,34,0,0,0,0,2,0,0,0,20,2,47,82,4,2,1,0.5455387511582067
0,110,0,55,1,0,2,12,1,0,51,0,80,100,0,0,0,0.16807329391746542
0,23,0,0,1,0,1,12,1,0,30,6,30,64,6,4,1,0.9954910409930549
1,44,0,12,0,0,0,0,0,0,5,0,80,100,0,0,0,0.67632445192567
0,200,0,37,0,0,1,24,0,0,28,2,43,75,3,8,1,0.8997617898637149
0,513,1,342,1,0,1,55,2,1,89,0,80,100,0,0,0,0.007756256632318561
0,77,0,0,0,0,0,0,0,0,25,2,80,85,0,0,1,0.6271831443391661
1,53,0,48,1,0,0,24,1,0,40,3,80,105,0,0,0,0.35373136526976967
0,239,0,138,0,1,0,0,0,0,57,1,80,88,8,1,1,0.8158129451102811
1,133,0,0,0,0,1,0,0,0,30,1,62,93,3,1,1,0.6363992169641604
1,396,0,0,1,0,3,0,0,0,100,4,43,75,0,2,0,0.48443765405525524
1,0,0,0,0,0,0,3,1,0,0,2,60,93,0,1,1,0.5677466426344309
0,348,0,0,0,0,1,0,0,0,44,2,90,135,6,0,0,0.00012203598279575832
1,211,0,56,0,0,2,9,1,0,57,8,46,82,0,0,1,0.9446407967280309
0,232,0,0,1,0,1,49,0,0,51,0,80,100,0,0,0,0.0008336741647252428
0,227,0,29,0,0,1,0,0,0,21,4,62,100,0,1,0,0.14489965946645236
1,171,0,0,1,0,1,0,0,0,84,0,80,100,0,0,0,0.5540518938484138
0,294,0,0,0,0,0,0,0,0,65,2,80,112,0,2,0,0.32668144195295373
1,0,0,222,1,0,0,35,5,0,50,2,80,69,0,0,1,0.9243925005699374
1,215,0,0,1,1,1,0,0,0,76,3,45,81,18,3,1,0.9577517757632918
1,161,0,3,0,0,0,9,0,1,26,3,80,81,0,1,0,0.35503021501267423
1,77,0,0,1,0,4,0,0,0,76,4,80,109,0,3,0,0.032901619040712114
1,5,0,15,0,0,1,0,0,0,13,7,80,74,15,1,1,0.982642965128574
0,131,0,0,1,0,0,9,5,0,25,2,59,101,4,1,0,0.19437875992536507
0,338,0,0,1,0,3,0,0,0,100,2,70,108,0,3,0,0.03694554108102081
0,159,0,0,0,0,1,9,1,1,23,2,47,79,5,1,0,0.8973714313145197
1,140,0,0,0,0,0,0,6,1,1,1,64,102,2,1,0,0.28879302881698393
1,0,0,34,0,0,1,9,1,0,11,1,80,112,1,1,0,0.1870373984179055
1,25,0,0,0,0,1,0,0,0,13,0,80,100,0,0,0,0.022473584483576118
1,311,1,353,0,1,4,40,0,0,64,3,58,89,0,1,0,0.027118241045626927
0,126,1,116,1,0,2,43,2,1,87,0,80,100,0,0,0,0.01846733712861334
1,167,0,193,0,0,2,39,1,0,66,0,47,78,0,4,1,0.8070102135225184
0,84,0,73,0,1,0,0,0,0,31,5,41,87,0,3,0,0.8419104186957076
1,142,1,98,1,0,2,32,2,0,69,7,54,93,0,3,0,0.22175988235450678
0,610,0,291,1,0,1,57,0,0,85,4,43,85,12,2,0,0.5000390811538958
0,482,0,35,1,0,3,44,0,0,64,3,80,107,0,2,1,0.012627260167056082
0,90,0,30,1,0,1,21,5,0,50,0,60,99,0,2,0,0.15617128894329965
1,102,0,0,0,0,0,0,0,0,43,4,64,99,0,1,0,0.7651204782915053
1,142,0,3,1,0,0,0,0,0,50,2,80,99,0,2,0,0.31166453020062207
1,174,0,41,0,0,0,0,0,0,47,3,89,113,3,2,0,0.02374398304703408
0,25,1,55,1,0,0,0,0,0,66,0,80,100,0,0,0,0.20755768343344053
0,179,1,185,1,0,0,0,0,0,81,1,52,88,0,1,0,0.488633265064449
1,207,0,0,1,0,0,0,0,0,61,6,68,104,0,0,0,0.3318317572350202
0,194,1,202,1,0,0,32,0,0,70,1,68,100,0,0,0,0.020877507107687647
1,40,0,47,1,0,0,0,0,0,64,0,81,117,0,1,0,0.0020411568746101657
1,138,0,72,0,0,1,15,1,0,43,0,80,84,0,3,0,0.26133909614032097
1,76,0,87,0,1,1,15,5,1,22,0,80,100,0,0,0,0.08932554575829849
0,232,0,87,1,0,0,26,2,0,59,0,80,100,0,0,0,0.024103680433225572
0,136,0,63,1,0,2,22,2,0,64,1,82,115,10,3,0,0.0034693304136562595
1,0,1,28,0,0,2,9,2,1,24,0,84,128,0,0,0,0.012689996706612128
1,87,0,2,1,0,0,0,0,0,33,2,37,66,19,1,1,0.9938464848350619
1,124,1,18,0,0,0,2,1,0,5,7,80,97,2,1,1,0.5061064813436393
0,190,0,6,0,0,0,34,0,0,27,0,80,83,10,0,0,0.18227383854951668
1,70,0,29,0,0,0,3,1,0,18,3,80,99,0,2,1,0.3702812791412324
1,354,1,290,1,0,0,28,3,0,66,7,33,74,11,0,1,0.9681749027637359
0,0,0,0,1,1,0,0,0,0,44,3,44,79,10,6,1,0.9762860323279197
1,0,0,25,1,0,0,4,1,0,39,3,60,99,12,2,0,0.3692111293330748
1,251,0,214,1,1,1,1,2,0,58,0,80,100,0,0,0,0.007913208246461453
1,0,0,52,0,0,0,20,8,0,20,8,75,106,0,2,0,0.30769447035611025
0,180,0,0,1,0,0,0,0,0,58,1,72,95,18,1,0,0.03312731038426588
0,0,0,39,0,0,0,15,0,0,35,4,70,100,11,2,0,0.2628098179256369
1,31,0,0,1,0,1,0,0,0,59,1,61,107,4,3,0,0.1611493499284106
1,156,0,59,0,0,0,21,2,0,50,5,74,108,12,7,0,0.029466994120404925
0,53,0,74,1,0,0,11,3,0,33,2,80,81,2,1,0,0.5069125109936201
1,1,0,0,1,1,1,0,0,0,33,2,52,92,0,4,0,0.5764252142228286
0,71,0,0,0,0,0,0,0,0,18,1,59,93,4,0,0,0.3809518805076177
1,0,0,9,0,0,0,15,7,0,0,4,67,98,0,1,1,0.1215410708036454
0,88,0,0,1,0,1,0,0,0,64,2,78,108,0,0,0,0.023750739246595664
1,123,0,36,0,0,2,0,0,0,28,0,68,96,9,0,0,0.3367258989612409
1,196,0,171,1,0,8,31,0,0,86,0,80,100,0,0,0,0.0010749464440242538
0,68,0,0,0,0,0,0,0,0,17,3,80,97,4,1,0,0.03872481112809399
0,0,0,0,1,1,0,0,0,0,27,2,52,89,0,4,0,0.07944473098864467
0,49,0,0,0,0,3,0,0,0,32,1,80,112,13,3,0,0.04152473782712988
0,302,0,0,1,0,1,20,5,0,35,2,71,101,3,0,0,0.16258765334897243
0,73,0,46,1,1,1,9,0,0,41,1,80,110,0,2,0,0.012104526640655346
1,0,0,40,0,0,0,7,3,0,3,3,40,72,0,1,1,0.7944390438436016
1,106,0,108,1,1,0,30,1,0,68,6,47,93,9,2,0,0.495279599874495
1,114,0,0,1,1,0,0,0,0,55,0,80,100,0,0,0,0.1412488013790648
1,44,0,0,1,0,2,4,4,0,22,0,80,100,0,0,1,0.8422227781129554
1,129,1,28,1,0,0,7,2,0,43,0,56,90,0,1,0,0.25969730199640967
0,98,0,0,0,0,1,0,0,0,26,2,68,110,0,4,0,0.1491600544917621
1,202,1,174,0,0,0,54,2,0,50,2,28,70,0,1,1,0.9978558295874569
1,62,1,17,0,0,0,7,0,1,18,2,54,90,6,1,1,0.8105345042613195
1,133,1,66,0,0,0,15,0,0,21,0,71,114,0,0,0,0.04350182652910855
0,121,1,119,0,1,4,15,0,0,61,0,80,100,0,0,0,0.0011485353566928818
1,46,0,159,0,0,1,54,2,1,56,3,80,80,17,2,1,0.9623917720590325
1,245,0,0,1,0,4,0,0,0,90,2,41,65,6,12,1,0.965655892589032
1,109,0,0,0,0,0,18,1,0,12,0,80,100,0,0,0,0.06892569826947048
1,0,1,50,0,0,3,0,0,0,40,4,90,118,0,1,0,0.0016886680391404003
0,149,0,0,0,0,0,0,0,0,36,0,55,88,0,0,0,0.04238186819882841
0,87,0,38,1,0,2,0,0,0,72,11,52,87,9,6,0,0.4169960642299504
1,82,0,263,0,0,0,10,2,0,31,0,80,100,0,0,0,0.018314126742581295
1,216,0,0,0,0,0,0,0,0,69,7,73,96,0,0,0,0.18781079433389375
1,12,0,51,0,0,0,0,0,0,24,3,45,82,5,2,1,0.841972935126954
1,18,0,0,0,1,0,0,4,0,0,0,80,100,0,0,0,0.20472920051146482
1,185,0,51,0,0,1,3,4,1,24,3,56,99,0,0,1,0.9583659836134131
0,68,1,4,0,0,2,39,1,0,32,3,58,87,3,0,1,0.3134870895749899
1,75,0,0,0,0,0,0,2,0,0,2,75,104,13,2,0,0.21621882586920504
1,3,0,0,1,0,0,0,0,0,45,5,42,74,4,8,1,0.9968763822120297
0,364,0,0,1,1,5,0,0,0,97,0,57,92,0,1,0,0.028230288420433902
0,253,1,308,1,1,0,17,0,0,68,0,73,97,7,0,1,0.007372437004448589
0,406,0,328,1,1,2,19,0,0,81,1,80,91,0,0,0,0.41960024440474397
1,8,0,24,1,0,0,23,3,1,36,1,80,91,1,0,0,0.055979820896761914
0,230,1,96,1,1,1,15,2,0,72,0,80,100,0,0,0,0.0005682880375844152
1,64,0,0,0,0,0,0,0,0,27,3,75,103,4,0,0,0.005853817007440106
0,432,1,76,0,0,2,29,1,1,62,1,80,96,0,2,0,0.015880030529196384
1,96,1,86,0,0,0,7,0,0,20,0,80,79,0,6,1,0.9529057896562318
1,77,0,0,1,0,1,0,0,0,61,7,67,91,0,2,0,0.3099717885343299
1,273,0,71,1,0,1,17,0,0,66,5,54,92,6,2,1,0.9046294677682204
1,51,1,83,0,0,0,0,0,0,17,0,80,100,0,0,1,0.7025537892887587
0,68,1,73,0,0,1,11,4,0,23,2,42,71,4,1,1,0.9756955738006335
0,265,0,130,0,0,0,15,0,1,47,2,82,106,5,2,0,0.006156160151238584
0,206,0,109,1,1,0,31,2,0,51,1,86,128,11,2,0,0.017683074890905173
0,237,1,189,0,0,2,27,1,0,58,1,62,102,7,3,0,0.019112570136292074
1,98,0,133,0,0,1,7,2,0,37,0,80,100,0,0,0,0.14863366299279399
0,222,0,160,0,0,1,0,0,0,49,7,80,124,3,0,0,0.0075305220536296125
0,170,0,169,0,0,1,0,0,0,47,4,58,92,2,3,0,0.14906552424259684
1,53,0,61,1,0,2,9,0,0,55,0,80,100,0,0,0,0.04967567285979787
0,99,0,328,0,0,3,44,2,0,52,1,80,71,2,2,1,0.8220425440125373
1,185,0,149,1,1,1,28,1,0,75,0,80,100,0,0,0,0.008342631024496694
0,216,0,0,0,0,0,0,0,0,17,1,88,128,0,0,0,0.004447494481171246
1,367,1,180,1,0,1,0,0,0,88,5,67,97,0,6,0,0.06043015681340908
0,82,1,149,1,0,1,0,0,0,76,5,80,73,0,2,1,0.9688166189306427
1,94,0,0,0,0,0,0,1,0,1,3,80,59,10,1,1,0.9929137869465364
1,0,0,12,0,0,0,0,0,0,5,0,80,100,0,0,1,0.8833338963957212
1,59,1,80,1,0,1,36,0,1,90,1,60,86,0,1,0,0.19109499738520005
1,1,0,53,0,0,1,0,0,0,47,0,80,100,0,0,0,0.035547813984649464
1,86,0,0,0,0,1,0,0,0,18,3,64,104,7,2,1,0.37781189121084047
1,217,0,45,1,0,6,18,2,0,49,0,80,100,0,0,0,0.018761432246656173
1,0,0,1,0,0,0,7,4,0,0,0,80,100,0,0,1,0.35666860338050277
1,177,0,0,0,0,0,0,0,0,38,4,35,79,2,0,1,0.9366906292156392
0,229,0,102,1,0,1,0,0,0,88,4,32,73,0,2,1,0.9294536640596394
1,208,0,0,0,0,0,24,0,1,37,0,80,105,0,0,0,0.03406412746574887
0,138,1,25,0,0,2,16,0,0,40,0,80,100,0,0,0,0.0028253259880509094
1,0,0,41,1,0,1,31,5,1,62,1,47,75,0,6,1,0.9559220458967436
0,24,0,0,1,0,0,28,0,0,37,0,80,100,0,0,0,0.0022751220652453387
0,146,0,26,0,0,2,33,0,1,48,0,80,100,0,0,0,0.0017571885638178078
1,48,0,88,1,0,1,0,0,0,79,0,87,124,0,0,0,0.0018732735655449782
1,92,0,111,1,0,4,14,3,0,48,4,80,109,0,2,0,0.09754996130229518
1,201,1,54,1,1,0,76,0,1,86,3,46,76,2,1,0,0.26763627870155604
1,130,1,85,1,0,2,18,1,0,78,1,94,122,0,1,0,0.0012292121763420394
0,249,0,0,1,1,4,0,0,0,83,2,79,103,0,1,0,0.007677842716525078
0,128,1,223,1,0,0,42,1,0,67,0,80,100,0,0,1,0.37130722514055425
1,228,0,102,0,0,1,8,1,1,56,2,57,97,0,1,0,0.1887046664081617
0,282,1,36,1,0,1,20,1,1,57,1,65,103,0,3,0,0.08610244547787585
1,106,0,18,1,0,1,0,0,0,41,0,80,100,0,0,0,0.0236968186728872
1,90,0,107,0,0,1,19,0,0,49,0,80,100,0,0,0,0.01268607482331608
0,183,0,0,0,0,0,0,0,0,63,0,80,100,0,0,0,0.006459587737605289
1,0,1,86,0,1,1,16,1,0,33,0,80,100,0,0,0,0.13941934099050257
0,216,0,108,0,0,1,17,3,1,60,3,74,95,8,2,0,0.005324347490389934
0,180,0,0,1,0,3,0,0,0,100,7,74,105,12,2,0,0.016945682656304438
0,116,0,0,0,0,0,0,0,0,10,2,44,74,0,5,1,0.9816809107186902
1,130,0,141,1,0,2,26,0,0,73,4,49,81,6,0,0,0.4110033082278426
0,24,0,0,0,1,2,14,2,0,13,4,34,83,4,0,1,0.9314463406810417
1,372,0,0,1,0,3,0,0,0,98,4,43,84,4,1,0,0.5963563474190593
1,0,0,23,0,0,0,2,4,1,4,0,80,100,0,0,1,0.5817008793426532
1,0,0,0,1,1,1,0,0,0,56,3,80,124,2,0,0,0.0005854007759591415
0,327,0,0,0,0,0,0,0,0,80,0,80,74,12,3,0,0.8355786413756164
1,90,0,2,1,0,2,12,3,1,41,0,80,100,0,0,1,0.2568721298711865
1,124,0,240,1,1,1,37,1,0,75,8,40,73,0,0,1,0.9618833464759329
0,25,1,0,1,0,2,27,3,1,47,0,80,113,0,0,0,0.0008014954429990711
1,109,0,0,1,0,0,34,1,0,47,2,80,85,11,5,1,0.6332626784203519
0,115,0,99,1,0,3,38,0,0,86,0,80,100,0,0,0,0.00044813968859943427
1,63,0,0,1,0,2,0,0,0,75,4,80,120,7,1,0,0.08380607566821874
1,0,0,33,1,1,0,10,0,1,43,2,71,100,0,1,0,0.07306942379629737
0,148,0,87,1,1,0,24,1,0,70,7,80,95,4,0,0,0.10564463465279253
1,0,0,0,0,0,0,6,6,0,0,0,68,112,3,1,0,0.6108514289730654
1,184,0,89,1,0,1,0,0,0,60,1,80,90,6,0,0,0.16211215915279997
0,243,0,56,0,0,5,9,1,0,44,0,45,78,11,1,1,0.8255827840756336
0,102,0,78,1,0,0,17,4,0,35,0,80,100,0,0,0,0.04758658856563431
0,126,0,4,0,0,0,0,0,0,8,7,65,90,1,1,0,0.12248635361691523
0,143,0,0,0,0,3,0,0,0,42,3,57,97,0,5,0,0.12684583497001048
1,13,0,2,0,0,0,26,4,0,2,2,54,81,15,4,1,0.7879169688004795
1,135,0,0,1,1,2,0,0,0,82,0,80,100,0,0,0,0.008388853991363413
0,30,1,28,1,1,2,20,4,0,41,2,50,81,17,10,1,0.9745930316592071
0,201,1,57,1,1,2,17,3,1,74,6,80,84,0,5,1,0.9540780313343601
1,74,0,26,0,0,0,0,0,0,10,0,44,74,0,6,1,0.9463320255467821
0,190,1,69,0,0,7,0,0,0,63,4,80,104,0,1,0,0.13151785412259262
1,21,0,201,0,0,1,0,0,0,49,1,80,87,7,8,0,0.168883979925398
0,641,0,25,1,0,1,28,0,1,68,0,80,100,0,0,0,0.0004487349915917955
1,233,0,2,1,0,2,4,3,1,45,0,80,100,0,0,0,0.1566866248173454
0,159,0,54,0,0,1,21,2,0,26,4,62,100,7,0,0,0.07797414100580759
1,3,1,23,0,0,0,0,3,0,0,1,80,78,0,1,0,0.827866764143744
0,121,0,0,0,0,0,0,0,0,28,2,50,90,6,5,1,0.6822034799314761
0,0,0,0,0,0,0,14,2,1,11,6,80,71,7,6,1,0.6192304102142083
1,98,1,38,1,1,5,0,0,0,81,3,62,95,0,1,0,0.0555820860183388
0,215,1,114,0,0,2,19,2,0,45,1,61,101,1,1,0,0.06054085497240891
0,138,0,134,0,0,0,25,2,0,44,4,50,80,10,0,1,0.8977856137877498
1,112,0,0,0,1,0,21,1,0,20,6,46,79,20,2,1,0.9902650994498854
0,137,0,74,1,0,0,19,0,0,61,3,80,118,0,2,0,0.009039842279697837
0,217,0,0,1,0,1,0,0,0,81,8,75,106,2,0,0,0.020498101766331333
1,185,0,222,0,1,1,25,1,1,63,0,67,107,0,0,0,0.012548834735954128
1,55,0,0,0,0,0,2,12,1,0,3,80,113,0,0,0,0.05895896001818552
0,73,0,0,0,0,0,18,1,0,13,3,80,105,0,2,0,0.07622046229859171
0,279,1,208,1,0,1,0,0,0,86,0,68,106,2,0,0,0.0049751609043210175
1,138,0,62,0,0,0,11,3,0,10,1,89,131,0,0,0,0.0038605514639061043
1,0,0,93,0,0,0,0,0,0,31,1,58,99,0,5,0,0.8662092672757858
0,332,0,66,0,0,2,0,0,0,53,0,80,100,0,0,0,0.0008449547666647213
1,45,0,0,1,0,0,0,0,0,47,1,51,78,0,3,1,0.905872140215057
0,191,0,0,0,0,1,0,0,0,31,0,80,100,0,0,0,0.0006338993123993633
0,0,0,8,1,0,1,15,3,0,27,0,80,100,0,0,0,0.0071102392885170635
1,92,1,0,1,0,2,19,4,1,49,4,67,95,6,2,1,0.2288460706191386
0,29,0,6,1,0,1,17,2,0,33,3,68,107,1,1,0,0.0232958330462758
1,194,0,64,1,0,1,0,4,1,44,0,80,78,8,1,1,0.7862209889329628
0,119,1,0,1,0,0,16,3,1,41,5,70,111,0,0,0,0.00897078237405564
1,0,1,15,0,0,4,19,0,1,40,3,73,119,12,3,0,0.12592232586044771
1,250,0,54,1,0,0,14,2,0,37,1,57,102,5,3,1,0.7433300338684349
1,115,0,67,1,0,0,16,3,0,34,3,51,80,0,0,1,0.46325189563726465
1,0,0,49,0,0,0,0,0,0,10,0,49,92,18,4,1,0.9698577102022845
1,58,0,50,0,1,2,0,1,1,43,2,80,116,0,1,0,0.07839445519006075
1,351,0,100,0,0,1,27,1,1,65,0,80,120,0,0,0,0.0008390088601164698
1,26,0,21,1,0,0,0,4,0,14,0,80,100,0,0,1,0.666646009496174
1,0,0,37,0,0,0,6,2,0,5,4,85,122,0,0,0,0.048625184776104606
1,488,0,42,1,0,5,29,2,1,69,1,93,116,8,5,0,0.0027433022616926944
1,156,0,69,0,0,0,32,0,0,36,5,62,90,2,2,1,0.48698437116270676
1,156,1,49,1,0,0,12,0,1,59,7,53,93,6,3,1,0.7154997195737554
1,240,0,0,1,0,0,0,0,0,78,5,78,110,0,0,0,0.05651781345640441
1,40,0,0,0,0,0,0,0,0,11,9,52,87,4,0,1,0.9228892686750726
0,100,0,127,1,0,3,25,0,0,87,1,93,130,0,4,0,0.0019062858907231987
1,174,0,39,1,0,0,11,1,0,40,0,80,100,0,0,1,0.3940294585757937
1,300,0,34,0,0,0,17,2,0,20,1,81,115,1,5,0,0.02374267300925715
1,0,0,0,1,0,1,21,5,0,21,1,29,61,18,0,1,0.9819228837721141
1,124,0,101,0,0,3,23,1,0,47,0,80,100,0,0,0,0.01410696906557622
1,117,0,0,0,0,1,0,0,0,21,5,80,91,7,1,1,0.7097008056269491
0,11,0,0,1,0,0,2,0,0,22,3,66,102,0,1,0,0.10345455013101161
1,179,0,29,1,0,0,22,3,1,42,0,80,100,0,0,0,0.41260535981039614
1,58,0,0,0,0,0,0,0,0,38,0,67,93,0,6,0,0.2684097686821069
1,67,0,398,0,0,0,39,5,1,42,2,37,61,3,1,1,0.9902472588909427
0,56,1,125,0,1,4,39,0,0,61,5,54,88,3,0,0,0.08864954710571266
0,58,0,1,1,1,0,7,1,0,26,12,52,90,3,6,1,0.8201643056128569
1,0,0,186,0,0,0,24,2,1,46,5,45,85,0,3,1,0.9106993628556929
1,144,0,0,0,0,1,0,0,0,22,1,78,112,0,1,0,0.0049971096506890396
0,186,0,114,0,1,4,40,0,0,67,4,63,91,12,2,0,0.02018842026962345
1,201,0,91,0,0,0,19,3,1,31,0,80,100,0,0,0,0.12868891218574555
0,149,0,5,0,0,1,21,2,0,17,7,51,104,7,1,0,0.35274977206143604
1,0,0,0,1,0,0,0,0,0,27,6,76,95,0,1,0,0.2691986582952124
0,0,0,27,0,0,1,6,3,0,17,0,80,100,0,0,0,0.06195781446729882
0,123,0,111,0,0,0,28,0,0,56,0,53,89,0,0,0,0.06271852341339833
1,0,0,0,0,0,0,0,0,0,0,2,63,95,0,2,0,0.31641485300747324
1,132,0,69,0,0,1,0,0,0,45,5,80,123,6,0,0,0.00881461994885962
0,208,0,0,0,0,0,0,0,0,54,5,42,87,0,1,1,0.5548144203120603
1,38,0,65,0,0,1,0,0,0,46,0,80,100,0,0,0,0.002650548234927186
1,350,0,39,1,0,1,0,0,0,54,4,72,110,8,1,0,0.036622584882873975
1,129,0,133,0,0,0,60,1,1,59,0,80,100,0,0,0,0.0005367593884485857
0,219,0,51,1,0,1,28,1,1,83,4,80,85,0,6,1,0.7571314608203417
1,0,0,16,0,0,0,9,0,0,7,2,80,97,1,1,1,0.4599111249511519
0,244,1,226,1,0,3,0,0,0,93,3,69,102,0,3,0,0.0662907600292874
1,103,0,199,0,0,2,28,1,0,55,1,89,112,11,2,0,0.0013641354493933169
1,130,0,85,0,0,0,29,3,1,42,0,80,100,0,0,0,0.08267504406899663
1,14,0,62,0,0,4,24,1,0,29,0,76,108,0,5,0,0.03353172502563889
1,353,0,191,1,0,2,27,0,0,88,0,80,100,0,0,0,0.00891681109750875
1,126,1,184,0,0,0,21,1,0,43,3,63,111,0,1,0,0.3003065198978252
1,386,0,319,1,1,2,45,2,0,83,6,80,82,0,1,1,0.8675340815500114
1,226,0,124,0,0,0,47,1,1,60,4,52,74,0,3,1,0.8658895583850635
1,150,1,70,1,0,0,0,0,0,50,4,60,98,0,4,1,0.9148910662046092
1,0,0,25,0,0,1,0,0,0,16,5,71,105,0,1,0,0.1487575287539503
0,21,0,13,0,0,0,35,1,0,25,3,80,85,0,4,1,0.7196484656300682
1,30,0,14,0,0,1,15,3,0,7,0,50,83,6,1,1,0.475099915035762
1,72,0,0,1,0,0,0,0,0,57,0,80,100,0,0,0,0.031412046667564905
1,164,0,0,1,0,0,0,0,0,47,0,80,100,0,0,0,0.03903737572005275
1,0,0,71,0,0,1,20,2,0,20,2,65,109,10,0,0,0.3771456312907646
1,55,0,0,0,0,0,0,0,0,7,3,80,86,0,0,0,0.5647682692756422
1,152,1,143,0,1,0,27,0,0,45,1,47,79,8,1,1,0.9230535830385467
1,0,0,0,0,0,0,0,0,0,0,1,80,94,3,1,1,0.8072850832494893
1,0,0,0,0,0,0,8,2,0,0,5,41,72,6,1,1,0.9949277109677698
1,101,1,87,0,0,2,20,6,1,35,3,56,93,8,2,1,0.855312422401474
1,0,0,0,0,0,1,0,0,0,11,0,80,100,0,0,0,0.0471992844247662
0,284,0,24,1,1,2,0,0,0,69,1,66,99,0,1,0,0.028175136101897074
1,143,0,0,0,0,0,0,0,0,32,0,80,100,0,0,1,0.7213545471866561
1,8,0,0,0,0,0,0,0,0,1,7,41,68,17,3,1,0.9950859167083141
0,252,0,37,0,1,0,12,1,1,26,0,74,123,3,0,0,0.06471987445885483
0,46,1,56,0,1,1,23,2,1,32,5,49,94,0,3,0,0.1511795395188074
1,182,0,160,0,1,0,30,2,1,58,0,84,116,2,0,0,0.0003103824834068751
0,37,0,0,0,1,2,0,0,0,33,0,80,100,0,0,0,0.027129292228150147
1,0,0,48,0,0,1,49,0,1,42,0,80,100,0,0,0,0.014220570506791125
1,6,0,3,1,0,0,26,0,0,35,0,80,100,0,0,0,0.3170347527955388
1,42,0,54,1,0,0,0,2,0,24,1,76,112,0,1,0,0.12357212883565119
0,313,0,0,1,0,0,0,0,0,64,1,80,116,0,3,0,0.0005732504595896975
1,195,0,118,0,0,0,10,0,0,47,1,65,99,10,0,0,0.1481837907033429
1,93,0,43,0,1,1,9,6,0,35,9,55,87,2,7,1,0.7924246030132392
1,193,0,33,1,0,2,21,4,0,48,4,69,107,25,1,1,0.2565452613098578
1,35,0,0,1,0,0,2,4,0,13,2,87,119,0,1,0,0.15017939823866672
0,496,0,0,1,0,0,0,0,0,78,6,55,97,4,0,0,0.0630580568216349
1,253,0,110,1,0,3,18,2,1,67,1,58,86,10,3,1,0.3130755905746146
0,208,0,2,1,1,2,42,1,0,51,0,58,79,3,1,0,0.4695588273785575
1,0,0,92,1,0,1,61,0,0,53,5,80,69,1,2,1,0.9706179600826639
0,287,0,34,1,0,2,24,0,1,82,1,80,102,0,0,0,0.003988889171255471
0,69,0,15,1,0,2,25,0,0,56,5,80,119,4,1,0,0.00843676226797304
1,13,0,0,0,0,1,16,0,0,13,3,59,96,0,2,0,0.2510240298503787
0,124,0,0,1,1,0,0,0,0,70,0,80,92,3,1,0,0.3372005464109072
0,74,0,0,1,0,0,22,0,0,36,5,56,95,0,5,1,0.16844967561724705
1,0,0,0,0,0,0,1,8,0,0,0,80,100,0,0,1,0.4209853367222647
0,15,0,19,0,1,1,30,0,0,27,5,59,99,0,2,0,0.1067699904148957
1,117,0,31,0,0,0,0,5,0,0,4,80,82,0,13,1,0.9941668941871107
1,39,0,69,1,0,2,0,0,0,85,1,75,108,0,0,0,0.11513734453386268
1,0,0,0,0,0,0,0,0,0,0,0,80,100,0,0,0,0.0608235352120085
1,210,0,0,0,0,0,0,0,0,52,1,80,97,0,0,0,0.1695421461799016
0,74,0,0,1,0,1,0,0,0,68,2,40,75,0,2,1,0.840732143753309
1,20,0,38,0,0,1,42,0,0,39,0,80,100,0,0,0,0.2735553603928622
1,0,0,0,1,0,0,0,0,0,27,1,71,117,6,2,0,0.07489708813062014
1,94,0,0,1,0,1,0,0,0,62,2,72,104,0,4,1,0.45330205101031834
1,45,0,37,0,0,1,0,0,0,21,0,80,100,0,0,0,0.537487196129587
1,0,0,2,0,0,0,0,0,0,1,4,44,85,5,1,1,0.90570634093141
1,117,0,129,1,0,0,35,2,1,75,3,41,75,0,4,1,0.9833712314392871
1,0,0,85,1,0,2,0,0,0,80,5,49,76,6,1,1,0.6195216751754931
0,97,0,21,1,0,1,13,1,0,36,2,66,91,3,0,0,0.03658383539934077
1,262,0,0,1,1,1,0,0,0,89,0,80,100,0,0,0,0.03434504126497847
0,0,0,0,0,1,0,0,0,0,0,1,52,89,0,3,1,0.8602291474885442
1,0,0,30,1,1,1,3,2,0,25,0,80,97,8,0,0,0.865513490783174
0,6,1,18,0,0,2,0,0,0,26,2,80,83,9,2,0,0.27973240580913905
1,135,0,48,1,0,1,6,4,0,27,0,80,100,0,0,1,0.7478218233967264
1,28,0,0,0,0,0,0,0,0,11,3,39,72,0,2,1,0.9812438275131262
0,91,0,0,1,0,2,23,0,0,45,0,80,100,0,0,0,0.005670268177793163
1,144,1,148,0,0,0,23,2,0,45,3,57,87,0,3,1,0.7018462566662481
0,111,0,51,0,0,0,0,0,0,16,1,51,88,0,4,0,0.3821386916698153
1,52,0,0,0,0,0,0,0,0,22,0,80,100,0,0,0,0.30287009462961806
0,234,1,97,1,0,1,27,2,0,59,1,39,73,0,2,1,0.9680754146621362
0,27,0,0,0,0,0,0,0,0,11,0,80,100,0,0,0,0.00650335339525013
1,299,0,181,1,0,6,22,1,1,84,2,79,105,5,2,0,0.03233541332972737
0,0,1,25,1,1,1,27,0,1,65,2,52,87,8,0,1,0.3046616663366516
1,181,0,133,1,1,1,17,0,0,73,0,80,110,1,0,0,0.003987543779945398
1,99,1,150,1,0,2,20,3,1,76,8,40,79,0,1,1,0.6704890770271631
0,347,0,0,0,0,0,0,0,0,83,3,40,66,11,1,1,0.8878650003009475
0,172,0,109,1,1,3,28,4,0,77,5,75,113,6,1,0,0.1655029070041404
1,0,0,0,1,1,0,0,0,0,44,3,48,88,0,1,1,0.8659817426030687
0,26,0,0,1,0,0,0,0,0,48,0,80,100,0,0,0,0.08812166876800229
0,408,0,160,1,0,1,12,2,1,69,0,80,100,0,0,0,0.02047307414787355
1,20,0,0,0,0,0,0,0,0,1,1,68,100,0,0,0,0.2774049976926081
0,360,0,134,1,0,2,30,0,0,80,2,62,92,0,4,0,0.03197068953105385
1,43,0,0,0,0,0,12,2,0,5,3,80,82,0,0,1,0.9930101730559237
0,0,0,0,1,1,1,0,0,0,56,2,72,97,8,1,1,0.8216554210960909
0,235,0,40,1,0,1,20,1,0,58,2,73,104,9,2,0,0.055283996093534564
0,192,0,0,1,0,4,0,0,0,86,7,69,103,3,3,0,0.024877026246640295
0,0,0,1,0,0,1,6,2,0,3,2,49,78,4,1,0,0.8306650686364763
0,26,0,0,0,0,0,66,1,0,14,4,39,79,11,3,1,0.7987419686418014
0,130,0,4,0,1,0,18,3,0,18,6,80,101,4,2,0,0.042085576930763445
0,532,0,0,1,1,4,32,0,0,60,0,80,114,0,2,0,0.010351737643672573
0,37,1,252,0,1,3,41,0,1,66,3,36,78,0,1,1,0.7282377898056535
1,93,0,77,0,0,0,13,2,0,23,1,86,116,3,0,0,0.001234867437284634
1,300,0,230,1,0,0,51,0,0,77,4,33,66,0,2,1,0.8865578265076087
1,178,1,137,0,0,1,57,2,1,60,3,80,82,0,5,1,0.7929550714319406
1,0,0,41,1,0,0,12,0,0,42,0,80,100,0,0,1,0.26599341122397346
1,101,0,0,1,0,2,0,0,0,45,8,64,80,0,3,0,0.2932081910323648
0,187,0,61,1,0,2,15,0,0,54,0,95,122,0,0,0,0.03107986849312575
0,188,0,64,1,0,0,16,6,1,40,0,80,100,0,0,1,0.32172643212717245
0,225,0,162,1,0,0,19,0,1,76,3,56,98,0,0,0,0.07469989815656873
0,52,0,0,1,0,1,34,0,0,49,2,42,68,3,6,0,0.5219013999368585
0,360,0,246,1,1,4,36,0,1,96,4,80,80,8,4,1,0.6540898373502034
1,17,0,16,1,0,4,8,2,0,44,0,80,100,0,0,0,0.11464939434530311
0,194,0,0,0,0,0,0,0,0,82,1,44,73,5,1,1,0.9343548223091576
1,0,0,42,0,1,3,0,0,0,28,0,80,100,0,0,0,0.030415633738747463
0,121,0,0,0,0,1,0,0,0,44,4,80,74,0,4,0,0.2546905547204114
0,288,0,158,0,0,1,11,0,0,46,0,80,100,0,0,0,0.012553974558699528
0,95,1,73,1,1,3,0,0,0,68,1,77,112,4,1,0,0.335959150472095
0,218,0,203,1,0,1,37,1,0,75,0,80,100,0,0,0,0.004155563605737149
1,179,1,121,1,1,1,4,2,0,57,1,86,112,0,2,0,0.013044104259822829
1,61,0,0,1,0,2,0,0,0,83,5,48,82,10,1,0,0.1413201495458703
1,130,0,0,0,0,0,0,0,0,60,3,78,103,10,1,0,0.018791904603545854
0,241,0,0,1,0,1,0,0,0,75,1,59,89,0,1,0,0.11938361086185034
1,70,0,244,0,1,1,0,0,0,50,4,68,107,0,0,1,0.08147651728112558
0,403,0,192,1,1,1,28,0,0,77,0,48,78,23,2,0,0.3226409365084518
1,84,0,0,0,0,0,0,0,0,13,9,34,67,0,6,1,0.9990953654316749
1,131,0,119,0,0,0,12,1,0,31,2,57,93,0,2,0,0.5232267204868157
1,74,0,0,1,0,0,0,0,0,51,7,85,107,5,2,0,0.007897371344946062
1,89,1,50,1,0,0,7,1,0,31,0,80,100,0,0,0,0.3370350704441493
1,128,0,65,1,1,0,3,4,0,24,1,58,87,7,3,0,0.7627419255836823
0,67,0,0,0,0,0,18,2,0,5,2,56,102,4,1,0,0.06784365916083783
1,0,0,0,1,0,0,0,0,0,44,0,80,100,0,0,0,0.045423143655552604
1,0,0,0,0,1,0,10,3,1,6,0,80,100,0,0,1,0.24219717747657593
1,35,0,12,1,0,0,3,0,0,31,5,80,77,0,3,1,0.9872761661906808
1,54,0,0,0,0,0,0,0,0,5,3,56,78,0,1,0,0.6125118444479589
1,259,0,117,1,0,1,22,0,1,90,4,60,95,4,1,0,0.2441193118329673
0,18,0,0,0,0,0,0,0,0,8,2,80,83,0,2,1,0.9331935245461157
1,97,1,20,1,1,5,13,0,0,46,3,66,92,9,2,1,0.5055783711246312
0,153,0,0,1,1,1,0,0,0,71,0,80,100,0,0,1,0.2605469674853912
1,112,0,37,1,0,1,0,0,0,48,4,56,95,12,6,1,0.9809663856407852
1,307,0,46,0,0,0,0,1,0,13,5,63,101,7,0,0,0.25351877479453
0,104,0,191,0,0,3,13,3,0,37,0,80,100,0,0,0,0.018822780729304375
0,76,1,258,0,1,0,35,1,1,55,14,45,70,0,0,1,0.9711060495435901
0,206,0,0,1,0,0,0,0,0,59,2,57,96,0,1,1,0.039743526625579464
0,120,1,167,1,0,2,0,0,0,89,0,72,113,0,0,0,0.00030729195883407546
1,43,0,15,0,0,3,25,1,0,28,10,87,125,5,2,0,0.008866878607218982
0,88,0,8,0,0,0,39,0,0,24,4,69,105,0,0,0,0.051712768252724806
1,73,1,15,1,0,1,28,2,0,44,5,62,104,8,2,0,0.30678146329451705
0,144,0,0,0,0,0,0,0,0,70,2,80,94,0,2,0,0.7568928065365936
1,0,0,0,1,0,0,0,0,0,44,1,45,82,8,2,1,0.9904844622667136
1,107,1,41,1,1,0,0,0,0,51,0,91,119,0,0,0,0.0082070711115447
1,336,0,69,0,1,0,35,1,0,46,0,80,100,0,0,0,0.0206758720218554
0,306,0,0,0,0,0,0,0,0,61,0,80,100,0,0,0,0.029461859232813095
1,296,0,58,0,0,3,27,0,1,59,6,54,93,8,3,0,0.7522154847574499
1,0,0,53,1,0,0,15,1,0,34,0,80,100,0,0,0,0.16991444532111225
1,339,0,95,1,0,3,15,2,0,60,5,77,108,11,3,1,0.17237241976562648
1,184,0,188,1,1,1,43,2,0,70,0,47,82,3,4,1,0.8542909278878099
1,0,0,6,0,0,0,17,6,1,5,8,63,92,11,2,1,0.3598333140055492
1,162,0,0,0,0,1,9,2,0,12,6,56,90,4,3,1,0.45055959476883073
0,69,0,0,1,1,3,0,0,0,79,2,69,102,8,2,0,0.06472182247792484
1,0,0,0,0,0,0,0,0,0,0,5,54,75,0,1,1,0.8818807354863645
0,178,0,0,0,0,1,0,0,0,24,0,80,100,0,0,0,0.018161253932146626
1,157,0,73,0,0,2,24,3,1,49,0,80,100,0,0,0,0.16724472898198928
0,178,0,103,1,1,9,34,1,0,87,4,56,98,0,2,0,0.0958737053312615
0,156,0,105,1,0,1,51,0,0,64,0,80,100,0,0,0,0.0018396091000791542
0,90,0,26,0,0,0,0,2,0,1,0,80,100,0,0,0,0.8060210398334179
0,234,1,161,0,1,3,20,1,0,57,3,62,102,0,2,0,0.030717358553867345
0,98,0,89,1,1,3,48,0,1,76,4,50,74,0,4,1,0.19271439434759083
1,0,0,19,0,0,2,18,1,0,26,3,78,119,5,0,0,0.061675820015323304
0,400,0,151,0,1,3,0,0,0,58,3,65,98,5,1,0,0.15102419326255276
1,264,1,233,1,0,1,21,1,0,73,0,49,94,0,2,1,0.4861357021786784
1,8,0,33,0,0,1,13,3,1,19,0,80,100,0,0,0,0.12049129104792887
0,62,1,18,1,0,0,18,0,0,53,3,35,66,6,1,1,0.9820976361291747
1,0,0,90,0,0,3,31,1,1,62,0,80,100,0,0,1,0.5548615653461602
0,423,0,0,1,0,3,0,0,0,95,0,80,100,0,0,0,0.0006202690468015515
0,236,1,234,1,0,8,17,0,0,76,6,45,79,0,1,0,0.2744251001486068
1,52,0,0,0,0,0,11,1,0,5,1,60,98,3,0,1,0.4324444301894924
1,194,0,48,0,0,0,0,2,0,8,0,70,96,0,6,1,0.5426649737677667
0,77,0,0,0,0,0,0,0,0,25,0,80,100,0,0,0,0.11187980569467507
1,65,0,151,0,0,0,12,3,0,21,6,74,105,0,1,0,0.125609014483483
1,58,0,107,0,1,1,41,3,0,46,3,44,86,10,3,1,0.6962044689113434
0,132,1,0,0,0,1,15,4,0,10,2,46,91,0,2,0,0.4087042049835107
0,187,0,213,1,0,1,29,0,0,81,0,54,89,14,1,1,0.16399095971479824
1,35,0,2,0,0,0,10,2,0,1,0,80,100,0,0,0,0.4417354337224884
0,198,0,0,1,1,0,0,0,0,61,0,80,100,0,0,0,0.0036390162660927803
0,374,0,182,1,1,3,28,0,1,99,2,65,100,9,1,0,0.11451853291992564
0,75,0,0,0,0,0,0,0,0,48,4,40,69,0,2,0,0.8291635788559444
1,0,0,8,1,0,0,20,2,1,35,0,80,100,0,0,0,0.06890353541369504
1,115,1,30,1,0,1,22,2,1,60,1,55,100,0,1,0,0.09009937550733105
1,43,0,6,1,0,0,0,3,0,14,0,80,100,0,0,0,0.5353357267756541
1,52,0,1,0,0,0,7,0,0,5,0,80,100,0,0,1,0.3266498735617244
1,124,0,238,0,1,1,0,0,0,53,0,53,82,4,1,0,0.10677988946837748
1,0,0,43,0,0,1,0,3,0,5,0,80,100,0,0,1,0.3788178324830349
0,46,1,0,1,1,1,28,0,0,40,2,77,118,0,0,0,0.0019850496380943087
1,0,0,31,0,0,2,0,0,0,46,0,80,100,0,0,0,0.05084099162621359
1,92,0,51,0,1,2,0,0,0,49,1,80,90,0,1,0,0.0657425093364646
0,197,0,0,0,0,0,0,0,0,20,0,80,100,0,0,0,0.0034785333098743296
1,0,0,13,0,1,0,8,4,0,0,3,64,111,6,1,0,0.11863835810908827
1,169,0,62,0,1,0,0,0,0,26,1,64,91,5,0,0,0.08199490373654256
0,188,1,163,0,0,1,0,0,0,50,5,53,91,3,5,1,0.7665195074345301
0,86,0,71,0,0,0,15,2,1,53,5,80,83,0,3,0,0.09537507512049333
1,67,0,12,0,1,0,0,0,0,19,2,80,90,3,2,1,0.43332454563821565
1,234,0,0,0,0,0,0,0,0,45,1,80,107,18,3,0,0.028826307367861185
1,373,1,166,0,0,1,19,1,1,65,0,61,93,6,2,0,0.08380933241469032
1,65,0,5,0,0,0,7,3,0,0,0,50,94,1,1,0,0.4230050010887192
1,167,0,0,0,0,0,0,0,0,32,0,80,100,0,0,1,0.5500760766692004
0,257,0,0,0,0,0,0,0,0,92,1,80,96,4,0,1,0.7790626734904319
0,397,0,345,1,1,1,35,1,1,90,3,50,77,10,0,1,0.4272962908172963
1,145,1,142,1,0,3,15,0,0,65,1,67,104,5,2,0,0.08070917112094843
0,220,0,31,0,0,0,9,1,0,12,0,80,100,0,0,0,0.38151674517625517
1,121,1,107,1,0,0,0,0,0,70,0,80,100,0,0,0,0.024604840198987822
0,27,0,27,1,0,2,0,8,0,21,7,39,74,24,2,1,0.9955712009828132
1,171,0,0,0,0,0,0,0,0,81,0,80,100,0,0,1,0.10717066554094395
0,311,0,0,0,0,0,0,0,0,59,0,80,100,0,0,0,0.012422125561095206
0,378,0,413,0,1,2,26,1,0,61,0,94,140,6,1,0,0.0015420872089092557
1,0,1,0,0,0,2,20,3,0,11,6,69,105,0,1,0,0.05885100284893707
0,43,0,71,1,0,2,35,1,0,76,1,69,102,3,2,0,0.0023011988561201717
0,201,0,167,1,0,1,49,0,1,88,4,80,80,11,0,0,0.09590931064811073
0,169,0,0,0,0,0,0,0,0,15,4,68,101,0,2,0,0.002033853055089639
0,422,1,47,1,1,1,14,3,0,42,0,80,100,0,0,0,0.014026945541274935
1,50,1,65,0,0,1,25,1,0,41,3,66,95,0,4,0,0.08406508937089317
1,175,0,0,0,0,0,0,0,0,11,0,80,100,0,0,0,0.04543131694264882
0,145,0,0,0,0,0,0,0,0,72,0,80,100,0,0,0,0.0016668072706458943
1,37,0,0,0,0,1,9,3,0,2,1,61,104,0,1,0,0.1379461548794006
0,109,0,9,1,0,0,16,0,0,40,2,69,101,7,1,0,0.025673264489990803
1,259,0,147,1,1,3,31,0,1,98,1,58,95,2,2,0,0.013342525053354653
1,140,0,27,0,0,1,11,3,0,17,0,80,100,0,0,1,0.40056388207901167
0,195,0,104,1,0,3,0,0,0,75,0,57,94,0,2,1,0.0904159046888348
0,200,1,7,0,0,1,15,2,1,27,0,80,100,0,0,0,0.43271415632315036
1,56,0,0,0,0,0,7,3,0,0,1,89,129,0,1,0,0.021909687077131153
0,153,0,0,0,0,0,0,0,0,26,7,80,87,0,3,1,0.6753413904905817
0,0,0,21,1,0,0,26,1,0,41,0,80,100,0,0,0,0.01526353831031887
0,237,0,0,0,0,0,0,0,0,100,0,49,69,0,1,1,0.37966441903557374
0,377,0,0,0,1,1,0,0,0,38,6,53,92,5,3,0,0.02079666085127873
1,129,0,158,0,0,3,45,10,1,55,0,80,100,0,0,0,0.36248666971232313
0,110,0,0,0,0,0,0,0,0,29,4,99,133,8,0,0,0.00032324850282944393
1,306,0,82,0,0,1,27,1,1,51,2,86,126,0,0,0,0.0008875687470356689
1,0,1,34,0,0,3,8,2,0,23,0,80,100,0,0,0,0.2838828161504955
0,95,0,113,1,0,1,0,0,0,72,0,80,129,0,1,0,0.001493468572841617
1,257,0,84,1,0,0,9,2,0,50,0,80,100,0,0,0,0.19870032735687662
1,0,1,17,0,0,0,26,2,0,19,9,60,88,0,4,1,0.18706486490010793
0,150,0,0,0,0,0,0,0,0,100,1,80,108,6,1,0,0.004899462115052805
1,200,0,93,1,1,0,0,0,0,61,0,80,100,0,0,0,0.021357938649655524
0,51,0,34,0,0,3,38,0,0,54,7,67,101,1,3,0,0.024184918713977197
1,35,0,130,0,0,0,6,2,0,21,0,80,100,0,0,0,0.10995532704051258
1,49,0,61,1,1,1,46,3,1,53,0,80,100,0,0,0,0.030394222772094807
0,33,0,39,0,0,2,14,1,1,33,0,80,100,0,0,0,0.3859598300421612
1,174,0,0,1,0,0,0,0,0,67,0,80,100,0,0,0,0.005918503385598382
1,227,0,264,1,1,1,25,5,0,63,1,51,82,9,2,0,0.44058629166949465
1,97,0,0,0,0,0,0,0,0,30,3,80,85,0,2,1,0.9657830265242122
0,419,1,314,1,0,0,53,0,1,88,5,44,88,0,0,0,0.13437131146759168
0,68,0,2,0,0,0,7,0,0,11,1,61,96,0,0,1,0.8552558082216546
0,347,0,0,1,0,0,25,0,1,57,4,77,113,0,6,0,0.011364237441609823
1,215,0,95,1,0,0,11,2,0,49,6,53,91,0,3,1,0.977831463068972
0,0,0,0,0,0,0,0,0,0,0,4,74,96,4,0,0,0.01716963666167625
0,399,0,415,1,1,7,36,1,0,84,0,80,100,0,0,0,0.0006204237130868031
0,78,0,0,0,0,2,26,2,0,21,4,41,77,11,4,1,0.9304877148457735
0,127,0,69,1,0,0,0,0,0,45,2,58,89,0,2,0,0.7799526861876885
0,15,0,31,1,0,0,14,0,0,47,1,78,121,2,0,0,0.017593537218746937
0,473,0,244,1,1,0,0,0,0,87,0,80,100,0,0,0,0.0005065271065805409
0,145,0,83,1,0,2,0,0,0,81,0,80,100,0,0,0,0.00678857786779428
0,305,1,72,0,0,2,0,0,0,49,0,80,100,0,0,0,0.0008709347679671377
0,107,0,0,0,0,0,0,0,0,7,1,48,80,0,5,1,0.4943213552321507
1,374,1,223,1,0,4,15,1,0,77,1,59,96,2,3,0,0.039574273892936364
0,369,0,0,0,0,0,0,0,0,97,5,36,68,14,3,1,0.8183444511300059
1,53,0,0,0,0,0,0,0,0,11,2,70,94,0,1,0,0.5968329365059543
0,245,1,224,1,1,1,37,0,1,88,5,65,95,6,0,0,0.005073539430241247
0,135,0,130,0,1,0,0,0,0,44,0,80,100,0,0,0,0.0637049413857152
0,0,0,0,0,0,0,8,5,0,0,0,80,100,0,0,0,0.2934735587889519
1,0,0,11,1,0,0,0,0,0,30,1,61,95,7,1,0,0.6573745515371883
1,12,0,31,0,1,0,25,2,0,20,1,80,85,9,1,0,0.46414211292939733
1,11,0,0,0,1,0,0,0,0,2,3,68,97,20,1,1,0.8554403405091553
0,172,0,119,0,1,3,9,0,1,54,0,80,100,0,0,0,0.04970693093180945
1,82,1,72,0,0,1,0,0,0,46,5,80,90,3,1,1,0.4685502129157377
0,107,0,0,0,0,0,0,0,0,32,0,68,103,8,1,0,0.1640077787202672
0,205,1,172,1,1,2,31,0,1,93,0,80,100,0,0,0,0.0007138139742111511
1,168,0,70,0,0,0,0,0,0,29,2,41,75,13,2,1,0.9908625794390253
1,0,0,2,0,0,1,23,4,1,15,1,58,95,0,0,1,0.5497054784265123
0,131,0,43,1,0,2,0,0,0,60,0,80,100,0,0,0,0.09191873653955997
1,99,0,35,0,0,1,5,0,0,39,1,62,104,0,0,0,0.04950839152684656
1,173,0,123,0,0,3,24,2,0,40,0,80,100,0,0,0,0.01925337669798289
0,27,0,0,1,0,1,0,0,0,35,1,53,84,0,5,0,0.07569636151514314
0,164,0,0,0,0,2,0,0,0,44,0,67,108,0,0,0,0.0069937407927556875
0,163,1,21,1,0,3,44,1,0,67,2,81,107,0,3,0,0.004101893575673835
0,306,0,0,1,0,1,0,0,0,80,0,80,100,0,0,0,0.004025593246472885
0,193,0,0,0,0,0,0,0,0,43,0,81,116,1,2,0,0.020764467314380156
0,294,1,86,0,0,3,27,0,0,48,2,75,114,8,5,0,0.00500698119311957
1,0,0,5,1,0,0,9,1,1,33,2,80,81,2,2,0,0.4442524953820164
1,87,0,24,0,0,0,5,0,0,9,1,80,74,9,3,1,0.9564691854889354
1,229,0,37,1,0,0,19,2,0,40,2,50,79,10,7,1,0.7369671342335172
1,0,1,25,0,0,0,19,0,1,25,0,80,100,0,0,0,0.0017052346923712828
0,103,1,235,0,1,0,63,1,0,47,0,34,64,0,0,1,0.9835761237776917
0,119,1,90,0,1,3,50,1,1,57,5,44,68,5,0,1,0.787032268115407
1,286,0,93,0,0,0,0,4,0,10,2,75,105,2,0,0,0.02498823449055175
0,155,0,0,1,1,2,0,0,0,97,2,77,106,11,1,1,0.03018808270403901
0,110,0,65,1,0,0,47,1,0,75,0,80,100,0,0,0,0.0013640784494889581
1,0,0,0,0,1,3,0,0,0,22,0,80,100,0,0,0,0.10350228387283325
1,256,0,57,1,0,1,21,3,0,61,0,80,100,0,0,0,0.04122487927352019
0,0,0,127,1,0,0,21,1,0,58,1,80,96,6,1,0,0.07553583067286822
1,122,0,32,0,0,1,0,0,0,59,3,80,98,5,0,1,0.4549131518236472
1,0,0,66,0,0,0,0,0,0,25,0,80,71,0,3,1,0.8937946595026225
1,220,0,14,0,0,0,14,1,0,14,3,65,86,0,2,1,0.23763342666908202
1,178,1,45,1,0,0,0,0,0,84,7,58,99,0,1,0,0.45463846707559863
1,0,0,0,1,1,1,14,1,0,29,3,57,94,5,0,1,0.680213193765599
1,0,0,64,1,0,1,13,2,0,44,0,80,100,0,0,0,0.228539383367609
1,178,0,0,1,1,0,0,0,0,59,8,52,96,4,2,1,0.9761056184596454
1,37,0,58,0,1,2,18,2,0,48,2,56,104,0,0,0,0.013220888328705603
0,191,1,118,1,0,1,24,1,0,64,0,80,100,0,0,0,0.0401330266303985
1,40,0,19,1,0,0,6,1,0,29,1,58,96,8,1,1,0.7510348590373158
1,117,0,19,0,0,1,15,3,1,29,0,80,100,0,0,0,0.019566354348482303
1,204,0,60,0,1,1,7,6,0,35,0,73,108,0,4,0,0.05629804377467191
0,163,0,0,0,0,0,0,0,0,69,0,80,100,0,0,0,0.0029943906133695674
1,508,0,421,1,0,0,50,0,1,89,0,80,100,0,0,0,0.001311257892897353
0,341,0,0,1,1,0,0,0,0,77,5,80,99,3,1,0,0.0912987069792057
0,255,0,0,0,1,0,0,0,0,33,4,80,110,0,2,0,0.011265953284709328
0,327,0,0,1,1,4,0,0,0,97,3,47,84,0,2,1,0.15770275711095874
1,86,0,0,1,0,1,0,0,0,80,3,76,113,0,2,0,0.019698542925633215
1,85,1,30,1,1,0,0,0,0,37,3,73,108,3,0,0,0.0866705650387884
1,126,1,78,0,1,1,14,6,0,16,0,80,100,0,0,0,0.14324739223379376
0,136,0,92,1,1,2,16,0,1,84,3,82,116,6,6,0,0.030430275269929575
0,41,0,19,0,1,0,19,0,0,31,0,80,100,0,0,0,0.0017129033158312075
0,0,0,0,1,0,0,0,0,0,27,0,80,100,0,0,0,0.03192594585637478
1,4,0,87,1,0,2,12,2,0,58,5,61,91,16,1,1,0.5674920288173835
1,19,1,53,0,0,0,0,0,0,32,3,44,78,17,5,1,0.9956274083551981
0,181,0,55,0,0,2,0,0,0,59,0,80,100,0,0,0,0.0037722722367457533
0,159,0,17,0,0,0,25,4,0,27,0,80,100,0,0,0,0.03351070363640114
1,0,0,15,0,0,0,10,2,0,2,6,42,64,7,0,1,0.9971236713690179
0,125,0,0,1,0,1,12,1,0,43,0,80,100,0,0,0,0.017786671223556923
1,112,0,0,1,0,1,0,0,0,38,13,29,65,0,5,1,0.9960556509837596
1,363,1,92,1,0,3,5,2,1,61,2,72,112,0,7,1,0.1918115060219059
1,237,1,152,0,0,1,18,0,1,61,5,73,105,2,1,0,0.06583199437998613
0,162,0,288,0,0,0,25,8,0,33,3,55,84,0,7,1,0.9866133338496044
1,79,0,149,0,1,0,14,0,0,34,0,80,100,0,0,1,0.17943541762553802
1,0,0,13,1,0,0,4,0,1,34,6,69,98,3,2,1,0.12077665126523658
0,119,0,152,1,0,3,18,4,0,52,2,78,111,5,0,0,0.05705195742446895
1,445,1,224,1,1,0,40,1,1,87,0,80,100,0,0,0,0.002259231853881877
0,193,0,60,0,0,0,7,1,0,14,0,80,100,0,0,0,0.3640124888442459
1,422,0,143,1,1,1,12,0,0,68,5,80,101,5,0,0,0.04501827455580418
1,163,0,0,0,0,0,0,0,0,41,0,80,100,0,0,0,0.09115030449057758
1,214,0,134,1,0,2,19,2,1,75,3,80,72,8,1,0,0.5467725357141486
1,112,1,49,1,0,0,0,0,0,44,2,52,90,6,1,0,0.27371817743230586
1,119,0,0,0,0,0,0,0,0,44,3,61,101,3,3,0,0.2556681935751815
1,47,0,42,0,0,1,9,0,0,24,0,80,100,0,0,1,0.5147634965637564
1,34,1,1,0,0,0,12,2,0,5,0,80,100,0,0,0,0.24392597991337495
0,7,0,33,0,0,0,10,0,1,23,1,67,109,2,0,0,0.11746019116943819
0,322,0,0,0,0,4,0,0,0,44,4,59,94,0,0,0,0.021092320345270928
1,64,0,37,0,1,0,4,0,0,13,0,80,100,0,0,1,0.26128085621576125
0,0,0,21,0,1,0,5,0,0,8,3,48,94,3,2,0,0.8427359161192579
1,85,0,0,0,1,0,0,0,0,6,3,58,85,0,3,0,0.08484324099567479
1,102,0,8,1,1,0,0,0,0,33,1,88,121,0,0,0,0.010029158756565747
0,0,0,63,0,0,0,25,0,0,29,0,80,100,0,0,0,0.012063163030571292
1,466,0,181,1,0,3,28,1,0,86,0,80,76,4,2,1,0.686553714807429
1,340,0,169,1,0,0,30,1,0,67,1,93,126,3,1,0,0.0007840766197088863
0,138,0,0,1,0,0,18,2,1,43,1,79,98,0,5,0,0.09481111575815344
1,46,0,124,0,0,1,24,5,1,38,0,80,100,0,0,0,0.0536888651487922
1,62,0,24,0,0,4,12,2,0,15,6,49,82,20,4,1,0.7751353441778976
1,0,0,26,1,0,1,1,6,0,20,0,80,100,0,0,1,0.5929490881244297
1,78,0,17,0,0,0,19,2,0,28,3,80,104,0,1,0,0.1553724779797596
1,239,0,29,1,0,1,32,2,1,62,0,80,100,0,0,0,0.006125401907300989
1,0,1,48,0,0,0,15,1,0,12,0,80,100,0,0,1,0.7699737936394229
0,342,0,159,0,1,2,14,3,0,41,9,44,75,0,1,1,0.9626972001975199
1,306,1,106,1,0,3,15,0,0,74,0,80,100,0,0,0,0.009860273459189937
1,0,0,0,1,0,1,0,0,0,56,3,68,118,10,1,0,0.06723833299699272
0,204,0,59,0,1,2,41,1,0,53,0,80,100,0,0,0,0.010581772884989666
0,112,0,85,1,0,1,7,8,0,29,5,40,69,0,1,1,0.9540619932218781
1,348,0,61,0,0,1,34,1,1,45,0,90,122,0,0,0,0.0029637510475334504
1,77,0,53,1,1,4,0,0,0,73,3,80,103,5,5,0,0.08029581284119593
0,435,0,44,1,1,0,23,0,0,54,0,81,121,0,5,0,0.0011797657554007723
1,99,0,0,0,0,0,0,0,0,31,0,80,95,2,0,0,0.13470134017605837
0,163,0,75,1,0,2,0,0,0,68,0,66,111,1,0,0,0.1215391441850818
0,167,0,2,0,0,0,0,0,0,13,1,80,117,3,0,0,0.006333461807344032
1,37,0,115,1,0,1,52,0,0,72,2,44,80,0,4,0,0.710068395790929
1,197,0,43,1,0,0,0,0,0,49,3,39,74,0,2,0,0.6653564366011486
1,199,0,0,1,1,1,20,1,0,39,0,80,100,0,0,0,0.015551502566626222
1,0,0,154,0,0,2,13,1,0,39,3,59,98,0,8,1,0.6630883234278226
0,37,1,21,1,0,1,9,0,0,35,4,75,111,0,3,0,0.06107745990369723
0,301,0,76,0,0,1,18,1,0,35,0,80,100,0,0,0,0.02755836204103027
1,0,0,1,1,0,0,17,2,0,23,3,80,111,0,2,1,0.1939034485937651
1,62,0,0,0,0,0,0,0,0,11,2,80,100,0,0,1,0.5483628802503309
0,419,1,90,1,0,4,0,0,0,75,3,73,108,0,0,0,0.030730080257549947
1,25,0,18,0,0,1,0,0,0,18,4,45,76,11,0,1,0.9574447424585985
0,0,1,55,0,0,1,0,0,0,47,0,62,100,0,0,1,0.48728769195434646
0,195,0,159,0,1,5,28,2,0,55,1,77,112,11,1,0,0.016196343857579606
0,0,0,42,1,0,0,8,1,0,29,0,80,100,0,0,0,0.018304401006278455
1,204,1,131,0,0,1,26,0,0,58,2,80,110,4,1,0,0.0007158569380681184
1,0,0,14,0,0,2,12,7,0,5,4,60,96,6,1,0,0.4074729772027264
1,0,1,20,0,0,0,23,0,0,18,1,66,94,0,1,0,0.0780838379991841
1,153,0,10,1,1,0,12,1,0,36,6,80,99,0,2,1,0.5683974215338002
0,185,0,71,0,0,5,25,1,1,59,0,80,100,0,0,0,0.027158166334099565
1,197,0,34,0,1,1,12,1,0,22,1,86,121,4,1,0,0.0020648089204511177
0,328,0,65,0,0,0,19,7,0,21,0,88,116,0,0,0,0.005023553332502058
1,34,0,168,0,1,4,19,1,0,41,3,65,100,10,1,0,0.08962295405614433
0,0,1,0,1,1,1,36,0,0,40,1,97,134,11,0,0,0.0006718351971839534
0,315,0,0,1,1,2,0,0,0,94,4,66,99,0,5,0,0.09382737484658064
1,0,0,50,0,1,0,3,2,0,10,3,67,95,0,0,1,0.9144327332278698
0,168,1,133,1,0,3,24,0,0,85,0,83,112,7,0,0,0.004546292762161353
1,0,0,0,1,0,0,1,3,0,12,3,57,98,0,1,0,0.7284604478250782
0,231,0,201,1,0,1,28,1,1,86,5,39,72,9,2,1,0.9390095275054885
0,0,0,0,1,0,2,0,0,0,67,4,79,122,4,5,0,0.009485088719717346
1,0,0,83,0,0,1,14,10,0,9,0,80,100,0,0,0,0.5363465228575992
1,35,0,0,0,0,0,0,0,0,12,0,47,86,5,3,1,0.8935926310831053
0,158,1,167,1,0,4,24,2,0,73,0,51,85,0,4,1,0.6632302926788695
1,0,0,0,0,0,0,0,0,0,0,4,80,89,17,1,0,0.47077352053542215
1,265,0,0,1,0,0,1,2,0,25,2,78,114,5,0,1,0.4459581492268085
0,44,0,17,0,0,0,6,2,1,18,0,80,100,0,0,0,0.01837498267525588
1,0,0,0,1,0,0,0,0,0,44,6,42,81,9,6,0,0.8714306297180033
1,109,0,0,0,0,0,0,0,0,7,0,80,100,0,0,1,0.5367123784471368
0,80,0,8,1,1,0,0,0,0,40,0,80,100,0,0,0,0.004339436761500616
0,145,1,97,1,1,1,0,0,0,86,0,74,109,10,0,0,0.002270474299119367
0,43,0,101,1,0,1,12,1,0,62,2,80,96,8,2,0,0.2528593152151579
1,32,0,20,1,0,0,0,0,0,41,4,80,103,0,0,1,0.3991138315352893
1,0,0,0,1,1,2,6,2,0,27,3,66,94,11,0,1,0.7995596641116047
0,631,1,239,1,1,2,43,1,0,87,4,80,73,0,0,1,0.512562649300907
0,65,0,52,1,0,2,30,0,0,84,0,80,100,0,0,0,0.0013105798115453857
0,294,0,52,1,1,0,19,4,0,34,6,71,104,0,1,1,0.23335017820485912
1,366,0,0,0,0,0,0,0,0,77,2,80,119,4,3,0,0.0022150781785434635
1,95,0,0,0,0,0,0,0,0,11,0,75,115,0,0,0,0.048583922962350035
1,96,0,179,0,0,1,24,1,1,54,14,48,81,0,3,1,0.9130699332783896
1,108,0,28,0,0,1,0,0,0,48,1,80,111,0,2,0,0.31335447324557253
0,93,0,0,0,0,0,0,0,0,13,2,86,114,0,4,0,0.002998961287448921
0,99,0,141,0,0,0,6,7,0,20,1,79,117,0,0,0,0.013443887488030775
1,191,0,0,0,0,0,0,0,0,36,5,80,109,9,2,0,0.42084413598244635
1,17,0,49,1,1,0,4,3,0,21,3,80,78,12,0,1,0.881933625394191
1,81,0,10,0,0,1,0,0,0,12,1,80,89,10,1,1,0.21237126408960155
0,4,0,19,1,1,0,19,0,1,48,0,83,122,0,0,0,0.010232426523356934
0,160,0,74,1,0,0,0,2,0,33,0,80,100,3,0,1,0.19600805942683014
1,0,0,26,0,0,0,0,6,1,1,4,70,104,4,4,0,0.23320557508645662
0,52,0,121,0,1,2,0,0,0,42,0,80,100,0,0,0,0.06032124869822166
1,334,0,196,1,1,1,53,3,0,72,1,80,71,5,1,1,0.9510229006867024
1,70,0,48,0,0,1,19,4,0,22,6,63,94,5,2,0,0.37605541309815455
1,0,0,0,0,0,0,0,0,0,0,2,80,101,18,2,0,0.644139857239854
1,35,0,0,0,0,1,0,0,0,18,1,65,93,0,5,0,0.12557938146048964
0,82,0,45,1,0,0,3,2,0,37,4,58,92,0,6,0,0.2729830724162744
1,290,0,0,0,0,0,0,0,0,57,0,80,100,0,0,0,0.011529439981298751
0,37,0,0,1,0,0,7,0,0,26,5,77,117,0,2,0,0.03658801911201038
1,69,0,19,0,0,1,0,0,0,13,2,80,81,10,2,1,0.9251244713531125
0,147,0,53,1,0,1,0,0,0,88,0,80,100,0,0,0,0.0347376491614988
1,0,1,41,0,0,2,0,4,1,16,3,80,105,0,0,0,0.20050232355660821
0,30,0,0,0,0,0,0,0,0,6,0,80,100,0,0,0,0.003915078573523073
1,57,0,0,0,0,0,0,0,0,4,7,76,106,0,2,0,0.42354836932252915
1,221,0,97,0,1,1,15,1,0,42,0,80,100,0,0,0,0.07255391681376139
1,141,0,0,1,0,1,9,3,1,35,0,80,100,0,0,1,0.5036916179090163
0,76,1,23,0,0,1,0,0,0,26,0,80,100,0,0,0,0.004724997571929243
1,18,0,196,0,0,0,23,1,0,39,1,49,90,6,1,0,0.18243717513809002
1,0,0,0,1,1,1,0,0,0,33,1,80,109,0,1,0,0.054519978809918435
0,291,0,0,0,0,0,0,0,0,61,6,60,94,7,3,0,0.047747492949285326
0,47,0,17,0,0,3,38,2,0,30,0,80,100,0,0,0,0.020940194036697217
1,0,0,0,0,0,0,0,0,0,0,0,80,100,0,0,0,0.03546702343048012
0,236,0,38,0,1,3,13,0,1,58,8,55,107,0,1,1,0.42881925075101573
0,89,0,0,1,0,0,0,0,0,52,8,80,120,8,1,0,0.03949060458521735
0,73,0,182,1,0,1,26,1,0,68,0,80,100,0,0,0,0.087846845150822
0,246,0,0,0,0,1,0,0,0,37,2,56,107,3,1,0,0.010419638825839841
1,453,0,274,1,0,0,30,0,1,88,4,78,114,1,2,0,0.013398411835510353
0,117,0,22,0,0,0,33,0,0,24,2,78,121,0,0,0,0.0006852862575668538
0,186,0,88,0,0,0,0,0,0,23,2,79,118,9,0,0,0.0015762272632121566
0,272,0,0,0,0,0,0,0,0,55,0,80,100,0,0,0,0.0021446786693182884
1,0,0,94,1,0,0,26,7,0,48,5,45,75,0,3,1,0.9837872415630561
0,175,0,42,1,1,1,7,0,0,62,2,62,91,0,2,1,0.43619210108933815
0,134,0,62,1,1,0,17,0,0,44,8,80,94,13,6,0,0.502193448562327
1,32,0,0,0,0,1,3,2,0,2,4,36,70,0,0,1,0.9903202981906875
1,111,0,77,0,0,2,12,5,0,27,0,80,100,0,0,0,0.05651798889395178
1,22,0,64,1,1,0,25,0,1,76,0,80,100,0,0,0,0.08392307075107722
0,86,0,64,0,0,1,8,0,1,55,3,52,101,0,1,1,0.3505259382764775
1,69,0,0,1,0,1,0,0,0,68,0,80,100,0,0,0,0.09298733187993859
0,105,0,11,0,0,0,12,2,0,9,2,80,95,10,2,0,0.42399248350637253
1,141,0,1,0,0,0,9,2,0,4,0,66,101,1,1,1,0.3691066187516309
1,0,0,33,0,0,0,0,0,0,6,4,65,98,5,4,1,0.7808820610129849
1,331,1,181,1,0,3,14,4,1,70,4,69,92,0,1,0,0.17989483140613424
1,201,0,0,1,0,1,0,0,0,72,3,80,78,0,3,1,0.9677361610875537
1,162,0,0,0,1,0,0,0,0,10,2,80,82,7,6,1,0.8213222562518885
0,276,0,99,1,0,1,31,0,0,72,4,78,117,6,1,0,0.007490772365385315
0,208,1,58,1,0,1,7,5,1,39,0,54,95,4,1,0,0.28429523312095256
1,285,0,0,1,1,4,0,0,0,85,2,67,98,10,6,0,0.03395840240978381
0,26,0,14,0,0,1,3,5,0,0,1,80,127,0,2,0,0.0066360911043392735
1,112,0,173,1,1,0,4,2,1,54,6,61,88,8,0,0,0.15427955487860223
1,20,0,37,1,0,3,0,0,0,63,1,72,106,0,3,1,0.02988917063341514
0,153,0,311,0,0,1,0,0,0,53,0,80,100,0,0,0,0.0041619840572534985
1,0,0,0,0,0,0,0,0,0,0,7,80,96,9,1,1,0.6799877524685765
0,233,0,0,0,0,0,0,0,0,100,6,53,87,12,0,1,0.8644202388434193
1,26,1,40,0,0,0,0,0,0,14,2,87,126,4,2,1,0.08045373156923782
1,0,0,0,0,0,0,14,0,0,7,4,89,114,7,1,0,0.0036401222699204328
0,134,1,373,0,0,2,41,0,1,69,0,80,100,0,0,0,0.008093293829327735
1,0,0,46,0,0,0,0,0,0,40,23,80,87,11,1,1,0.961684978580896
1,238,0,84,0,0,1,26,2,0,37,6,59,90,0,1,0,0.18236595582880138
1,85,1,0,1,0,0,5,2,0,25,1,42,89,11,2,0,0.876088113857838
0,15,1,55,0,0,0,0,0,0,33,1,80,107,4,0,1,0.23856591396023197
1,114,0,0,1,0,4,0,0,0,47,1,64,100,2,1,1,0.04895097803600499
1,46,0,0,0,0,0,0,0,0,13,0,80,100,0,0,0,0.06935338712921267
1,124,0,36,1,0,0,12,9,0,31,0,74,104,9,2,0,0.04699514363481659
0,49,0,0,0,1,0,0,0,0,3,0,80,100,0,0,0,0.1342504216773146
1,125,0,0,0,0,0,0,0,0,37,0,80,100,0,0,0,0.04941473986560284
1,301,1,77,0,0,1,7,1,0,26,1,53,91,5,0,1,0.10789910362170174
1,0,0,21,0,0,0,0,0,0,17,0,80,100,0,0,0,0.054497702206198276
1,0,1,34,0,0,0,0,0,0,23,0,86,120,3,1,0,0.0075441248141452635
0,116,0,0,0,0,0,7,1,0,9,3,55,81,10,1,0,0.41896080472204894
1,230,0,27,1,0,0,19,0,1,51,2,73,112,0,4,1,0.6698727377230211
0,342,0,55,0,0,0,18,0,0,36,0,76,103,0,2,0,0.015882055837325843
1,0,0,105,1,0,0,78,1,0,57,0,80,100,0,0,1,0.4500209176359455
1,145,0,125,1,1,0,31,0,1,77,2,48,87,8,0,0,0.04974200945884294
0,134,0,55,1,0,2,26,3,1,57,2,79,117,5,0,0,0.029641948577514583
1,152,0,156,0,0,2,7,1,0,39,4,48,81,0,1,1,0.9574790007077169
0,17,0,15,0,0,0,11,4,0,6,0,80,100,0,0,0,0.2366192445504548
1,0,1,38,0,0,1,5,2,0,12,1,60,93,0,3,1,0.8336466088851439
0,17,0,44,1,0,0,12,1,0,44,0,80,100,0,0,0,0.008900124518941807
0,173,0,138,0,1,1,17,0,0,38,5,63,97,7,1,0,0.10587634029229037
0,474,1,200,0,0,0,28,2,0,53,8,80,79,9,1,0,0.5147505032976787
1,329,1,202,1,0,2,28,3,0,79,4,70,105,7,2,0,0.03588517853267291
0,81,0,72,0,0,3,0,0,0,57,2,68,99,0,0,0,0.21503773798064574
0,293,1,75,1,1,4,21,0,0,86,2,98,123,4,0,0,0.00019243237800135087
1,107,0,19,0,0,0,11,1,0,17,3,62,93,5,1,1,0.9224181015464622
0,168,1,128,1,0,1,35,2,1,86,0,80,100,0,0,0,0.0024350350618626924
1,83,0,125,1,0,1,0,0,0,81,4,50,96,0,1,1,0.39335285168466566
1,60,1,71,0,0,2,22,0,1,46,0,80,80,0,6,1,0.8413803553428677
1,34,0,0,1,0,2,31,0,1,56,0,57,94,7,1,0,0.03666189986451391
1,180,0,62,1,0,1,15,4,0,48,0,80,100,0,0,0,0.26523528112779243
0,453,0,147,1,0,2,30,0,0,90,2,59,91,0,2,0,0.021558916364460213
1,328,0,96,0,1,2,21,0,0,59,0,80,100,0,0,0,0.002608577188409399
1,229,0,151,0,1,1,14,1,0,40,2,87,115,3,0,0,0.003166227463127657
1,77,0,0,0,0,0,0,0,0,24,0,80,103,2,1,0,0.32635687230875154
0,346,1,146,1,1,2,38,1,0,83,0,80,100,0,0,0,0.010388878581627608
1,202,0,0,1,0,1,0,0,0,78,1,80,104,0,1,0,0.060232787886164284
1,96,0,14,0,0,0,0,0,0,11,5,55,93,4,5,0,0.5094289680294953
1,250,1,137,1,0,1,13,1,1,76,1,80,95,0,1,0,0.021516804749450964
1,153,0,0,0,1,2,0,0,0,38,0,80,100,0,0,0,0.06526868027407592
1,87,1,18,0,0,0,12,2,0,15,5,58,90,0,1,1,0.9684705950320658
1,45,0,0,1,0,0,0,0,0,29,0,80,100,0,0,0,0.03856776689021832
0,293,0,0,0,0,0,0,0,0,75,1,54,91,6,2,1,0.7336249672102608
0,97,0,0,0,1,1,0,0,0,19,3,53,87,1,1,1,0.31134641453572265
0,131,0,71,1,0,0,23,1,1,84,1,80,107,15,0,0,0.07879276793327647
0,149,1,104,0,0,0,25,0,1,66,1,88,120,9,2,0,0.001415584053083078
1,55,0,43,1,0,0,1,2,0,26,2,46,71,0,2,0,0.9277347973008288
1,144,0,47,0,0,0,8,2,0,11,5,77,99,1,0,0,0.33890771404331205
1,12,0,26,1,0,1,11,5,0,37,6,45,86,11,4,1,0.8935369867702377
0,218,0,0,0,0,0,0,0,0,14,4,48,81,11,3,0,0.8609092781371243
0,80,0,114,1,1,0,23,1,1,74,1,50,84,9,5,1,0.8365383095275393
0,11,1,0,0,0,2,0,0,0,15,1,56,90,1,1,0,0.43815862276518686
1,289,0,244,1,0,2,17,8,0,62,4,51,82,0,3,1,0.9818515264935868
1,76,0,102,1,0,3,18,2,1,78,0,80,100,0,0,0,0.001670982727446496
1,48,0,91,0,0,0,23,4,0,21,6,40,73,0,1,1,0.9519325931809177
1,110,0,16,0,0,1,1,5,1,9,1,69,104,0,3,1,0.36980818290158723
1,0,0,55,0,0,1,16,1,0,24,0,80,100,0,0,0,0.27911596455587856
0,264,0,135,1,0,1,26,2,0,72,1,79,110,10,4,0,0.02899065714064029
0,177,1,189,1,0,2,30,0,0,87,3,68,97,0,0,0,0.04743007642582849
1,76,0,26,0,0,0,7,0,1,29,1,46,84,0,2,1,0.9515841849376497
1,0,0,0,0,0,0,6,0,1,13,4,77,103,0,2,0,0.4534209517437532
0,46,0,0,1,0,4,31,1,1,54,3,57,93,0,1,1,0.8945463694492726
0,481,0,0,1,1,0,0,0,0,78,3,57,96,7,0,0,0.03734775680273315
1,61,0,0,0,0,0,0,0,0,3,0,80,100,0,0,1,0.12626566122785365
1,0,0,0,0,0,0,3,10,0,0,1,85,118,0,0,0,0.030023074277903645
1,49,0,54,0,0,0,15,2,1,48,2,63,103,10,1,0,0.18911533561435123
1,31,1,50,0,1,2,0,0,0,28,1,79,109,0,0,0,0.03184247814940666
1,162,0,0,1,0,1,0,0,0,89,5,46,78,0,0,0,0.19249493225584266
0,9,0,35,0,0,1,16,2,0,15,3,29,69,10,1,1,0.9778811961273302
1,193,0,0,0,0,0,0,0,0,42,1,66,99,17,0,0,0.5748895964624617
1,145,0,0,0,0,0,0,0,0,7,0,78,112,0,0,0,0.01738075032708238
0,273,0,60,0,0,1,15,6,1,25,0,55,87,0,1,1,0.644639544905413
0,171,0,0,0,0,0,0,0,0,45,3,80,108,0,2,0,0.003992265991720988
1,42,0,0,0,0,0,0,0,0,2,0,80,100,0,0,1,0.9025020618299926
0,248,0,45,0,0,5,21,3,0,45,0,80,100,0,0,0,0.012833273638952234
1,0,0,0,0,0,2,0,0,0,22,0,80,100,0,0,0,0.04749943350219763
1,135,0,0,0,0,0,0,0,0,13,2,35,63,4,3,1,0.8735944837495999
1,100,0,0,0,0,0,25,3,0,7,2,76,117,3,1,0,0.022290947484531493
1,147,0,166,1,0,0,0,0,0,69,9,80,80,0,2,1,0.9060436375100506
0,221,0,88,1,0,0,23,1,0,53,0,80,123,0,1,0,0.0015405436886351592
0,101,1,41,1,0,1,22,2,1,68,1,46,95,0,1,0,0.01637637954102298
0,334,0,0,1,1,1,0,0,0,81,1,61,97,10,0,0,0.04250138207971275
0,160,0,61,1,0,2,0,0,0,71,0,80,100,0,0,0,0.049417488734676066
0,290,0,163,1,0,1,25,3,0,72,2,44,78,10,1,1,0.17164809535533637
0,385,1,124,1,0,4,0,0,0,85,4,54,96,0,2,0,0.22037058907408202
0,184,1,4,0,1,1,21,0,1,44,1,53,101,0,1,1,0.1734875891034546
1,0,1,176,0,0,0,35,2,0,39,1,31,78,15,3,1,0.9888267997870167
1,319,0,97,1,0,1,12,1,1,66,6,67,102,0,0,0,0.17501577454628206
1,54,1,39,0,0,0,17,1,0,31,0,80,100,0,0,0,0.006393066583007914
1,142,0,34,0,0,0,0,0,0,44,0,80,100,0,0,0,0.2062322143559067
0,0,0,38,0,0,1,10,4,0,13,5,61,93,10,2,0,0.7621414130281073
1,36,1,0,0,0,2,0,0,0,18,1,68,102,0,0,0,0.0016208308274823192
1,82,0,0,0,0,1,0,0,0,16,2,64,89,0,3,0,0.7940566107598138
0,27,0,0,0,0,2,0,0,0,24,8,56,99,0,0,0,0.26019115820505345
1,292,0,146,0,0,3,17,1,0,57,1,61,104,0,1,0,0.03319186324815862
1,154,1,40,1,0,7,20,1,0,80,0,80,100,0,0,0,0.009067009198333307
1,140,0,27,1,0,0,0,1,0,27,1,57,84,0,2,1,0.7154379983004798
1,92,1,52,0,1,5,34,1,0,48,0,80,100,0,0,0,0.004337452577604354
0,81,0,0,0,0,1,0,0,0,10,4,64,103,16,2,1,0.738104624403829
1,13,0,73,0,1,0,19,4,0,29,1,57,87,4,3,1,0.664557921524719
1,48,0,125,0,0,0,33,8,1,43,4,46,93,8,0,0,0.49101662954493297
1,0,1,16,0,0,2,7,1,0,21,0,80,100,0,0,0,0.05092452632562785
0,161,0,0,0,0,2,0,0,0,56,2,68,90,4,3,0,0.0655683272222584
0,387,0,0,0,0,0,0,0,0,75,0,80,100,0,0,0,0.020498792135333913
0,83,0,189,1,0,0,20,5,1,58,5,54,79,15,2,0,0.37218655714329224
0,289,0,0,0,0,0,0,0,0,94,0,75,100,1,2,0,0.009402942349485887
0,133,0,45,1,1,1,23,2,0,59,0,80,100,0,0,0,0.004363750771640738
0,222,0,0,1,1,4,0,0,0,100,4,75,107,3,2,0,0.025088723788767968
1,41,1,88,1,1,1,37,1,0,57,4,41,85,0,2,0,0.6806543494433259
1,167,0,22,0,1,0,28,1,1,31,1,56,100,5,0,0,0.03525902011673766
0,41,1,27,1,1,0,22,3,0,34,4,40,89,1,0,1,0.4284697614636147
1,0,0,7,0,1,0,6,3,0,0,1,56,91,0,2,0,0.6282099945224222
0,248,1,93,1,0,2,0,0,0,76,1,80,80,0,1,0,0.6026966948824146
0,196,1,190,1,0,1,16,0,0,73,1,93,130,0,1,0,6.912333777284055e-05
0,320,0,321,1,1,3,0,0,0,93,0,83,122,0,0,0,0.0019977764368895737
0,103,0,43,0,1,0,11,2,0,28,5,42,89,7,8,1,0.7611227423333385
0,133,0,79,0,1,3,0,0,0,46,3,80,117,8,1,0,0.009002755376193557
1,0,0,11,0,0,0,0,1,0,0,0,80,100,0,0,1,0.7284499488504993
1,104,0,0,0,1,1,14,4,1,22,7,80,71,19,1,1,0.996777515870835
0,0,0,0,1,0,0,24,1,0,29,8,62,99,0,1,1,0.28828408819440726
1,0,0,47,0,0,0,17,9,0,14,5,48,82,0,4,1,0.9721200784655946
0,87,1,38,1,0,2,20,1,0,71,5,41,79,0,2,1,0.9817544321585466
1,0,0,38,0,0,0,1,1,0,7,4,37,69,0,2,1,0.9818267876993237
0,203,1,127,1,0,2,27,1,0,69,5,62,89,0,0,0,0.15896743618109632
1,400,0,247,0,0,0,26,0,0,55,1,70,108,0,2,0,0.014320946086224256
1,152,0,99,1,0,5,25,1,0,84,7,62,99,11,2,0,0.2953006579898967
1,28,1,20,0,0,0,0,0,0,7,4,57,86,12,0,1,0.46670153803660724
1,0,0,26,1,1,0,2,5,0,10,0,80,100,0,0,1,0.5789166059782561
1,104,0,28,0,0,1,25,0,0,33,0,55,90,0,1,0,0.10139791947592669
1,212,0,0,1,0,0,0,0,0,60,2,52,80,0,0,0,0.2989826759757727
0,375,0,134,1,0,1,20,0,0,67,0,80,100,0,0,0,0.007730305100735219
1,0,0,0,1,0,3,0,0,0,67,0,80,100,0,0,0,0.011149280428888613
0,316,0,143,1,0,2,0,0,0,79,6,60,104,0,1,0,0.2441094130223484
0,0,0,0,0,0,0,1,2,0,0,3,54,90,8,3,0,0.521567200130984
1,61,1,25,1,0,0,19,0,1,57,2,80,118,2,1,0,0.016510841180295787
0,209,0,0,0,0,0,0,0,0,40,1,88,120,0,0,0,0.005437297907946129
0,0,0,26,0,0,1,14,0,0,18,4,67,92,0,3,0,0.12929581234707407
1,0,0,9,0,0,0,0,0,0,2,1,77,101,0,1,0,0.032055506731851785
1,0,0,0,0,0,4,0,0,0,22,2,80,86,3,0,0,0.5644256989197511
1,7,0,0,0,0,0,0,0,0,2,6,53,101,0,4,1,0.9280065173814331
0,31,0,97,0,0,1,19,2,0,26,0,67,112,0,2,0,0.025106417149707773
0,83,0,0,1,0,0,18,0,0,36,0,92,117,0,0,0,0.00047091540748062257
1,103,0,269,1,0,2,27,1,0,73,0,80,100,0,0,0,0.02801606446733225
1,88,0,93,0,0,1,0,0,0,35,0,80,100,0,0,0,0.019898507248740278
1,0,0,9,1,0,4,0,0,0,49,4,54,87,0,1,1,0.8782181386336149
1,11,0,45,0,0,0,0,7,0,0,0,80,100,0,0,1,0.6834370182403269
1,149,0,58,1,0,1,0,0,0,50,0,80,100,0,0,0,0.11078792863444731
1,183,0,103,1,1,0,0,0,0,85,5,37,67,17,0,1,0.9856711220160788
1,56,0,9,1,0,1,0,0,0,37,0,80,100,0,0,0,0.03732506311046617
0,102,0,237,1,1,4,31,1,0,77,3,63,111,7,0,0,0.012545533873318505
0,142,0,102,1,0,3,27,0,1,93,4,58,91,0,0,1,0.06739356396163226
1,110,0,110,1,0,0,21,2,0,61,4,80,130,9,2,0,0.011866347173507076
0,79,1,218,0,1,3,33,1,1,65,6,57,91,7,0,0,0.31720499365384924
0,403,0,58,0,0,1,26,2,0,35,7,49,94,0,3,0,0.13597795067907092
0,129,0,174,1,0,3,35,0,0,77,2,80,79,0,0,1,0.9933202765360968
0,118,0,0,0,0,0,0,0,0,11,1,80,117,0,0,0,0.0022474562255608093
0,298,0,140,1,0,0,18,2,1,63,0,80,100,0,0,0,0.01003235448654551
0,281,1,288,1,1,1,0,0,0,87,4,44,66,10,1,1,0.5845754241625798
0,331,0,0,0,0,0,0,0,0,21,0,61,90,0,1,1,0.5946804644608128
0,0,0,33,0,0,0,16,0,1,24,8,38,71,0,1,1,0.9862915152592858
0,224,0,151,0,0,4,21,0,0,60,0,94,130,0,0,0,7.092952971705837e-05
0,109,0,0,0,0,0,0,0,0,100,1,80,106,0,1,0,0.021186707046776887
1,0,0,26,0,0,0,0,2,0,1,3,56,96,0,0,1,0.8631832387426464
0,340,0,109,0,1,0,0,0,0,54,6,80,113,8,2,0,0.04352761290189895
1,0,0,0,0,0,0,15,3,0,0,0,80,100,0,0,0,0.24924492798767217
0,52,0,0,0,0,0,9,3,1,9,0,80,100,0,0,1,0.5330101818139016
0,115,0,31,0,0,0,16,1,1,47,2,80,115,0,0,0,0.0022176001730487625
0,91,0,0,1,0,0,0,0,0,31,2,85,110,0,2,0,0.12340893803258325
0,211,0,158,1,1,1,41,0,0,76,0,53,82,0,3,0,0.07905670190497628
0,333,0,27,1,0,2,13,0,0,54,1,80,86,0,1,0,0.08474532770072463
1,52,0,18,0,1,1,36,0,0,29,2,39,76,0,0,1,0.6715777198509143
0,213,0,215,1,1,1,27,1,1,87,0,48,98,1,3,1,0.678983359314622
1,174,0,137,0,0,1,53,1,0,51,2,39,72,2,0,1,0.9745263895170727
0,414,0,0,1,1,2,0,0,0,100,0,80,100,0,0,0,0.0007267554624707142
0,303,0,70,1,0,0,38,0,0,72,5,80,120,0,0,0,0.001357827969168314
0,0,0,61,0,1,0,16,0,0,38,4,63,85,0,0,0,0.44460688764082984
1,124,0,0,1,0,3,0,0,0,78,0,80,100,0,0,0,0.003471407215908837
0,66,0,105,0,0,0,9,1,1,50,0,80,100,0,0,0,0.022477046919462222
1,48,0,9,0,0,0,1,5,0,0,2,51,81,0,2,1,0.9685874892915373
1,85,0,0,1,0,1,0,0,0,62,1,57,90,5,0,0,0.3648229618889082
1,10,0,40,1,0,0,0,0,0,43,2,68,96,1,1,0,0.13606260289464397
0,581,0,0,1,0,7,0,0,0,100,1,80,88,0,0,0,0.4008756454141037
0,68,0,0,1,1,0,35,3,0,34,1,62,96,7,1,0,0.08463356970036229
0,70,0,9,0,1,0,0,0,0,13,2,80,85,6,2,0,0.5848748905743326
0,266,1,170,1,1,1,51,1,0,73,0,80,100,0,0,0,0.005165629464253052
0,455,0,26,1,0,2,7,0,0,51,0,78,110,0,5,0,0.011601526873550145
0,204,1,58,1,0,2,40,0,1,90,3,65,95,1,0,0,0.11385285265912298
1,171,0,211,1,1,1,22,2,0,65,0,80,100,0,0,0,0.010567308304997419
0,114,0,197,0,0,1,0,0,0,51,2,55,86,12,2,0,0.5030796773988533
0,155,0,73,0,0,0,20,5,1,27,0,80,100,0,0,0,0.03891922813308928
0,265,0,0,0,0,0,0,0,0,50,2,70,98,8,1,0,0.0376079385978322
0,79,0,79,1,0,0,50,0,1,83,0,37,78,7,3,1,0.5970993309639165
1,49,0,0,1,0,2,0,0,0,48,0,80,100,0,0,0,0.021056249573134733
0,0,0,77,0,1,0,8,0,1,32,1,58,86,10,1,1,0.9165020440018151
1,142,0,0,0,0,1,0,0,0,28,0,80,100,0,0,0,0.2990478569804694
1,105,0,51,0,0,0,12,1,1,27,0,80,100,0,0,0,0.1474081896748429
1,132,0,2,1,0,1,14,8,1,42,0,80,100,0,0,0,0.4184492169509005
1,132,0,80,0,0,0,0,3,0,7,0,80,100,0,0,1,0.33703765923173734
1,0,1,60,0,0,0,0,4,0,11,0,80,100,0,0,1,0.7350074053158486
1,105,1,82,1,0,2,11,1,0,74,0,80,100,0,0,0,0.015043911128198948
0,93,0,61,1,0,0,9,1,0,40,0,80,100,0,0,0,0.03049884848763135
0,153,0,0,0,0,2,0,0,0,53,3,80,113,3,4,0,0.023452391085142257
1,331,0,119,0,0,0,17,1,0,33,2,80,66,11,2,1,0.9440451794435765
0,331,0,102,1,0,2,32,1,0,71,0,80,100,0,0,0,0.0006648452770928625
1,183,0,0,0,0,0,0,0,0,15,6,65,111,5,0,0,0.15275982436191396
0,0,0,0,0,0,0,0,0,0,0,4,71,103,3,7,0,0.10432329446914484
1,0,0,0,0,0,1,0,0,0,11,4,39,63,4,5,1,0.9920810778761733
0,223,0,103,1,0,1,27,0,1,85,0,80,119,0,2,0,0.010178906799588038
1,0,0,0,0,0,0,0,0,0,0,0,80,100,0,0,1,0.5273130912371027
0,0,0,54,1,1,2,22,3,1,61,0,80,100,0,0,0,0.03076883878092625
1,0,0,0,0,0,0,0,0,0,0,0,80,100,0,0,0,0.5139974858557289
1,371,0,0,1,0,2,0,0,0,91,0,80,100,0,0,0,0.02817684145972065
1,187,0,0,0,0,0,0,0,0,100,2,38,71,2,2,1,0.9836400216756366
0,65,1,0,0,0,0,7,0,1,19,1,81,110,0,1,0,0.011313416779529163
0,216,0,0,0,0,0,0,0,0,62,0,80,100,0,0,0,0.00147906206939326
1,88,1,10,1,0,1,2,0,1,41,4,83,112,0,3,1,0.09238780421108947
1,0,0,0,0,0,0,0,1,0,0,8,57,93,5,4,1,0.9271364626253877
1,81,0,0,1,0,0,0,0,0,57,0,71,107,0,0,0,0.38489318953815593
0,81,0,17,1,0,2,26,0,0,60,0,80,100,0,0,0,0.001304383370713558
1,227,0,75,1,0,0,0,0,0,50,1,75,121,0,4,0,0.001300290019763534
1,241,0,106,1,0,0,0,0,0,79,1,63,101,1,2,0,0.06442265185421786
0,0,1,147,0,1,0,10,0,0,35,2,41,74,8,8,1,0.9667718772265164
1,87,0,312,0,1,1,23,1,0,47,1,80,78,20,6,1,0.9610348599699793
1,57,0,33,1,1,1,7,1,0,37,0,80,100,0,0,0,0.0576848258474529
0,287,0,102,1,0,2,20,0,0,70,2,81,108,6,6,0,0.02095411981520373
1,91,0,0,0,0,0,0,0,0,23,3,47,84,0,2,1,0.9632106028803885
1,68,0,37,1,0,1,12,5,1,38,0,80,100,0,0,1,0.6601514002683863
1,206,1,80,1,1,0,13,1,0,40,2,37,87,8,3,1,0.4894742549092598
1,58,0,72,1,0,0,0,0,0,74,4,62,98,9,1,0,0.4320404526162768
1,87,0,28,0,0,0,21,2,0,24,1,87,120,0,2,0,0.0032270698090106037
0,453,0,28,0,0,2,32,1,0,43,0,71,101,0,1,0,0.019840113900803997
1,0,0,47,0,1,0,6,11,0,5,1,89,123,2,0,0,0.02069861476110241
0,78,0,0,0,0,0,0,0,0,34,5,53,93,0,1,0,0.3357957452240896
0,0,0,43,0,0,0,0,0,0,22,0,80,100,0,0,0,0.5233171221507845
0,428,1,189,1,0,4,13,3,0,71,2,67,100,0,1,0,0.028216017558868697
0,118,0,0,0,0,0,0,0,0,50,6,67,102,0,0,0,0.071572006865721
1,0,0,0,0,0,0,10,0,0,5,2,63,102,0,3,1,0.8336578726647081
1,0,0,43,0,0,2,9,4,0,10,1,60,103,0,1,0,0.3195088270013499
1,185,1,192,0,0,3,34,1,0,66,14,56,91,8,0,0,0.13025039553576973
1,0,0,0,0,1,0,0,0,0,0,3,37,73,0,2,1,0.9523818004932826
0,59,0,54,0,0,3,0,1,1,28,0,80,100,0,0,0,0.5439561320138794
1,0,0,4,0,0,1,0,2,0,0,0,80,100,0,0,1,0.3939474450014117
1,86,0,73,1,0,2,28,2,1,70,0,80,100,0,0,0,0.06503670144446125
1,0,0,9,1,0,0,22,1,0,29,1,70,104,11,4,0,0.19560307158066
1,139,1,32,1,0,1,0,3,0,29,1,74,108,3,0,0,0.039062213326494656
1,138,0,13,0,0,3,20,1,1,42,0,80,100,0,0,0,0.007163917441884861
0,401,0,121,1,0,4,0,0,0,97,0,80,127,0,1,0,0.0006146224734086256
1,0,0,0,0,0,0,0,0,0,0,1,65,101,4,1,0,0.3979371130480332
0,60,1,86,1,0,2,0,0,0,88,0,88,119,0,3,0,0.015178914682337516
0,206,1,106,0,0,1,29,1,1,72,0,80,100,0,0,0,0.0009368731187525906
1,62,0,0,0,0,0,1,8,0,0,2,43,71,0,4,1,0.9977197438489724
1,220,0,250,1,0,1,26,2,0,70,1,59,100,12,0,0,0.044161440208712835
0,160,0,0,0,0,0,0,0,0,80,1,41,79,15,4,1,0.7631084899313592
1,408,0,267,1,0,1,54,1,0,82,1,53,83,0,4,0,0.2818480451769324
1,6,0,91,1,0,3,9,5,0,46,8,57,99,0,2,1,0.9747562903600013
0,209,1,64,1,0,0,31,0,0,58,2,63,97,0,0,0,0.0406092364726261
0,39,0,101,0,0,2,35,2,1,57,7,54,98,0,2,0,0.555237346774134
1,31,0,290,0,0,1,45,3,0,42,0,80,100,0,0,1,0.519291988877741
1,0,0,0,0,0,1,0,0,0,11,1,68,99,9,1,0,0.03692527415028897
0,225,0,0,1,1,3,0,0,0,88,0,80,125,12,2,0,0.00043416360405951584
0,354,0,282,0,0,1,54,0,1,72,0,80,100,0,0,0,0.003892239197424267
0,9,0,0,0,0,0,0,0,0,6,1,80,104,0,0,0,0.018562950768485235
1,8,0,58,1,0,0,36,4,1,50,0,80,100,0,0,0,0.1533978769688112
0,104,0,0,0,0,0,0,0,0,22,0,80,100,0,0,0,0.013598901566563583
1,121,1,83,1,0,0,1,6,0,47,4,61,103,3,0,1,0.10631358427205478
0,103,0,139,1,0,3,0,0,0,88,0,80,100,0,0,0,0.14499511053538386
0,92,0,87,0,0,2,21,1,0,45,0,80,100,0,0,0,0.020818013290456967
1,0,0,0,0,0,0,12,4,0,0,3,50,88,1,0,1,0.7666841262896815
0,307,1,123,0,1,0,31,1,1,58,1,71,109,8,0,0,0.007952628068013124
1,114,0,0,1,1,0,15,3,0,34,7,65,110,17,1,0,0.3163934463662499
1,0,0,20,1,0,0,8,3,0,24,2,76,109,3,0,0,0.024826147394689833
1,48,0,0,0,0,0,0,0,0,22,5,52,87,0,0,1,0.6807541508376151
1,279,0,243,0,0,0,31,1,0,51,0,80,100,0,0,0,0.4241501227168279
1,8,0,6,0,0,2,14,1,1,25,6,80,105,0,2,0,0.09702353545049033
0,87,1,53,0,0,0,24,1,1,51,4,69,104,5,1,1,0.39741276083208177
0,226,0,201,1,0,3,22,0,1,88,1,91,128,0,2,0,0.0026949184197027827
1,340,0,0,0,0,0,0,0,0,100,5,31,61,2,0,0,0.8304245593442138
0,320,0,0,1,0,0,0,0,0,67,0,79,115,4,0,0,0.052164196271057214
1,0,0,4,0,1,0,19,2,0,4,1,80,106,0,0,0,0.08130001862862696
1,65,0,4,0,1,1,0,0,0,23,3,72,104,0,4,0,0.44423147857841044
0,471,0,290,1,1,2,30,0,1,100,0,80,100,0,0,0,0.00024011181689579633
1,151,0,19,0,1,2,17,8,0,11,1,44,93,9,8,1,0.9638640872995432
0,121,0,42,0,0,0,12,2,1,20,2,59,96,6,1,1,0.5491219389078128
1,0,0,0,1,1,2,16,2,1,42,0,80,100,0,0,0,0.21396572729335048
0,44,0,164,0,1,0,32,3,0,38,0,80,100,0,0,0,0.2583414703075206
0,56,0,287,0,1,2,36,1,0,54,0,80,100,0,0,0,0.20901905302816812
1,27,0,32,0,0,3,0,0,0,51,0,80,100,0,0,0,0.0633564483728607
1,143,0,84,1,0,3,14,1,1,61,4,68,95,6,0,0,0.4873986427968211
0,184,0,165,1,1,3,22,1,1,87,1,52,77,0,0,0,0.19493576478142782
0,2,0,0,0,0,1,0,0,0,12,4,80,96,8,3,1,0.429085042604784
0,86,0,0,0,0,1,0,0,0,24,3,100,123,7,3,0,0.0006958012948501584
1,16,0,18,0,1,1,0,0,0,18,0,80,100,0,0,0,0.0036837420975095983
1,257,0,51,0,0,0,23,0,0,30,1,45,81,2,4,0,0.48633134196082867
1,12,0,41,0,0,0,36,4,0,32,0,80,100,0,0,0,0.4967030838057293
1,81,0,12,1,0,0,10,5,0,24,1,83,111,0,6,0,0.027118033894219972
1,135,1,107,1,0,1,7,3,0,43,0,65,108,1,0,1,0.37458956379829367
0,701,1,308,1,0,0,20,1,0,72,6,87,119,0,2,0,0.0006877483186536872
0,63,1,52,1,0,0,17,0,0,47,4,57,98,6,1,1,0.3477206227098702
0,111,0,0,0,0,0,0,0,0,35,1,69,103,5,2,0,0.1054570467465778
0,85,1,27,1,1,0,0,0,0,37,4,52,92,0,2,0,0.267169805178796
1,85,0,40,0,0,0,9,4,1,13,2,80,115,0,2,0,0.01281914840620491
0,228,1,152,1,1,0,17,1,0,58,0,80,100,0,0,0,0.05455191589809559
1,13,0,0,0,1,0,0,0,0,1,0,80,100,0,0,0,0.012011230248336828
1,0,1,63,1,0,0,15,2,0,32,0,80,77,0,1,1,0.8769460814925993
1,137,0,16,0,0,0,31,0,0,40,0,80,100,0,0,0,0.018495105416415077
1,18,0,225,0,0,0,39,8,0,31,0,49,81,0,2,1,0.8677479393497471
1,0,1,36,0,0,0,21,1,0,26,0,80,100,0,0,0,0.09325127249992916
1,0,0,0,0,0,0,0,5,0,0,0,81,123,0,1,0,0.03713095582130212
1,234,0,107,1,0,1,58,1,1,91,1,51,86,8,2,0,0.389805877205396
0,15,0,28,0,0,0,15,3,0,12,5,53,80,18,1,0,0.4615846388075296
0,292,0,200,1,0,0,23,4,0,62,0,80,100,0,0,0,0.005714527220440046
1,7,0,127,1,0,1,63,2,0,64,0,80,100,0,0,0,0.027023662268520283
0,374,1,257,1,0,3,19,0,0,84,0,80,100,0,0,0,0.001774861239019193
1,169,0,8,1,0,2,8,2,0,46,3,61,92,12,4,0,0.3331897041362427
1,0,0,0,0,1,0,0,0,0,0,7,35,71,9,7,1,0.9352822190289547
1,190,0,0,0,0,0,0,0,0,91,5,38,74,4,5,1,0.6876275556356217
0,52,0,0,1,0,1,0,0,0,65,0,80,100,0,0,0,0.04463401282180644
0,374,0,239,1,0,2,54,0,1,100,6,80,79,0,1,1,0.9479237149886052
1,101,0,47,1,1,2,3,2,0,60,5,94,125,0,2,0,0.003927140963054084
1,270,0,0,0,0,0,0,0,0,54,2,67,100,15,2,0,0.1526494808651992
1,15,0,25,0,0,1,0,0,0,12,5,45,64,0,4,1,0.9913108651805772
1,0,0,64,0,0,1,6,2,1,23,1,86,117,0,0,0,0.02803551844084872
0,210,0,0,1,1,0,0,0,0,63,1,50,81,0,1,1,0.6396486775548317
1,56,0,0,0,0,0,0,0,0,29,1,89,121,0,3,0,0.0009520169582813125
1,0,0,60,1,0,0,21,1,0,41,2,67,94,7,2,0,0.25523555365326944
1,102,0,52,0,1,1,0,0,0,32,2,69,97,0,2,0,0.35714610609984737
0,20,0,0,1,0,4,0,0,0,69,0,80,100,0,0,1,0.3597572680620994
1,37,0,1,1,0,0,0,1,0,23,0,80,100,0,0,0,0.10954960756023509
0,55,1,23,0,0,0,16,1,0,13,2,54,78,3,3,0,0.3268254234731971
0,235,0,251,1,0,0,0,0,0,80,0,80,100,0,0,0,0.0019136330487737785
1,25,0,0,0,0,1,1,7,0,0,4,49,90,0,2,1,0.946466852713747
0,0,0,30,1,0,0,45,0,1,52,0,80,100,0,0,0,0.0018596672424176057
1,55,0,0,0,1,0,16,0,0,11,0,80,100,0,0,0,0.10362734372018245
1,114,0,38,0,0,0,23,7,1,15,1,36,83,7,2,1,0.9093070032015641
1,102,0,22,0,0,0,1,5,0,10,1,93,127,2,1,0,0.004815369553749776
0,120,0,67,0,0,0,14,2,0,23,3,82,116,0,2,1,0.18367216222004462
0,409,0,90,0,0,0,0,0,0,41,4,30,66,6,2,1,0.9517361105319941
1,85,0,0,1,0,4,0,0,0,84,0,80,100,0,0,0,0.0511341381500943
1,99,0,12,0,0,1,12,2,0,19,2,96,120,2,1,0,0.017606360279678646
0,82,0,0,1,0,0,0,0,0,59,0,80,100,0,0,0,0.0010383290240405128
0,177,1,201,1,1,0,29,1,1,81,1,66,104,0,2,0,0.04915876594317323
0,110,0,0,0,0,7,0,0,0,31,0,80,100,0,0,0,0.01678426471968062
1,169,0,139,0,1,0,3,0,0,26,4,68,100,7,0,0,0.03705491423535672
1,189,0,0,1,1,7,0,0,0,94,3,78,109,0,0,0,0.04174725783400237
1,24,0,111,0,0,0,0,0,0,31,0,93,127,1,1,0,0.002472223931755961
0,9,0,0,1,0,4,0,0,0,68,0,80,100,0,0,0,0.0007747457089143099
0,135,1,251,1,1,2,0,0,0,86,2,43,70,12,0,1,0.3223584943798311
1,166,0,51,1,0,3,18,2,0,65,4,65,94,2,0,0,0.12302441415089581
1,0,0,17,1,0,0,14,7,0,21,1,67,94,4,3,1,0.3125248503031039
1,0,0,43,1,1,1,16,0,1,54,0,62,116,0,4,0,0.0793666658755899
0,38,0,62,1,0,0,7,1,0,44,0,80,100,0,0,0,0.16934921920929186
1,239,1,252,1,0,1,43,1,0,78,0,80,100,0,0,0,0.0004870853925745274
0,428,0,123,0,1,1,0,0,0,59,3,80,99,20,2,0,0.014226497323711151
1,270,0,0,0,1,1,0,0,0,32,5,42,75,0,3,1,0.9729213792558842
1,147,0,10,0,0,0,0,7,0,0,0,72,112,0,0,1,0.12603874241216464
1,51,0,9,1,0,5,2,6,0,19,4,43,86,9,4,1,0.944024350025343
1,240,0,0,0,0,1,0,0,0,27,0,80,100,0,0,0,0.04379972465292481
1,0,0,10,0,0,0,27,0,0,17,1,49,81,0,3,1,0.9555359820422821
1,113,0,52,1,1,0,12,0,0,41,0,80,100,0,0,0,0.0329168694158445
0,423,0,15,0,0,0,18,0,0,27,4,80,104,6,0,0,0.03706773196037246
1,81,0,106,1,0,1,20,1,0,67,6,80,89,0,4,1,0.8399909039401021
1,44,0,25,0,1,0,24,2,1,24,0,80,100,0,0,0,0.006605641673104802
1,0,0,0,0,0,0,0,0,0,0,3,79,105,0,2,1,0.2726574430879798
1,0,0,12,0,0,0,0,8,0,0,3,43,79,0,1,1,0.9653735701399282
1,33,0,0,1,0,0,11,0,0,30,2,84,113,5,2,0,0.014596191145994291
0,216,0,0,0,0,0,0,0,0,72,1,70,106,4,3,0,0.057620575675583714
0,0,0,83,0,0,1,0,2,0,29,11,40,75,0,1,1,0.9986489184674289
1,0,0,0,0,0,1,0,0,0,11,2,61,93,0,0,1,0.8376523198290772
0,248,0,106,1,0,2,0,0,0,92,0,80,100,0,0,0,0.0038868096899279067
1,144,0,20,0,1,1,0,0,0,34,7,51,97,5,2,0,0.5896131163127811
1,0,0,0,0,0,0,0,0,0,0,5,49,87,10,1,1,0.9774460644169595
1,131,0,50,0,0,2,9,1,0,32,0,79,115,0,0,0,0.0020718239477897503
0,10,0,72,1,1,2,21,2,0,53,3,46,90,6,3,1,0.6336530496202364
0,162,0,60,1,0,0,27,1,0,54,3,75,118,3,0,0,0.002330035660281724
1,136,0,0,1,0,0,7,1,0,27,1,80,98,0,1,0,0.14719867653585433
1,54,0,0,1,0,1,2,5,1,25,3,58,89,0,1,1,0.9963483693358837
0,194,1,34,0,0,2,5,0,0,23,0,80,100,0,0,1,0.11929051931222368
1,77,0,147,0,0,2,0,0,0,53,0,80,100,0,0,0,0.02110149942388455
1,35,0,70,0,0,1,12,3,0,20,4,80,100,12,2,1,0.6340579744355404
0,74,0,0,0,0,0,0,0,0,5,2,51,87,0,0,0,0.2830602380241915
1,9,1,76,0,0,3,11,1,0,29,4,63,99,6,4,1,0.21548224266854643
1,0,0,24,0,0,3,44,3,0,21,0,80,100,0,0,0,0.01646694071452494
1,114,0,0,1,0,4,0,0,0,74,4,55,81,0,3,1,0.9717102549117403
1,8,0,0,0,0,0,0,0,0,1,4,61,101,2,1,1,0.688639318694124
1,0,0,0,0,1,0,0,0,0,0,1,49,81,16,2,1,0.952755454288291
1,128,1,109,1,0,0,0,0,0,53,2,80,118,0,3,0,0.00895176447810774
0,68,0,0,0,0,0,22,2,1,17,2,71,113,0,2,0,0.1481400123442552
1,84,0,58,1,0,0,5,3,0,28,0,80,100,0,0,0,0.36174199706897747
1,134,0,104,1,0,4,52,3,0,59,1,46,73,5,4,0,0.2998900172767554
1,70,0,63,0,0,4,0,4,0,35,1,65,78,7,4,1,0.9277911105135535
1,111,0,163,0,0,2,14,1,0,40,6,70,103,9,2,1,0.7984180405841568
1,0,0,0,1,0,1,0,0,0,56,0,80,100,0,0,0,0.035953768540410234
1,160,0,0,0,1,0,0,0,0,11,0,80,100,0,0,0,0.6618588853589739
1,140,0,0,0,1,0,0,0,0,25,4,80,80,0,2,0,0.4520258246395159
1,129,0,74,1,0,0,9,2,0,45,0,64,99,0,8,1,0.6070954118126776
1,141,0,203,1,1,0,51,2,1,77,3,53,92,6,1,1,0.5360220683441134
0,535,1,321,1,0,2,53,1,0,87,1,49,74,6,2,0,0.6326362201695592
0,121,0,88,1,0,0,31,2,0,69,0,80,100,0,0,0,0.019409362836419745
0,128,1,68,1,1,2,27,0,0,85,1,60,95,0,0,0,0.021464336041992084
0,149,0,39,0,0,1,0,0,0,29,0,80,100,0,0,0,0.04288917137342034
0,254,0,89,0,0,0,0,0,0,44,2,70,103,9,3,0,0.4205130555694318
1,109,0,0,1,0,1,0,0,0,64,1,80,85,1,4,0,0.4272344142715953
1,36,1,45,1,1,1,0,0,0,46,0,80,100,0,0,0,0.15709353461448652
1,0,0,41,1,0,1,6,1,0,51,0,80,100,0,0,1,0.6688906578100167
0,117,0,0,0,0,0,0,0,0,23,1,80,94,5,2,0,0.09283327829752107
1,168,0,44,1,0,0,0,0,0,43,0,80,100,0,0,0,0.012153602634521858
1,73,1,101,0,0,1,30,0,0,57,1,80,93,0,3,1,0.34960673441835916
0,561,0,33,1,0,0,22,1,1,58,7,62,99,23,1,0,0.23001287703231516
1,0,0,81,0,1,2,0,0,0,47,1,77,104,5,1,0,0.07543003503343927
0,122,1,0,1,0,3,3,1,0,40,1,58,97,0,1,1,0.477612342612654
0,122,0,49,0,1,1,27,0,1,52,0,80,100,0,0,0,0.026632361938545034
0,148,0,0,1,1,0,0,0,0,75,1,43,81,0,1,0,0.3971366655348748
1,105,0,62,1,0,0,6,1,1,49,3,80,109,10,6,0,0.241685529427637
1,676,0,0,0,0,0,0,0,0,100,0,76,111,4,0,0,0.0015045135794366383
1,77,0,6,1,0,1,0,0,0,42,6,62,92,0,0,0,0.7360283442797769
0,196,1,157,0,0,0,30,1,1,64,3,64,109,12,1,0,0.2771560532417877
1,171,1,163,0,0,1,24,3,0,45,7,41,82,0,4,1,0.8704700178055571
1,147,0,0,0,0,0,0,0,0,30,1,63,87,7,1,1,0.8269505276335727
0,189,0,0,1,0,0,0,0,0,68,1,51,88,0,2,0,0.42849524747595635
1,158,0,74,0,1,1,26,4,0,23,0,73,105,8,1,1,0.3962636781895602
1,119,1,107,0,1,2,20,0,1,58,1,69,99,0,1,0,0.009660924074241755
0,48,1,27,1,1,1,18,0,1,68,1,80,99,0,0,0,0.0223230861823318
0,29,0,2,0,0,0,31,1,1,28,2,80,118,3,1,0,0.0025925824810611904
0,77,0,2,0,0,3,15,4,0,12,0,80,100,0,0,0,0.2092307431025444
0,168,0,138,1,0,2,27,0,1,92,0,85,115,3,0,0,0.0015715688776628627
0,158,0,148,0,0,7,20,1,0,56,2,71,101,0,3,0,0.010524686798310876
1,62,0,0,1,0,1,0,0,0,61,0,80,100,0,0,1,0.12632973071619905
0,554,0,165,1,0,1,34,2,1,84,0,78,115,0,1,0,0.003481235134055109
0,150,0,39,1,0,0,21,1,1,54,1,70,107,4,0,0,0.05043570273178684
1,126,0,66,1,1,0,10,3,0,39,2,34,66,0,1,1,0.9953959423578518
1,85,1,66,1,0,1,32,1,0,57,3,77,113,9,1,0,0.02494015547544653
0,128,0,16,1,1,0,27,1,0,38,0,80,100,0,0,0,0.004069140516583127
1,35,1,73,1,0,0,22,0,1,70,1,57,84,0,0,0,0.41502148370464165
0,0,0,40,0,0,2,11,1,0,36,3,54,92,12,6,0,0.40933127676458453
0,182,0,0,1,0,12,20,2,1,53,0,80,100,0,0,0,0.004091448705125114
1,117,0,85,1,0,0,24,1,0,49,7,80,83,0,2,1,0.670128049828044
0,323,0,0,1,1,1,0,0,0,77,0,80,100,0,0,0,0.00045849343400328793
0,388,1,72,1,0,4,0,0,0,86,0,80,100,0,0,0,0.001617644423661303
0,18,0,46,0,0,0,0,0,1,19,9,80,79,2,2,1,0.9782113727222225
0,378,0,0,0,0,0,0,0,0,73,2,58,86,0,1,0,0.5909366601767458
0,54,1,39,0,1,2,15,0,0,41,1,53,94,1,1,0,0.29164286295549974
0,128,0,46,0,1,1,7,1,1,44,10,67,95,3,2,1,0.6825581555000674
0,124,0,151,0,0,0,22,1,0,49,0,80,100,0,0,0,0.004216209672334321
1,400,0,350,0,0,0,62,3,1,58,0,46,83,0,0,1,0.4960073294676414
0,278,1,105,1,1,1,27,1,0,71,0,82,106,2,0,0,0.019440206898120375
0,0,0,51,1,1,3,26,3,0,54,3,80,106,3,2,1,0.0014952356827834827
0,170,1,61,0,0,4,0,0,0,32,0,80,97,3,1,0,0.051974358940459556
1,133,0,69,0,0,0,11,4,0,13,1,42,72,0,1,1,0.9101230222120548
1,55,0,0,0,1,2,0,0,0,30,3,71,98,0,2,0,0.018137788211742684
1,206,0,80,1,1,0,10,7,0,55,0,77,111,0,0,0,0.1532438229351506
0,210,0,0,1,1,7,0,0,0,100,0,77,101,7,0,0,0.0008255104747535532
0,30,0,5,0,0,0,0,0,0,10,0,53,93,22,2,0,0.5423047151103118
1,0,0,0,0,0,0,0,3,0,0,0,80,100,0,0,1,0.7406986870188876
0,207,0,0,1,0,0,22,3,0,29,4,74,113,3,0,0,0.1522439883465482
0,371,1,349,1,1,0,43,0,0,76,0,80,100,0,0,0,0.0012147212722601066
1,108,0,17,1,0,0,1,2,0,21,2,84,123,0,3,0,0.013191533532075745
1,241,1,122,1,0,5,36,0,0,82,0,72,101,7,0,0,0.003263213968210483
1,17,0,150,1,0,2,10,1,0,63,0,80,100,0,0,0,0.003570192256650558
0,684,0,272,1,0,2,38,0,0,90,0,80,100,0,0,0,0.0017852693218867429
1,83,0,29,1,0,0,42,5,0,51,2,76,118,4,3,0,0.005432617679968238
0,201,0,247,1,1,2,22,2,0,73,2,39,72,9,1,1,0.8445127643360888
0,127,0,0,0,0,0,0,0,0,53,13,67,102,5,7,0,0.31874057803644656
1,55,0,0,0,1,0,0,0,0,5,4,64,102,0,3,1,0.624978186205728
1,294,0,0,1,0,0,0,0,0,78,1,47,94,2,1,1,0.5908711092567549
0,224,0,0,1,0,6,0,0,0,92,1,80,90,13,3,0,0.3846409157272113
1,90,0,48,0,0,0,13,2,0,44,1,47,80,0,8,1,0.8417772079030953
1,86,1,30,0,0,1,1,5,0,16,5,51,89,25,1,0,0.8654551180597566
0,308,0,116,1,1,3,0,0,0,82,4,80,89,6,1,0,0.19984156852235907
1,112,0,27,1,1,1,19,1,1,51,3,88,118,0,1,0,0.02584649186350956
1,0,0,31,0,0,1,10,8,0,2,1,82,104,8,1,0,0.2724648569282755
0,556,1,187,1,0,3,28,1,0,85,0,80,100,0,0,0,0.005909127091144577
0,39,0,122,0,0,1,0,0,0,55,0,80,100,0,0,0,0.005224978936684257
0,55,0,40,1,0,2,24,1,0,48,2,75,111,6,4,0,0.08437493980731835
0,91,0,0,0,0,0,0,0,0,25,2,66,101,0,0,0,0.031322636638001854
1,46,0,67,1,0,0,0,0,0,72,0,49,95,0,0,1,0.5981578292870161
1,80,0,74,0,1,7,0,0,0,42,11,80,90,0,2,0,0.06343484823589127
1,0,0,1,1,0,0,19,5,0,15,1,66,99,3,3,0,0.19995203610542778
0,38,0,0,1,0,1,16,2,1,38,2,80,60,0,1,1,0.9451214284318339
0,209,1,32,1,0,1,0,0,0,61,0,80,100,0,0,0,0.008763174456878825
1,0,0,0,0,0,0,0,0,0,0,0,80,100,0,0,1,0.48146499805229553
1,0,0,0,1,0,0,4,3,0,13,3,47,69,0,0,1,0.9732798691745579
1,177,0,115,1,1,0,15,0,0,49,1,76,113,10,0,0,0.0058620026023347045
1,146,0,9,1,1,2,0,0,0,65,0,80,100,0,0,0,0.008589992189853091
1,127,1,49,0,1,4,25,0,0,42,0,80,100,0,0,0,0.0036511879214593417
1,0,1,76,1,0,1,57,2,0,48,9,40,73,3,0,1,0.9608838634745623
1,53,1,208,0,0,0,55,1,0,44,0,80,100,0,0,1,0.8151731895719945
1,108,0,0,0,0,5,0,0,0,31,0,80,100,0,0,0,0.04078630912506453
0,591,1,196,1,0,0,16,0,1,83,1,78,112,0,3,0,0.018239558169222393
0,205,0,29,0,1,3,24,1,0,42,2,74,114,10,2,0,0.004349243767205863
0,31,1,70,1,0,2,30,4,1,69,3,86,118,0,0,0,0.012813432115671977
1,0,0,182,0,0,0,47,3,0,36,3,45,84,0,2,1,0.9174219603019009
0,237,0,0,0,0,1,0,0,0,32,5,50,85,12,1,1,0.88966946240793
1,246,0,60,0,0,0,0,0,0,30,3,70,99,9,1,0,0.5747897380676323
1,109,0,0,0,1,6,0,0,0,30,1,65,98,0,1,0,0.03939833640011406
1,386,0,0,0,0,0,0,0,0,100,0,87,115,0,0,0,0.0011293973929489384
1,257,0,0,1,0,0,0,0,0,62,3,80,91,2,4,1,0.7290658390311073
1,39,0,0,1,0,1,0,0,0,62,1,70,94,0,2,0,0.12474914595853726
0,298,1,242,1,1,1,0,0,0,90,0,80,100,0,0,0,0.0030780171825535918
0,91,0,0,0,0,4,0,0,0,31,2,51,78,8,2,1,0.7084281449920162
0,337,1,4,1,0,3,25,0,1,69,2,72,121,6,1,0,0.0012771623542955908
0,166,0,0,0,0,0,0,0,0,39,0,57,98,8,0,0,0.17493558412623633
1,40,1,407,0,0,1,54,2,0,45,0,38,81,0,5,1,0.9829571879483271
0,94,0,322,0,0,1,63,1,1,60,2,43,80,0,0,1,0.6160164401088063
1,29,0,0,0,0,0,0,0,0,8,0,80,100,0,0,0,0.03530754217899622
1,0,0,38,1,0,0,9,2,0,24,6,67,96,0,0,0,0.3109671845414196
0,275,1,171,1,1,1,23,2,1,84,5,79,98,5,2,0,0.023139144815491258
0,0,0,0,0,1,0,0,0,0,0,3,71,111,0,2,0,0.09576815883282747
1,78,0,104,1,0,2,41,3,0,72,4,50,91,2,4,1,0.6769587921447473
1,45,0,36,0,1,0,0,0,0,37,3,34,78,0,2,1,0.9886633184947102
0,104,0,29,1,0,1,27,0,1,68,0,80,100,0,0,0,0.0019844271852996393
0,45,1,0,1,0,2,13,1,0,38,12,69,110,0,2,0,0.03643282204709465
1,311,0,395,1,1,5,29,1,0,81,0,80,100,0,0,0,0.001940225309975222
0,173,0,0,1,1,2,32,2,0,54,3,80,93,14,1,0,0.061620415325524126
0,247,0,27,1,0,0,36,1,1,67,3,59,105,0,0,0,0.005368875155265461
1,172,0,361,1,0,6,22,0,1,86,0,80,100,0,0,0,0.010720725335428217
0,120,0,188,1,1,0,23,0,0,71,0,80,100,0,0,0,0.11430569845318345
0,74,0,108,1,1,0,23,1,0,63,0,80,100,0,0,0,0.06818947404766579
1,127,0,11,1,0,1,26,1,1,57,3,93,124,8,0,0,0.00413503723392604
0,249,0,0,0,0,0,0,0,0,76,5,80,96,0,2,0,0.038657791505536276
1,88,0,0,0,0,0,0,0,0,23,0,80,100,0,0,0,0.2367934109110464
1,2,0,0,1,0,1,0,0,0,56,0,80,111,6,2,0,0.027322072068251112
1,89,1,120,0,0,4,25,1,1,66,0,80,124,1,1,0,0.002450045038470204
0,149,0,20,1,0,1,53,0,1,63,0,80,100,0,0,0,0.022646520806903245
0,205,0,68,1,0,0,6,2,0,38,9,80,96,1,0,0,0.6058816434944608
1,0,0,0,0,0,2,0,5,0,0,3,49,85,0,3,1,0.8991469888111991
0,118,0,227,0,0,2,48,3,1,61,7,41,76,0,3,1,0.9872586759779112
1,142,0,0,1,1,2,0,0,0,81,2,64,99,14,1,1,0.27833912045377956
0,337,0,87,1,0,0,20,0,0,56,2,52,96,1,3,0,0.1796350145687463
1,0,0,0,0,0,0,0,0,0,0,4,29,69,20,3,1,0.996993619047596
1,33,0,1,0,1,1,0,0,0,9,0,46,80,15,7,1,0.9931506574085295
0,0,0,0,0,1,0,14,3,0,0,10,61,97,0,4,1,0.9548132056361963
1,152,0,25,0,1,0,11,2,0,12,4,95,124,6,1,0,0.017591017281110632
0,108,0,98,1,1,0,32,1,0,50,3,74,119,0,1,0,0.018516784261721323
0,333,0,0,1,1,2,0,0,0,100,1,80,111,2,0,0,0.004866040186604981
0,0,0,0,1,0,2,17,1,0,36,0,80,100,0,0,0,0.05950820523179489
0,335,0,0,1,0,1,0,0,0,79,6,46,86,6,1,0,0.45001554197134686
1,127,0,134,0,1,0,27,0,0,54,7,80,83,11,2,1,0.9555500753095763
0,103,0,37,0,0,3,31,0,0,50,2,93,130,8,1,0,0.0003642826712284419
1,119,0,36,0,0,0,2,7,0,0,0,80,100,0,0,1,0.5078840066669348
1,117,0,0,0,0,0,0,0,0,60,0,80,100,0,0,0,0.1126632783795754
1,219,1,111,1,1,3,18,2,0,55,1,80,89,7,6,1,0.43611888431090645
0,76,0,116,0,1,1,11,0,1,54,0,73,108,11,1,0,0.010414551401830648
1,265,0,54,1,0,3,13,0,1,68,0,80,101,4,2,0,0.02931287895267664
1,87,0,186,0,0,2,28,2,0,50,3,67,104,0,3,0,0.0769911432036019
0,32,0,97,1,0,1,23,4,0,57,0,80,100,0,0,0,0.020856406589058372
0,0,0,0,1,0,1,0,0,0,56,1,62,97,0,4,0,0.16240163877936195
0,149,1,38,1,0,3,40,1,0,67,1,74,100,0,1,0,0.004114574731777992
0,289,0,148,0,0,0,23,0,0,55,1,68,95,6,4,0,0.01792519351609611
1,54,0,246,0,0,1,36,1,0,49,3,46,83,4,0,1,0.5976359559683186
1,115,0,12,0,0,0,21,0,0,18,0,80,100,0,0,1,0.02712167968099667
1,89,0,0,0,0,5,0,0,0,35,2,57,86,10,1,1,0.6299116776882238
0,148,0,22,0,0,2,1,5,0,22,1,50,85,0,2,1,0.8175547142137176
1,45,0,70,0,0,0,20,3,0,20,1,67,94,4,0,0,0.052294713022388244
0,256,0,0,0,0,0,0,0,0,49,4,74,103,0,2,0,0.10585491872850922
0,0,0,0,1,0,0,0,0,0,27,1,52,90,0,1,1,0.6976647974544925
0,264,0,182,0,1,3,29,2,0,62,0,89,111,1,0,0,0.0022863468030502113
1,54,0,83,1,0,1,59,0,0,74,4,80,77,0,4,1,0.9890826998705954
1,130,0,101,0,1,1,37,1,1,65,3,42,81,0,0,0,0.2754359077560251
1,107,0,7,0,0,0,14,3,1,21,2,57,107,4,1,1,0.6370316531477592
0,307,1,128,0,1,2,16,0,0,49,15,52,86,15,3,0,0.9233454557509457
1,0,0,0,0,0,0,0,0,0,0,0,80,100,0,0,0,0.2294468262861184
1,147,0,33,1,0,0,6,5,0,27,2,52,84,0,2,0,0.7118903102005688
1,139,0,60,0,0,0,0,0,0,29,0,83,118,0,3,0,0.003498953268660036
1,298,0,0,0,0,0,0,0,0,23,3,55,77,4,5,1,0.8807982666406184
1,65,0,17,0,1,1,10,8,0,8,0,80,100,0,0,0,0.22460661808977017
1,87,0,0,0,0,0,0,0,0,17,4,66,92,0,1,0,0.38522292183476026
1,0,0,0,0,0,2,0,0,0,22,1,48,81,6,1,0,0.8587685203956666
0,282,0,70,0,0,0,22,3,1,50,1,80,114,1,0,0,0.004418413525146182
1,45,0,0,0,0,0,0,0,0,11,0,80,100,0,0,0,0.11914255654346224
1,283,1,183,1,0,0,0,0,0,74,1,49,80,1,1,0,0.8093004873034846
1,241,0,184,0,1,7,30,0,0,64,3,48,82,0,0,1,0.7302032955698582
1,0,0,71,0,0,4,16,0,0,31,0,80,100,0,0,1,0.06811797101922175
0,127,0,26,1,1,2,0,0,0,52,2,52,96,2,0,0,0.16514186924523183
1,125,0,71,1,1,3,0,0,0,79,0,80,100,0,0,1,0.10719330053331215
0,114,1,48,1,1,2,19,0,0,84,1,64,97,0,8,0,0.10537425654734899
1,0,0,0,0,0,0,0,5,0,0,0,64,94,6,2,1,0.8648430097760708
0,135,0,65,0,0,1,0,0,0,49,6,57,87,2,3,1,0.5576083416204172
1,42,0,19,0,0,1,23,6,1,20,0,80,100,0,0,1,0.05321476799014149
1,154,0,13,0,0,1,19,1,1,29,1,45,74,3,2,1,0.9224443921413059
1,107,0,0,0,0,2,6,1,0,17,0,61,101,0,1,1,0.9219865592321043
0,127,0,0,0,0,0,0,0,0,35,1,66,107,0,0,0,0.06891319958138183
0,0,0,56,0,1,3,14,1,0,29,0,80,100,0,0,0,0.1609336833582874
0,102,0,37,0,0,0,0,0,0,13,3,84,119,0,3,0,0.01024681889400363
1,84,0,58,0,1,2,18,1,0,34,0,80,100,0,0,0,0.3709029216574538
1,0,1,85,0,0,1,11,2,1,28,0,80,100,0,0,1,0.4216159412075273
1,126,0,0,1,0,1,14,2,0,36,1,68,95,15,0,1,0.4315547687686083
1,0,0,0,0,0,0,0,0,0,0,0,80,100,0,0,1,0.7421896021890922
0,251,0,0,0,0,0,0,0,0,66,1,34,74,8,0,1,0.9150606962446005
1,3,0,20,0,0,0,0,0,0,9,0,80,100,0,0,1,0.5529608725227037
1,36,0,81,1,0,0,23,0,0,47,1,52,81,3,1,1,0.8754523170444496
0,353,0,204,1,0,3,50,0,0,84,0,80,100,0,0,0,0.03666196525684555
1,0,0,12,0,1,0,0,0,0,3,3,54,93,0,3,1,0.8238964088299673
1,0,0,0,1,0,2,0,0,0,40,0,80,100,0,0,1,0.30303317074877506
1,236,0,0,1,1,0,0,0,0,67,0,84,107,4,4,0,0.014102208177688732
1,134,0,46,0,0,1,44,0,0,52,1,46,81,0,2,1,0.9174292353569005
1,181,0,158,0,0,0,16,2,0,36,7,46,78,12,2,1,0.9319311562901567
1,119,0,41,1,0,0,14,2,0,30,2,81,120,2,2,0,0.13477681542919254
1,217,1,393,1,1,3,40,3,0,72,1,53,86,0,2,0,0.04822163400637873
0,170,0,82,1,0,0,22,0,1,60,7,49,93,8,1,0,0.20672185522570072
1,60,0,0,0,0,0,9,2,0,1,0,80,100,0,0,0,0.04427732646574854
0,44,0,0,1,0,4,0,0,0,75,0,80,100,0,0,0,0.010747992499764231
1,15,1,65,0,0,1,0,0,0,21,0,80,100,0,0,0,0.04667659593354451
0,90,1,73,1,0,0,12,1,0,62,0,80,100,0,0,0,0.011666666356145812
0,140,0,115,1,1,1,26,2,0,72,0,80,100,0,0,0,0.003243457126160718
1,28,0,0,0,0,1,25,2,1,23,0,53,83,25,1,1,0.8230154639700353
0,0,0,0,0,1,0,0,0,0,0,0,80,100,0,0,0,0.006794101273518783
0,43,0,18,1,0,1,48,3,0,38,9,34,70,11,5,1,0.9663219578885704
0,68,0,208,0,0,1,0,0,0,50,0,80,100,0,0,1,0.25136507043934225
1,436,0,0,0,0,1,0,0,0,39,0,80,100,0,0,0,0.18743891132465507
0,303,0,0,0,0,0,0,0,0,85,0,80,104,0,2,0,0.04881260311670549
0,233,0,17,0,1,0,15,0,1,39,0,62,97,2,1,0,0.012065704533671302
0,38,0,7,1,0,0,63,3,0,34,6,48,75,3,0,1,0.8791346746713325
1,187,0,0,1,0,0,0,0,0,65,4,66,88,4,1,1,0.6061389454369929
0,206,0,10,1,0,3,27,0,0,52,2,76,114,4,2,0,0.0028233436119914114
0,191,0,47,1,1,3,16,3,0,64,2,79,112,9,0,0,0.0028514873431430892
0,397,0,0,0,0,0,0,0,0,91,2,52,91,0,1,1,0.5041459135798718
1,118,0,0,0,0,0,0,0,0,20,0,80,100,0,0,0,0.008574138271693708
1,69,0,244,1,1,0,0,0,0,69,0,80,100,0,0,0,0.09122705580880662
0,157,0,38,1,0,0,15,0,0,44,0,86,134,0,1,0,0.005248132208910912
1,188,0,0,1,0,4,0,0,0,85,0,80,100,0,0,0,0.0010298825920821925
0,0,0,57,0,0,0,26,2,0,16,0,80,100,0,0,0,0.015077115903255162
1,239,1,72,0,0,0,17,1,0,36,0,80,100,0,0,0,0.012860936350964051
0,336,0,76,1,1,0,0,0,0,59,0,80,100,0,0,0,0.00044733756387576364
1,28,0,89,0,1,1,10,3,0,24,7,80,107,0,1,0,0.056889227558265004
1,0,0,0,0,0,0,0,0,0,0,6,52,88,0,3,1,0.8511699417991729
0,309,0,192,0,1,0,33,0,1,65,4,77,106,12,3,0,0.007449322822914692
1,128,0,30,1,0,0,11,0,0,41,6,80,109,0,1,1,0.6835186788250622
0,102,0,0,0,0,0,0,0,0,56,3,80,82,18,2,1,0.6045543481685394
1,150,0,0,0,0,0,0,0,0,71,1,56,81,1,0,0,0.052606284793574286
1,112,0,38,0,0,1,5,2,0,18,6,80,74,0,2,1,0.9967191017101744
1,0,0,76,0,0,1,0,5,0,1,0,80,100,0,0,1,0.5370074241466972
1,0,0,3,1,0,0,5,0,1,33,4,78,105,0,0,0,0.0063424072219756995
1,254,0,73,0,1,0,24,1,0,29,0,80,100,0,0,0,0.0035419563620127594
1,10,0,0,0,0,0,0,0,0,1,1,80,113,1,1,0,0.21564562548881003
1,0,1,67,1,1,1,0,0,0,73,1,57,101,0,5,0,0.20805367801095132
1,98,0,52,1,0,0,2,2,0,31,0,80,100,0,0,0,0.12230029990439305
0,86,0,0,1,0,1,0,0,0,69,5,37,83,0,1,0,0.44517109832228446
1,187,0,38,0,1,5,27,2,0,38,4,70,105,0,1,0,0.01745835646919667
1,176,0,232,0,0,0,47,0,0,51,2,43,85,10,0,1,0.8807079853322437
0,28,0,0,0,0,0,0,0,0,2,6,51,84,3,1,1,0.8583557216963732
0,239,0,131,1,1,1,4,1,0,57,10,60,89,0,4,0,0.5234707451240741
1,41,0,9,0,0,0,0,0,0,8,0,83,120,0,0,0,0.08462997038900315
1,77,0,61,0,1,0,0,0,0,17,5,60,97,0,6,1,0.8438168188611433
0,322,0,0,1,0,0,0,0,0,68,1,80,72,0,2,1,0.8120645163677999
0,361,1,169,1,0,3,49,0,0,85,2,45,79,6,3,1,0.9059306795900023
0,332,1,124,0,0,3,0,0,0,51,2,80,75,13,4,1,0.9726069514752822
1,101,0,234,1,0,2,27,5,0,64,1,80,74,8,4,0,0.9057446567810549
0,0,0,0,0,0,0,0,0,0,0,0,80,107,2,0,0,0.00041771687424210823
0,72,1,0,0,0,1,12,1,1,25,3,80,110,0,0,0,0.005215609421561339
0,564,1,325,1,1,2,27,2,1,92,0,80,100,0,0,0,0.001313759632007663
0,39,0,0,1,0,1,0,0,0,61,1,59,91,0,1,0,0.4122747508524412
1,0,0,0,1,1,1,0,0,0,33,0,80,100,0,0,0,0.2460381806660524
0,306,1,68,0,0,2,25,1,0,43,3,70,93,6,0,0,0.05426923843320578
1,66,0,62,1,0,0,0,0,0,53,0,80,100,0,0,1,0.3174728308523109
0,47,0,29,1,1,0,19,0,0,48,0,80,100,0,0,0,0.14394222539746357
0,93,0,40,1,0,3,0,0,0,61,0,80,100,0,0,0,0.005740965319682147
0,99,0,40,0,1,2,6,2,1,32,3,82,117,0,1,0,0.022914712788659693
0,252,0,102,1,1,3,32,0,0,67,0,80,100,0,0,0,0.00030703374600498816
0,200,0,102,1,1,6,39,1,0,87,0,57,90,4,2,0,0.05892133972759322
0,305,0,0,1,0,0,0,0,0,78,0,55,93,0,2,0,0.129276862380697
1,0,0,52,1,1,0,26,0,1,59,0,80,100,0,0,0,0.021712465705261395
1,0,0,0,1,1,0,0,0,0,27,4,55,97,11,2,0,0.7097731046544825
1,112,0,17,0,0,0,0,2,0,7,5,43,89,0,0,1,0.937951083796896
1,21,0,17,0,0,1,7,3,0,6,0,70,105,0,2,0,0.03743130508085397
1,271,1,204,0,0,0,9,0,0,41,1,73,109,6,0,0,0.0033485135063051137
0,410,0,0,0,0,2,0,0,0,50,4,57,87,0,6,1,0.4130412794387569
0,79,0,95,1,0,1,9,2,0,42,0,80,100,0,0,1,0.2478585684312453
0,276,0,212,0,0,2,29,1,0,61,0,80,100,0,0,0,0.0035256094684700512
1,131,0,31,1,0,1,22,1,0,56,0,80,100,0,0,0,0.07888816748807716
1,134,0,0,0,0,0,9,1,0,8,12,60,94,0,2,1,0.9024967854491407
0,293,0,182,1,1,1,17,2,0,73,2,65,94,0,0,0,0.0501434481901694
1,0,0,20,0,0,0,0,1,0,2,5,65,97,6,0,0,0.2724737162077933
0,8,0,31,0,1,0,0,2,0,5,4,50,92,7,4,0,0.5732709223659871
1,0,0,3,1,1,0,0,0,0,28,0,80,100,0,0,1,0.5028311376332635
1,44,0,73,0,0,2,0,0,0,29,0,85,109,0,0,0,0.00146742338484324
0,145,0,177,1,0,0,58,0,1,82,7,35,62,0,1,1,0.9874170808278302
1,19,0,44,1,0,0,61,0,0,44,5,47,79,0,3,1,0.916644154911256
1,49,0,58,0,0,2,14,3,0,29,2,77,102,6,0,0,0.07889291187285793
1,274,0,41,0,0,0,0,0,0,42,5,59,94,0,2,1,0.4027627379662522
1,11,0,0,0,0,0,0,0,0,2,1,57,82,11,0,1,0.5958466811601444
1,224,0,107,1,0,1,21,8,0,49,0,63,108,0,0,1,0.5027174671242509
0,10,0,68,1,0,0,20,1,1,48,0,80,100,0,0,0,0.0030538742433031847
0,337,1,156,1,0,0,25,2,0,72,2,76,110,0,0,0,0.0011303135268357464
1,288,0,0,0,1,1,0,0,0,31,2,55,93,0,3,0,0.1338053298308815
1,122,0,0,0,0,0,0,0,0,68,3,68,103,4,0,0,0.015346206632066263
0,412,0,216,1,1,1,41,0,1,95,1,57,99,4,0,0,0.1080817555501108
0,304,0,121,0,0,4,25,1,0,47,0,80,100,0,0,0,0.01830103874255204
1,138,0,45,1,0,0,19,0,1,52,0,69,109,4,0,1,0.1128506862792062
0,56,1,42,1,0,5,0,0,0,75,0,80,100,0,0,0,0.050468538884870504
1,23,0,0,0,0,0,0,0,0,5,9,61,89,6,1,0,0.25635782220987374
1,482,1,307,0,1,0,53,2,1,63,3,56,84,0,2,0,0.6111751793083028
0,216,0,102,1,1,9,26,0,1,96,0,64,108,0,0,0,0.009187377819802361
1,363,0,169,0,1,0,23,0,0,46,1,68,94,0,2,0,0.07071334638172642
1,222,0,97,1,1,3,2,1,0,51,0,75,108,2,5,0,0.021736613711924053
1,0,0,70,0,0,1,0,0,0,31,8,43,89,0,2,0,0.8287262424570538
1,0,0,49,1,0,0,0,1,1,35,4,55,98,0,3,1,0.8754160986353834
1,60,0,29,1,0,0,20,3,1,40,0,80,100,0,0,0,0.052987251971915006
1,309,0,107,1,0,0,0,0,0,61,1,89,114,0,2,0,0.038965778879383
0,106,0,80,0,0,0,14,3,1,42,6,74,107,8,2,0,0.04500795227903561
1,176,0,0,1,0,0,0,0,0,55,6,59,102,7,0,0,0.08643451833044363
1,117,0,0,0,0,0,0,0,0,26,2,48,82,10,1,1,0.9367115851487047
1,250,0,258,0,0,1,50,1,0,56,2,45,81,12,3,1,0.885009797372121
0,131,0,0,0,0,1,0,0,0,34,0,80,100,0,0,0,0.08272519513218042
0,239,1,144,1,0,2,25,0,1,93,0,80,100,0,0,0,0.018313933207535733
1,400,1,85,1,0,0,10,2,1,55,0,80,117,0,0,0,0.0022583718141365784
1,149,0,121,0,0,0,0,0,0,28,7,80,93,8,2,1,0.7574108864278454
0,0,0,0,0,0,0,0,0,0,0,4,53,87,20,8,1,0.8646237941638405
0,84,0,51,1,1,0,0,0,0,65,6,77,104,0,0,1,0.12061653724734876
1,107,0,176,0,1,1,15,1,0,45,0,92,115,4,0,0,0.00934301247361716
1,0,0,28,0,0,0,19,1,0,11,2,39,61,0,1,1,0.9373468564008202
1,56,0,2,0,0,0,12,3,0,0,0,68,89,3,1,0,0.4582578541253558
0,269,1,237,1,0,0,15,1,0,62,5,60,92,0,1,1,0.6741112661890757
1,0,1,37,0,0,0,0,0,0,7,0,57,92,11,2,1,0.574123759679395
0,99,0,74,0,1,0,6,2,1,46,1,80,101,0,0,0,0.34677807481658407
0,466,0,220,0,1,1,0,0,0,67,2,80,86,5,2,0,0.34452364305907934
0,74,0,0,0,0,1,14,1,0,14,3,72,112,6,3,0,0.02477373126103833
1,160,0,90,0,0,0,2,0,0,22,2,77,111,0,2,0,0.044101567674211715
0,40,0,10,0,0,1,76,0,0,26,2,48,86,0,2,0,0.21670941057577817
1,152,0,0,1,0,3,18,1,0,51,7,71,96,0,2,0,0.1229348037511831
1,243,0,0,0,0,0,0,0,0,62,0,80,100,0,0,0,0.005093144530348396
1,85,0,0,1,0,2,0,0,0,73,0,80,100,0,0,0,0.07694293861385966
1,18,0,36,0,1,1,18,0,0,34,3,72,107,4,3,0,0.032243346457202345
1,83,1,53,1,0,1,30,3,0,57,0,86,128,0,1,0,0.0003146962532122739
1,249,0,182,0,0,2,0,0,0,68,3,35,81,9,2,1,0.8830077305383996
0,44,0,99,0,1,1,22,0,1,61,0,80,100,0,0,0,0.002193571417521504
1,160,1,136,1,0,0,0,0,0,73,0,80,100,0,0,0,0.34176569544358504
1,0,0,0,0,1,0,0,0,0,0,7,71,102,12,1,0,0.04493597628734508
1,77,1,100,1,0,2,0,0,0,93,0,80,100,0,0,0,0.14595442414989881
1,264,0,95,1,0,0,20,4,0,53,0,80,100,0,0,0,0.032070563433586115
1,0,0,0,0,0,0,0,0,0,0,1,83,117,2,1,0,0.010467075656534297
0,42,0,51,1,0,2,0,0,0,89,0,80,100,0,0,0,0.004474340441563274
1,45,1,45,1,0,1,0,0,0,53,2,79,115,0,4,0,0.015010379298301521
1,232,0,41,0,0,0,17,1,0,19,0,80,100,0,0,1,0.35233102132167415
0,0,1,160,0,0,0,18,1,0,36,4,71,98,6,4,0,0.1273850150011703
0,226,1,188,0,1,5,32,3,0,50,2,93,124,0,2,0,0.0029061355558712937
0,154,0,0,0,0,0,19,2,0,11,0,72,101,0,0,0,0.05124503183720172
0,202,0,0,1,0,1,0,0,0,76,0,80,100,0,0,0,0.011069762062224691
0,99,1,55,1,0,0,0,0,0,65,1,71,95,0,1,0,0.10327844812528461
0,60,0,102,0,0,0,14,1,0,38,4,39,70,10,2,1,0.9543405671433355
1,0,0,55,0,0,0,28,4,0,21,0,80,100,0,0,1,0.6417772977957829
1,115,1,12,0,0,1,11,2,0,24,0,80,112,1,2,0,0.02717281191356906
1,0,0,0,0,0,0,0,0,0,0,4,53,79,0,1,1,0.993140128108772
1,0,0,12,0,0,0,1,0,0,8,0,65,98,7,4,0,0.6364077787448302
0,175,0,259,1,0,4,21,2,0,70,6,54,92,2,2,0,0.11620217182300027
0,89,0,20,1,1,1,35,1,0,57,1,37,78,3,1,0,0.8168798866202959
0,25,0,27,0,1,3,19,0,1,47,0,80,100,0,0,0,0.03886319395496832
0,149,0,24,1,0,0,12,5,1,30,2,58,87,15,3,1,0.8682303585015121
1,58,1,68,1,1,1,39,1,0,73,1,80,75,11,1,1,0.9797742187337004
1,62,1,135,0,0,0,0,0,0,46,1,31,74,3,3,1,0.9798696709796149
1,168,0,3,0,0,0,0,2,0,5,0,80,100,0,0,0,0.4259217387692413
1,161,1,247,1,0,0,26,1,0,67,2,55,97,0,2,1,0.1581571925984582
1,26,1,0,1,0,0,13,2,0,23,2,63,84,0,2,1,0.5997335707323003
1,73,0,51,1,0,0,9,1,0,32,0,80,100,0,0,0,0.1534199973580762
0,542,0,117,1,1,1,16,1,0,62,0,79,108,12,1,0,0.03209819592278281
1,0,1,59,0,1,0,0,6,0,0,1,55,89,0,1,1,0.9000958724820838
1,131,0,1,0,0,0,0,0,0,7,0,80,100,0,0,1,0.4420252161388788
0,88,0,10,0,0,0,17,0,0,17,2,80,97,0,2,0,0.06642460984623662
1,47,1,65,0,0,1,15,6,0,26,3,80,115,1,1,1,0.038765980135248686
1,5,0,58,0,0,0,5,3,0,17,1,66,107,2,3,1,0.3918494074618217
0,338,0,40,0,0,1,30,0,0,40,0,80,104,3,1,0,0.031071009161437173
0,117,0,218,0,0,0,0,0,0,45,9,38,80,18,8,1,0.9813411964674473
1,5,0,0,0,1,0,3,3,0,0,4,85,111,8,3,0,0.4241580696300842
0,353,0,76,1,0,1,0,0,0,69,5,80,119,0,0,0,0.0018857786325165017
1,182,0,139,0,0,3,26,1,0,52,2,75,102,13,2,0,0.029577365116489146
0,460,1,309,1,1,1,59,0,0,84,0,80,100,0,0,0,0.0009764342184809603
1,103,1,23,1,0,0,17,0,0,53,0,80,100,0,0,0,0.029014181866639958
0,6,0,48,0,0,3,25,2,0,29,0,80,100,0,0,0,0.003835759573910944
1,51,0,0,1,0,0,0,0,0,50,3,54,99,9,1,0,0.06260932007683033
1,270,0,93,0,0,2,0,0,0,47,1,77,113,0,0,0,0.15480780059792934
1,93,0,0,1,0,0,0,0,0,60,0,80,100,0,0,0,0.020765780191245573
0,50,0,19,0,0,2,0,0,0,36,2,79,109,10,0,0,0.2471534739096516
1,28,0,41,0,0,0,9,5,0,11,0,80,100,0,0,0,0.09830622420603448
1,213,0,122,1,0,0,19,2,0,49,5,46,84,0,6,1,0.9085372386904144
1,124,0,294,0,0,0,0,0,0,46,2,34,76,2,0,1,0.9892475454793632
0,38,0,0,0,0,0,0,9,0,0,0,76,116,2,3,1,0.5879270519091676
1,85,0,0,1,0,1,2,1,0,26,2,90,125,0,5,0,0.012172811356425702
0,135,0,130,0,1,0,58,4,0,38,0,80,100,0,0,0,0.02623344905220708
1,0,0,79,0,0,0,0,0,0,33,0,80,100,0,0,1,0.14285015859882955
1,0,0,0,0,0,0,8,3,0,0,8,54,93,3,0,0,0.8997008433739401
1,0,0,4,0,0,0,0,1,0,0,0,80,100,0,0,1,0.8739509232583296
0,0,0,0,1,1,2,0,0,0,67,0,75,108,0,2,0,0.007624725202696251
1,0,0,0,0,0,0,8,3,0,0,0,80,100,0,0,0,0.21714426543470738
1,149,0,0,0,0,0,0,0,0,93,0,80,100,0,0,0,0.012277048512096565
1,213,0,0,0,0,0,0,0,0,65,0,80,100,0,0,0,0.3061814763764458
0,290,0,203,0,0,2,0,0,0,65,1,65,107,2,1,0,0.02122409401552059
0,136,1,52,1,0,3,20,0,1,95,0,80,100,0,0,0,0.0052008480725233295
0,256,0,202,0,0,4,16,1,0,58,12,81,117,0,0,0,0.009268633714281336
0,82,1,34,1,0,5,28,1,0,77,2,50,86,0,11,1,0.8081711991212173
1,216,1,26,1,0,1,14,0,0,53,7,69,102,0,0,1,0.6472224052220787
1,36,1,0,0,1,0,0,0,0,4,7,56,87,1,1,0,0.5390178433248975
1,123,1,49,1,1,3,0,0,0,85,0,80,100,0,0,0,0.018086052558824516
1,37,0,15,0,1,1,15,1,0,14,14,80,77,6,3,1,0.9949465961991847
1,0,0,0,0,0,0,9,3,0,0,0,80,100,0,0,1,0.45554584076938226
1,190,1,139,1,1,0,30,2,1,78,0,80,116,0,1,0,0.002658811098148345
1,0,0,0,1,0,1,0,0,0,56,1,72,109,3,0,0,0.009815907862648956
0,201,0,0,1,0,0,23,3,0,35,0,80,100,0,0,0,0.028229685964911162
0,78,0,0,0,0,0,0,0,0,17,3,65,103,8,0,0,0.027979819705233312
0,55,0,2,0,0,0,12,1,0,6,3,64,101,12,3,0,0.13103016894281155
1,215,0,199,1,1,0,32,1,0,71,7,80,108,10,1,0,0.04024409350467102
1,0,0,0,1,0,0,0,0,0,44,10,38,81,0,1,1,0.9702293989028435
0,41,0,287,1,0,0,0,0,0,69,1,42,77,0,2,1,0.9782120900410232
0,199,0,125,0,0,2,26,0,0,63,1,87,119,0,2,0,0.003746660968743905
1,276,0,103,1,0,2,2,1,0,50,0,80,100,0,0,0,0.06898143927748754
1,0,1,18,1,0,1,9,8,0,18,13,64,99,0,3,1,0.6339172746377112
1,206,0,184,1,1,2,24,0,0,74,2,87,126,3,0,0,0.0024100373000635737
1,60,0,25,0,0,0,22,1,1,31,0,80,100,0,0,0,0.03139116061476555
1,55,0,0,0,0,0,0,0,0,13,0,65,99,2,0,0,0.008652066500103228
0,672,1,78,1,0,2,31,0,0,74,4,70,109,0,3,0,0.005030525005745037
0,302,1,209,0,0,2,23,0,1,74,0,80,100,0,0,0,0.013910695705232866
1,43,0,0,0,0,0,0,0,0,37,0,80,100,0,0,0,0.0076138247009487105
1,188,0,28,1,0,0,22,3,1,51,0,80,100,0,0,0,0.006414524658387952
0,162,0,117,0,0,1,0,3,0,19,0,80,100,0,0,0,0.17926275602757621
0,263,1,49,1,0,0,22,1,0,56,2,50,91,0,0,0,0.02042636304088816
1,72,1,68,0,1,1,13,3,0,36,0,80,121,3,2,0,0.0026141204390541816
1,368,0,77,0,1,0,25,6,0,20,0,72,110,0,0,0,0.059537071073064
1,236,0,119,1,0,2,0,0,0,85,3,44,85,13,5,1,0.9467483145483072
1,71,0,27,0,0,0,26,2,0,13,3,80,124,1,0,0,0.0006586044500126761
1,115,0,108,1,0,0,0,0,0,80,0,59,88,9,1,0,0.0856866980255157
0,101,0,15,0,0,0,11,1,0,17,0,80,100,0,0,0,0.06316475737440991
0,452,0,92,1,1,0,25,1,0,61,0,80,100,0,0,0,0.006991037962168235
0,663,0,0,1,1,0,0,0,0,78,0,50,78,11,6,0,0.6588647800590108
1,113,0,42,0,0,0,0,0,0,30,1,38,82,13,0,1,0.9429214902744439
0,32,0,0,1,0,3,14,1,0,36,0,80,100,0,0,0,0.020216350724187367
0,116,0,108,0,0,1,12,7,0,30,1,61,104,5,2,0,0.6752060672171875
0,179,0,50,0,0,3,24,0,1,52,4,51,94,3,0,0,0.22459141361239715
0,157,0,18,0,0,1,0,0,0,31,1,75,107,3,2,0,0.029884049696777888
1,10,1,129,0,1,0,10,5,0,11,5,40,82,0,1,1,0.9607297016689621
1,145,0,0,0,0,0,0,0,0,30,1,80,108,2,0,0,0.028918828321403106
0,124,0,19,0,0,1,0,0,0,23,7,39,72,0,7,1,0.9853554532541686
1,0,0,30,1,1,1,26,0,1,68,1,72,110,0,1,0,0.03150863312061285
1,0,1,58,0,0,0,0,0,0,20,10,41,79,3,2,1,0.9829463886422937
1,263,0,0,0,0,0,2,8,0,1,2,80,112,0,0,0,0.07823012388150163
0,189,0,0,0,0,0,0,0,0,74,2,80,104,0,1,0,0.00569922188344163
0,118,0,0,0,0,2,0,0,0,20,2,52,86,2,3,0,0.7756195535691522
1,55,0,58,1,0,0,8,1,0,33,0,80,100,0,0,1,0.3371120748246358
0,49,0,45,0,1,0,8,6,0,0,2,80,101,5,3,1,0.5069800081745164
0,155,0,0,0,0,0,0,0,0,100,0,48,86,8,2,0,0.041267813530017794
1,2,0,78,0,0,0,49,0,0,45,2,44,88,0,2,0,0.8072895984861773
0,326,1,203,0,1,2,20,5,1,57,0,80,100,0,0,0,0.04390146151796293
0,0,0,8,0,0,0,0,0,0,2,2,80,84,0,3,1,0.9130756511267871
0,429,1,281,0,1,2,36,2,0,61,0,80,100,0,0,0,0.0020512076233861346
1,89,0,36,1,0,4,7,4,0,37,0,80,100,0,0,0,0.18637528733793451
0,0,0,5,1,1,3,0,0,0,42,0,65,97,5,0,0,0.04091013709707391
1,235,1,113,1,0,1,9,1,1,79,0,80,90,8,1,0,0.28043803348104734
1,101,0,15,1,1,1,10,1,1,46,0,77,107,0,2,0,0.03164310594565775
0,71,0,71,0,0,1,23,0,1,67,0,80,100,0,0,0,0.001766934560819156
0,129,0,0,1,0,0,13,2,0,26,3,61,95,0,3,1,0.7745818844258606
1,0,0,1,1,0,2,11,6,0,21,1,38,77,0,4,1,0.9460285297319119
1,0,0,13,0,0,1,3,1,1,22,0,80,100,0,0,1,0.7624903602443266
1,24,0,0,0,0,0,0,0,0,4,0,80,96,0,6,0,0.501152931305574
1,11,0,0,0,0,0,0,0,0,3,2,78,112,1,1,0,0.006827735589530942
1,211,0,0,1,0,3,0,0,0,98,4,80,89,1,1,1,0.41734685653035364
0,236,1,118,1,1,0,29,1,0,68,1,79,117,2,0,0,0.0009846491286352509
1,42,0,0,0,0,0,17,3,1,12,0,71,104,0,0,0,0.0015604423354229808
0,256,0,0,1,1,0,0,0,0,39,5,52,92,15,1,1,0.507711498038803
0,248,1,125,0,0,6,28,1,0,49,0,80,100,0,0,0,0.00503010770584646
0,394,1,96,1,0,1,25,0,0,62,4,56,82,0,3,0,0.5826288548454754
0,550,0,0,0,0,0,0,0,0,100,4,89,116,5,4,0,0.003040818362771876
1,0,0,0,1,0,1,15,1,0,30,7,67,95,6,5,1,0.7142375697070278
1,100,0,0,0,0,4,0,0,0,33,0,80,100,0,0,0,0.005852594177453153
0,143,0,64,1,0,2,25,0,0,63,4,64,98,4,1,0,0.2280979609735452
0,424,1,131,0,1,3,20,2,0,52,0,79,110,0,2,0,0.005335752171102523
1,0,0,108,0,0,0,30,2,0,33,0,80,100,0,0,0,0.009844526176549906
1,167,0,0,1,0,4,0,0,0,97,2,80,116,3,1,0,0.004664515040469271
1,24,0,238,0,0,5,39,0,0,56,5,80,84,7,0,1,0.9087004851220158
1,86,1,24,1,0,0,9,3,0,22,0,80,100,0,0,0,0.09784592076969513
1,0,0,64,0,0,1,3,0,0,27,1,70,102,7,2,1,0.39979288240785815
1,29,0,0,1,0,0,0,0,0,29,3,80,94,7,2,1,0.7980926592136592
0,349,0,0,1,1,1,0,0,0,89,0,80,100,0,0,0,0.010185263603990684
1,153,0,121,0,1,1,0,0,0,35,0,80,100,0,0,0,0.0986802876808843
0,248,0,120,0,0,0,12,2,1,51,1,68,110,0,1,0,0.008079340383136673
0,234,0,103,1,1,2,44,0,1,100,1,80,110,11,6,0,0.009945927606538568
1,0,0,57,0,0,1,13,0,0,20,0,81,111,0,3,0,0.04506810476077145
0,155,0,0,1,0,0,10,11,0,25,9,58,89,0,3,1,0.6386446020077136
0,112,0,123,0,0,1,18,1,0,48,2,54,88,13,1,0,0.25793433841453717
0,46,1,33,0,0,0,18,1,0,23,0,80,111,0,1,0,0.015281954494194483
1,200,1,192,0,1,3,27,1,0,61,0,43,83,6,0,1,0.8238697374109005
1,0,0,61,0,0,0,10,9,0,0,0,80,100,0,0,0,0.07507174987836528
1,169,0,0,1,1,2,0,0,0,92,2,34,66,8,6,0,0.9499668604634262
0,44,0,68,0,0,1,4,1,0,25,0,80,100,0,0,0,0.5010510415721853
1,79,0,14,0,1,0,9,4,0,3,2,69,95,6,1,1,0.608587861719305
0,128,0,58,1,0,3,22,3,0,52,0,80,100,0,0,0,0.0048055532572126615
0,134,0,81,0,1,1,61,1,0,54,0,80,100,0,0,0,0.0008174409072753051
1,9,1,10,0,0,1,0,8,1,5,2,36,79,23,7,1,0.99632058464575
0,92,1,90,1,0,1,0,0,0,63,15,80,103,7,3,1,0.2624246273602928
0,198,1,49,1,0,1,12,1,0,60,1,81,120,1,3,0,0.0018706285612328393
0,265,0,0,1,0,1,24,0,0,52,1,47,87,0,3,1,0.12636174620598173
1,35,0,30,0,1,1,0,5,1,6,0,70,115,0,3,1,0.45368871969546015
0,43,0,0,0,0,0,0,0,0,18,12,48,87,0,0,1,0.49991059048465386
1,39,0,92,1,0,0,5,2,0,37,1,69,97,11,2,1,0.8886998689055146
1,337,0,216,1,0,1,37,1,1,87,1,47,92,5,3,1,0.5939973929280401
0,102,1,32,1,0,2,10,2,0,66,2,54,96,25,6,0,0.15557123233005338
1,30,0,0,0,0,0,0,0,0,2,0,80,100,0,0,0,0.029002750984219134
0,552,0,297,1,1,7,0,0,0,100,0,80,100,0,0,0,0.004091988940138592
1,7,0,67,1,0,0,17,6,0,32,4,80,68,3,0,0,0.9874095106030238
1,0,0,25,1,0,1,0,0,0,42,0,80,100,0,0,0,0.5345675873119846
1,67,0,82,1,0,0,23,1,1,64,3,69,101,0,2,0,0.04581525880701055
1,257,0,0,0,0,2,0,0,0,44,3,59,95,0,4,0,0.2604095732957511
1,84,0,424,0,0,1,35,0,0,52,4,80,86,5,4,1,0.6893037368449604
1,84,1,11,0,0,1,21,1,0,20,0,80,100,0,0,0,0.18343112192989128
1,160,0,14,0,0,0,13,2,0,20,3,23,69,7,0,1,0.9519329131989148
1,61,1,26,1,0,0,15,0,0,34,3,51,80,0,2,1,0.7485364332416995
1,487,0,0,0,0,0,0,0,0,33,0,80,100,0,0,0,0.04435250083338063
1,490,0,366,1,0,4,30,1,0,87,3,80,78,0,1,0,0.21290139162297403
1,221,0,159,0,1,0,20,1,1,53,0,80,100,0,0,0,0.017032875963082877
0,192,0,0,0,0,0,0,0,0,41,3,54,90,5,1,0,0.1795107096728935
0,64,0,64,1,0,1,35,1,0,56,4,43,82,3,1,1,0.9460313520806153
0,184,1,91,1,0,2,23,1,1,91,2,58,93,1,11,1,0.5876943501005201
1,15,0,0,0,0,1,31,0,0,21,1,78,110,0,1,0,0.04865727381765752
1,317,1,81,0,0,6,26,0,0,54,0,80,100,0,0,0,0.0005559663953844029
0,303,0,0,1,0,0,0,0,0,73,0,86,115,0,1,0,0.00031399986951328817
0,93,0,0,0,0,0,0,0,0,37,1,80,68,5,1,1,0.953900601803613
0,273,0,194,1,0,3,27,1,0,84,2,80,122,0,0,0,0.0009108977524674969
1,199,0,0,0,0,0,0,0,0,100,4,76,110,0,0,0,0.0030858619907802817
0,449,1,134,0,0,1,10,3,1,43,4,80,113,5,3,0,0.02724407545496533
1,55,0,41,0,0,1,19,1,0,23,2,80,88,0,0,1,0.8259564287632796
1,0,0,8,0,0,1,4,1,0,7,5,82,105,4,3,0,0.08956184566317484
1,127,0,157,1,1,1,31,0,0,78,0,44,74,3,0,1,0.3362473317061686
0,16,0,32,1,0,0,33,4,0,38,0,80,100,0,0,0,0.05486077859600965
1,103,0,30,0,1,0,4,3,0,27,1,58,86,12,1,1,0.6217368117358486
0,88,1,52,1,1,2,13,1,0,68,3,45,71,0,1,1,0.9928966170298498
1,147,0,45,1,0,0,7,1,0,43,0,80,93,0,1,1,0.180482986071107
1,15,0,47,0,0,1,25,2,0,36,2,57,91,0,6,1,0.8129804681789946
0,187,0,0,1,0,0,0,0,0,57,5,80,90,12,1,0,0.24609547827779948
1,0,0,92,0,0,1,0,0,0,31,6,46,82,5,1,1,0.9326020737398135
1,6,0,0,0,0,0,14,3,0,0,0,80,100,0,0,1,0.5466850083145802
0,157,1,312,0,1,2,0,0,0,61,3,39,72,16,3,1,0.3004945192117738
0,546,0,0,1,0,1,27,0,1,64,1,95,124,0,1,0,0.000995321752353388
1,58,0,35,0,0,0,15,1,0,29,0,80,100,0,0,0,0.7819022655496777
1,92,0,9,1,0,0,8,6,1,23,0,80,100,0,0,1,0.2993993259830317
0,0,0,14,0,0,0,13,1,1,24,0,61,104,2,1,0,0.17980765174571475
1,173,0,62,1,0,0,6,3,0,33,0,80,100,0,0,0,0.3625796809997423
1,0,0,10,0,0,0,4,3,1,4,0,80,100,0,0,1,0.6571542021738362
0,153,0,0,0,0,0,0,0,0,54,0,80,100,0,0,0,0.0869034813366411
1,187,1,32,0,0,1,26,0,0,29,4,60,90,0,1,0,0.0831939246442314
1,0,0,21,0,0,0,2,3,0,0,1,41,70,0,3,1,0.9939633844287431
1,268,0,27,1,1,0,4,0,0,41,4,63,103,0,3,1,0.31524619881762844
1,106,0,47,1,1,1,30,0,0,79,0,64,102,0,1,0,0.012650816894186888
1,51,1,52,1,0,1,25,3,0,49,0,80,108,5,0,0,0.024327175349767048
1,148,1,153,1,0,0,0,0,0,77,0,80,100,0,0,0,0.01908409444970662
0,552,0,350,1,0,2,41,0,0,90,0,67,92,9,2,0,0.015856146358648113
0,189,1,105,0,0,0,6,2,0,29,0,80,100,0,0,1,0.046723286472729816
0,286,1,0,0,0,4,7,3,0,17,0,72,109,0,0,0,0.05062714950662428
1,49,0,148,1,0,1,55,5,0,59,2,33,78,0,3,1,0.9234296538880248
1,0,0,41,0,0,0,3,0,0,15,1,80,76,0,3,1,0.9190025669620406
0,0,0,0,1,0,0,20,1,1,37,3,80,87,0,1,0,0.36650956234659066
0,166,0,112,1,0,2,30,1,0,85,0,80,90,0,1,0,0.05064764599164229
0,602,0,320,1,0,3,38,2,1,94,0,80,100,0,0,0,0.0024527117059238005
1,166,0,0,0,0,0,0,0,0,53,0,80,100,0,0,0,0.06367635112110001
0,215,0,216,0,0,0,44,0,0,57,3,41,71,22,2,1,0.9883361433569653
0,179,0,75,1,0,3,33,2,0,84,0,68,104,10,3,0,0.00911667993207428
1,207,1,57,0,1,3,10,4,0,17,3,56,85,0,2,1,0.6652987575797523
1,60,0,0,0,0,0,0,0,0,14,0,56,89,6,1,0,0.34295478549153985
1,72,0,5,1,0,0,0,0,0,37,0,80,100,0,0,1,0.7854243101890067
1,7,0,26,0,0,0,0,5,0,0,4,69,103,4,1,0,0.20067711700504545
1,0,0,5,0,0,0,0,0,0,1,6,91,124,1,1,0,0.0017644404909816383
1,79,0,2,1,1,0,0,8,0,11,3,43,67,0,3,1,0.9973886289810198
1,0,0,73,0,0,1,0,0,0,25,3,77,101,9,4,0,0.30823084483792146
1,0,0,28,1,0,0,3,3,0,16,0,80,100,0,0,1,0.6585137198049295
1,0,0,57,0,1,0,0,1,0,8,3,80,74,0,3,1,0.9942529142267719
1,455,0,145,0,1,3,0,0,0,64,2,70,97,37,6,0,0.2942108877016557
0,211,0,0,0,0,0,0,0,0,84,0,67,90,31,9,0,0.6669473861847693
1,18,0,54,1,1,0,17,1,0,42,2,45,81,13,3,0,0.4831900758339683
0,303,0,234,0,0,0,34,0,1,66,2,73,115,0,1,0,0.00688267304934033
1,79,1,150,1,0,4,29,0,0,79,0,80,100,0,0,0,0.004030386964917599
1,25,0,0,0,0,0,14,0,0,9,5,47,79,0,1,1,0.7620753391041388
0,300,0,153,1,0,3,24,1,1,84,0,80,120,6,0,0,0.00025041696525782847
1,310,1,145,1,0,1,16,0,1,87,2,60,92,11,2,1,0.3456068418178322
0,189,0,0,1,0,0,20,2,1,43,5,45,73,8,2,1,0.9177204603637206
1,133,0,0,0,0,0,0,0,0,99,5,75,109,2,1,1,0.09546104901518619
0,143,1,186,1,0,0,49,1,1,79,6,42,86,0,3,1,0.35804993921543526
1,84,1,43,0,0,1,6,1,0,35,1,47,94,0,2,1,0.684653022186563
1,94,0,0,1,0,0,0,0,0,60,0,80,100,0,0,0,0.019165077177119978
0,19,0,109,0,0,5,27,0,0,55,2,88,116,0,2,0,0.0002200568655484902
1,0,0,0,1,0,0,19,2,0,24,5,70,112,0,0,0,0.04862193035595696
1,110,0,0,0,0,3,15,0,0,21,3,75,109,0,6,0,0.007245834425296151
1,121,0,92,0,0,1,19,4,0,27,6,47,76,0,0,1,0.8831519480815245
0,450,0,150,1,0,4,17,0,1,87,2,99,124,1,1,0,0.00013087473077460235
0,64,0,0,0,0,0,0,0,0,5,4,80,74,23,2,1,0.9891871604545887
1,89,0,87,0,0,3,0,0,0,70,0,80,109,0,2,0,0.0006880131135673685
0,0,0,0,0,0,0,13,0,1,17,0,80,138,0,0,0,0.0003415292729195795
1,74,1,0,1,0,1,0,0,0,41,0,83,109,7,1,0,0.012486077223341382
0,17,0,7,1,0,2,4,3,1,39,2,73,119,2,0,0,0.01373466773357167
1,58,0,0,1,0,2,0,0,0,73,1,78,108,0,1,0,0.03063763535206718
1,0,0,43,0,0,0,7,4,0,0,0,80,100,0,0,1,0.43908716233151457
0,0,0,41,0,0,0,14,2,0,10,7,72,100,0,2,0,0.3257542498399178
0,77,0,72,1,0,2,18,0,0,78,4,68,107,0,0,0,0.0418441248074072
0,560,1,300,0,1,3,36,1,0,67,8,44,65,0,5,1,0.9674850162231504
1,23,1,31,1,1,2,0,0,0,63,0,80,100,0,0,0,0.020835296509275774
1,67,0,0,1,0,1,0,0,0,41,0,78,108,7,0,0,0.15218323773347484
1,144,0,0,0,0,0,0,0,0,10,2,51,83,10,2,0,0.9293796345890122
1,180,0,0,1,0,1,0,0,0,42,1,92,112,0,0,0,0.0018360622900178607
1,178,0,0,1,0,0,0,0,0,58,4,45,77,0,1,1,0.940642462876353
1,44,0,0,0,0,0,0,0,0,18,6,80,95,25,7,1,0.9556678888681082
1,169,0,32,0,1,1,0,0,0,36,6,86,107,8,3,0,0.002721024759095341
1,0,0,70,0,0,1,36,2,0,26,0,80,100,0,0,0,0.07052633551152956
0,15,0,111,1,0,2,54,0,1,85,2,59,88,0,2,0,0.11995394067703262
1,0,0,11,1,1,0,0,1,0,22,3,53,87,0,1,1,0.6338291459438835
0,126,1,28,0,0,1,11,1,0,35,0,80,100,0,0,0,0.04568630186070866
1,101,0,0,0,0,0,10,0,0,14,0,86,120,0,1,0,0.009450789290465975
0,327,0,47,1,0,0,22,3,0,43,0,80,100,0,0,0,0.01656766310446586
1,2,0,28,1,0,0,30,6,0,27,0,77,104,1,1,0,0.04096229601326572
0,47,0,0,0,0,0,0,0,0,52,3,65,86,0,0,0,0.10298506879606135
1,139,0,0,1,0,0,0,0,0,70,1,58,83,2,4,1,0.9107442478399596
0,73,1,125,1,0,1,29,0,1,89,3,69,109,10,1,1,0.10348356087843755
0,289,0,90,1,0,1,28,0,1,82,0,80,100,0,0,0,0.010639163363330676
0,303,1,265,0,0,2,40,2,0,60,0,80,100,0,0,0,0.012284982455257507
0,113,0,38,1,1,2,11,2,1,52,3,80,114,2,0,0,0.031874046468665575
1,0,0,53,0,0,0,0,7,0,0,0,74,96,4,3,1,0.7763054940973002
1,86,0,64,0,0,0,10,0,0,37,0,80,100,0,0,0,0.03203677910100964
1,220,0,154,1,0,4,0,0,0,95,2,80,83,5,1,1,0.9505281132553274
0,0,0,0,0,0,1,0,0,0,11,4,53,80,7,9,1,0.5864051858597096
0,38,1,74,1,0,1,3,0,0,62,0,80,100,0,0,0,0.1050804310560557
0,408,1,242,1,0,5,23,0,0,86,3,74,108,13,2,0,0.015094119597217954
0,0,0,0,0,0,0,0,0,0,0,5,55,83,0,1,1,0.9657816846216698
1,707,0,347,1,0,3,30,0,1,100,0,80,100,0,0,0,0.0029598139048605753
0,123,0,58,1,1,1,11,4,0,36,2,46,88,0,3,1,0.8066410640317615
0,176,0,0,0,1,4,0,0,0,43,0,80,100,0,0,0,0.008675469371424051
0,88,1,14,1,0,1,19,0,0,53,0,68,107,0,2,0,0.009963982453122945
0,119,1,114,0,1,3,21,0,0,57,0,80,100,0,0,0,0.013330788520826715
1,171,0,124,1,0,1,46,2,0,59,17,41,70,11,1,1,0.95465285198861
1,139,0,119,0,1,0,0,0,0,36,0,80,100,0,0,0,0.11350306541500413
1,329,1,116,1,1,1,28,0,1,90,5,80,89,4,1,0,0.3240445878012259
0,0,0,0,0,0,0,0,0,0,0,0,80,100,0,0,0,0.043949459221962264
1,129,1,57,1,0,0,22,0,0,43,0,80,100,0,0,0,0.22932503257022474
1,9,0,17,0,0,0,12,3,0,1,4,46,81,0,1,1,0.983575228567975
0,101,0,23,1,0,2,39,0,0,59,5,46,77,0,0,0,0.11158507255318527
0,265,1,158,1,0,4,0,0,0,95,0,80,100,0,0,0,0.022118757330401737
1,0,0,16,1,0,1,0,0,0,36,2,80,113,1,2,0,0.03291770552749379
0,162,0,0,0,0,0,0,0,0,19,0,80,100,0,0,0,0.08050425750251594
1,0,0,181,0,0,0,27,1,0,40,0,47,76,0,0,1,0.9700255557001008
1,0,0,0,0,0,1,0,0,0,7,2,55,89,0,3,1,0.9593231397589004
0,111,0,0,0,0,1,0,0,0,22,2,62,103,2,3,0,0.4626308034891746
1,76,0,4,0,0,0,16,0,0,12,1,60,106,8,5,1,0.8627664986090606
1,348,0,72,0,1,0,26,1,0,41,0,80,97,0,1,0,0.23348974260278876
1,0,0,0,1,0,1,4,3,0,18,0,60,97,0,0,0,0.21635273980794525
1,160,0,179,1,0,1,11,2,1,67,0,80,100,0,0,0,0.05750470720987996
0,356,0,109,1,1,2,30,1,1,79,1,80,103,0,1,0,0.0539581167871507
1,0,0,0,0,0,0,13,1,0,4,4,39,71,20,5,1,0.9969306657576554
0,23,1,3,0,0,1,17,4,0,5,5,51,72,17,1,1,0.9064081800831637
1,148,0,0,1,1,0,0,0,0,66,0,80,100,0,0,0,0.023466226380352503
0,96,0,97,1,0,1,24,6,0,59,0,80,100,0,0,0,0.0330486869327767
1,183,0,13,1,0,0,21,2,0,34,7,53,94,0,1,1,0.7630972060699386
0,106,0,15,1,0,0,31,1,0,38,9,44,87,7,3,1,0.6903905648838525
1,47,0,93,0,0,2,0,0,0,59,4,48,86,0,1,1,0.972270335891898
1,67,0,0,0,0,0,0,0,0,7,1,59,99,0,0,1,0.515465384769321
0,4,0,46,0,0,0,45,0,0,43,8,80,81,13,2,1,0.8860774707792549
1,179,0,3,1,0,0,15,0,1,54,4,63,79,0,1,1,0.9457822264346746
0,76,0,120,1,0,2,31,2,1,84,4,60,96,0,3,1,0.3314923201680555
1,42,0,0,1,0,0,0,0,0,47,6,80,100,4,1,0,0.47834024307335926
0,182,0,0,0,0,0,5,2,0,2,5,38,73,36,6,0,0.9787188694815033
0,309,0,45,0,0,1,0,0,0,40,1,77,108,0,0,0,0.0037399383660806198
1,44,0,0,1,0,0,0,0,0,48,2,68,107,0,0,0,0.01615149574891776
1,272,0,0,0,0,0,0,0,0,70,0,72,112,0,3,1,0.010900355402726788
0,19,0,0,0,0,3,0,0,0,24,0,80,100,0,0,0,0.0011830239932086304
1,232,0,0,0,0,0,0,0,0,47,0,80,105,6,2,0,0.04590565090321889
1,42,1,0,0,0,2,16,4,0,11,0,80,100,0,0,0,0.21746216298417842
1,318,0,103,0,0,0,0,0,0,48,2,61,97,10,1,0,0.3489287363925408
0,590,0,243,1,0,2,23,1,0,84,0,72,101,4,0,0,0.05229577270847622
1,225,0,0,1,1,1,0,0,0,77,0,80,121,0,0,0,0.0027154372792985056
1,94,1,368,0,0,6,38,0,0,59,7,80,104,0,0,0,0.038851386650815944
1,53,0,44,1,1,2,0,0,0,73,5,73,109,0,0,0,0.014090009128542169
0,210,1,125,1,0,0,21,1,0,61,7,80,81,20,6,0,0.7547766173133728
0,160,0,0,0,0,0,0,0,0,59,4,43,76,2,1,1,0.8218145595808878
1,49,0,0,0,0,0,0,0,0,44,9,70,106,8,0,0,0.038397015721224635
1,27,0,0,0,0,0,0,0,0,2,3,77,108,20,0,0,0.19556379237121846
1,0,0,125,0,0,2,0,0,0,45,0,91,123,0,0,0,0.0003241494238611866
1,68,0,59,1,0,1,18,6,0,31,0,90,131,0,0,0,0.00373757481715549
1,84,0,85,0,0,0,12,3,0,14,0,80,100,0,0,1,0.27656886736026676
1,105,0,18,0,0,2,1,5,0,11,2,46,80,11,1,1,0.9226340588545858
0,122,0,24,1,0,4,12,7,0,44,0,80,100,0,0,0,0.08636114215393843
1,0,0,60,0,0,0,17,4,0,18,7,75,107,2,1,0,0.006016694893465324
1,361,0,99,0,0,0,12,0,0,37,14,40,61,22,2,1,0.973665695923831
1,36,0,28,0,1,1,5,0,0,13,1,80,90,0,3,0,0.7774351416712135
1,128,1,84,0,0,1,16,6,1,48,1,80,119,3,3,0,0.001648217864469105
1,17,0,62,0,1,0,11,4,0,4,1,80,122,0,0,0,0.003967177253995704
1,106,0,100,0,1,0,25,0,0,38,3,74,106,0,0,0,0.012854858428094343
1,0,1,109,0,0,1,0,0,0,47,0,80,100,0,0,0,0.026301193796887726
0,482,1,195,1,1,0,31,1,1,84,1,87,118,0,2,0,0.0005540913930629829
0,67,0,0,0,0,2,0,0,0,30,0,80,100,0,0,0,0.039910719585980754
1,93,0,178,1,0,0,0,0,0,67,3,35,74,0,4,1,0.9973916471408809
0,57,0,81,1,0,0,20,2,0,39,0,80,100,0,0,0,0.3582428328454524
0,322,0,222,1,0,0,34,0,0,80,1,80,115,0,1,0,0.002655169488248105
1,23,0,0,0,0,0,0,0,0,15,0,80,100,0,0,0,0.01857381111373309
0,73,0,141,1,0,0,27,2,0,62,0,80,100,0,0,0,0.001942414286911982
1,29,0,83,0,0,1,0,0,0,50,3,61,99,0,3,0,0.4578253822578501
1,182,0,121,0,1,3,15,5,0,32,0,80,100,0,0,0,0.046872245995335765
0,2,0,7,1,0,2,17,1,0,39,1,65,90,5,4,0,0.49437178746152055
0,202,0,161,1,0,0,16,0,1,78,2,35,66,0,1,0,0.8231407373505444
0,154,0,218,1,0,2,26,0,0,80,1,83,115,4,0,0,0.0004490666003788696
1,106,0,65,0,1,2,39,0,1,75,1,44,73,13,1,1,0.9359525027308816
1,24,0,29,0,0,1,12,0,0,19,0,80,100,0,0,0,0.051925558497357985
1,0,0,0,0,1,0,0,0,0,0,0,80,100,0,0,0,0.018116617857511747
0,25,0,91,1,1,3,11,1,0,47,2,75,101,17,6,0,0.042779265112792446
1,160,0,249,1,1,2,0,0,0,89,0,80,100,0,0,1,0.1723298704991856
1,348,1,112,1,0,0,14,3,0,47,1,80,100,8,5,0,0.34313320002632086
1,101,0,103,1,0,0,0,0,0,58,2,80,74,4,0,1,0.9346687047964174
0,51,0,251,0,0,0,58,3,1,48,6,51,74,2,2,1,0.9183631612497002
1,144,0,57,0,0,5,12,3,1,42,0,80,100,0,0,0,0.3160385661680419
0,0,1,36,0,0,1,17,2,1,42,10,80,93,0,2,0,0.6521625018044208
0,147,0,0,1,0,1,21,0,0,40,10,57,96,3,1,0,0.25820761575420287
0,12,0,0,1,0,2,0,0,0,68,2,80,78,5,0,0,0.18682322006668656
1,120,0,39,0,0,0,16,1,0,35,1,82,105,4,2,0,0.13934411382785097
1,64,0,213,0,0,1,37,0,1,62,8,31,62,1,2,1,0.9929105230479413
0,88,0,51,1,0,0,0,0,0,51,0,80,100,0,0,0,0.005568833669820233
1,0,0,125,0,0,0,16,2,0,32,0,80,100,0,0,0,0.0536754141261786
0,51,0,0,1,0,0,0,0,0,51,2,52,88,10,1,1,0.826758665124987
0,274,0,0,0,0,0,0,0,0,90,5,61,96,0,2,0,0.21645283832358495
1,59,0,15,1,0,3,31,1,1,60,0,80,100,0,0,0,0.0007126911975008054
0,201,0,0,1,1,0,0,0,0,58,4,78,116,9,3,0,0.0024805735680066675
1,76,1,14,1,0,0,15,0,0,38,1,90,129,0,1,0,0.00043382168474925034
1,159,0,4,1,0,1,0,0,0,44,2,71,115,3,2,0,0.25159973148696274
1,261,0,71,1,0,1,7,0,1,56,2,62,97,1,1,0,0.7483813086964227
0,63,0,0,0,0,1,18,4,0,5,1,78,103,0,1,0,0.0498144802104973
1,114,0,141,0,0,0,18,3,0,25,0,80,92,0,3,0,0.39660686526665617
1,129,0,0,0,0,0,0,0,0,90,2,80,82,7,2,1,0.7001624838726017
0,22,0,53,1,1,4,0,0,0,76,0,50,77,0,4,0,0.17440969623406158
1,0,0,0,1,0,1,0,0,0,33,0,80,100,0,0,1,0.6843915273290954
1,46,1,60,1,0,2,29,0,0,61,4,47,89,2,2,0,0.057924286842955267
1,175,0,32,1,0,0,31,3,0,40,1,80,109,0,3,1,0.43090563618351724
0,247,0,114,1,0,2,18,1,0,81,0,80,100,0,0,0,0.004023310193843335
1,269,1,169,0,1,1,13,1,0,46,7,48,72,10,1,1,0.9694253523250168
0,100,0,11,1,0,0,0,0,0,35,4,80,88,2,0,0,0.14779649708035777
1,61,0,3,0,0,1,1,1,0,6,2,80,97,0,0,1,0.8415411469496388
1,99,0,71,1,0,1,5,8,1,36,4,71,105,2,5,1,0.2549786291788469
1,267,0,0,1,0,0,0,0,0,77,1,54,82,0,5,1,0.9188646806035228
1,0,1,22,1,0,1,0,2,1,33,4,79,103,4,5,0,0.25013068206878625
0,20,0,44,1,0,0,16,3,1,42,3,49,75,36,0,1,0.794211529671952
0,410,1,207,1,1,2,23,0,0,86,0,80,100,0,0,0,0.0020424489328392573
0,249,0,0,0,0,0,0,0,0,88,4,52,83,0,1,0,0.8836051167973058
0,40,0,61,0,1,2,0,0,0,59,0,47,93,5,4,1,0.5667251653305126
0,90,0,0,0,1,2,0,0,0,28,0,80,100,0,0,0,0.012327162418685743
1,158,0,199,1,0,0,38,3,0,67,0,80,100,0,0,0,0.01198985520310955
0,270,1,203,1,0,4,20,1,0,79,2,79,100,0,8,0,0.02590472807255972
0,154,0,54,0,0,3,0,0,0,37,4,69,87,8,1,1,0.6147385494287111
1,294,0,0,0,0,0,0,0,0,100,0,49,84,0,2,0,0.2984463504060731
0,370,1,273,1,1,4,31,1,1,97,5,57,92,0,1,0,0.015240142745485546
0,142,0,81,0,0,3,22,2,0,37,0,78,113,0,0,0,0.02419919001017916
1,0,0,0,0,0,0,0,0,0,0,2,56,87,0,3,0,0.7433582877202745
1,165,0,231,1,0,6,22,0,0,79,4,43,76,0,1,1,0.6692863229668777
0,128,0,0,0,0,0,0,0,0,14,2,80,83,5,0,1,0.4550545398834213
1,245,0,0,0,0,2,0,0,0,55,1,80,117,0,0,0,0.011919935759716258
1,139,0,21,1,0,5,0,0,0,60,1,43,82,0,0,1,0.9338294003212816
1,332,0,121,1,0,0,0,0,0,87,9,54,83,0,3,1,0.875861440703441
0,66,0,49,0,0,0,21,4,0,38,0,47,76,8,4,1,0.8895653155078668
1,15,0,0,1,1,0,0,0,0,46,8,41,71,0,0,1,0.9335813777363231
0,180,0,59,0,1,0,0,0,0,22,0,80,107,0,1,0,0.005056850742993147
0,509,0,158,1,0,3,21,0,1,90,0,80,108,3,5,0,0.06543060584089494
0,100,0,21,0,0,0,0,12,0,0,2,52,96,0,0,1,0.9706164765394087
0,269,0,0,0,0,2,0,0,0,46,3,90,120,0,0,0,0.00021205686627476418
1,165,0,0,0,1,2,0,0,0,43,2,50,89,0,1,0,0.12152218464643129
1,114,0,78,0,0,3,7,7,1,36,0,64,98,2,1,0,0.06030853111574977
1,90,0,43,1,0,1,0,0,0,89,8,62,90,4,2,1,0.9356756586029437
1,109,0,107,1,0,1,5,0,1,62,1,80,72,0,4,1,0.753531819449872
1,46,0,0,0,1,2,0,0,0,38,1,80,109,0,0,0,0.007517699617299083
0,164,0,0,1,0,0,35,1,0,47,5,69,102,0,0,0,0.015448052717753154
1,86,0,35,1,0,1,8,3,0,27,1,70,104,0,1,0,0.03190520533549401
1,56,0,156,0,0,1,7,1,1,49,3,57,81,0,0,1,0.9665972245016856
1,87,0,82,0,1,1,0,0,0,50,2,58,75,0,8,1,0.9177264251526989
0,138,0,0,1,0,1,18,0,0,45,3,67,101,1,3,0,0.11345908452636365
0,398,1,322,0,0,3,40,7,0,54,8,40,76,14,5,1,0.986119227205732
0,92,0,4,1,1,1,8,3,1,36,0,57,92,0,5,1,0.9605430465187548
0,0,0,0,1,1,0,0,0,0,44,0,80,100,0,0,0,0.004223211537199946
0,208,1,96,1,1,1,35,0,0,85,2,56,89,0,3,0,0.16461409066992166
0,279,0,56,1,0,1,0,0,0,55,0,80,100,0,0,0,0.1764671964769017
0,316,1,145,0,0,4,0,0,0,71,5,84,121,0,0,0,0.0005826619953102428
1,0,0,18,0,0,0,6,2,0,0,0,80,100,0,0,1,0.46346200935753684
0,63,0,0,0,0,1,0,0,0,23,0,82,118,3,0,0,0.012458230552925057
1,52,0,2,0,1,0,12,1,1,18,9,75,117,0,1,0,0.04211031268648285
0,0,0,38,0,0,0,13,2,0,7,1,55,90,2,2,1,0.7968868623216306
1,129,0,0,1,0,2,22,5,0,30,0,80,100,0,0,0,0.2360317833566863
0,530,0,268,1,1,2,26,0,0,88,0,80,100,0,0,0,0.0018005529537820902
0,21,0,22,0,0,0,0,0,0,25,0,48,90,0,1,1,0.9715109090894701
1,61,0,0,0,0,0,0,0,0,7,4,85,112,5,1,0,0.014812807771119036
0,10,0,1,0,1,0,0,0,0,1,0,67,113,2,0,0,0.014768759254894261
0,0,0,73,0,0,0,51,1,1,51,0,80,100,0,0,0,0.002499724744155258
1,196,0,0,1,0,1,0,0,0,89,0,80,100,0,0,0,0.06292505971210606
1,189,0,50,0,0,0,26,0,1,37,0,80,100,0,0,0,0.12424352718586541
0,155,0,0,1,0,0,23,1,0,41,7,32,71,0,1,1,0.9774368465498191
1,0,0,0,0,0,0,0,0,0,0,0,80,100,0,0,0,0.03575513167519691
1,144,0,9,0,0,0,0,0,0,10,0,80,100,0,0,1,0.6881229406893422
0,137,0,180,0,0,1,26,1,1,63,1,50,99,0,1,0,0.07554708942649076
1,0,0,20,0,0,0,7,1,0,8,4,80,93,0,11,1,0.5271059584127717
0,199,1,18,1,0,0,8,2,0,34,0,73,109,7,0,0,0.00726728294458466
0,19,0,0,0,0,2,20,1,0,19,1,55,79,22,3,1,0.775562824163699
1,157,0,0,1,0,1,12,3,0,35,0,80,100,0,0,0,0.009022275345894499
1,300,0,126,1,0,1,0,0,0,78,4,51,79,10,2,1,0.9740319710911914
1,197,0,13,1,0,0,0,0,0,38,3,59,95,12,1,1,0.4223162410628764
0,238,0,46,1,0,4,14,1,1,88,0,80,100,0,0,0,0.006232209601370998
1,30,0,58,1,0,1,15,3,0,33,0,80,100,0,0,0,0.2843319967616287
0,195,0,0,0,0,0,0,0,0,100,0,84,107,0,0,0,0.00034710465978892026
0,69,0,0,0,0,1,14,1,1,21,4,44,72,13,5,1,0.9082815413361163
1,24,0,0,0,0,1,0,0,0,15,0,72,115,1,2,0,0.08261580808689009
1,244,0,187,1,0,3,26,1,1,89,0,80,100,0,0,0,0.01125109513243757
1,160,0,5,1,0,0,13,0,1,42,6,80,98,3,5,1,0.29917575654664774
1,59,0,325,0,0,0,0,0,0,42,8,50,79,11,4,1,0.9791464641326888
1,16,0,0,1,0,0,0,0,0,46,5,47,86,2,2,0,0.8339588610093468
0,81,1,32,1,0,0,27,0,0,50,0,80,100,0,0,0,0.010655590397786241
1,131,0,0,0,0,1,0,0,0,21,0,80,100,0,0,1,0.7831513067283997
1,122,0,29,1,1,0,20,8,0,23,1,54,89,5,2,0,0.22511878031731047
1,119,0,34,1,0,0,0,0,0,52,1,91,137,0,0,0,0.011240342158814637
1,0,0,8,0,0,2,10,1,0,15,4,61,92,0,0,1,0.4426065476431465
1,159,0,207,1,1,0,33,1,1,78,1,61,99,2,2,0,0.023504670045300543
1,175,0,0,1,0,1,22,0,0,51,0,80,100,0,0,0,0.13957865188644156
1,209,0,164,0,0,1,21,1,0,42,0,80,100,0,0,0,0.0036929895295708315
1,184,0,135,0,0,0,17,0,0,44,3,55,91,0,2,0,0.7494512475138632
1,0,0,0,0,0,2,0,0,0,22,2,78,115,0,7,0,0.23658642731581161
0,190,0,196,1,1,2,33,0,0,82,2,77,119,2,2,0,0.0026858196632222747
1,0,0,0,0,0,0,3,1,0,0,2,70,114,2,0,0,0.24393695331992302
0,296,1,193,1,1,1,34,1,1,86,0,80,100,0,0,0,0.006341469022955999
0,202,1,302,0,0,6,38,1,1,69,4,80,105,0,0,1,0.40268875463978443
1,79,0,0,0,0,0,4,6,0,0,0,80,100,0,0,0,0.6014680699176004
1,116,0,119,1,1,1,15,1,1,72,0,80,100,0,0,0,0.013671918551706153
0,0,0,5,0,1,0,0,3,0,0,0,80,100,0,0,0,0.5978619022607184
0,142,0,162,1,1,2,11,4,0,51,0,84,118,0,2,0,0.01615889611120023
0,138,1,36,1,1,0,19,1,0,55,0,80,100,0,0,0,0.0029948768095823413
1,109,0,41,0,1,1,11,2,0,35,0,80,100,0,0,0,0.10729108644234837
1,326,0,195,1,1,0,22,2,1,72,1,60,86,5,3,0,0.2518534164273191
1,31,1,22,0,1,0,9,7,0,5,0,80,100,0,0,0,0.5219019569838743
0,180,1,103,0,1,0,8,0,0,44,3,82,118,4,1,0,0.026405861727200674
0,87,0,0,0,0,0,0,0,0,8,0,45,82,4,2,1,0.9955881465207193
1,60,0,0,0,0,0,7,4,0,0,0,80,100,0,0,1,0.6231443928970489
1,45,0,48,1,1,1,9,0,0,50,5,78,111,9,1,0,0.1295083635796543
1,34,0,40,1,0,1,8,1,1,47,0,80,100,0,0,0,0.44648294601240107
0,40,0,0,0,0,0,19,0,0,13,2,50,92,4,0,1,0.7526958096238727
0,0,0,1,0,0,0,9,6,0,0,0,62,94,9,1,0,0.043367568060279
0,113,0,70,0,0,4,0,0,0,72,1,47,93,4,0,0,0.20902972201703982
0,19,0,0,0,0,1,0,0,0,16,2,80,98,0,1,0,0.0353136782592856
0,166,1,407,1,0,5,0,0,0,86,3,48,82,0,3,1,0.832378644934374
0,199,0,139,1,0,0,29,0,1,85,0,80,100,0,0,0,0.005509700424070988
0,138,0,50,0,1,0,29,0,1,36,0,80,100,0,0,0,0.0034308516932282074
1,134,0,0,1,0,0,16,2,0,26,6,65,90,9,2,0,0.1680032505677756
0,47,0,0,0,0,1,0,0,0,9,0,71,114,0,1,0,0.01890579651761486
1,118,0,0,0,0,0,0,0,0,29,4,34,71,8,0,1,0.9948382742223693
0,213,0,85,1,0,1,8,0,0,74,0,93,130,0,0,0,0.00026634891138728895
0,0,0,81,0,0,0,5,8,0,7,2,80,101,8,1,0,0.4460599121552956
0,172,0,0,0,0,0,0,0,0,33,2,35,66,0,0,1,0.9487525364590796
1,198,0,0,0,0,0,8,1,0,16,3,81,108,0,1,0,0.09685502856193529
1,174,0,35,0,0,0,13,1,0,26,0,67,94,0,2,0,0.1489261401431098
1,0,0,0,0,0,0,0,0,0,0,4,55,89,1,5,1,0.9497635360731681
0,160,0,1,0,1,0,0,0,0,9,0,80,100,0,0,0,0.1585011085671175
1,8,0,155,0,1,2,19,4,0,29,4,82,108,0,2,0,0.0032384135281231952
0,267,0,0,0,0,0,0,0,0,21,0,80,100,0,0,0,0.039852235287152954
0,0,0,70,1,1,0,19,0,1,70,0,80,100,0,0,0,0.010900886790376155
1,245,0,0,1,1,0,18,4,0,28,4,59,78,4,3,1,0.8408220844824436
1,13,0,54,0,0,1,3,3,0,6,0,80,100,0,0,0,0.43824392579980553
1,71,0,0,0,0,0,1,0,0,3,2,80,95,0,1,1,0.9208356089829337
0,297,1,129,1,1,2,29,0,0,90,3,80,106,1,4,0,0.010141787205473476
1,185,0,89,1,0,0,0,0,0,52,0,80,100,0,0,0,0.0034926108433893242
1,101,0,0,1,0,1,0,0,0,85,0,80,122,6,1,0,0.00583268941194813
1,0,0,35,0,0,2,0,1,0,19,5,67,116,0,2,0,0.07496686270199998
1,0,0,0,0,0,0,0,0,0,0,0,80,100,0,0,1,0.6550890048466603
1,152,0,96,1,0,1,6,3,0,38,1,65,99,0,2,0,0.15646210725035925
1,242,1,205,1,0,0,0,0,0,74,2,80,83,19,1,0,0.3966110860444212
0,96,0,11,1,0,1,0,0,0,57,0,80,100,0,0,0,0.0004049434852607824
1,225,1,117,1,0,2,8,0,0,63,0,80,100,0,0,0,0.014279190820870594
0,199,0,25,1,1,3,34,0,1,83,0,80,100,0,0,0,0.006958229145789547
1,153,1,140,0,1,1,29,2,0,58,6,48,81,0,1,1,0.7381163670702123
0,25,0,103,1,1,0,57,1,0,51,9,31,72,15,2,1,0.9752382747232203
0,45,0,0,0,0,0,0,0,0,9,11,59,87,0,2,1,0.766605259843346
1,0,0,0,1,0,0,12,1,1,33,0,80,100,0,0,0,0.2951978949606527
0,115,0,244,0,0,3,0,0,0,59,0,80,100,0,0,0,0.024134589300199297
1,77,0,0,0,0,0,0,0,0,8,0,80,100,0,0,0,0.315700110363421
1,28,0,28,0,0,2,21,2,0,23,1,71,102,5,2,0,0.05172154924108627
1,71,1,75,1,0,0,0,2,0,35,1,80,98,3,0,1,0.4282347370779483
1,113,0,0,0,0,0,0,0,0,28,2,80,104,11,0,0,0.216709961277135
0,310,0,0,1,0,0,0,0,0,64,3,71,104,0,3,0,0.10155061266495084
1,0,0,32,0,0,0,0,0,0,6,0,80,100,0,0,1,0.891129371493152
1,191,0,59,1,0,0,16,1,1,58,4,65,100,0,2,0,0.09539600990126093
1,93,1,66,0,0,1,3,2,0,14,0,30,71,19,2,1,0.9844984569173715
1,268,0,11,1,1,0,20,1,0,38,3,42,77,4,2,1,0.78149498099351
0,41,1,47,1,1,3,30,2,1,64,4,72,107,8,0,0,0.011405946514897021
0,175,0,128,0,0,1,0,4,0,18,3,97,125,4,0,0,0.002170991597554829
0,16,0,0,0,0,0,0,0,0,2,2,67,104,0,0,0,0.044537565245504895
0,0,0,0,0,1,2,23,3,0,13,0,80,100,0,0,0,0.01333571881828822
1,95,0,0,0,0,0,0,0,0,7,3,83,115,2,0,0,0.0941494894281176
0,111,0,0,1,0,0,22,3,0,27,0,80,100,0,0,0,0.24673796753441465
0,225,0,127,1,1,3,0,0,0,93,5,67,105,0,0,0,0.013700311277681126
0,219,0,93,0,1,6,28,0,1,60,5,92,126,0,2,0,0.0057417379750973815
0,0,1,92,0,0,1,17,1,0,31,12,56,92,11,2,1,0.668580905827666
1,192,0,65,1,0,0,10,0,1,80,0,80,100,0,0,0,0.005202246311270221
0,261,0,0,0,0,0,0,0,0,67,5,56,88,16,1,1,0.6578985497738797
0,80,0,0,1,0,5,0,0,0,77,0,80,100,0,0,0,0.001341932183462084
1,139,0,18,0,0,0,0,1,0,4,0,69,97,0,0,1,0.46129317076930526
1,103,0,95,1,0,1,0,0,0,63,0,80,100,0,0,0,0.06865272880872536
1,174,1,64,0,1,3,36,0,0,47,0,70,95,0,3,0,0.07741957186090437
1,118,1,46,1,0,2,27,1,1,79,1,56,88,0,2,0,0.09851893560859122
0,0,0,53,1,0,2,22,0,1,81,12,60,88,11,1,0,0.435435060212251
0,168,0,99,0,1,2,41,0,0,70,4,80,75,0,9,1,0.8390762063813969
0,111,1,13,0,0,0,35,0,0,25,1,41,88,0,0,1,0.18262990599982887
0,97,0,0,1,0,2,0,0,0,100,3,60,104,0,2,1,0.45010275232518576
1,0,0,0,0,0,0,0,0,0,0,5,53,84,0,5,1,0.8113618867600971
0,173,0,29,1,0,0,49,2,0,57,0,80,100,0,0,0,0.0031483277389720687
0,212,0,0,0,0,0,0,0,0,69,0,80,100,0,0,0,0.03836519362232052
1,186,0,1,1,0,0,11,2,1,44,8,80,93,0,6,1,0.4271318322097718
0,98,0,0,1,1,3,0,0,0,74,0,80,100,0,0,0,0.003980805791580261
0,105,0,0,1,0,3,0,0,0,77,1,80,89,2,1,0,0.06797199491214985
1,113,0,58,0,0,0,46,2,0,32,4,50,80,0,2,1,0.9551580164183104
1,185,0,179,0,0,0,42,2,0,47,0,80,100,0,0,0,0.1756375465445115
1,152,0,0,1,0,0,0,0,0,61,0,80,100,0,0,0,0.6043681056836275
0,81,0,20,0,1,2,8,2,0,14,2,41,73,6,1,1,0.9350978941408684
1,179,1,43,0,0,2,0,0,0,53,0,80,100,0,0,0,0.000640801134915575
1,0,0,0,0,0,0,0,0,0,0,4,80,93,0,3,0,0.10518912598748563
1,0,0,0,0,0,0,0,0,0,0,6,64,94,0,0,1,0.4956177944885663
0,175,1,83,1,1,3,52,0,0,90,11,80,74,14,5,1,0.8991291890049601
1,250,0,103,0,0,2,0,0,0,54,4,57,86,0,1,1,0.34031032342994305
0,396,1,193,1,0,3,24,1,1,93,4,55,91,0,0,0,0.12936332366576284
0,197,0,123,0,0,0,14,2,0,42,2,75,96,0,4,0,0.16805082479866942
1,131,0,0,0,0,0,5,1,0,11,8,37,61,6,0,1,0.9719892111514047
1,0,0,0,0,0,0,2,5,1,0,2,80,78,0,1,1,0.9198186128207064
1,0,0,0,1,0,1,0,0,0,33,0,80,100,0,0,1,0.49751735617423803
0,278,0,0,1,1,0,0,0,0,66,4,45,85,2,1,1,0.590086769656433
0,96,0,33,0,1,3,18,0,1,69,0,78,112,0,2,0,0.004339061015538765
0,664,1,312,1,1,5,29,0,0,90,0,80,100,0,0,0,0.00046148258911847735
0,50,0,33,0,0,4,20,1,0,49,0,80,100,0,0,0,0.003931507591938915
1,240,1,200,0,0,0,27,0,0,51,0,80,100,0,0,0,0.0037514446063791635
1,235,0,0,0,0,0,0,0,0,45,0,90,118,1,1,0,0.00486778831551916
1,118,0,108,0,1,2,10,0,0,34,0,80,121,4,0,0,0.0024831179493337357
0,418,0,153,1,1,0,30,0,1,90,3,80,120,0,1,0,0.001450252182121226
0,0,0,62,0,0,0,3,3,1,32,0,80,100,0,0,0,0.08289751134436919
0,401,1,160,1,1,3,15,2,0,72,3,80,96,7,1,0,0.02860533353879706
0,73,0,0,0,0,0,0,0,0,24,2,61,95,0,1,0,0.7496419764683839
1,96,0,0,1,1,0,0,0,0,51,5,53,81,0,1,1,0.8546569975153493
1,105,0,109,0,0,1,31,2,1,62,0,80,100,0,0,0,0.006937741929639697
1,0,0,110,1,0,1,45,4,0,58,0,80,100,0,0,1,0.5162321427414754
1,171,0,0,0,1,0,0,0,0,7,0,80,100,0,0,1,0.8037830998058355
1,2,1,245,0,0,1,29,1,0,47,0,80,90,1,1,1,0.5627012118535014
0,388,0,0,1,1,1,0,0,0,49,0,80,100,0,0,0,0.004896599603570722
1,70,0,0,1,0,1,0,0,0,41,0,80,100,0,0,0,0.42749340297656996
0,146,0,113,1,0,2,12,1,0,71,0,80,82,7,1,0,0.5459968526214305
0,0,0,24,0,0,0,1,1,1,18,0,80,100,0,0,0,0.08751955749544081
0,1,0,71,0,0,2,23,2,0,46,5,39,71,12,1,0,0.8599365854282551
1,238,1,194,1,0,0,0,0,0,78,3,42,81,13,2,1,0.9715071838911571
1,0,0,0,0,1,0,0,0,0,0,0,80,100,0,0,1,0.6631346445847562
0,71,1,155,1,0,0,25,1,0,62,0,80,100,0,0,0,0.0024667292154722403
0,204,0,0,0,0,0,0,0,0,56,0,80,100,0,0,0,0.006750622761465746
0,60,0,0,1,0,1,0,0,0,77,1,80,102,15,1,1,0.6461617306346348
0,86,0,0,0,0,0,0,0,0,22,14,56,86,0,2,1,0.9178799295403175
1,153,0,0,1,0,1,0,0,0,69,2,45,88,17,0,1,0.9232073080178104
1,58,0,53,0,1,1,16,1,0,21,0,80,100,0,0,1,0.06639927971426396
1,23,0,26,0,1,2,0,0,0,43,9,33,76,11,5,1,0.9159723119770715
1,135,1,0,1,0,2,18,0,1,54,0,80,100,0,0,0,0.014164834656542042
0,198,0,0,1,1,0,0,0,0,74,1,80,101,11,1,1,0.1265105084004131
0,512,1,236,1,0,1,0,0,0,93,2,80,59,3,0,1,0.9736753391404381
0,32,0,33,1,0,1,27,1,1,67,5,80,108,1,1,0,0.0028295680033158734
1,349,0,256,0,0,3,29,1,1,73,3,34,75,10,3,1,0.6866833977034565
0,829,0,0,0,0,0,0,0,0,100,2,81,110,0,1,0,0.0005812391097652987
1,100,0,6,0,0,1,5,4,0,2,1,80,73,30,1,1,0.9676033774756828
1,113,0,6,0,0,0,10,4,0,0,5,76,105,0,2,1,0.13560330709673257
0,335,1,228,1,0,1,0,0,0,89,0,50,89,4,0,0,0.2638703764773641
1,47,1,73,0,0,3,17,0,1,62,6,80,106,4,0,0,0.08421564422305663
1,336,1,58,0,1,1,31,0,1,53,0,80,100,0,0,0,0.0030009954891392536
1,0,0,29,1,0,1,17,3,0,48,4,55,95,0,0,0,0.1306748005277061
1,39,0,59,0,0,1,23,1,0,27,0,80,120,0,1,0,0.00874296852637959
0,243,0,19,0,1,2,0,0,0,27,4,88,127,0,0,0,0.004892161209762575
1,35,1,37,0,0,0,21,1,1,53,2,60,97,0,2,0,0.044134945746970244
1,0,0,65,0,0,0,0,0,0,17,0,90,128,0,0,0,0.01684018175106421
1,85,0,0,0,0,0,0,0,0,63,8,78,118,3,1,0,0.041922324961560266
0,179,1,91,0,0,1,16,3,1,49,1,62,89,8,1,0,0.0535320069796622
1,0,0,19,1,0,0,38,3,1,49,2,66,101,2,0,0,0.03096934685438834
0,348,0,0,0,0,2,0,0,0,56,0,80,100,0,0,0,0.001683564152567212
1,52,0,0,0,0,0,0,0,0,4,0,80,84,2,1,1,0.9489650685268394
1,26,0,0,0,0,0,16,0,0,11,10,62,97,24,4,0,0.8438075689715037
1,139,0,0,0,0,0,0,0,0,62,2,87,119,2,0,0,0.0009451878319992171
1,0,0,0,1,0,1,17,1,0,31,5,63,97,0,1,1,0.5465833583209118
1,0,0,0,0,1,3,0,0,0,22,0,80,100,0,0,0,0.19431853922816722
1,55,1,60,1,0,1,17,5,0,53,2,72,99,0,2,0,0.09822641510406048
1,164,0,74,0,0,0,7,5,0,4,0,80,100,0,0,0,0.29129554043867967
1,144,0,37,1,0,2,20,0,0,54,0,80,100,0,0,0,0.005708990981047679
0,139,0,0,0,0,5,0,0,0,36,2,85,110,1,1,0,0.007505376301450197
1,76,0,0,1,0,0,0,0,0,51,2,76,107,0,0,0,0.051656088621923495
1,0,0,94,1,0,0,35,1,1,72,0,80,100,0,0,0,0.15440976290314204
0,481,0,0,0,0,1,0,0,0,42,1,47,71,5,1,1,0.6010912612398049
1,11,0,103,1,0,2,0,0,0,81,0,33,68,0,2,1,0.9255534607751374
0,416,0,0,1,1,3,0,0,0,100,5,80,123,0,3,0,0.000274447321113474
0,36,1,121,0,0,1,28,0,0,45,0,80,100,0,0,0,0.0020277571163729857
0,314,0,0,1,0,1,16,1,0,40,0,80,100,0,0,0,0.01102200182473935
1,0,0,0,0,0,1,0,0,0,7,0,75,113,0,2,0,0.26521912668007674
0,71,0,0,0,0,0,0,0,0,54,0,80,100,0,0,0,0.06809543227331942
1,16,0,48,1,0,1,42,0,0,47,4,33,61,13,4,1,0.9262780326226763
0,80,0,16,0,0,2,0,0,0,39,5,85,110,0,0,0,0.014373851630230939
1,112,1,110,0,1,1,17,6,0,32,0,80,100,0,0,0,0.1868775301266776
0,115,0,5,1,0,2,17,1,1,63,0,80,100,0,0,0,0.00912380798063094
1,31,0,47,1,0,1,11,3,0,43,4,40,67,13,0,1,0.9679069858258299
0,368,0,284,1,0,1,32,0,1,93,6,70,105,10,3,0,0.035032079138124464
1,0,0,122,0,0,2,12,2,0,34,4,46,86,16,3,1,0.9751018843830812
1,3,0,0,0,0,4,17,0,1,29,0,80,71,0,1,1,0.9821948325001097
1,121,0,0,0,0,2,0,0,0,32,0,80,127,0,1,0,0.008270876288340936
0,326,0,0,0,0,0,0,0,0,32,0,80,100,0,0,0,0.00553688977994412
0,0,0,0,0,0,0,0,0,0,0,1,48,79,5,1,1,0.9889882357696027
1,0,0,14,0,0,0,0,0,0,3,6,66,107,0,0,0,0.1674548007413343
0,234,0,69,0,0,3,28,1,1,48,0,80,100,0,0,0,0.015613614332861982
1,141,0,173,1,0,0,9,2,1,59,4,73,118,0,0,0,0.012916536097152778
0,454,1,215,1,0,1,0,0,0,93,1,80,130,4,0,0,0.00030819115981737676
0,213,0,25,1,1,0,3,1,0,44,1,60,83,7,0,1,0.500267553208411
1,5,1,83,1,0,1,9,3,0,37,1,80,111,2,0,0,0.08151121360242895
0,364,1,202,1,0,2,0,0,0,95,2,61,95,0,2,0,0.044696694947444014
1,114,0,0,1,1,0,0,0,0,55,4,39,79,9,2,0,0.6968203718639182
0,31,0,88,1,0,0,0,0,0,70,5,59,88,4,9,0,0.21349037602940282
1,169,0,47,1,1,0,0,0,0,55,0,80,100,0,0,0,0.062057091367023594
1,0,0,94,0,0,0,31,1,0,29,0,80,100,0,0,0,0.1410684038680582
1,40,0,136,0,0,1,63,4,0,40,0,45,80,9,2,0,0.7863146712447997
0,46,0,0,0,0,1,0,0,0,14,1,49,85,0,0,0,0.3376937954858637
1,154,0,294,0,0,5,50,2,0,53,0,80,100,0,0,0,0.04963932611026726
1,79,0,0,0,0,1,0,4,0,0,0,80,100,0,0,1,0.7070157883960136
1,86,0,40,1,0,1,17,3,0,45,0,80,100,0,0,0,0.055537312143176205
1,0,0,0,0,0,1,25,2,0,12,4,80,81,4,3,0,0.6809842691469735
0,179,0,30,1,0,0,15,0,0,51,5,46,85,0,1,0,0.4212739832140381
0,87,0,50,1,0,0,31,2,1,49,4,39,78,0,0,1,0.8980085933860146
1,0,0,0,0,0,0,0,0,0,0,1,45,81,9,5,1,0.9960151850830579
1,173,0,0,1,0,2,0,0,0,79,8,47,86,5,2,1,0.9784314156618023
0,179,0,129,1,0,0,22,6,0,45,1,67,92,7,3,0,0.2790200264492157
1,173,1,126,0,1,2,0,0,0,71,0,91,124,0,0,0,5.9295796700039464e-05
1,0,0,0,0,0,0,5,0,0,2,1,64,99,4,1,1,0.7235548085357058
0,307,0,326,1,1,2,0,0,0,93,1,80,75,13,3,1,0.8776828876884847
1,86,1,29,1,0,0,18,2,0,34,1,90,124,0,0,0,0.000725484279528187
1,50,0,2,1,0,2,9,2,0,30,2,35,76,10,7,1,0.9910830379365599
1,8,0,7,1,0,0,10,4,0,16,0,80,100,0,0,0,0.05629817706974649
0,91,0,0,0,0,0,0,0,0,4,0,80,100,0,0,0,0.12379866570220376
1,110,0,0,0,0,0,0,0,0,31,0,38,72,0,2,1,0.967978799671025
0,181,0,0,1,1,1,0,0,0,76,4,80,80,7,0,0,0.3727606952771004
1,45,0,0,0,0,0,0,0,0,25,0,80,100,0,0,0,0.11370342417456071
1,71,0,24,0,0,3,0,0,0,21,3,43,71,0,5,1,0.9420213743286682
1,130,0,102,1,0,0,56,2,0,70,0,80,100,0,0,0,0.6802144437780814
0,36,0,0,0,0,0,0,0,0,30,1,57,104,7,1,1,0.719514313269664
1,72,0,0,1,0,0,2,1,0,29,0,80,100,0,0,1,0.9449929086837195
0,99,0,119,0,1,2,26,0,0,60,5,81,114,0,2,0,0.014094731830168638
1,141,0,0,0,0,0,0,0,0,44,0,62,104,0,2,0,0.0409391457010639
1,140,0,74,0,0,1,14,0,0,29,1,67,104,0,3,0,0.23698809507704394
0,194,0,45,1,0,2,26,0,0,74,2,80,88,11,0,1,0.49618851865373464
1,147,1,56,0,0,1,25,1,0,48,1,46,78,0,4,1,0.838901016585261
1,216,0,0,0,1,3,0,0,0,36,1,53,95,6,0,1,0.41770546456874547
1,113,0,79,1,0,2,15,0,0,52,2,53,79,0,2,1,0.6484474868469138
0,268,0,0,0,0,0,0,0,0,50,4,56,97,0,1,0,0.19074202599005152
0,46,0,39,1,0,1,0,0,0,48,2,80,74,0,0,1,0.9990236878530072
0,197,0,72,0,1,2,14,3,1,48,0,80,100,0,0,0,0.08402359635102243
1,67,0,0,0,0,0,0,0,0,11,1,70,108,0,0,1,0.22114125507389235
0,24,1,31,0,0,0,17,1,1,22,0,52,83,4,4,1,0.16978591659673414
1,232,0,0,0,0,0,0,0,0,20,2,50,86,27,0,1,0.6920671097863311
0,235,1,112,1,0,3,39,0,0,82,3,65,101,0,1,0,0.004868748878597527
0,251,0,229,1,1,4,0,0,0,90,0,80,100,0,0,0,0.04011847278536094
1,167,1,128,1,0,1,16,0,0,71,0,55,86,5,0,0,0.38382295458555193
1,0,0,37,1,0,1,19,3,0,37,1,80,107,0,2,0,0.27375772081671845
1,0,0,0,1,1,0,0,0,0,44,0,77,111,4,2,0,0.12085503016134255
1,166,1,101,0,0,1,15,1,0,28,1,66,91,0,4,1,0.7170098483999449
1,47,0,0,0,0,2,0,0,0,29,0,38,66,12,2,1,0.9479290310342676
1,28,1,150,0,0,0,34,2,0,42,6,47,71,8,3,1,0.7912770968585183
1,436,0,163,1,1,1,49,0,0,85,3,43,68,0,1,1,0.8732385982826341
1,0,0,0,1,0,2,0,0,0,67,6,52,76,0,6,1,0.9801354146890725
1,91,1,125,1,0,4,18,1,0,74,5,71,104,0,2,0,0.023590737239298793
1,0,0,53,0,0,0,7,4,0,0,2,73,105,0,2,0,0.30055868032496164
1,253,0,0,1,0,0,0,0,0,72,1,42,71,0,2,1,0.8465170675258613
0,0,0,103,1,0,1,0,3,0,46,0,80,100,0,0,1,0.19837014355934798
1,193,0,176,1,0,1,23,1,0,71,1,45,77,14,0,1,0.9845652571791529
0,364,1,118,0,0,1,10,0,0,43,5,75,111,0,3,1,0.16833992268578118
1,115,0,0,0,0,0,0,0,0,8,3,47,84,9,0,1,0.9502912908371197
1,83,0,101,0,1,1,0,0,0,57,0,80,100,0,0,0,0.007971712189984843
1,188,0,44,0,1,0,23,2,1,33,0,80,100,0,0,0,0.09024306584116203
1,228,0,0,0,0,0,0,0,0,67,0,80,100,0,0,0,0.05992249103982578
1,167,1,50,0,0,1,9,4,0,15,0,80,100,0,0,1,0.503786647514763
0,19,0,13,1,0,1,0,0,0,37,11,67,107,13,4,0,0.254958751574359
1,85,0,19,1,0,2,0,0,0,49,0,85,113,0,1,0,0.02667499338633878
1,19,1,31,0,0,0,26,0,1,35,9,50,92,15,4,0,0.32555618353199484
1,48,1,27,1,0,0,3,3,0,27,5,66,84,0,2,0,0.6013934777146817
1,286,1,137,0,1,3,19,2,0,58,1,77,112,0,0,0,0.015066846032922979
1,48,0,55,1,0,0,14,1,0,43,4,41,87,14,0,1,0.9560971777093754
1,36,1,108,1,0,1,53,11,1,68,0,80,100,0,0,0,0.23824718386409893
0,0,0,143,1,0,0,18,0,0,55,0,80,100,0,0,0,0.0715088701493309
1,208,1,169,1,1,0,26,2,0,68,0,80,100,0,0,0,0.009287583914076483
0,10,1,40,1,0,0,0,0,0,47,1,51,81,0,0,1,0.9433009952901398
1,0,0,40,0,0,1,36,1,0,47,1,43,80,3,4,1,0.9580195001301991
0,361,1,100,1,0,0,19,4,0,53,7,38,80,0,6,1,0.9876426715557305
0,211,0,24,1,0,1,31,2,0,47,2,51,93,5,4,0,0.44401727852062933
0,157,0,210,0,0,0,20,2,0,42,0,46,77,1,1,0,0.35911560678227633
1,0,1,60,0,0,1,20,1,0,42,2,53,94,15,9,1,0.6518065244300003
1,0,0,46,0,0,2,13,1,0,25,2,66,101,2,2,0,0.330076021005569
0,256,0,138,0,0,2,29,0,0,51,3,60,91,0,0,0,0.017593518426919915
1,56,1,32,0,0,0,0,0,0,26,0,82,122,0,0,0,0.014036660876539814
0,34,0,78,1,0,2,25,0,0,77,0,80,100,0,0,0,0.007355077325161971
0,114,0,0,1,0,0,0,0,0,57,0,80,100,0,0,0,0.2714142614940716
1,0,0,68,0,0,0,29,4,0,19,0,80,100,0,0,1,0.5941513799828917
1,0,1,92,0,0,7,25,3,0,44,4,51,77,1,1,0,0.6010208835485797
0,206,0,0,1,0,2,0,0,0,82,0,80,111,0,4,0,0.21872584649654883
0,266,1,207,1,0,4,24,0,0,82,8,33,73,0,2,1,0.9688810119756497
0,215,0,72,0,0,0,18,1,0,42,0,80,100,0,0,0,0.04218326086000479
1,0,0,84,0,0,0,13,0,0,21,4,49,83,0,4,1,0.7098754159942597
1,139,0,0,0,0,0,7,6,1,7,0,80,100,0,0,1,0.37358575248131043
0,32,1,0,0,1,2,21,3,0,13,2,84,123,0,2,0,0.000617059450216237
1,186,0,68,1,0,2,25,2,0,77,0,80,100,0,0,0,0.011694985985005608
1,238,1,72,1,1,1,20,2,0,67,5,73,111,0,7,0,0.01426777120075339
1,0,0,11,0,0,2,24,0,0,24,1,85,114,5,0,0,0.012231086789530126
0,70,0,41,0,0,3,16,3,0,29,8,59,90,0,2,0,0.5101633945295121
0,73,0,64,1,0,1,27,0,0,72,6,45,85,7,3,1,0.6719421197750965
1,66,0,0,0,0,0,0,0,0,21,0,71,103,0,2,1,0.15105078235102049
0,570,0,237,1,0,2,20,1,1,92,2,53,83,0,0,1,0.1336349104170316
0,48,0,23,0,0,0,24,2,1,28,2,66,89,0,0,0,0.03385961209140196
1,1,0,0,0,0,0,0,1,0,0,2,69,102,2,0,1,0.561935547597903
1,63,0,145,0,1,1,0,0,0,52,0,80,100,0,0,0,0.007400976134685298
1,7,0,0,0,0,0,0,0,0,1,0,80,100,0,0,0,0.02938299006108645
1,91,0,0,0,0,0,0,0,0,9,0,66,93,0,1,0,0.17677083350022077
0,5,0,16,1,0,0,8,0,0,32,0,59,99,10,2,0,0.16235111390278775
0,205,1,119,0,0,2,0,0,0,48,0,80,100,0,0,0,0.0007110074678289295
0,173,0,0,1,0,0,0,0,0,47,1,80,90,2,2,0,0.2913599997065854
1,13,0,0,0,0,2,0,0,0,23,0,87,126,1,0,0,0.0006727516593421994
1,7,0,327,0,0,1,0,0,0,47,0,80,100,0,0,0,0.06496618455517124
1,75,0,50,0,0,0,5,4,0,13,5,45,84,10,4,1,0.9812076752302243
1,154,0,0,0,1,1,0,0,0,39,0,74,107,2,3,0,0.05981688879596275
1,167,0,0,0,1,1,9,3,0,10,2,65,97,0,1,1,0.473503043052187
0,401,0,0,0,0,0,0,0,0,94,2,49,83,9,3,0,0.2308386650202408
0,287,0,183,1,0,3,19,1,0,80,0,80,100,0,0,0,0.00149939445278628
1,130,0,0,0,0,0,0,0,0,51,4,80,109,0,0,0,0.0063753245295939094
0,111,1,10,0,0,1,17,1,0,16,0,80,100,0,0,0,0.006136858663032466
0,135,0,0,0,0,1,23,0,0,26,2,80,99,0,2,0,0.5549743141823383
0,258,0,31,0,0,0,15,3,0,22,2,80,89,0,7,1,0.6358138138147594
0,100,0,27,0,0,0,5,4,0,10,5,40,66,18,1,1,0.9969177017951669
1,31,1,28,0,0,6,30,1,0,34,4,37,73,0,1,1,0.7192020065605145
0,24,1,109,1,1,1,49,0,0,71,0,80,100,0,0,0,0.005664602799469237
0,141,1,97,1,0,5,18,0,0,65,3,72,100,2,0,0,0.05468019422320044
1,0,0,0,0,0,3,0,0,0,22,1,68,107,6,1,0,0.1255779934260211
0,84,0,0,0,0,0,0,0,0,57,0,80,100,0,0,0,0.03192201451049842
0,227,0,84,1,1,0,13,2,1,73,5,71,91,0,2,0,0.08267965721904413
1,183,0,0,0,0,0,0,0,0,88,2,43,79,12,2,1,0.9272878375781899
1,0,0,0,0,1,2,0,0,0,22,0,80,100,0,0,0,0.02126515790513257
0,196,1,296,1,0,0,20,2,0,62,0,90,129,0,0,0,0.0003065007278063329
1,0,0,0,0,0,0,0,0,0,0,0,56,99,0,1,1,0.5716674026234622
1,39,0,90,1,0,0,12,0,1,51,0,80,100,0,0,0,0.12269205166076191
0,214,0,0,0,0,0,0,0,0,50,1,80,103,3,2,0,0.007012482012168038
0,93,0,75,0,0,4,0,0,0,66,2,59,100,2,0,1,0.11485077779909492
1,4,0,0,1,0,0,0,0,0,46,6,74,112,0,2,0,0.05008465555947247
1,17,1,7,0,0,1,14,3,0,5,5,69,105,8,0,0,0.051833097553101115
1,51,0,0,0,0,2,0,0,0,32,1,55,91,0,1,0,0.9069061478329697
0,17,1,33,1,0,1,12,2,1,42,0,80,100,0,0,0,0.02770889449283294
1,422,1,273,1,1,4,33,0,0,88,3,80,87,0,0,0,0.5205189183876281
1,6,0,19,0,0,2,0,0,0,19,4,70,112,10,2,0,0.037647906141438175
0,352,0,130,0,0,6,29,1,0,60,3,80,122,0,2,0,0.00046363390118581697
0,179,0,317,0,1,3,0,0,0,62,0,80,100,0,0,0,0.006389495973812419
1,38,0,43,1,0,2,12,0,1,67,0,80,100,0,0,0,0.018845972975303927
1,15,0,177,0,0,1,2,1,0,30,0,80,100,0,0,0,0.186104930642052
1,71,0,0,0,0,0,0,0,0,6,4,82,126,0,0,1,0.1628991757274918
0,163,1,151,1,1,1,21,2,0,71,2,64,87,7,1,0,0.07665365562650817
0,107,1,0,1,0,0,10,3,0,25,0,80,100,0,0,0,0.2715719964486055
1,444,0,0,0,1,0,0,0,0,31,1,89,117,3,0,0,0.0015888193560529634
0,109,1,217,0,0,2,18,1,0,49,2,64,96,0,9,0,0.4251603398899167
1,200,0,96,0,0,0,0,0,0,32,8,33,84,0,3,1,0.9493377897178303
0,89,0,42,0,1,0,34,3,0,42,2,82,122,0,7,0,0.0015616722109638799
1,85,0,60,1,1,0,0,0,0,53,0,80,100,0,0,1,0.4977498425475229
0,316,0,67,1,1,3,36,0,1,88,7,30,65,0,4,0,0.4110736471476874
0,470,0,163,0,0,0,15,0,0,45,9,80,118,11,3,0,0.010175075072934739
1,0,0,14,1,0,2,0,0,0,35,0,80,100,0,0,1,0.3204701893202601
1,0,0,68,0,0,0,0,0,0,15,0,80,100,0,0,1,0.30940074627093717
0,292,1,139,0,0,3,25,2,0,55,4,43,77,3,0,1,0.845426117824481
1,0,0,0,1,0,1,0,0,0,56,1,54,79,0,4,0,0.788479794795306
0,345,0,0,1,0,2,0,0,0,98,0,80,100,0,0,0,0.009610419313748526
0,103,1,82,1,0,1,33,0,0,76,4,80,102,0,4,0,0.6470794658596648
1,0,0,0,0,0,0,0,0,0,0,0,80,100,0,0,0,0.3324560082846474
1,31,0,36,0,0,0,5,0,0,15,1,52,80,0,1,1,0.7997918659036282
0,0,0,58,0,0,1,34,1,1,57,2,43,73,7,4,1,0.9669337752684213
0,525,0,0,0,0,0,0,0,0,33,1,80,112,8,4,0,0.014094725516100878
0,113,0,112,1,0,3,15,2,0,62,2,70,101,0,2,0,0.3838282151518134
1,123,0,0,0,1,4,0,0,0,30,2,63,100,0,4,0,0.026634224494894776
0,327,1,193,0,0,5,38,1,0,64,3,81,103,2,3,0,0.0007097365654438285
0,151,0,0,1,1,0,0,0,0,36,0,80,100,0,0,0,0.3408770278615334
1,63,1,249,0,0,0,39,1,1,55,2,32,78,0,9,1,0.9989616294742485
0,209,0,68,1,1,2,27,0,1,98,9,43,81,10,0,0,0.338550187022861
1,0,0,25,0,0,1,7,8,1,14,2,73,107,12,2,1,0.20153734227429504
0,107,1,129,0,0,2,15,4,0,28,1,68,96,6,2,0,0.3486667525521775
1,216,0,90,1,0,1,0,0,0,71,3,57,98,0,1,0,0.6688075442376115
1,0,1,24,0,0,0,12,3,0,4,0,80,100,0,0,1,0.5347377208578584
1,310,1,15,1,0,0,35,1,0,47,1,74,109,3,3,0,0.09075591259217881
1,55,0,0,1,0,0,33,0,0,39,0,80,100,0,0,0,0.013442027972957533
0,32,0,0,1,1,2,0,0,0,72,0,80,100,0,0,0,0.0004351123828981562
1,0,1,7,0,0,0,8,9,0,0,5,80,60,10,2,1,0.9989432836376435
1,373,0,136,0,0,1,33,1,0,60,0,58,92,4,2,0,0.026933623854919184
0,521,0,0,0,0,0,0,0,0,100,3,68,97,0,1,0,0.013202091213867366
0,266,0,111,1,0,0,0,0,0,83,0,80,100,0,0,0,0.005689079659471395
0,157,0,168,0,1,1,27,1,0,54,2,73,113,7,0,0,0.025320978735579487
1,416,0,47,1,1,0,19,0,0,50,0,80,100,0,0,0,0.03237064125456865
0,147,0,123,1,0,2,35,3,0,69,0,80,100,0,0,0,0.041979218851529145
0,285,0,95,1,0,0,11,3,1,72,1,49,78,0,3,1,0.7635191783654504
1,122,0,48,1,0,2,3,8,0,27,0,80,100,0,0,1,0.3666090693725367
1,311,1,263,0,1,1,25,0,0,58,13,43,89,0,3,1,0.9634373332075263
0,0,1,14,0,0,0,16,2,0,8,5,63,103,16,1,1,0.5712030214412995
0,110,0,32,1,0,0,0,0,0,71,0,80,100,0,0,0,0.08101130591487353
1,127,0,87,0,0,0,20,2,1,40,0,80,100,0,0,0,0.06920027107415859
1,0,0,14,1,0,1,0,1,0,28,1,44,82,7,0,1,0.9975224763744992
1,166,0,0,0,0,0,0,0,0,66,0,80,100,0,0,0,0.00995637913393221
1,162,0,0,1,1,1,0,0,0,89,0,60,87,7,0,0,0.5623925438629264
0,30,0,0,0,0,0,0,0,0,7,9,50,87,0,3,0,0.5171042659575027
0,172,0,0,0,0,0,0,0,0,93,0,83,129,0,5,0,0.008603698330078922
1,0,0,10,1,0,0,13,0,0,28,6,58,90,0,4,1,0.8655387423583749
0,173,1,143,1,0,4,0,0,0,100,6,57,86,0,5,0,0.1422276931836887
0,419,1,168,1,1,4,25,1,0,84,1,68,99,0,5,0,0.07775053475613088
1,16,0,0,1,0,0,13,0,0,28,2,75,106,6,2,0,0.2846216525432549
1,23,0,20,0,1,1,2,3,0,2,0,80,100,0,0,1,0.3021372735763894
1,101,0,93,0,0,0,37,2,1,49,1,40,77,0,1,1,0.932517215861302
0,619,0,0,0,1,5,0,0,0,56,2,80,103,0,0,0,0.00035281151260050834
0,45,0,25,0,0,1,0,0,0,12,1,56,93,0,10,0,0.6499946420908085
0,346,0,0,0,0,0,0,0,0,90,1,67,107,0,0,0,0.013326392806901162
1,233,0,0,1,0,0,15,0,1,46,0,80,100,0,0,0,0.02135950631749617
0,322,1,251,0,0,2,39,1,0,67,0,80,100,0,0,0,0.0005420666864649953
0,167,0,41,1,0,1,28,1,1,72,7,43,84,0,4,1,0.8905373783045081
1,76,0,0,0,0,0,0,0,0,11,1,66,110,0,2,1,0.4908450385011531
0,172,1,81,1,0,3,0,0,0,98,2,80,96,2,1,0,0.018941474144772718
0,511,0,124,0,0,1,6,1,1,51,0,80,125,1,0,0,0.0003983054766385446
1,224,1,0,1,0,2,0,0,0,60,3,81,111,4,3,0,0.02972515539052662
0,38,1,5,1,1,2,30,0,1,63,1,76,109,2,1,0,0.0006689390381459193
0,103,0,7,0,0,1,10,6,0,3,10,66,95,4,0,1,0.8604780024829398
1,0,0,0,0,0,0,32,7,0,0,2,61,97,3,0,1,0.39168971485769477
1,165,0,28,0,0,0,8,1,0,15,1,69,97,2,2,0,0.14773952306362753
1,37,0,10,0,0,0,12,4,0,0,0,80,100,0,0,0,0.11325044330138519
0,321,0,171,1,1,3,38,0,1,98,2,80,83,0,8,0,0.5238893187720333
0,142,0,0,0,0,1,0,0,0,28,0,80,100,0,0,0,0.008375276390767659
1,66,0,0,0,1,3,0,0,0,31,4,69,95,5,3,0,0.08139069288269472
1,173,1,69,1,0,1,0,0,0,72,2,80,129,0,1,0,0.0013191206036898741
0,113,0,0,0,0,0,0,0,0,51,4,61,89,13,0,0,0.15100590713706333
0,274,0,318,1,0,0,35,2,1,77,1,45,81,3,1,0,0.3109306895395075
1,285,0,247,0,0,0,45,0,0,53,1,53,87,9,1,0,0.5122314245591479
1,0,0,50,0,0,0,9,3,0,4,0,80,102,19,2,0,0.16769344701301445
0,307,0,0,0,0,0,3,1,0,12,0,80,100,0,0,0,0.32986326458170556
0,84,0,0,1,0,3,0,0,0,81,0,80,100,0,0,0,0.003509028490723865
1,107,0,0,0,0,2,15,3,0,12,1,58,91,0,0,0,0.07773893616093464
1,0,0,0,0,0,0,0,0,0,0,5,80,99,0,2,0,0.25717105755065084
0,18,1,31,0,1,0,18,2,0,10,4,69,112,3,1,0,0.010163116880217966
0,214,0,0,1,1,0,0,0,0,61,0,80,100,0,0,0,0.009776409372939063
1,0,0,0,0,0,0,0,0,0,0,5,33,65,10,6,1,0.9989501857110076
1,187,0,0,0,0,0,0,0,0,44,11,49,84,35,0,1,0.7231295203001539
1,133,0,0,1,0,2,6,2,0,32,0,80,100,0,0,0,0.050183098484078495
1,111,0,41,1,0,1,2,1,0,35,5,80,87,8,2,1,0.9852608233994956
1,9,0,66,0,1,1,22,4,0,24,0,89,129,0,1,0,0.0020940293045146304
0,84,0,52,1,0,2,7,0,1,78,0,80,100,0,0,0,0.00506821663927674
0,373,0,386,1,1,0,28,0,0,75,0,80,100,0,0,0,0.001277968409323013
0,251,0,401,0,0,2,34,0,0,63,2,82,115,8,4,0,0.006164833479491482
0,179,0,111,0,0,2,13,1,0,41,0,80,100,0,0,0,0.026415481534513358
1,0,0,73,0,0,1,12,1,0,21,3,80,112,1,5,0,0.055614430191273156
0,47,0,0,1,0,0,0,0,0,50,8,80,96,13,1,1,0.9504270639618263
0,56,0,37,0,0,0,26,1,0,34,3,89,127,0,2,0,0.0032789983897805112
1,314,0,0,1,1,0,0,0,0,66,3,54,85,0,0,0,0.41817157446467024
1,135,0,61,1,0,0,2,1,0,62,4,84,123,3,1,0,0.012381310218380489
1,55,0,0,1,0,0,0,0,0,51,0,80,100,0,0,0,0.026650661613750164
0,260,0,239,1,0,1,11,2,1,72,4,62,89,2,7,1,0.2377101762657329
1,0,0,85,0,1,0,3,0,1,42,13,48,73,14,3,1,0.9846645261812008
0,102,0,39,1,0,0,17,2,0,65,0,80,100,0,0,1,0.3197086755743698
1,41,0,46,1,0,0,14,1,0,40,1,55,89,6,4,1,0.9657694276680069
1,57,0,0,1,1,0,9,2,0,21,0,80,100,0,0,0,0.14302088797444756
0,147,0,0,0,1,1,0,0,0,23,0,80,100,0,0,0,0.006540855668387393
0,12,0,0,0,0,0,0,0,0,4,0,80,100,0,0,1,0.21231084771626915
1,64,0,49,1,0,1,21,0,0,60,2,45,93,6,2,1,0.9635155093797471
1,59,0,0,0,0,0,0,0,0,5,0,80,100,0,0,1,0.5431725779792239
0,52,0,14,0,1,0,17,2,0,8,0,80,100,0,0,1,0.096783861207759
0,418,0,257,1,0,0,0,0,0,84,1,74,105,10,3,0,0.03370991642798338
0,0,0,57,1,0,1,22,1,0,63,1,87,128,0,1,0,0.001106669844676729
0,125,0,0,0,0,0,0,0,0,12,4,50,75,6,0,1,0.9379481651265007
0,329,0,154,0,1,1,14,2,0,38,0,70,104,3,1,0,0.1257116955845584
1,236,0,0,1,0,0,0,0,0,61,1,73,99,0,1,1,0.31154589412637274
1,0,1,3,1,0,4,26,0,0,45,1,76,110,6,2,0,0.0006888468647204121
0,328,0,0,1,1,2,0,0,0,99,1,41,86,0,1,0,0.20449257085675135
1,0,0,105,1,0,1,29,6,1,65,0,80,100,0,0,0,0.01565755133316415
1,0,0,0,0,0,0,0,2,0,0,0,80,100,0,0,1,0.7266796634097927
0,85,0,16,1,0,1,0,0,0,40,2,38,69,2,1,1,0.9833838485386575
0,170,0,0,0,0,1,33,0,1,38,0,80,100,0,0,0,0.002527055745705769
0,37,0,0,1,0,1,21,0,0,37,0,75,116,14,0,0,0.03017882348796693
0,233,0,0,0,0,0,0,0,0,61,2,57,80,7,3,0,0.28677206608108824
0,252,0,183,0,0,0,13,3,0,39,3,58,98,0,3,0,0.15671103350947785
1,0,0,0,0,0,0,0,0,0,0,3,80,74,18,1,1,0.9309552577749269
0,212,0,108,1,0,2,46,0,1,81,16,57,74,0,3,1,0.5459916988194501
1,397,0,0,1,0,1,0,0,0,89,1,68,101,3,0,0,0.0053324367802470695
0,279,0,322,1,0,5,0,0,0,92,2,64,103,7,0,0,0.15785717257126636
1,35,0,42,1,1,1,12,0,0,63,5,70,112,6,0,0,0.07002843715275911
1,193,0,258,0,0,1,0,0,0,56,5,80,64,21,1,1,0.8733065873976845
0,193,0,206,0,0,3,5,0,0,49,4,75,99,0,1,0,0.09627883045744787
1,46,0,0,0,1,0,0,0,0,7,1,80,97,0,3,1,0.8330031501802782
1,49,0,61,1,0,1,17,1,1,63,0,70,106,4,0,0,0.030404746318016474
1,9,0,0,0,0,0,20,4,0,0,3,80,76,8,1,1,0.7621401945239362
1,171,0,66,1,0,1,6,1,0,43,1,55,98,0,3,1,0.7322281552145974
1,0,0,31,1,0,0,8,2,0,42,2,91,113,2,1,0,0.02779561605106173
1,42,0,0,0,0,0,9,1,0,4,8,47,90,15,1,1,0.9891508326696681
0,190,0,204,0,0,0,34,0,0,51,5,80,77,3,3,1,0.8793851197391958
0,88,1,160,0,1,1,0,0,0,52,0,80,100,0,0,0,0.03629381251715193
0,160,0,0,1,0,4,0,0,0,97,2,74,106,4,2,0,0.019019611660899115
0,6,0,4,0,0,1,9,4,0,0,3,64,93,6,0,1,0.37159416970090176
1,140,0,202,0,0,2,0,0,0,60,4,80,74,0,7,1,0.9961109934926747
1,76,0,56,1,0,1,6,0,1,56,6,55,79,5,0,1,0.8751713462764065
0,138,0,71,1,0,0,0,0,0,73,8,54,85,7,0,0,0.4658768512021459
0,407,0,0,0,0,0,0,0,0,100,0,80,100,0,0,0,0.0038141068711304315
1,84,0,0,0,0,1,0,0,0,18,3,59,88,8,4,1,0.4829109224309717
1,92,1,46,1,0,1,24,1,0,64,3,51,84,0,0,1,0.7700824967072213
0,0,1,92,1,0,0,0,0,0,67,7,38,66,2,9,1,0.9882663520473506
0,201,1,0,1,0,4,28,1,0,49,0,80,100,0,0,0,0.005142538769581849
1,0,0,12,0,0,0,0,0,0,6,6,57,93,19,2,1,0.9965230573054433
0,384,0,42,0,0,2,0,0,0,47,4,48,90,0,1,1,0.6804486047693071
1,168,0,87,1,0,1,12,0,1,86,4,79,122,1,3,0,0.04253757128746561
1,201,0,265,1,1,1,0,0,0,83,3,80,77,2,2,1,0.9901922443675586
1,23,0,0,0,0,0,0,0,0,12,4,73,94,0,4,0,0.016076696361956255
1,50,0,0,0,0,1,0,0,0,29,5,41,70,0,6,1,0.9942231927142604
0,152,0,56,0,0,0,0,0,0,40,3,49,77,0,3,1,0.9806392268588423
1,130,0,199,1,0,0,48,2,0,66,6,36,76,5,2,1,0.7980267653970331
0,120,0,61,1,1,0,24,0,1,73,5,78,102,0,3,0,0.0527639673636434
1,59,0,63,0,0,1,11,1,0,27,6,81,116,6,6,0,0.031607046133238656
1,83,0,0,0,0,0,0,0,0,6,4,66,102,0,3,1,0.2299175750155989
1,61,0,38,1,1,2,16,6,1,48,2,61,94,5,2,1,0.20648016651173873
0,175,0,118,1,0,0,12,0,0,57,1,84,108,0,3,0,0.015393973369955285
1,154,0,38,1,0,0,11,1,0,32,4,43,84,6,1,1,0.9841443444452078
1,10,0,0,0,0,0,0,0,0,1,0,80,100,0,0,1,0.7664676173027112
1,109,1,13,1,0,0,12,5,1,38,2,51,82,8,11,1,0.9470330839066067
1,311,0,161,0,0,2,14,1,0,46,2,80,70,7,2,1,0.9066267905326759
1,73,0,130,0,1,0,17,2,0,30,0,80,100,0,0,0,0.01767852174192242
0,219,0,0,1,1,0,0,0,0,72,1,60,102,0,0,0,0.034508681704743784
0,275,0,118,1,1,0,0,0,0,63,0,46,74,6,0,1,0.5344791367073174
0,424,0,0,0,0,0,0,0,0,100,1,83,115,0,0,0,0.0006017501455441165
0,17,0,10,1,0,2,14,3,0,36,0,85,116,0,0,0,0.0018647738361315155
0,116,0,0,0,0,0,40,0,1,31,5,80,99,16,0,0,0.105153381047818
1,164,0,165,0,0,0,26,0,1,60,0,80,100,0,0,0,0.0027514962332077417
0,129,0,84,1,0,1,0,0,0,69,3,84,112,4,1,0,0.010308979348742411
1,342,0,7,0,0,0,28,1,1,31,2,79,117,0,0,0,0.052140509698009936
0,145,0,95,0,0,2,0,1,1,56,1,65,111,7,1,0,0.06386765707147583
0,76,0,49,0,1,2,13,3,0,24,0,80,100,0,0,0,0.07161268963132249
0,156,0,0,1,1,1,0,0,0,68,1,42,79,0,2,1,0.945403928259219
0,11,0,36,0,0,0,13,5,0,0,2,55,85,0,2,1,0.8369175305466902
1,248,0,0,0,0,0,0,0,0,100,0,80,100,0,0,1,0.03612406857442326
1,0,0,25,0,0,0,6,2,0,7,0,80,100,0,0,0,0.32565988783278127
1,21,0,33,1,0,0,28,2,0,38,0,93,126,3,0,0,0.00030752747610055756
0,262,0,41,0,0,1,16,0,1,40,0,80,100,0,0,0,0.036186919186497066
1,80,0,71,0,1,1,6,0,1,41,0,80,100,0,0,0,0.24871186260603842
1,0,0,31,0,1,2,13,0,0,29,1,64,109,8,3,0,0.08392889564604797
1,327,0,153,1,0,2,21,2,1,76,0,80,100,0,0,0,0.13758629208670906
1,33,0,0,0,1,5,0,0,0,26,7,71,100,0,1,0,0.28643932319348864
1,178,0,48,1,0,4,0,0,0,64,2,80,94,4,0,0,0.2709369533947298
1,156,0,0,0,0,0,0,0,0,15,2,51,86,0,2,1,0.7495165660093659
0,432,0,0,0,0,0,0,0,0,28,0,54,80,2,0,0,0.042974215279453616
1,0,0,124,0,0,0,32,2,0,34,3,80,75,0,4,1,0.9725130102291328
1,319,0,0,1,0,0,0,0,0,66,0,80,100,0,0,0,0.08558885563645836
1,124,0,80,0,1,3,30,0,0,70,15,43,79,1,3,0,0.8263940385297985
1,96,0,0,1,1,0,19,3,1,40,0,80,100,0,0,0,0.002803925492964006
1,251,1,227,1,0,2,0,0,0,94,0,80,100,0,0,0,0.00546173038295533
0,0,0,1,1,0,0,12,0,1,36,1,65,100,8,5,0,0.5190921523588223
0,50,0,0,0,0,0,0,0,0,24,0,80,100,0,0,0,0.0011077463167465493
0,154,0,0,0,0,2,27,0,1,47,0,90,114,0,1,0,0.00011143297860649983
0,70,0,101,1,0,0,35,1,1,66,2,56,104,7,4,1,0.5786698052889565
0,44,1,40,0,0,0,0,0,0,14,0,80,100,0,0,0,0.0033637914683047705
1,2,0,0,0,0,0,0,0,0,0,5,80,95,0,2,1,0.9048505439820723
1,0,0,15,1,0,0,14,1,0,28,3,51,70,13,3,0,0.8625067151639284
0,0,0,36,0,0,0,0,1,0,25,0,80,100,0,0,0,0.6212292261285084
0,195,0,3,0,0,0,0,0,0,10,3,79,123,0,3,1,0.07506372852756725
1,136,0,0,1,0,0,0,0,0,59,0,80,100,0,0,0,0.014246216829590949
0,37,0,45,1,0,3,36,0,0,81,0,80,100,0,0,0,0.0006488662662162963
0,261,0,0,0,0,1,0,0,0,28,0,61,98,0,1,0,0.08166985093467662
0,108,1,48,0,1,0,27,2,0,36,10,80,117,3,2,0,0.007465284956371634
1,220,0,62,0,0,1,22,0,0,61,0,80,100,0,0,0,0.01801305110610817
1,60,0,50,1,1,3,14,0,1,66,3,80,82,2,2,0,0.4405057476198656
1,65,0,0,0,0,0,0,0,0,5,6,70,104,4,5,0,0.059904324810603746
1,226,0,0,1,0,0,0,0,0,78,0,80,100,0,0,0,0.15971669691393994
0,189,0,7,0,0,0,16,0,0,21,0,80,100,0,0,0,0.160261509693919
1,137,0,3,1,0,1,15,1,1,46,2,71,115,6,6,0,0.12844552459670427
0,599,1,201,1,0,4,16,1,0,80,2,73,113,2,0,0,0.0007282250662267649
0,0,0,7,1,1,1,37,2,1,47,4,80,81,7,3,0,0.2866865554287627
1,149,1,132,1,0,2,0,0,0,72,0,80,100,0,0,0,0.05562204251519559
1,137,0,28,0,0,6,24,0,1,61,4,80,79,0,4,0,0.7198635500053635
1,137,0,35,1,0,2,57,0,0,86,0,48,84,0,3,0,0.8897251149069567
0,0,0,0,0,0,0,0,0,0,0,5,50,77,0,1,0,0.43081374772387393
1,0,0,83,0,0,0,21,3,0,32,11,80,73,0,2,1,0.995208662710328
0,187,0,0,0,0,0,0,0,0,64,0,67,99,16,0,1,0.3473424678056156
0,158,0,0,0,0,0,0,0,0,80,1,71,105,0,0,0,0.011201732658831896
0,448,0,0,1,0,1,0,0,0,89,4,98,125,4,1,0,0.000566648857059401
1,82,0,10,1,0,0,9,4,0,17,0,80,100,0,0,0,0.4425585075120638
1,82,0,68,0,0,0,5,0,0,21,1,80,69,8,4,1,0.9227077956399538
0,116,0,131,1,1,1,7,2,0,55,3,80,113,8,1,0,0.0126465395469604
1,64,0,39,0,0,0,3,2,0,4,0,80,100,0,0,0,0.3552754080245674
1,147,1,48,0,1,3,32,0,1,75,2,80,89,0,1,1,0.550828069369479
0,293,0,0,1,0,3,0,0,0,88,0,80,100,0,0,0,0.022077930711486927
0,180,0,0,0,1,2,0,0,0,42,7,64,102,0,1,0,0.45631162142038495
1,0,0,67,0,0,0,0,0,0,27,1,65,106,0,1,0,0.4778838278907232
1,171,0,0,0,0,0,0,0,0,34,5,86,116,4,3,0,0.07595805361937948
1,212,0,0,0,0,0,0,0,0,100,1,80,110,4,1,0,0.1552778306456045
1,98,0,0,0,0,0,9,1,0,5,0,73,118,0,1,0,0.03812279062690033
1,56,0,51,0,0,3,14,4,0,33,0,73,100,0,0,0,0.008771650132655488
0,101,1,39,1,1,2,31,0,0,59,2,49,87,0,0,1,0.3197623756861227
0,290,1,51,1,0,1,17,1,0,61,0,80,100,0,0,0,0.1912073298766091
1,131,0,46,0,0,0,17,2,0,14,3,59,92,2,0,0,0.06541171409983298
1,256,0,0,0,0,1,0,0,0,30,3,68,97,4,1,0,0.08759799898348247
1,0,1,0,0,1,1,8,3,0,0,10,36,68,0,4,1,0.9941769248771504
0,157,1,161,0,0,1,10,1,0,44,0,80,100,0,0,0,0.039155178250723476
1,28,0,0,1,0,2,0,0,0,46,0,93,129,0,0,0,0.004421863438549396
0,226,0,91,1,0,5,10,3,0,50,1,75,117,0,0,0,0.01244622989771982
0,371,0,0,0,0,0,0,0,0,81,3,86,118,0,0,0,0.0058517624658355645
1,125,0,0,0,0,0,0,0,0,26,0,80,100,0,0,0,0.07721348818433604
1,231,0,12,1,0,4,25,1,1,68,1,60,87,10,3,0,0.06755078386946284
1,108,0,13,1,0,1,13,2,0,38,1,74,116,0,0,0,0.11851468370682591
1,57,0,0,0,0,0,0,0,0,11,1,47,80,0,0,1,0.9450731180486852
1,133,0,21,0,0,1,3,1,0,12,1,53,86,0,0,1,0.8588232870734493
0,147,0,0,0,0,1,0,0,0,21,0,80,100,0,0,0,0.006330183529960795
1,76,1,67,1,0,0,0,2,0,34,1,80,94,0,2,1,0.8596948030003898
1,291,0,121,0,0,0,12,1,1,44,0,80,100,0,0,0,0.17353500277130351
1,122,1,81,0,1,0,19,3,0,25,0,80,100,0,0,0,0.02052019728628176
0,181,0,127,1,0,2,26,1,1,81,1,75,116,6,0,0,0.02981026253621493
0,433,0,0,1,0,1,0,0,0,85,0,80,100,0,0,0,0.03385516903208566
1,0,0,0,1,0,3,0,0,0,67,0,57,95,0,3,1,0.5973521020199096
1,281,0,36,1,1,0,0,0,0,54,8,66,99,10,3,0,0.5158493468689775
0,0,0,0,1,0,0,20,1,1,37,0,80,100,0,0,0,0.030365087087615747
0,229,0,165,1,0,0,20,0,0,72,0,80,100,0,0,1,0.034286000254614674
1,570,0,0,1,0,0,0,0,0,47,3,77,101,0,0,0,0.10719933921277155
0,315,0,109,0,0,0,0,0,0,34,1,77,98,0,1,0,0.014095441665877822
1,122,0,0,0,0,0,0,0,0,12,0,80,100,0,0,1,0.15934831317787834
1,269,0,0,1,0,1,0,0,0,77,0,80,100,0,0,0,0.02898208126258806
1,143,1,112,1,1,1,35,0,0,74,0,86,115,0,4,0,0.0003794310702386782
1,188,0,134,0,0,0,9,4,0,21,3,30,69,18,6,1,0.9810365851192618
1,430,0,0,0,0,0,0,0,0,27,1,80,94,0,0,1,0.4416678208132276
1,45,0,31,0,0,1,0,0,0,21,1,80,110,0,0,0,0.013832972825364775
1,198,0,39,1,0,0,17,4,0,31,0,80,100,0,0,0,0.12510899750279006
1,0,0,0,1,0,0,1,2,0,15,4,76,115,3,1,1,0.1304595294668427
0,312,0,199,1,1,1,28,0,1,88,0,99,128,2,1,0,0.0005489409073618281
1,128,0,48,1,0,0,0,0,0,66,12,72,91,4,1,1,0.20824744021153915
1,0,0,183,0,1,1,4,0,0,37,0,66,97,3,1,0,0.038247991545036435
1,0,0,119,0,1,0,0,0,0,40,0,41,91,10,5,1,0.9840471603918008
1,211,1,46,0,0,2,12,3,0,21,2,67,96,13,1,0,0.21690697878198292
1,0,0,22,1,1,0,17,5,0,17,1,80,121,3,0,0,0.1384477093511858
1,213,0,148,1,0,2,22,3,1,71,3,80,103,0,5,0,0.34727712750667894
0,385,0,111,1,0,0,23,0,1,75,0,80,100,0,0,0,0.05753343795619376
0,382,0,125,0,0,0,20,1,0,38,1,77,105,8,0,0,0.007096031393032453
1,89,0,43,1,0,0,34,1,0,73,3,54,91,0,0,1,0.966230755770912
0,102,0,150,1,0,1,0,0,0,78,0,80,100,0,0,0,0.037733407360926965
0,27,0,13,0,1,0,23,5,1,12,0,71,115,0,1,0,0.05104638615766373
0,0,0,0,0,0,1,0,0,0,11,5,57,90,0,2,1,0.7400039742768378
1,0,0,0,0,0,2,0,0,0,22,0,49,89,3,0,0,0.426185995736791
1,265,0,0,0,0,0,0,0,0,57,2,49,79,13,3,0,0.8434593119821495
1,24,0,0,0,0,2,0,0,0,28,0,80,100,0,0,0,0.0012722183065165809
1,0,0,24,0,0,0,6,4,0,6,1,46,89,11,1,1,0.9451957445738449
0,66,0,0,1,0,0,0,0,0,50,6,44,70,0,0,1,0.8709394411984517
1,55,0,73,1,1,1,22,2,0,52,6,80,90,8,7,0,0.7256617426341576
0,187,0,0,1,0,2,0,0,0,100,0,93,128,0,0,0,5.883565269851895e-05
1,0,0,82,0,0,0,41,4,0,24,0,80,100,0,0,0,0.12553353514614612
1,84,0,71,0,0,0,11,5,0,15,6,80,111,4,2,0,0.07697043819345054
1,0,1,23,1,1,0,7,4,0,16,1,56,98,0,0,0,0.8049498990451383
0,484,1,199,1,0,2,20,1,0,78,4,45,79,0,3,1,0.7171327302229785
1,53,0,0,0,0,0,0,0,0,34,1,56,84,0,1,1,0.9541859054378369
1,0,0,17,0,0,1,6,0,0,12,0,87,122,0,0,0,0.011114824877730018
1,3,0,0,0,0,0,0,0,0,1,0,37,71,0,2,1,0.9770378374842531
0,83,1,130,1,0,2,31,0,1,92,0,62,100,3,3,0,0.10990165130793057
1,46,0,0,1,0,0,0,0,0,50,2,42,67,0,5,1,0.7913649840104503
1,67,0,41,0,1,1,1,1,0,11,4,67,101,0,5,0,0.07388458917271559
0,251,0,247,0,0,0,0,0,0,52,2,48,81,4,0,1,0.8944147033984572
0,299,0,151,1,0,2,20,0,0,79,5,49,86,0,2,0,0.5605488666369437
1,16,0,17,0,0,0,13,3,0,4,2,80,106,0,1,0,0.40015572781874265
0,179,1,54,1,0,1,28,0,0,57,0,80,100,0,0,0,0.0008830848796800295
1,174,0,6,1,0,2,19,1,1,56,0,80,100,0,0,0,0.004813287908814896
1,271,0,115,0,0,1,8,4,0,21,0,80,95,0,4,1,0.6297563920649797
1,0,0,4,1,0,0,0,0,0,30,6,60,95,2,1,0,0.7386725293564629
0,158,0,217,1,0,3,33,1,0,78,2,61,100,2,1,0,0.019067275398080917
1,97,1,15,0,0,0,0,4,0,0,4,46,82,20,3,1,0.9849641066558051
0,481,0,0,0,0,1,20,0,0,30,0,68,104,0,0,0,0.048018909360487284
0,158,0,0,0,0,1,0,0,0,24,0,80,100,0,0,0,0.002745311969801927
0,395,0,215,1,1,1,32,1,0,78,0,80,100,0,0,0,0.0027999840156970298
1,123,1,61,0,1,1,7,3,0,18,0,76,109,2,0,0,0.06104071989357464
1,42,0,0,0,0,1,0,0,0,21,7,76,102,0,1,0,0.12653933529222228
1,0,0,89,1,1,2,42,1,0,58,3,42,76,0,0,1,0.953271700850844
1,0,0,0,1,0,4,0,0,0,67,0,80,100,0,0,0,0.05110453190610981
1,20,0,4,0,0,0,20,2,1,20,4,53,90,0,4,1,0.6224870063391306
1,120,0,0,1,0,0,0,0,0,63,3,81,113,0,1,0,0.030838623532180594
1,80,0,93,0,0,1,26,2,1,42,0,80,122,0,0,0,0.0004703019544577079
1,165,0,304,1,1,0,32,2,0,64,5,43,72,0,1,0,0.6515475484422139
1,158,0,89,1,1,2,11,0,0,52,1,78,116,4,4,1,0.1694929580329461
0,121,0,0,0,0,1,0,0,0,24,4,83,117,0,0,0,0.021043928729778342
1,223,1,337,1,0,0,29,3,0,62,2,47,77,9,1,1,0.8878052699991886
1,27,0,0,1,0,0,0,0,0,50,4,34,73,19,10,1,0.9922920278409013
0,225,0,0,0,0,0,0,0,0,46,4,76,112,4,2,0,0.021015190463028112
0,155,0,18,1,1,0,14,1,0,46,1,59,91,0,3,1,0.6982008587152981
1,57,0,23,1,0,2,19,1,0,57,3,48,78,0,0,1,0.6485330044937703
0,211,0,181,0,0,0,7,4,1,36,0,80,100,0,0,0,0.019737105831854698
0,395,0,22,1,1,0,0,0,0,51,6,67,97,4,1,0,0.020064374897081075
0,142,0,0,0,1,0,0,0,0,17,3,47,73,8,2,1,0.8195938244103461
1,32,0,36,0,0,0,39,1,1,29,7,58,84,6,5,1,0.9695224492890535
1,156,0,0,1,0,1,0,0,0,72,0,94,125,5,0,0,0.0005692404914137058
0,31,0,77,0,0,0,0,3,0,3,0,80,100,0,0,1,0.3985970781650232
1,0,0,30,1,0,3,4,0,0,41,5,76,103,0,0,0,0.08111677175323159
0,120,0,43,0,0,0,0,0,0,14,0,80,100,0,0,0,0.8042391384958062
0,295,1,29,0,0,1,13,2,0,19,0,80,100,0,0,0,0.2096577968006982
1,1,0,0,1,0,0,0,0,0,45,0,80,100,0,0,0,0.1235189299101492
1,64,0,26,1,0,1,9,1,0,50,0,58,93,1,0,1,0.7579322645037903
1,128,1,86,1,0,0,0,0,0,66,3,30,71,0,3,1,0.7375615283854003
0,241,1,230,1,0,1,13,0,0,72,2,73,105,0,1,0,0.0057363888609173646
0,123,1,49,0,0,2,22,1,0,30,0,82,110,5,1,0,0.010275347783869857
1,61,0,8,0,1,0,3,7,0,0,2,61,105,0,1,1,0.9460407357954285
1,176,0,257,0,0,1,49,3,0,47,1,41,77,3,0,0,0.7029708332639638
1,97,1,124,0,0,0,0,0,0,55,1,36,70,0,1,1,0.9825520988782056
1,147,1,98,1,0,1,0,2,0,43,0,80,100,0,0,0,0.2677086830500933
1,0,0,42,1,0,5,21,0,1,58,7,76,113,16,1,0,0.10326567521476779
1,69,0,25,0,0,0,16,4,1,15,11,54,82,20,3,1,0.986942335351476
1,0,0,0,0,0,1,17,3,1,15,0,80,100,0,0,0,0.08511767930370652
1,134,0,50,0,0,1,0,0,0,35,0,51,90,0,2,1,0.8838250076837796
0,169,1,106,0,0,3,16,0,0,39,0,85,118,0,0,0,0.0027839316752522173
0,84,1,23,1,0,3,0,0,0,63,2,62,91,0,1,0,0.0982640765978998
1,138,0,0,1,0,0,0,0,0,78,0,85,106,0,3,0,0.00414050277620988
0,463,0,325,1,1,3,25,0,0,88,2,52,85,5,1,0,0.06938160737016533
1,0,0,0,0,0,2,0,0,0,22,0,80,100,0,0,0,0.013735257627216025
0,168,1,69,1,0,2,29,1,0,59,7,47,76,26,2,1,0.7128679004832338
1,30,0,93,1,0,1,28,3,1,72,1,84,130,16,3,0,0.06830032154682798
1,0,0,0,1,0,0,6,2,0,17,8,68,97,12,2,0,0.8016703347904853
0,105,0,109,0,0,1,46,0,0,50,1,35,76,1,10,1,0.942894459581169
0,33,0,102,0,0,3,15,1,0,48,0,73,99,0,2,0,0.034656605585425895
1,149,0,48,1,0,1,24,0,0,66,6,80,94,0,2,0,0.2940284515103097
1,125,0,84,0,0,0,0,0,0,29,1,77,111,6,0,0,0.06214574498438717
0,60,1,194,0,0,5,0,0,0,57,2,44,88,14,1,1,0.7723719767097345
0,215,0,199,1,1,0,0,0,0,83,5,47,92,0,1,1,0.7222046685673627
0,67,1,62,1,0,3,0,0,0,93,0,39,68,0,2,1,0.7248224103424757
1,0,0,27,1,0,1,19,0,0,43,0,80,100,0,0,0,0.025862337824822258
0,156,0,14,0,1,0,17,1,0,12,5,89,120,0,2,0,0.01632021395199956
1,0,1,58,0,0,0,14,0,0,25,0,80,100,0,0,1,0.5802064223538349
1,0,0,3,1,0,0,0,1,0,17,0,80,100,0,0,1,0.8079240416198061
0,53,0,0,0,0,0,0,0,0,22,10,55,87,19,0,0,0.1705925570969253
1,10,0,52,0,1,2,0,3,0,9,1,40,75,0,1,1,0.9685517442180034
1,0,0,0,0,0,1,0,0,0,11,0,49,88,11,2,1,0.8018408245783515
1,46,0,0,0,0,3,12,0,1,27,7,48,87,4,1,1,0.7965718035085803
0,590,0,326,1,0,2,0,0,0,100,0,40,69,5,3,0,0.7236531172510463
1,95,0,0,1,0,1,0,0,0,51,4,80,92,3,3,1,0.9496321399804808
1,201,0,7,1,0,0,23,2,0,43,2,48,82,16,7,1,0.8141198233021546
0,195,0,99,1,1,6,20,0,0,85,1,80,122,2,0,0,0.0004585879770631449
1,135,0,0,1,0,0,0,0,0,64,0,59,100,5,1,0,0.6960392035004116
0,212,0,46,0,0,3,22,3,1,51,0,80,100,0,0,0,0.012146717780042456
1,0,0,128,1,0,0,0,0,0,56,1,80,64,0,8,1,0.9944506586099326
0,231,0,0,0,1,2,29,0,0,38,2,51,91,0,3,1,0.5444898591486058
0,30,0,11,1,0,2,19,0,0,46,1,55,93,0,1,1,0.8126154793093078
1,0,0,108,1,0,2,0,0,0,61,1,80,84,0,1,1,0.8106330779554193
1,174,0,84,1,0,1,24,2,0,63,0,64,98,5,1,0,0.08993138330555557
1,171,0,43,0,0,0,26,0,1,35,4,84,131,0,0,0,0.0029518368174677834
1,0,1,1,0,0,1,0,2,1,9,2,63,111,3,0,1,0.2992955121496742
0,532,0,65,1,1,2,35,4,0,63,0,80,100,0,0,0,0.000521466873115671
0,173,0,91,1,1,1,2,0,0,56,0,80,100,0,0,0,0.004719635385026689
1,0,0,0,0,0,0,13,6,0,0,0,80,100,0,0,0,0.31736438845727605
1,55,0,0,0,0,0,2,3,0,0,12,80,96,10,0,1,0.425017990600175
0,0,0,0,1,0,0,0,0,0,44,2,76,117,0,0,0,0.07791744661460882
0,161,0,0,1,0,0,0,0,0,78,1,63,96,0,2,0,0.051044615640164104
1,236,1,179,0,0,3,0,0,0,72,0,80,100,0,0,0,0.001192619719538347
0,272,1,160,1,0,2,22,0,1,91,0,80,100,0,0,0,0.023160549558820204
0,18,0,10,1,0,1,0,0,0,36,2,80,90,3,6,1,0.983878026385549
1,45,0,68,1,0,1,31,1,0,71,0,80,100,0,0,0,0.0008684582601202423
1,62,0,0,0,0,0,0,0,0,5,0,80,100,0,0,0,0.40226152977554835
0,206,0,143,1,1,1,24,4,0,65,1,56,95,4,0,1,0.047422312526174536
0,234,0,146,1,0,0,19,2,1,63,3,50,79,1,1,1,0.475606314903372
0,128,1,120,0,0,1,26,1,1,68,5,51,87,0,3,1,0.3673216123975044
1,26,0,0,1,0,0,0,0,0,48,0,80,100,0,0,1,0.428714660913344
1,0,0,65,1,0,1,5,2,1,62,4,63,108,0,0,0,0.31284499700006163
1,0,0,155,0,0,0,21,4,1,33,2,80,103,3,0,1,0.5089288721118906
0,167,0,0,0,0,2,0,0,0,36,0,42,73,0,2,1,0.9320460711964127
1,0,0,39,0,0,1,51,0,0,32,4,41,83,0,1,1,0.9221106679966231
0,99,0,98,1,0,2,50,3,0,75,0,80,100,0,0,0,0.0012111552882103844
1,59,0,149,0,0,0,28,2,0,41,4,80,83,14,0,1,0.920999297693242
1,0,0,81,0,0,1,53,2,1,54,6,39,86,5,1,1,0.87399568077062
0,155,0,105,1,0,0,7,3,0,42,0,80,100,0,0,0,0.022518626392839754
1,10,0,12,0,0,0,0,0,0,4,2,73,104,6,1,0,0.127924663105885
0,25,0,97,0,1,2,20,1,1,50,0,69,114,0,0,0,0.015380572797101639
0,181,0,16,0,0,0,26,1,1,29,5,52,80,6,0,1,0.2968024379154047
1,308,0,84,0,1,2,9,4,0,23,6,56,86,0,3,1,0.8387046181899153
1,456,0,74,0,0,1,26,4,0,34,0,80,100,0,0,0,0.005126126451149759
1,265,0,6,0,0,0,20,1,0,19,4,80,65,6,1,1,0.9549728193176498
1,278,1,247,1,1,0,15,2,0,62,3,64,107,0,0,0,0.08480931437982366
0,0,0,35,0,0,1,0,0,0,28,0,80,100,0,0,0,0.3835879841573294
0,88,0,48,0,1,0,27,1,1,52,3,58,91,0,0,0,0.19583207172067144
0,173,0,0,1,0,0,2,1,0,26,2,80,91,0,4,0,0.3695001127653465
1,139,0,10,0,0,0,21,1,1,29,0,80,100,0,0,0,0.03445954828598098
0,0,0,0,0,0,0,0,0,0,0,5,53,76,5,1,1,0.9041035922268171
1,115,0,77,0,0,0,5,0,1,33,2,63,94,1,2,1,0.8870416688254297
1,0,0,23,0,0,0,0,6,1,10,0,80,100,0,0,1,0.786219296654875
1,60,0,0,0,0,1,0,0,0,21,1,42,84,0,2,1,0.8587829203915791
0,336,1,204,1,0,4,13,0,0,77,3,87,111,12,2,0,0.00793871699763955
1,17,0,0,1,0,5,0,0,0,69,4,88,126,1,1,0,0.003321851016039395
1,0,0,95,0,0,3,53,3,0,46,2,54,85,1,2,1,0.5092616277240082
0,252,0,230,1,1,0,0,0,0,82,8,48,77,8,1,1,0.7265106716876737
0,183,1,305,0,0,6,0,0,0,61,5,43,78,0,3,1,0.8449641035994092
1,43,0,43,0,1,0,18,3,0,37,1,75,109,2,0,0,0.008941734540782554
1,80,0,107,1,1,2,13,1,0,66,3,72,104,8,1,0,0.2132752516511447
0,0,0,0,1,0,2,19,0,0,40,4,86,123,7,1,0,0.06651972649266195
1,155,0,32,0,0,0,0,0,0,13,0,80,100,0,0,0,0.0316912113739298
0,568,1,214,1,0,1,37,0,0,85,10,36,67,23,5,1,0.9703163648447292
1,51,0,15,0,0,3,11,6,0,14,2,80,79,3,2,1,0.8658867179130074
0,0,0,158,0,0,0,11,2,0,27,1,77,108,0,0,0,0.014221409420093084
0,202,0,0,0,0,0,0,0,0,50,0,34,67,13,1,1,0.990705536987039
0,74,0,0,1,1,3,0,0,0,78,0,80,97,0,0,0,0.05012373128712475
0,235,0,0,0,0,0,0,0,0,33,2,87,116,10,0,0,0.03375601156372007
1,119,0,0,1,0,0,0,0,0,34,0,80,100,0,0,0,0.5361220758099546
0,297,0,28,0,1,1,1,1,0,16,0,80,100,0,0,0,0.17005224870722385
1,203,0,0,0,0,0,0,0,0,38,3,54,88,8,0,1,0.811048132828434
1,0,0,15,0,0,0,4,1,0,7,0,80,100,0,0,0,0.5841448832107644
1,0,0,0,0,0,1,18,0,1,24,0,80,100,0,0,0,0.06519969897486308
0,92,0,0,0,0,0,0,0,0,51,4,49,88,0,3,0,0.21872116504520148
0,420,0,21,1,0,0,34,0,0,53,0,89,120,0,0,0,0.001196520983444469
0,0,0,52,0,0,0,0,5,0,0,4,45,82,0,3,1,0.9865066568854749
1,0,0,1,0,0,0,16,2,0,2,0,89,122,3,1,0,0.004714569715026772
0,96,0,0,0,0,3,0,0,0,37,0,80,100,0,0,0,0.0014116016093761766
0,116,0,86,0,0,0,4,2,0,17,2,80,90,0,0,1,0.46002401542030696
0,152,0,119,0,0,1,31,0,1,67,5,79,120,5,3,0,0.009806471607245596
1,27,0,16,0,0,5,11,0,1,29,0,80,100,0,0,0,0.1825076067838127
1,90,0,71,0,0,0,8,2,0,19,1,56,98,13,1,1,0.6412682551909374
1,278,1,222,1,1,0,18,2,0,62,0,76,105,2,4,0,0.09433123830902554
0,176,0,0,0,0,0,25,0,0,18,1,82,117,12,4,0,0.0019703172712602036
1,0,0,18,0,0,0,3,5,0,0,3,60,99,10,1,1,0.8305913155886333
1,202,1,80,0,0,1,15,2,0,24,0,80,100,0,0,0,0.14852247345543598
1,206,0,29,1,0,0,0,0,0,41,1,65,107,4,1,0,0.38957256728299705
0,170,0,0,1,1,1,0,0,0,67,1,71,108,0,2,0,0.04671132402837097
1,74,0,141,0,1,0,20,0,1,54,2,66,107,7,3,0,0.009091023756209881
1,142,0,5,0,0,0,4,1,1,15,7,52,87,0,2,0,0.5082083584632293
1,154,0,127,0,0,1,35,2,1,64,6,80,66,7,2,1,0.992597563259677
1,247,0,110,1,0,0,15,1,0,48,0,80,100,0,0,0,0.3214103472491545
1,93,0,33,1,0,0,0,0,0,42,3,80,116,2,0,0,0.0038372367636871282
0,609,0,275,1,0,4,0,0,0,100,0,80,100,0,0,0,0.003298839677859018
1,194,1,90,1,0,1,0,0,0,62,5,59,83,1,1,0,0.2489630548461167
0,294,0,99,0,0,1,16,0,0,38,6,58,91,7,0,0,0.1913548525547426
1,277,0,189,1,0,5,50,0,1,96,1,40,79,3,2,0,0.11275659935835201
1,0,0,5,0,0,0,13,6,0,0,2,56,74,12,3,1,0.9245636486464838
0,146,0,254,1,0,3,25,1,0,74,0,80,100,0,0,0,0.07612486380372227
0,558,0,192,1,0,0,0,0,0,87,3,52,91,5,0,0,0.10526404213673017
1,274,0,0,0,0,0,0,0,0,27,1,77,109,0,2,0,0.008067391857763409
1,136,0,16,0,0,3,0,0,0,31,0,80,100,0,0,1,0.6188522112571614
0,0,0,41,1,1,2,12,1,1,63,4,80,94,2,1,1,0.2822312307109192
1,0,0,0,1,0,1,0,0,0,56,2,48,77,2,4,1,0.9622771245510487
1,113,0,70,1,0,3,0,0,0,96,2,39,72,0,3,0,0.31243562884409914
1,170,0,0,0,0,1,0,0,0,23,3,69,120,0,0,0,0.03114805887322094
0,335,0,0,1,0,6,0,0,0,93,0,80,100,0,0,0,0.00023634994248410322
1,111,0,77,0,0,5,21,1,1,61,0,80,100,0,0,0,0.013416276170357367
1,115,0,0,0,0,0,0,0,0,6,0,80,100,0,0,0,0.03025520571746626
0,0,0,38,1,1,2,0,0,0,66,3,80,80,7,8,1,0.9874532034372051
0,0,0,0,1,1,1,2,3,0,17,0,80,100,0,0,0,0.7165004252509953
0,218,0,0,1,0,0,0,0,0,73,0,80,100,0,0,0,0.004107730187853073
1,0,0,82,1,0,1,42,3,0,61,8,64,95,13,4,1,0.884067545643531
1,35,0,64,1,0,2,21,0,0,74,0,69,111,0,1,0,0.025786514706911966
1,61,0,8,0,1,0,0,0,0,9,0,80,100,0,0,1,0.7207005022184289
0,41,0,61,1,0,0,39,3,0,38,0,80,100,0,0,1,0.4014378757067993
0,276,1,258,1,1,0,0,0,0,82,1,52,89,5,1,0,0.5476083108380343
1,122,0,0,0,0,0,0,0,0,27,4,50,72,16,1,1,0.7892418360461521
0,45,1,50,0,0,1,15,3,0,12,4,80,107,7,1,0,0.05025465621658636
1,0,0,46,0,1,0,7,0,1,38,4,80,89,25,2,1,0.9907282845823923
1,6,0,6,1,0,2,10,2,1,41,1,81,126,0,1,0,0.015940822741004692
1,279,0,171,1,0,0,20,7,1,65,3,80,111,0,0,0,0.01457652381386883
1,108,0,137,0,0,1,47,1,1,64,4,37,69,12,3,1,0.9625946135256749
0,50,0,0,0,0,1,0,0,0,14,2,83,120,4,0,0,0.001857123186899017
0,102,0,87,0,1,0,0,0,0,36,0,80,100,0,0,0,0.030444505307284903
1,133,0,36,0,0,0,0,0,0,22,0,51,87,3,3,0,0.876319997415102
1,65,0,85,0,0,0,12,3,0,32,5,38,79,9,5,1,0.9883414427036609
0,274,1,141,1,0,5,32,1,1,97,0,80,100,0,0,0,0.0019472670457853418
0,495,0,0,1,0,2,0,0,0,100,3,64,94,15,1,0,0.010284900943354497
1,335,0,49,1,0,0,23,2,1,57,2,59,94,3,3,0,0.16470804644707326
0,100,1,47,0,0,0,15,0,0,32,0,80,100,0,0,0,0.010664990229611473
1,0,0,21,0,0,1,13,2,1,20,0,80,100,0,0,0,0.3233818602413979
1,395,0,139,0,1,0,8,5,0,26,1,82,116,0,3,0,0.034782046760269004
0,340,0,157,0,0,1,15,1,1,63,3,63,96,0,0,0,0.02086665485088913
1,77,0,22,1,1,0,0,0,0,62,0,80,100,0,0,0,0.027743913573223093
0,149,0,194,0,0,1,24,0,0,53,4,39,75,11,3,0,0.9174968457403078
1,404,1,151,0,0,0,25,4,0,35,1,80,99,0,4,0,0.22125090421123703
0,262,0,0,0,0,0,0,0,0,27,0,80,100,0,0,0,0.019592396409547817
1,36,0,11,0,0,1,0,1,0,6,2,80,108,0,2,0,0.05325771497075337
1,9,0,0,1,0,0,0,0,0,45,4,38,77,0,1,1,0.9319604999690101
0,287,0,276,1,0,0,19,0,0,69,2,80,74,0,0,1,0.9645639196021062
1,36,0,0,0,0,2,0,0,0,17,2,73,108,0,0,0,0.004464415096626685
0,216,0,65,1,1,1,27,0,0,84,0,80,100,0,0,0,0.0032608361502078223
0,281,0,97,1,0,2,0,0,0,74,3,62,89,5,4,0,0.50320172787164
0,65,0,0,0,0,0,0,0,0,58,0,80,100,0,0,0,0.04500325187581618
0,203,0,29,1,0,0,31,3,0,36,8,64,102,1,1,0,0.013451079027476102
1,307,0,0,0,0,0,0,0,0,100,0,80,121,6,1,0,0.0009618956674109799
1,147,0,0,0,0,0,0,0,0,43,6,71,115,24,4,0,0.04254581783478906
1,206,0,131,1,0,2,20,0,0,67,2,80,105,0,1,0,0.02382148997976795
0,204,0,200,0,0,5,56,0,0,63,1,80,94,0,3,0,0.71812981432279
0,72,0,0,0,1,0,0,0,0,14,2,59,98,0,1,0,0.008552615101143649
1,0,0,17,1,0,0,12,2,0,25,0,80,100,0,0,1,0.06373379236818018
1,69,0,0,0,0,1,0,0,0,20,2,80,85,13,2,1,0.9925343121479019
1,78,0,228,0,1,2,23,3,0,45,0,80,100,0,0,0,0.026772587998261134
1,0,0,34,1,0,2,8,1,0,49,5,80,124,6,4,0,0.01105542349954446
0,190,0,9,0,0,0,0,0,0,9,1,84,118,0,2,0,0.0451516561993794
1,0,0,23,1,0,0,7,5,1,29,3,60,107,0,4,0,0.15764369245122928
1,192,0,260,1,0,3,18,1,1,83,3,46,87,0,2,1,0.6149761597854937
0,382,0,126,1,0,3,0,0,0,86,1,70,109,0,4,0,0.1851563670297766
1,129,0,130,1,0,3,30,2,0,76,0,80,100,0,0,0,0.0035378870525807674
1,0,1,44,1,1,0,13,3,0,27,5,80,77,5,0,1,0.9657427644289253
0,158,0,0,1,0,1,5,2,1,44,1,80,109,0,1,0,0.008895278096266269
1,25,0,94,0,0,0,1,2,0,28,6,43,80,4,0,1,0.6252709518679388
1,35,0,51,0,0,0,11,8,0,2,0,80,100,0,0,1,0.5643580147146778
1,44,0,71,0,1,0,31,1,1,38,0,80,100,0,0,0,0.11019545514896927
0,273,0,115,0,0,0,0,0,0,60,10,40,71,0,0,1,0.9477636129533613
1,59,0,81,1,1,0,9,1,0,37,0,80,100,0,0,1,0.43974101367830765
0,73,1,75,1,0,0,19,1,0,51,0,80,100,0,0,0,0.1290571307743065
0,194,0,0,0,0,0,0,0,0,37,4,80,98,0,1,0,0.20541535644891049
1,104,0,0,1,0,0,0,0,0,47,0,80,100,0,0,0,0.32494061547528075
0,69,0,31,1,0,1,0,0,0,48,2,73,103,0,3,0,0.26524233525539215
0,179,0,0,0,1,1,0,0,0,30,2,69,108,0,2,0,0.18501299915560435
0,2,0,0,0,1,0,0,0,0,0,0,80,100,0,0,0,0.0016342946670581775
1,21,0,15,1,1,1,14,0,0,35,0,74,110,8,1,0,0.03987158543422719
1,0,0,0,0,0,0,0,0,0,0,5,66,96,8,5,1,0.9077984328374865
1,0,0,0,1,0,0,0,0,0,44,3,44,76,0,3,1,0.9972978002490721
1,191,0,191,0,1,2,18,0,0,58,0,80,100,0,0,0,0.04367164153067008
1,13,0,247,0,0,0,0,0,0,41,13,48,89,5,5,1,0.9392746924523611
0,173,0,225,1,1,2,0,0,0,92,5,80,116,0,4,0,0.007420368880687654
0,174,0,0,1,0,0,0,0,0,61,1,62,100,8,1,0,0.7871966294287458
1,13,0,0,0,0,1,0,0,0,12,3,53,75,0,1,0,0.7725008424085485
0,0,0,0,0,0,0,0,0,0,0,5,46,77,7,4,1,0.9274203668926525
1,36,0,8,0,1,0,23,0,1,24,1,63,103,0,1,1,0.10203197719455832
0,192,0,67,1,0,6,22,0,1,73,3,38,88,0,4,1,0.08281796660518893
0,338,1,111,0,0,3,30,1,0,66,7,80,84,0,1,1,0.8445307739202834
1,141,0,6,0,0,1,5,2,0,8,7,72,117,0,4,0,0.21610399832206828
1,207,0,0,0,0,0,0,0,0,46,2,42,91,0,4,1,0.6741397957454581
0,98,0,0,0,0,0,0,0,0,67,2,80,121,0,0,0,0.025522269283463118
1,139,0,6,0,0,2,10,0,1,30,2,48,80,0,0,1,0.9456666360740574
1,91,0,10,1,0,4,14,1,0,42,0,80,100,0,0,1,0.0764220276202411
1,134,0,0,0,0,0,0,0,0,68,3,36,74,13,4,1,0.998475070947103
1,207,0,174,0,0,0,0,0,0,53,5,57,91,0,2,1,0.507660763335868
1,34,0,13,1,0,0,0,0,0,31,0,80,100,0,0,0,0.557948289064488
0,280,0,0,0,0,0,0,0,0,100,1,73,101,0,0,0,0.0047305828544154886
0,195,0,119,1,0,0,21,1,1,65,0,54,84,0,0,0,0.24061717431532412
1,92,0,172,1,0,1,44,2,0,68,2,50,83,0,4,1,0.9748900616969998
1,85,0,21,0,0,0,0,1,0,14,0,80,100,0,0,1,0.6519021929579876
1,0,0,201,1,1,0,13,1,0,54,2,80,112,0,1,0,0.008532665770297274
1,0,0,0,1,0,0,0,0,0,44,6,61,93,9,2,1,0.9552931712124811
0,55,0,112,0,0,5,0,0,0,48,0,80,100,0,0,0,0.014217741380354284
0,309,0,47,0,0,2,5,1,0,27,2,62,97,16,2,0,0.21118383424168413
1,24,0,78,0,0,0,23,1,0,35,0,80,100,0,0,0,0.0985114065631585
0,157,0,59,1,1,2,45,0,1,100,1,64,107,0,4,0,0.015790905559063227
1,32,0,81,0,0,3,0,0,0,31,10,80,88,5,1,1,0.8874015518549158
0,211,1,247,1,0,0,31,5,0,57,0,80,124,2,2,0,0.015168501541776623
0,189,0,0,0,0,0,23,1,0,18,0,80,100,0,0,1,0.01844402518226557
1,0,0,18,0,0,1,0,8,1,10,1,57,96,2,1,0,0.588531052540646
1,271,0,60,1,0,1,5,1,1,63,3,72,109,5,1,0,0.009843598851673508
1,305,1,369,1,0,3,35,1,0,81,0,41,75,0,2,1,0.7966805813682118
0,184,0,0,1,0,1,0,0,0,85,0,80,100,0,0,0,0.0029714198333665154
1,0,0,0,0,0,0,0,0,0,0,0,80,100,0,0,0,0.5279359785137666
0,73,0,0,0,0,0,0,0,0,32,0,80,100,0,0,1,0.06887442706804141
1,18,0,0,0,0,1,15,2,0,8,2,80,98,6,3,0,0.13359293319486865
0,14,0,0,1,0,0,0,0,0,47,1,55,94,0,1,0,0.29613156362839416
0,309,1,54,1,0,3,41,1,0,70,0,80,100,0,0,0,0.0005294580553123688
0,250,0,114,0,0,0,18,0,1,46,0,68,100,0,0,0,0.05889976337069122
0,65,0,49,0,0,5,0,0,0,66,0,80,100,0,0,0,0.002193249428298902
0,101,0,39,1,1,0,29,2,0,41,0,59,99,1,2,0,0.042140354054484803
1,242,0,0,1,0,2,0,0,0,85,0,80,100,0,0,0,0.06320403512124921
0,405,0,316,1,1,4,0,0,0,97,4,66,106,5,3,1,0.3366953740413977
1,236,0,0,0,0,2,0,0,0,47,0,80,101,0,0,0,0.01048715684986061
1,89,0,45,0,0,1,18,1,0,40,0,80,100,0,0,1,0.03918770918009775
1,413,0,0,1,0,2,21,0,0,56,9,43,71,8,3,0,0.6783530394420758
0,366,1,114,0,0,4,19,0,1,70,4,55,94,0,5,0,0.1690289836239762
0,128,0,40,1,1,1,6,3,0,28,4,56,88,28,8,1,0.902046145360051
0,148,1,196,1,0,1,62,0,1,87,0,80,100,0,0,0,0.017479066489790467
1,236,1,61,1,0,2,0,0,0,86,0,87,129,0,0,0,0.0026783782602666
1,198,1,158,0,1,0,10,1,0,31,0,80,100,0,0,0,0.037237515185867154
1,411,0,146,1,0,1,15,7,1,60,2,88,111,11,0,0,0.010873824898133452
1,21,0,0,0,0,0,3,1,0,0,6,66,106,0,0,0,0.6535716076645556
1,0,0,0,0,1,0,3,9,0,0,7,40,83,0,0,1,0.9973362822794335
1,0,0,0,0,0,3,0,0,0,22,0,80,100,0,0,0,0.458108303651541
0,387,0,307,1,0,2,45,1,0,87,8,36,76,0,9,1,0.8843208664435466
1,0,0,34,1,0,1,21,2,0,42,3,72,103,0,1,0,0.016014797354372216
1,116,0,30,1,0,1,11,1,0,35,0,79,115,0,0,0,0.03292264976289684
1,93,0,24,1,0,3,40,2,1,75,0,80,100,0,0,0,0.008920135273635043
0,169,0,257,0,1,0,5,2,0,32,0,71,93,10,0,0,0.01284501594873927
0,154,1,39,1,0,1,16,0,1,82,7,53,82,0,3,0,0.5158187955671547
1,4,0,1,0,0,0,0,0,0,1,0,80,100,0,0,0,0.5223439973968775
0,76,1,3,1,1,1,21,2,1,43,3,77,104,3,4,0,0.003978528305620243
0,169,0,0,1,0,0,35,2,1,51,3,80,111,0,2,0,0.004939335165336398
1,104,1,57,0,0,0,8,1,0,14,0,80,100,0,0,0,0.07177561689235293
1,0,0,17,0,0,0,0,0,0,14,9,46,84,10,2,1,0.9914870153302964
1,72,0,0,0,0,0,0,0,0,27,7,68,102,7,4,0,0.0923580406040517
1,62,0,0,1,0,1,23,2,0,37,2,45,72,0,0,1,0.9168854343570119
1,0,0,25,1,0,0,0,0,0,32,5,50,96,0,2,0,0.27578010181343454
1,84,0,29,1,0,1,19,1,0,41,0,37,67,0,1,1,0.9047537277247749
1,267,0,0,1,1,2,0,0,0,100,0,80,100,0,0,0,0.051989189503447025
1,0,0,39,0,0,0,2,5,0,0,1,67,88,3,1,0,0.776001952532476
0,142,0,47,0,0,2,24,0,1,52,2,68,111,5,0,0,0.009974075003854058
0,104,0,0,1,0,8,21,0,0,53,4,69,113,6,4,0,0.029647425769990923
1,31,0,0,1,1,4,26,1,0,41,0,80,103,4,2,0,0.1001687753473908
0,434,0,207,1,0,0,0,0,0,87,0,80,100,0,0,0,0.002461697839326588
0,154,1,104,1,0,2,32,0,1,77,3,67,95,0,2,0,0.00786316044320891
1,0,0,82,0,0,0,22,0,0,25,3,59,95,0,1,1,0.33195858737608347
1,77,0,0,0,0,0,12,1,0,7,3,80,105,0,1,0,0.13345879527538468
0,256,0,87,0,0,6,0,0,0,56,6,33,79,2,2,1,0.9758102749338695
0,131,0,0,0,0,2,0,0,0,32,4,56,76,0,0,1,0.758659684315207
0,11,0,0,1,1,1,6,2,1,33,0,80,114,0,0,0,0.0034623031717032913
1,91,1,97,0,0,3,11,2,1,58,1,66,96,0,3,0,0.06870832930330094
0,109,0,0,1,1,1,0,0,0,68,0,80,100,0,0,0,0.008318337911062236
0,50,0,62,1,0,3,21,0,1,64,0,80,100,0,0,0,0.027185929284573758
1,155,0,10,0,0,1,7,9,1,14,2,80,107,2,2,0,0.14374623070995246
0,80,0,57,1,0,1,27,0,1,63,4,72,108,0,1,0,0.019007165078720564
1,0,0,0,0,0,0,0,0,0,0,0,80,100,0,0,0,0.5141237285001743
0,110,0,0,0,1,0,8,1,0,15,2,65,102,0,0,0,0.23166802411990123
0,238,1,164,1,0,4,0,0,0,100,0,80,100,0,0,0,0.0036071740395155183
1,43,0,9,0,1,1,20,2,0,17,0,80,100,0,0,0,0.5408251446741514
1,0,0,54,0,0,0,10,2,0,20,5,54,88,0,1,1,0.8810247961941476
1,167,0,67,0,0,0,4,3,0,11,1,80,86,0,3,1,0.5913815601490362
1,83,0,4,0,0,0,2,3,0,0,3,50,84,9,2,1,0.9848259468123052
1,246,0,0,0,0,0,0,0,0,21,1,79,109,0,0,0,0.013347017272796233
0,95,0,0,1,1,1,0,0,0,63,2,53,91,2,0,0,0.12324538354709304
0,223,1,72,1,0,4,18,2,0,63,0,80,100,0,0,0,0.06427453490502734
1,44,1,47,1,0,1,23,4,1,45,0,80,100,0,0,0,0.42220223873111995
1,173,0,90,1,0,3,14,3,1,58,2,80,93,13,3,1,0.7201843195091922
1,0,0,86,1,0,1,12,0,0,52,1,62,96,8,1,0,0.1376943617575437
1,12,1,76,0,0,0,0,0,0,24,2,80,104,0,0,0,0.07421970950771202
1,175,0,0,1,0,0,0,0,0,55,0,80,100,0,0,0,0.09036950797498466
1,89,1,0,0,0,0,13,1,0,8,2,80,108,0,0,0,0.43628703635737437
1,0,0,53,1,0,0,0,2,0,22,1,58,96,0,0,0,0.5926283045027029
1,133,0,16,0,0,0,9,3,0,8,2,38,72,5,7,1,0.9514264419681372
1,16,0,39,0,0,0,9,4,0,0,3,80,99,0,0,0,0.3119487022262866
1,0,0,5,0,0,1,12,5,0,0,2,78,110,0,0,1,0.2689415488699362
1,0,0,0,0,1,0,2,2,0,0,0,80,100,0,0,1,0.6126237901860415
1,14,0,60,1,0,1,18,0,1,56,1,77,114,0,0,0,0.009790703832742734
1,42,1,0,1,0,2,7,1,0,34,2,75,104,12,0,0,0.03733165929968277
1,135,0,37,0,0,0,6,2,0,20,8,53,89,7,1,0,0.20246937655559608
1,107,1,19,1,0,0,15,3,0,41,4,75,102,1,2,0,0.09571509033797414
1,233,0,0,0,0,0,0,0,0,73,2,53,96,11,2,0,0.6459016215845934
1,63,0,0,0,0,0,0,0,0,16,0,80,100,0,0,1,0.7580367793236972
0,122,0,0,1,0,0,0,0,0,35,0,46,78,0,0,0,0.19401038106836904
0,23,0,0,1,0,1,0,0,0,57,0,80,100,0,0,0,0.07499044308231208
0,147,0,21,1,0,0,6,0,0,38,3,73,121,3,3,0,0.03627508597225814
0,366,1,91,1,0,2,24,3,0,67,3,98,127,0,1,0,0.002934050319633757
1,65,0,33,0,0,0,14,2,1,27,2,47,77,0,2,0,0.5711856606004774
0,50,0,116,1,0,0,19,1,1,69,1,81,118,4,3,0,0.00590784730755567
0,218,1,139,1,1,1,17,3,0,65,0,80,100,0,0,0,0.009532050742757767
0,309,0,0,0,0,0,0,0,0,14,1,69,98,0,3,0,0.02752243136344206
0,245,0,147,0,1,2,20,3,0,56,1,71,90,6,1,0,0.05893594215099077
1,120,0,6,1,0,1,0,0,0,41,2,80,100,0,2,0,0.27523512035224096
1,133,0,0,1,0,0,10,3,0,22,0,80,100,0,0,1,0.2554148476570307
1,0,0,38,1,0,0,14,1,0,40,4,80,86,0,5,1,0.9653618235530392
1,78,0,132,1,0,0,42,2,0,53,2,51,91,3,0,1,0.9010228886994325
0,83,0,0,0,0,0,0,0,0,45,2,57,85,5,3,0,0.03802760654914637
0,25,0,0,1,1,0,0,0,0,47,0,80,100,0,0,0,0.09101130079671058
1,0,0,0,0,0,0,0,0,0,0,0,80,100,0,0,0,0.07311283740475019
1,44,0,0,0,0,0,0,0,0,20,12,80,89,0,2,1,0.9121977640408584
1,86,0,50,0,1,0,7,1,0,25,2,79,114,3,4,0,0.15712240292335486
0,152,0,112,0,0,1,10,6,0,22,6,40,77,12,2,1,0.9476934759716857
1,0,0,0,0,0,0,0,0,0,0,0,80,68,5,4,1,0.9965130372460015
0,173,0,0,0,0,0,0,0,0,64,0,80,100,0,0,0,0.2885320416413243
0,311,0,0,0,0,1,25,0,0,33,5,71,109,0,3,0,0.03898153605354926
0,116,0,0,1,1,0,31,0,1,56,5,71,90,6,4,0,0.4345346082447935
0,0,1,35,1,1,5,0,0,0,53,0,80,100,0,0,0,0.018507840373868198
1,222,1,148,1,0,2,25,0,0,83,1,68,91,7,1,0,0.014756440239925199
1,108,0,68,1,0,1,21,2,0,44,1,80,78,6,1,1,0.8486696142076271
1,0,0,0,0,1,0,0,0,0,0,0,80,93,4,2,0,0.11757773358359914
1,0,0,23,0,0,0,0,1,0,5,0,80,100,0,0,0,0.24256315895933653
0,150,0,90,1,0,1,41,0,0,76,0,80,100,0,0,0,0.03421679565719799
1,0,0,21,1,0,1,9,3,1,35,0,67,94,0,3,0,0.05307846318182052
1,272,1,348,1,0,0,20,0,0,68,0,80,100,0,0,0,0.0032268269821196056
1,375,0,75,1,0,2,23,2,0,62,1,61,96,5,0,0,0.32552102276992295
1,198,0,0,1,1,2,0,0,0,91,0,87,113,0,0,0,0.010485229747614155
1,239,0,386,0,0,1,60,0,0,58,0,80,100,0,0,0,0.056194902236632004
1,139,0,156,0,0,0,0,0,0,40,1,65,95,6,0,0,0.24274527591181633
1,266,0,55,0,0,0,0,0,0,25,0,80,100,0,0,0,0.028293060280495396
1,38,0,60,0,0,1,0,0,0,32,0,80,100,0,0,0,0.22543307413638675
1,69,1,15,0,0,2,6,2,0,23,0,80,100,0,0,0,0.46583144574798746
1,91,0,49,1,0,0,3,3,1,36,0,80,100,0,0,1,0.4048134199727497
1,233,1,208,0,0,0,26,0,0,50,3,80,94,8,3,0,0.8325993870028844
1,315,0,90,0,0,2,12,0,1,58,1,80,107,8,1,0,0.02295871101503609
0,212,0,334,0,1,0,0,0,0,49,0,80,100,0,0,0,0.00240937307604533
0,104,0,37,1,0,2,0,0,0,53,3,65,112,2,2,0,0.04366279776582691
0,16,0,4,1,0,3,21,0,0,42,7,52,91,0,6,1,0.6719260767321041
0,39,0,6,0,0,1,28,0,1,40,3,67,90,0,4,1,0.7315326282744692
1,474,0,71,1,0,0,28,0,1,69,4,86,121,0,1,0,0.0030860283968343755
1,162,0,0,0,0,1,0,0,0,44,0,80,100,0,0,0,0.2875091412575337
1,76,0,73,1,0,1,1,2,0,58,0,80,100,0,0,0,0.023840410069083707
1,174,0,69,0,0,0,6,0,0,22,0,80,100,0,0,1,0.4123130521041224
1,0,0,59,1,0,1,11,0,0,48,2,32,71,0,0,1,0.9818593875444606
0,63,0,0,1,1,0,0,0,0,50,1,59,98,0,2,0,0.22565032866102677
1,338,0,0,0,0,0,0,0,0,64,1,79,118,0,0,0,0.0007900669568304217
0,454,0,0,0,0,0,0,0,0,100,7,73,106,3,1,0,0.005774666617936667
0,248,0,121,0,0,1,0,0,0,67,4,51,83,0,5,1,0.8613892399369476
0,326,0,0,1,0,3,0,0,0,91,0,80,100,0,0,0,0.02230156523184259
0,261,0,116,1,0,2,7,6,0,43,0,73,99,2,1,0,0.08569772865711803
0,63,0,79,1,0,0,32,0,1,82,1,73,113,12,3,0,0.027101812658749665
0,222,0,90,1,0,1,29,1,0,63,2,60,92,5,1,0,0.2653474852126469
1,263,0,0,0,0,3,0,0,0,56,0,61,95,0,0,0,0.016189692603636202
1,99,0,18,0,0,2,0,0,0,23,1,52,89,9,0,1,0.8545353978107293
0,0,0,0,0,0,0,0,0,0,0,3,43,78,11,1,0,0.6916478834124219
1,229,0,189,1,0,4,0,0,0,91,4,54,83,19,4,0,0.36173780371184416
0,144,1,17,1,0,1,0,0,0,46,0,80,100,0,0,0,0.004134125101203343
0,64,1,43,1,0,0,8,1,0,35,1,79,112,0,2,0,0.02428448245750032
1,192,0,154,0,0,1,0,0,0,46,6,49,90,3,2,0,0.4437552909553878
0,235,0,0,0,0,0,0,0,0,100,1,90,126,0,1,0,0.00086948159778612
0,157,0,0,0,0,0,0,0,0,100,8,50,85,0,4,1,0.387384260976598
1,292,1,294,0,0,0,0,0,0,51,0,80,100,0,0,0,0.040322978051404654
1,192,0,42,1,0,4,13,2,0,46,0,80,100,0,0,0,0.00867267352933658
1,64,0,0,0,0,1,2,5,0,0,1,62,98,0,1,1,0.9279831830459514
1,165,0,23,0,0,1,0,0,0,26,0,68,103,0,1,0,0.11716600649408639
0,126,0,36,1,0,1,18,0,0,43,0,80,100,0,0,0,0.059744797150138605
0,83,1,91,0,0,2,4,3,0,41,1,80,112,9,0,0,0.025591934068899085
1,60,0,35,0,0,0,4,5,0,17,0,80,100,0,0,1,0.4922466489826054
0,166,0,100,1,0,5,41,0,1,100,0,95,120,14,1,0,0.0012191266154611816
0,55,0,0,0,0,0,0,0,0,22,6,80,92,6,2,1,0.6679953912818625
0,216,0,8,0,0,1,19,2,0,16,4,52,91,4,0,0,0.5678210537581202
0,89,0,24,1,0,1,14,3,0,31,2,50,84,0,0,0,0.1062129263484654
1,139,0,80,0,0,1,27,1,0,31,4,85,112,0,0,0,0.006896500130159975
0,320,0,0,0,0,0,0,0,0,98,0,80,100,0,0,0,0.02623836915362231
1,222,0,0,0,0,0,0,0,0,49,6,44,74,28,1,1,0.968156870106283
1,0,0,67,0,0,2,0,0,0,30,7,47,79,0,2,0,0.15886332385696597
0,12,1,0,0,0,0,17,2,0,3,2,40,83,8,10,1,0.9684706971699083
1,85,0,0,0,0,0,0,0,0,83,2,80,92,0,3,1,0.8356698599437782
0,115,0,0,1,0,0,0,0,0,55,0,80,100,0,0,0,0.015278541886146864
1,96,0,146,0,0,0,44,0,0,50,0,80,100,0,0,0,0.4162957111894739
0,253,1,141,1,1,1,20,0,0,77,5,40,76,20,3,1,0.9813299974242545
1,0,0,0,0,0,1,0,1,0,2,0,80,100,0,0,1,0.8252864931705899
1,66,0,27,0,0,1,13,1,0,25,2,48,81,2,2,1,0.23164253672770282
0,274,0,58,1,0,1,32,0,0,59,0,80,100,0,0,0,0.007373706516258448
1,0,0,55,0,0,0,2,8,0,0,0,87,115,7,1,0,0.027304782104322477
1,23,0,57,0,0,0,14,1,0,30,1,80,120,0,0,0,0.02354009032036067
1,332,0,0,0,0,0,0,0,0,64,0,78,105,0,1,1,0.49513156683574755
1,203,1,37,0,0,0,0,0,0,16,0,80,100,0,0,0,0.5183471437036486
0,142,0,0,1,0,0,0,0,0,59,1,57,106,0,4,1,0.21499592528064768
0,389,1,125,1,0,0,55,0,0,80,0,80,100,0,0,0,0.0012014581695437168
1,81,0,0,0,0,0,0,0,0,71,1,53,81,0,3,1,0.968503186089626
0,102,1,19,1,0,0,18,1,0,47,0,75,114,5,1,0,0.04074361376965971
0,189,0,0,0,0,0,0,0,0,36,0,80,100,0,0,0,0.031413814122796
0,519,0,159,1,1,1,34,0,1,95,1,45,72,0,0,0,0.293233495216626
1,319,0,97,1,1,1,27,1,1,90,0,57,96,0,4,0,0.04307178760516155
0,50,0,122,1,0,0,16,0,0,56,4,46,82,0,3,0,0.6856635307530562
1,155,0,24,0,0,0,19,3,1,18,3,80,116,1,0,0,0.0013651955550735583
1,153,0,0,0,0,0,0,0,0,30,3,80,123,3,2,0,0.0026537339432653084
0,433,0,12,1,0,1,0,0,0,57,5,87,111,6,0,0,0.008866502050620773
0,53,1,53,0,0,0,28,0,1,62,0,80,100,0,0,0,0.0029228547892038615
0,158,0,0,0,0,0,26,0,0,18,2,37,72,11,7,1,0.9550823251692631
1,0,1,44,0,0,0,3,8,0,13,0,80,100,0,0,0,0.5873992836009337
1,100,0,0,1,0,1,25,1,0,43,0,38,73,18,1,1,0.9899293232731676
1,33,0,71,1,1,0,0,0,0,64,2,67,109,0,3,0,0.1900855120341526
0,67,0,62,1,1,1,28,0,0,65,1,83,135,2,1,0,0.0001636679260188309
0,324,0,61,1,1,0,41,0,0,69,2,80,76,0,11,0,0.6721722387709141
1,79,0,121,1,1,0,24,3,0,58,5,77,108,0,2,0,0.02019262656093322
1,0,1,90,0,0,0,15,1,0,22,1,60,89,0,2,1,0.1333834280923358
0,177,0,0,1,0,1,18,0,0,49,2,54,91,0,2,1,0.6879145074534294
1,96,0,66,0,0,1,19,3,0,49,7,80,68,21,13,1,0.9886862278336497
0,239,1,329,0,1,1,37,0,0,59,0,80,100,0,0,1,0.367090109864176
0,72,1,150,1,1,2,13,0,1,77,4,53,81,14,0,1,0.7856558208986651
1,171,0,58,1,0,1,0,0,0,57,0,44,75,12,1,1,0.7851045046669008
0,173,0,84,1,0,0,25,0,0,69,6,77,118,0,2,0,0.002290722881060865
1,36,0,147,1,0,1,0,0,0,78,0,80,100,0,0,0,0.013062097916288179
1,245,0,0,0,0,0,0,0,0,65,4,80,124,4,2,0,0.0026071721765023813
1,0,0,0,0,0,0,0,0,0,0,5,42,76,0,1,1,0.9677992598935223
0,254,1,111,1,1,6,26,0,1,98,0,78,113,6,1,0,0.010058055210118266
0,20,0,0,1,0,1,38,1,1,50,5,77,110,1,0,0,0.0027358807755311
1,176,0,84,0,0,1,18,1,1,40,0,78,109,6,1,0,0.15145306390411953
1,65,0,0,0,0,0,0,0,0,17,7,56,91,0,2,1,0.8875665799337233
0,196,0,92,0,0,1,0,0,0,33,0,80,100,0,0,0,0.1357093111031298
0,184,0,192,1,0,2,0,0,0,84,5,28,71,0,2,1,0.9906607084420787
0,171,1,97,0,0,1,0,0,0,45,1,80,93,1,2,0,0.32677838318832825
0,174,0,147,1,1,3,11,4,0,53,0,59,102,0,1,0,0.09850569923149642
1,92,0,77,0,0,3,49,1,1,70,2,41,77,0,4,1,0.4784015349131231
0,0,0,2,1,0,1,0,0,0,35,3,62,86,0,3,1,0.8251306291709376
0,41,0,0,0,0,0,0,0,0,27,0,80,100,0,0,0,0.015979438468673588
1,222,0,0,0,0,1,0,0,0,18,0,80,100,0,0,0,0.08142539314321634
1,176,0,139,0,1,0,15,2,1,37,0,80,100,0,0,0,0.43101514473321656
1,0,0,2,0,0,1,14,2,0,7,4,47,87,11,5,1,0.9822160646278417
0,157,0,0,0,0,0,5,0,0,16,3,57,95,0,2,0,0.19438814429864587
0,81,0,3,1,0,1,13,0,1,45,0,80,100,0,0,0,0.06509798211095326
1,78,1,42,1,0,0,0,0,0,43,0,80,100,0,0,0,0.05548121845770464
1,86,1,0,1,1,1,36,0,1,54,2,70,99,0,4,1,0.17391691691043373
1,120,0,176,0,0,2,0,0,0,63,0,80,85,0,1,1,0.7575716145469331
1,0,1,7,1,1,0,16,6,0,16,0,80,100,0,0,1,0.18775282755931802
0,738,0,212,1,1,3,33,2,1,94,4,71,103,9,4,0,0.1657768546104636
0,85,0,51,0,0,0,24,5,0,18,0,80,100,0,0,0,0.19064048817797927
1,114,0,28,0,0,0,0,0,0,50,1,53,80,12,2,1,0.6376075044789777
1,285,0,54,1,0,3,19,1,0,55,2,71,103,0,3,0,0.1801298913643472
1,0,0,0,0,0,0,0,0,0,0,0,80,100,0,0,0,0.01923301330325331
0,0,0,47,0,0,2,21,1,0,48,0,80,100,0,0,0,0.08989094101988145
0,105,0,0,0,1,2,25,0,0,37,5,68,96,4,3,1,0.2579741760869882
1,41,0,21,0,0,1,6,0,1,26,1,67,95,5,3,0,0.25333219225842846
0,51,0,80,1,0,1,0,0,0,81,0,60,103,5,1,1,0.07190228404258778
0,140,0,30,1,0,1,17,2,0,64,2,80,112,0,1,0,0.004784120330955463
0,122,0,0,0,0,1,0,0,0,30,9,45,89,0,3,1,0.7422299561779248
0,89,1,76,1,1,0,31,0,0,74,0,98,130,0,2,0,6.698299301940869e-05
0,186,0,131,1,1,1,16,1,0,61,3,83,111,5,7,0,0.007851817152386208
1,243,0,118,0,1,2,25,0,0,48,0,80,100,0,0,0,0.07219725942263089
1,0,0,0,1,0,3,0,0,0,67,0,57,88,4,2,0,0.6197558548192991
1,104,0,0,1,0,0,24,0,1,47,0,80,100,0,0,0,0.009373878005237896
1,238,1,173,1,0,1,22,1,0,74,0,92,120,8,0,0,0.0003861053288865873
1,406,0,92,0,0,0,21,4,1,35,3,80,83,0,2,0,0.13634095784091843
0,78,0,0,0,1,1,0,0,0,25,0,51,88,4,2,1,0.6071664243319111
0,125,0,49,0,0,1,19,0,0,58,2,80,95,2,7,0,0.2028288737722031
0,45,0,25,1,0,3,25,0,0,68,0,86,118,2,0,0,0.006311619379021671
0,0,1,25,0,0,1,16,4,0,13,1,70,103,6,1,0,0.04305215856570396
1,180,0,58,1,0,1,0,0,0,93,1,54,84,11,3,0,0.09051880076985702
1,43,0,79,1,1,0,18,3,1,45,1,74,111,5,3,0,0.019802917204529223
0,271,1,142,0,0,0,4,1,1,40,2,53,91,4,0,0,0.7003012287446491
1,0,0,12,0,0,0,0,0,0,3,5,54,77,4,3,1,0.8399416258273238
1,136,1,42,1,0,0,21,0,0,41,0,80,100,0,0,0,0.0024113369596360096
1,78,0,0,0,1,0,0,0,0,9,0,80,100,0,0,0,0.017708089656124384
0,160,1,25,0,1,0,18,4,0,13,4,59,96,0,5,0,0.10242387897313034
1,0,0,43,0,1,0,0,4,0,0,0,80,100,0,0,1,0.6786820989170992
0,78,0,0,1,1,1,0,0,0,36,0,48,81,0,0,0,0.2869166745914898
0,120,0,44,1,0,0,17,1,0,48,7,64,88,0,2,1,0.7885497471708155
1,33,0,0,0,0,0,0,0,0,11,9,50,98,3,2,1,0.8233155695798676
0,429,0,204,1,0,1,22,0,0,81,0,80,100,0,0,0,0.00225351538787328
0,146,0,92,1,0,1,30,0,0,59,5,69,98,6,2,0,0.13369984496668216
1,72,0,19,0,1,0,9,4,0,0,2,75,113,0,0,0,0.016164458047417653
1,325,0,0,0,0,0,0,0,0,72,0,80,100,0,0,0,0.03429082840329259
0,264,0,40,0,1,0,9,0,0,18,1,70,101,5,1,0,0.057991324815765403
1,114,0,289,0,0,0,57,1,0,48,4,43,83,0,5,1,0.9733743857674715
1,19,1,7,1,1,1,23,2,1,45,6,39,78,0,2,1,0.9557179299780485
1,71,0,0,0,0,1,0,0,0,17,5,43,77,0,3,1,0.8180837290738886
1,238,0,0,0,0,0,0,0,0,9,0,80,100,0,0,0,0.005640674811085698
0,208,0,122,1,0,2,28,0,0,89,1,35,67,0,0,1,0.9378508048670212
0,0,0,42,1,1,3,26,1,1,73,0,80,100,0,0,0,0.030420009605436255
1,0,0,42,1,0,1,10,1,1,66,2,65,98,0,6,0,0.1201329773836795
0,243,0,84,1,0,1,0,0,0,60,0,80,100,0,0,0,0.06521890871229946
0,232,1,98,1,1,0,10,0,0,58,0,80,100,0,0,0,0.03294492524842634
1,68,0,99,1,0,3,13,0,0,57,4,47,92,8,0,1,0.8948684203231468
0,426,0,185,1,1,0,17,0,1,84,8,76,117,0,3,0,0.013591154843950036
0,103,1,55,1,0,1,29,3,0,62,2,52,100,0,1,1,0.4537792355669496
0,210,0,0,0,0,0,0,0,0,54,0,68,97,3,0,1,0.018267288343435186
1,216,0,0,1,1,3,0,0,0,81,0,80,100,0,0,0,0.003928012457725183
1,209,0,153,1,1,1,18,2,1,74,0,80,100,0,0,0,0.18319950750726013
1,14,0,22,0,0,0,0,3,0,3,0,80,100,0,0,1,0.39796276712199585
1,0,0,0,0,0,0,0,0,0,0,0,80,100,0,0,0,0.6064756453206558
1,4,0,0,0,0,0,0,0,0,3,2,47,91,0,0,0,0.8862623670730511
1,33,0,37,1,0,3,0,1,1,46,0,50,80,4,6,1,0.9242959929148127
0,287,0,0,1,0,0,27,4,0,31,4,50,83,0,2,1,0.6143362577167812
1,97,0,24,1,0,1,8,1,1,51,0,80,100,0,0,0,0.0687335709434432
1,189,1,9,0,0,1,18,0,0,22,2,87,128,0,0,0,0.0033366021337456137
0,297,0,33,0,0,1,17,1,0,26,1,71,114,0,0,0,0.0070175252084718875
1,135,0,115,1,0,0,19,2,0,47,0,80,100,0,0,0,0.45923380557547444
1,328,1,170,1,0,3,17,5,1,77,2,58,93,0,2,0,0.4079968326820929
0,171,0,247,1,0,0,27,1,0,68,1,82,116,0,2,0,0.0012881845243222381
1,213,1,101,1,0,2,15,1,1,86,1,70,100,0,3,0,0.022387477833487334
1,168,1,157,1,0,1,0,0,0,86,0,80,100,0,0,0,0.005047602023695659
1,138,1,141,1,0,1,47,1,0,77,3,42,87,0,0,1,0.18072354145972636
1,53,0,14,0,1,0,17,2,0,10,2,69,93,0,0,0,0.45816827559611306
1,117,0,0,0,0,0,0,0,0,12,0,80,100,0,0,1,0.13742399817061493
0,269,0,0,1,0,3,0,0,0,93,0,80,100,0,0,0,0.0009975454474051518
0,201,0,0,0,0,0,0,0,0,52,2,80,100,6,1,0,0.10542515584074705
1,0,0,0,0,0,1,5,0,0,8,3,74,117,0,0,1,0.03952916585230346
0,123,0,0,1,0,1,0,0,0,80,0,87,117,0,0,0,0.0021864441624779613
0,118,0,0,1,0,1,24,0,0,42,1,80,119,0,0,0,0.00023350880810348273
1,139,1,189,1,0,0,26,0,1,80,0,80,100,0,0,0,0.0012205685016402868
1,0,1,23,1,0,0,0,0,0,31,3,62,109,11,0,0,0.31427028295022924
1,104,0,35,1,1,2,9,1,1,61,2,77,102,0,1,0,0.01949693920612083
1,464,0,199,1,0,0,22,3,0,66,3,80,114,3,1,0,0.0017579531880857527
1,42,1,17,0,0,0,26,2,1,35,3,48,83,0,1,0,0.21161932116172902
0,205,0,248,1,0,2,34,0,0,85,0,80,100,0,0,0,0.002934986117183851
1,190,0,0,1,0,0,0,0,0,35,0,84,120,7,0,0,0.005054088362453418
1,0,0,0,0,1,2,0,0,0,22,0,80,100,0,0,0,0.01118016135047872
0,48,0,0,1,0,0,9,1,1,35,0,69,99,0,5,0,0.22789934776177248
1,67,0,0,1,0,0,0,1,0,19,6,80,81,0,4,1,0.9867097020048239
1,228,0,8,1,0,1,7,3,0,28,0,80,100,0,0,0,0.098100772692445
1,0,0,4,0,0,1,0,0,0,8,0,66,95,3,4,0,0.07640288449575855
0,0,0,5,1,0,0,2,3,1,23,2,40,71,7,3,1,0.985453223627276
0,0,0,44,1,0,0,8,2,0,29,4,69,90,1,2,1,0.603916407085134
0,31,0,0,0,0,0,0,0,0,6,0,80,100,0,0,0,0.07894157154022291
0,139,0,0,0,1,1,0,0,0,25,6,48,92,11,0,0,0.5052520700152798
0,167,1,57,0,0,1,21,1,0,37,3,90,121,0,1,0,0.0022418896480745905
1,57,0,0,0,0,0,0,0,0,45,0,80,100,0,0,0,0.013809945606997212
1,82,0,22,0,0,0,10,0,0,22,4,80,98,0,3,0,0.21226324704977043
0,92,0,83,1,0,0,13,4,0,37,0,89,121,0,1,0,0.0017089409150184292
1,68,0,22,0,0,0,0,0,0,12,0,87,117,9,0,0,0.005733035616500964
1,19,0,22,0,0,0,19,2,0,10,0,80,100,0,0,0,0.04478502180692292
0,95,0,0,0,0,0,0,0,0,6,0,80,100,0,0,0,0.272642503778706
0,68,0,0,1,0,0,18,2,0,27,0,80,100,0,0,0,0.027090199173187078
1,0,1,20,0,0,5,40,0,0,31,8,63,96,0,2,0,0.13471994426847697
1,175,0,51,1,0,4,24,1,1,69,4,63,92,0,4,0,0.5656902813217937
1,414,1,88,1,0,3,21,2,1,69,0,80,100,0,0,0,0.017838852308403923
1,49,1,17,1,0,0,0,0,0,33,4,81,114,0,3,0,0.08925363374876648
1,64,1,33,0,1,1,0,0,0,29,4,76,118,0,2,0,0.055331734506256974
0,64,0,173,1,1,5,21,1,0,72,0,80,100,0,0,0,0.005001653754600873
1,164,0,43,1,0,1,19,1,1,53,0,55,92,0,4,0,0.7913627569727231
0,105,0,0,0,0,0,48,0,0,22,1,80,82,0,3,0,0.1797992048558391
0,0,0,59,0,0,0,41,4,1,35,0,80,100,0,0,0,0.6161371441581911
1,91,1,0,0,0,1,16,1,0,20,8,67,108,0,2,0,0.07592403796271051
0,45,0,0,1,0,2,14,7,0,24,0,80,100,0,0,0,0.06607010714111765
0,261,0,0,1,0,3,0,0,0,100,6,80,98,0,1,0,0.12482292876755229
1,0,1,20,1,1,2,15,1,0,49,3,44,78,26,9,1,0.9831797655709359
0,222,0,219,0,0,7,22,0,0,60,0,53,95,0,2,1,0.09671741875043158
0,47,0,35,1,0,2,0,3,1,51,2,58,103,3,0,1,0.4699374404708456
1,140,1,0,0,0,0,14,3,0,2,4,80,99,15,0,0,0.12036337920359755
1,126,0,166,0,0,1,0,0,0,52,0,80,100,0,0,1,0.09441375785703165
1,156,0,38,1,1,1,19,2,0,66,1,80,79,7,7,1,0.9351397267905699
0,201,0,0,0,0,0,0,0,0,13,0,80,105,0,1,0,0.0016723965700239439
1,0,0,0,1,0,0,0,0,0,44,7,50,83,5,2,0,0.5967426400866537
1,0,0,33,0,1,1,10,0,1,32,0,80,100,0,0,0,0.3018573035945371
1,43,0,0,0,0,0,0,0,0,10,4,80,81,11,3,1,0.9449464097851296
0,398,0,14,0,0,0,25,0,0,28,5,50,82,0,1,0,0.15125820235667442
0,56,0,22,1,0,2,42,0,1,63,0,80,100,0,0,0,0.0004894345067776154
0,132,0,181,1,1,2,56,0,0,80,0,80,100,0,0,0,0.02215275336708469
0,193,0,0,0,0,0,32,1,0,20,0,80,100,0,0,0,0.03646814883401647
1,0,0,6,1,0,1,0,0,0,38,0,80,100,0,0,0,0.04399966543258732
0,95,0,0,1,0,1,0,0,0,74,0,80,100,0,0,0,0.051578182794831604
1,69,0,25,0,0,1,17,2,0,15,4,74,102,0,4,0,0.34695972079079335
0,0,0,13,0,1,3,28,1,0,27,0,80,100,0,0,0,0.0054758299486791185
1,0,0,0,0,0,0,0,0,0,0,1,80,95,16,2,0,0.9449360900718444
0,325,0,0,0,0,1,0,0,0,33,4,62,89,7,1,0,0.09707696606886491
0,0,0,50,1,0,5,8,3,1,65,2,80,112,15,3,0,0.07974992343148085
1,0,0,0,0,0,0,0,0,0,0,1,80,110,12,1,0,0.060394888594896716
0,326,1,187,1,0,1,0,0,0,93,1,90,120,0,0,0,0.009616630201167676
1,0,0,3,0,0,3,0,0,0,14,1,69,101,1,1,0,0.04857483229484702
1,155,0,0,1,0,0,0,0,0,54,1,82,119,0,1,0,0.0029273949092436472
0,267,1,268,1,1,2,25,2,0,74,0,80,100,0,0,0,0.001742641824406795
1,92,1,26,0,0,1,0,2,0,12,7,49,70,3,4,1,0.9859007167120049
1,281,1,210,0,0,0,25,3,0,44,0,80,100,0,0,0,0.010215877011582455
0,0,0,75,1,0,0,2,4,0,22,5,76,114,0,0,0,0.09764728253681276
1,13,0,0,1,0,1,0,0,0,57,0,31,65,2,1,1,0.983848336838725
0,317,0,120,1,0,2,19,0,0,67,1,80,124,0,0,0,0.0007876407339169747
1,99,0,0,0,1,1,0,0,0,24,4,67,102,0,1,0,0.16248242895974904
0,81,0,0,0,0,0,0,0,0,21,0,80,100,0,0,0,0.0006989707831417834
1,49,1,67,0,0,3,27,0,0,59,0,57,99,0,0,0,0.09498902429935638
0,31,0,0,0,0,0,0,0,0,11,3,43,88,18,0,1,0.7367522334694403
0,282,0,16,0,0,0,26,1,0,26,7,39,77,0,2,1,0.9753822352274873
1,35,0,30,1,1,0,14,3,0,24,2,52,92,0,1,0,0.32346953730843675
1,0,0,61,0,0,0,0,4,0,2,5,55,88,0,4,0,0.7628531101351281
1,29,0,19,0,0,0,19,0,0,16,4,69,95,0,0,0,0.0659463361287498
1,90,1,325,1,1,3,55,1,0,75,3,49,86,4,1,0,0.22795296447585756
1,167,0,146,0,0,2,0,0,0,56,4,81,106,0,4,0,0.050449805829818756
1,98,1,0,1,0,2,18,3,0,40,0,80,100,0,0,1,0.1488419043334023
1,0,0,0,0,0,0,13,5,0,0,2,38,77,7,1,1,0.9826258372792561
1,339,0,192,1,0,0,35,0,1,90,1,80,91,10,1,0,0.4162286496776945
0,166,0,0,1,1,2,0,0,0,90,4,80,109,3,2,0,0.004320536048233738
0,0,1,75,1,0,0,15,0,0,51,2,77,110,4,4,0,0.053426823286958094
1,0,0,0,1,0,2,8,4,1,32,3,52,92,0,3,1,0.9175848402769327
0,208,1,287,1,0,1,29,1,0,73,0,80,100,0,0,0,0.005159732629362943
0,241,0,72,0,0,0,25,2,0,28,9,80,91,6,1,0,0.3110378787406497
1,47,1,41,0,0,0,12,1,1,25,6,53,85,0,1,0,0.6932488280612028
1,29,0,48,0,0,5,24,0,0,43,3,71,100,0,2,0,0.1878363196787526
1,24,0,3,0,1,0,6,3,0,0,0,80,100,0,0,0,0.14545379283004364
0,216,0,0,1,0,2,24,0,0,49,2,56,98,3,1,0,0.185374728143363
1,20,0,0,0,0,1,0,0,0,15,0,80,100,0,0,0,0.05011363125022164
1,34,0,0,0,0,0,13,3,0,0,0,80,100,0,0,0,0.08274315195893822
0,113,0,76,1,0,1,0,0,0,86,1,80,104,0,0,0,0.008845060661892817
1,174,0,89,1,0,0,36,0,0,61,4,85,115,15,4,0,0.013717781221392895
1,64,0,0,0,0,0,11,1,0,8,2,80,89,0,2,1,0.8920429488143468
0,25,0,0,1,0,5,0,0,0,68,0,80,100,0,0,0,0.0018906291904469087
0,190,1,36,0,1,2,0,0,0,42,2,86,132,3,0,0,0.00045681324866263744
1,35,0,32,1,0,1,0,0,0,58,0,93,120,11,4,0,0.01779225682193816
0,475,0,40,1,1,1,29,1,0,56,0,80,100,0,0,0,0.004778294681908108
0,139,0,0,1,0,1,0,0,0,64,2,79,110,8,2,0,0.11675611464521833
0,37,1,76,1,0,1,20,3,0,57,0,80,100,0,0,0,0.014167205153781955
1,43,0,0,0,0,0,0,0,0,11,6,80,75,0,2,0,0.7139730759836361
0,106,0,0,1,0,0,0,0,0,78,2,64,101,14,1,0,0.04089715131423214
0,36,1,0,0,0,1,38,0,0,21,4,45,94,0,2,0,0.3173000797911151
1,125,0,197,0,0,1,49,3,1,57,2,56,82,0,1,0,0.23052090178514456
0,261,0,105,1,0,0,30,0,0,78,3,30,66,6,2,1,0.942680547167811
1,169,1,83,1,1,2,31,0,1,89,2,80,115,13,0,0,0.036211059418222794
0,40,0,0,1,0,0,27,0,0,37,0,80,100,0,0,0,0.001268407685046507
1,0,0,9,0,0,0,3,3,0,0,0,80,100,0,0,1,0.41302470228698324
1,0,0,36,1,0,2,23,1,0,52,6,65,97,0,2,1,0.2864120875588829
1,311,0,1,1,0,0,40,0,0,46,1,64,93,0,2,1,0.34603026717215063
1,0,0,0,0,0,0,9,5,0,0,0,80,100,0,0,1,0.4244697128733547
0,245,1,130,1,0,0,0,0,0,87,3,78,116,14,1,0,0.004043223848165195
1,119,1,62,0,1,3,1,2,0,32,7,57,87,0,2,1,0.3192995533488905
0,167,0,0,0,1,0,0,0,0,20,0,83,127,0,1,0,0.0005839828016691859
1,271,0,0,0,0,1,0,0,0,30,3,48,85,1,1,1,0.4767536584931766
1,21,0,46,0,0,1,15,0,0,24,0,80,100,0,0,0,0.24862875878448515
1,0,0,47,0,0,0,0,0,0,37,3,62,92,6,1,0,0.5870558255619619
0,86,1,52,1,0,1,4,0,1,50,0,80,100,0,0,0,0.5853662143133473
1,264,0,119,1,0,1,2,1,0,66,4,69,105,10,0,0,0.03789499619046296
1,0,0,17,1,0,1,1,10,0,24,4,81,112,0,4,0,0.18668853018658707
0,282,0,0,0,0,0,0,0,0,69,3,54,95,0,0,0,0.06618833923681323
1,81,0,15,1,0,0,17,2,0,33,1,80,111,2,1,0,0.0008370372894746397
1,28,0,0,0,0,0,0,0,0,29,0,80,100,0,0,0,0.08270731026387688
1,43,0,0,0,0,3,31,1,0,27,0,80,100,0,0,0,0.005525037651978902
1,14,0,16,0,0,1,2,0,0,11,0,80,100,0,0,0,0.3006020703731453
1,9,0,9,0,0,1,9,3,1,14,6,39,71,3,3,1,0.916282648979767
0,87,0,84,0,1,2,26,2,0,59,2,34,64,21,2,1,0.9113329442877292
1,172,0,0,0,0,0,0,0,0,100,8,80,82,0,2,0,0.6250460457519756
1,27,0,61,0,0,0,17,1,0,20,6,69,107,5,0,1,0.4274584371563246
0,0,0,0,1,0,1,0,0,0,56,2,73,122,0,0,0,0.04162810157628011
0,53,0,97,1,0,1,13,2,0,59,5,32,72,0,8,1,0.9849492034246073
0,40,0,35,0,0,0,41,0,0,48,1,95,129,14,3,0,0.0004902823422045776
0,292,0,85,0,1,2,26,0,0,53,8,66,107,1,1,0,0.04721532492139208
1,131,0,67,0,0,0,7,0,1,27,0,80,100,0,0,0,0.16475456417282033
1,198,0,72,1,0,1,0,0,0,70,2,77,119,1,2,0,0.015937292926271135
0,61,0,0,1,1,1,14,1,0,32,0,58,100,0,3,0,0.6396582955865289
1,41,0,0,0,0,0,0,0,0,27,0,80,100,0,0,0,0.25706414679806655
1,65,0,0,0,1,0,5,3,1,12,0,63,95,4,0,1,0.8424325557531388
0,0,0,0,1,1,2,0,0,0,67,4,45,79,10,6,1,0.9671408640947161
1,75,0,266,0,0,1,42,2,0,47,1,44,71,0,7,1,0.9843314622598044
1,39,0,127,1,0,3,17,4,0,51,0,40,75,0,1,1,0.4296390494404475
0,452,0,55,1,0,0,38,1,1,66,0,80,100,0,0,0,0.003254689602584197
1,300,0,119,1,0,1,61,0,0,85,3,51,86,0,0,0,0.2765923217106959
1,40,0,0,0,0,0,8,6,0,0,0,80,100,0,0,1,0.7070459431872567
1,0,0,54,0,0,0,5,0,0,12,5,33,72,9,1,1,0.9924732646582143
0,67,0,37,1,1,0,12,2,0,34,4,80,97,2,4,1,0.4025447893125761
0,160,0,0,1,0,3,0,0,0,77,1,80,94,9,1,0,0.08224753825936156
0,0,0,0,1,0,5,15,3,0,29,12,31,59,6,1,1,0.9947756315287166
1,321,0,76,0,0,1,14,1,0,46,1,80,117,15,2,0,0.29246477161258805
0,107,0,0,1,0,0,0,1,0,22,7,48,83,0,1,1,0.9451154448471399
1,37,1,95,0,0,0,11,2,0,16,3,80,100,0,0,1,0.27088264485240987
0,511,0,0,0,0,0,0,0,0,99,0,64,111,1,1,0,0.0157077302694402
1,217,1,103,0,0,1,8,5,0,32,0,80,100,0,0,0,0.042637170975385004
0,314,0,0,0,0,0,0,0,0,71,1,51,103,0,1,1,0.5128452163311998
1,0,0,0,0,0,1,0,0,0,11,2,80,78,13,1,0,0.6932321520848442
0,139,0,113,1,0,1,63,1,0,72,8,45,81,8,2,1,0.5876579990515277
0,201,1,74,0,0,1,21,1,0,34,3,54,90,0,1,1,0.9367281703030256
1,0,1,86,0,1,1,12,4,1,33,1,80,121,2,4,0,0.0025638914256344704
1,43,1,91,1,0,1,28,1,1,79,2,80,86,0,3,1,0.9887232055557499
0,0,0,62,1,0,2,42,0,0,75,1,46,75,19,1,1,0.8288818099618955
0,367,1,50,1,0,0,24,3,1,57,0,80,100,0,0,0,0.014676447175121836
1,40,0,0,1,1,0,0,0,0,54,4,33,68,0,2,1,0.9930701358051989
1,51,0,58,1,0,2,38,5,1,77,12,55,99,0,0,0,0.022457234027278294
0,245,0,2,1,1,1,31,0,1,64,4,68,93,0,2,0,0.035414239855935635
0,136,0,8,0,0,1,8,0,1,24,2,80,93,2,0,0,0.08707605770759026
1,62,0,6,0,0,0,0,0,0,5,13,53,91,7,0,1,0.9566245430283945
0,0,0,0,0,1,0,8,2,0,0,1,67,97,3,2,0,0.2416189786235128
0,200,1,390,0,1,0,0,0,0,49,0,41,89,0,0,1,0.2774246487980349
1,167,0,0,1,1,2,0,0,0,81,0,70,103,8,1,0,0.061170237483261405
0,185,0,19,1,1,1,23,0,1,60,4,80,89,7,3,0,0.45721768505774785
1,73,0,0,0,0,0,0,0,0,14,1,74,106,7,1,0,0.11342991605684383
0,350,0,97,1,0,1,9,2,0,60,6,53,88,3,5,1,0.570619753183282
0,138,1,237,0,1,0,40,0,1,61,3,52,85,0,1,0,0.07962809570136836
1,5,0,38,0,1,1,0,0,0,33,1,82,114,15,1,0,0.09621394792404696
0,107,0,0,0,0,0,19,3,0,6,0,80,100,0,0,0,0.0381797871914042
1,29,0,0,0,0,0,0,0,0,2,0,80,100,0,0,1,0.846713101211701
1,0,0,7,0,0,1,6,1,0,8,5,55,94,10,2,0,0.4583961236664722
0,108,0,0,1,1,4,0,0,0,93,0,85,122,0,1,0,0.0013972049555398068
1,66,1,54,0,0,1,7,1,0,39,0,72,113,1,0,0,0.032084451293293
1,252,0,0,0,0,1,0,0,0,29,4,47,91,0,4,1,0.7849325326054388
1,26,0,0,1,1,0,0,0,0,46,3,59,90,0,2,0,0.4170926240675628
1,221,0,157,0,0,3,31,2,1,68,1,47,86,6,0,1,0.36421040888671447
1,102,0,34,1,0,0,46,3,0,38,0,80,100,0,0,0,0.0020014103388821527
0,43,1,43,0,0,2,31,1,1,43,2,42,73,8,6,1,0.6192166058536456
1,31,0,32,0,0,0,14,1,0,33,0,80,100,0,0,0,0.3145777749843895
0,177,0,166,1,0,3,0,0,0,95,0,80,75,0,5,0,0.762278643645204
0,294,0,0,1,0,0,0,0,0,43,5,54,88,0,8,0,0.7762448448516855
0,518,0,0,0,0,0,0,0,0,100,2,87,119,0,1,0,0.0004634676705460697
0,417,0,182,0,0,2,24,0,0,66,0,80,100,0,0,0,0.0144507525306545
0,172,1,121,1,1,2,0,0,0,92,1,90,105,2,1,0,0.00138108229247117
1,162,0,307,1,0,5,29,1,1,86,3,71,117,2,0,0,0.0026082235911646045
1,108,0,43,1,0,0,0,0,0,63,3,57,93,0,2,1,0.8410963737513163
1,0,0,40,1,0,0,0,0,0,39,1,81,126,0,2,0,0.012022333947276647
1,41,0,23,1,1,0,7,5,0,18,3,62,99,5,3,0,0.30088137268935594
0,326,0,48,0,0,3,0,0,0,53,1,80,100,0,5,1,0.7344104040554268
1,0,0,73,0,0,0,0,0,0,17,2,56,93,0,0,1,0.8529708984830214
0,26,0,45,0,0,1,9,0,0,35,0,58,93,3,2,1,0.43142014916651705
1,105,0,0,0,0,0,14,2,0,6,1,58,95,10,1,1,0.5989982969258485
1,240,0,250,1,0,1,48,1,1,85,0,48,74,0,1,0,0.6778163682170282
1,26,1,29,0,0,1,12,4,1,35,3,63,103,9,2,0,0.1297544027629869
1,0,0,0,0,1,1,17,0,1,24,2,59,109,0,1,1,0.3820378768063274
1,282,0,94,1,1,0,0,0,0,70,2,91,131,0,0,0,0.00050321222013196
1,110,0,170,0,0,4,50,0,1,74,2,40,74,0,4,0,0.21493312177645296
1,249,0,60,1,0,1,12,3,0,53,0,80,100,0,0,0,0.4658431955605123
0,139,0,0,1,1,2,0,0,0,100,5,59,90,4,3,0,0.33544721727937266
1,134,0,0,1,1,2,26,0,0,55,0,80,100,0,0,0,0.0011338013491657786
1,150,0,114,0,0,0,0,0,0,35,0,80,100,0,0,0,0.03162330038631429
0,405,0,0,0,0,0,0,0,0,77,0,93,119,0,0,0,0.0014770486400203899
1,0,0,0,1,0,2,0,0,0,67,2,47,79,0,3,1,0.5515398558388701
1,14,1,42,1,0,0,15,0,0,34,0,80,100,0,0,0,0.019062179879586527
1,0,0,0,0,0,0,2,4,1,0,0,80,100,0,0,0,0.2856675557239415
0,362,0,0,1,0,6,0,0,0,100,4,49,87,3,0,0,0.0891299394209473
1,41,0,0,0,0,0,0,5,0,0,2,73,112,0,2,0,0.14671269860894529
1,0,0,160,1,0,1,33,0,0,63,4,63,83,1,0,0,0.08554758161291562
1,0,0,170,0,0,0,50,3,0,30,3,46,84,12,3,1,0.9800407712597552
1,0,0,0,0,0,0,0,0,0,0,0,80,100,0,0,0,0.07306140760083517
1,101,0,0,0,0,1,0,0,0,18,0,80,100,0,0,1,0.31618655432267956
1,171,0,0,0,0,0,0,0,0,76,3,66,93,10,3,0,0.10267227665317304
1,207,0,277,1,0,0,37,4,0,61,4,44,79,0,1,1,0.9755535731598886
0,227,0,0,1,0,0,0,0,0,73,5,28,66,7,0,1,0.9964910882052705
0,0,0,17,1,0,1,0,0,0,41,0,80,100,0,0,0,0.06430367705995757
1,78,1,32,1,1,4,0,0,0,59,1,83,110,0,3,0,0.0011598902541637478
1,63,0,0,0,0,1,0,0,0,19,1,40,79,7,6,1,0.9238525230824971
1,170,0,110,1,0,3,25,0,0,86,7,86,114,16,3,0,0.008616554865827838
0,435,1,254,0,0,1,23,0,1,72,2,55,86,0,3,1,0.3690159357749297
0,312,0,0,0,0,0,0,0,0,100,0,80,100,0,0,0,0.002757860946018287
1,0,0,29,0,0,0,3,4,0,0,2,82,112,0,3,0,0.11183340721629921
1,212,1,106,0,1,3,0,0,0,46,4,46,75,0,1,0,0.37959480361696885
0,178,0,346,1,1,3,24,0,0,78,0,80,100,0,0,0,0.000869598678733604
1,0,0,22,0,0,1,0,0,0,15,1,53,86,0,3,1,0.9639036359120536
0,80,1,26,1,0,0,0,0,0,65,1,80,90,0,1,0,0.22443030021936045
1,162,0,49,0,1,0,0,0,0,22,0,80,100,0,0,1,0.5537169319226275
1,68,0,0,0,0,0,0,0,0,4,0,80,100,0,0,0,0.19554999916493288
0,305,0,16,1,0,0,0,0,0,44,0,88,115,0,0,0,0.0008484574764868747
0,13,1,79,1,1,0,24,0,0,56,6,89,121,9,3,0,0.007358019356533229
0,384,0,0,1,0,0,0,0,0,45,4,60,104,0,2,0,0.036637379301704576
1,48,1,44,0,0,0,36,1,0,45,0,88,122,0,0,0,0.0003779107225010567
1,0,0,0,0,0,0,0,0,0,0,4,41,74,7,1,1,0.8493411941251056
1,148,0,55,1,0,1,7,0,0,41,0,80,61,10,6,1,0.979004628387419
1,7,0,185,0,1,0,18,0,1,49,1,51,89,8,1,0,0.2817969313333426
0,77,1,17,0,0,0,15,5,0,3,1,64,112,5,0,0,0.5559084078995902
0,361,1,94,1,0,1,39,0,0,77,0,80,100,0,0,0,0.0006528856558192713
0,199,0,0,1,1,2,0,0,0,57,0,80,100,0,0,0,0.002097409187317089
1,80,0,30,0,0,0,10,3,0,9,1,62,95,0,3,1,0.6210512993697025
1,131,0,93,1,0,3,0,0,0,65,2,66,101,0,0,0,0.06737855300797156
0,409,0,0,1,0,0,0,0,0,75,3,55,92,0,2,1,0.36757761976823683
0,400,0,184,0,0,2,0,0,0,65,0,80,100,0,0,0,0.009693345310192291
1,99,0,34,1,0,0,22,3,0,35,1,60,88,0,1,0,0.31399851072136126
0,251,0,0,1,0,1,0,0,0,81,0,80,100,0,0,0,0.011308672029465967
0,143,0,0,0,1,0,0,0,0,11,2,50,85,0,4,1,0.641784884368431
1,116,0,70,0,0,0,0,0,0,17,0,80,100,0,0,0,0.49007350482259276
0,242,1,219,1,0,1,34,0,1,89,0,80,100,0,0,0,0.0016929293848613506
1,9,0,0,0,0,1,5,2,0,3,0,96,131,6,0,1,0.07995732552640551
0,101,0,88,1,1,3,24,0,0,66,0,80,100,0,0,0,0.07630199725232857
1,0,0,0,0,0,0,13,4,0,0,0,80,100,0,0,0,0.5257807466817309
1,37,0,82,1,1,4,15,1,0,56,0,80,100,0,0,0,0.12794308398823162
1,242,0,0,0,0,1,0,0,0,34,2,80,98,4,2,0,0.32545789943004105
1,90,0,0,1,0,1,14,4,0,33,0,80,100,0,0,0,0.30902062851399387
0,253,1,0,1,0,2,0,0,0,60,1,41,75,0,3,1,0.8017971464818223
0,246,0,4,1,1,0,15,1,1,42,3,68,95,0,0,0,0.28560208212749666
0,144,0,66,1,0,0,0,0,0,52,0,80,95,0,1,0,0.4478653953866337
1,159,0,86,0,0,0,30,0,0,45,3,63,108,5,2,0,0.04434679364485536
1,16,0,0,0,0,0,0,0,0,4,5,53,89,0,2,1,0.6892105337218066
1,82,0,100,0,1,0,35,1,0,48,0,55,87,12,2,0,0.6468581478605355
1,212,0,273,0,0,1,25,0,0,53,2,82,123,3,0,0,0.0015079923971313086
1,276,0,251,1,0,0,48,3,0,64,0,80,100,0,0,0,0.2388238428813126
1,137,0,0,1,1,0,0,0,0,68,0,75,105,6,7,1,0.5199697129136972
0,229,0,37,1,0,1,18,1,1,53,0,80,100,0,0,0,0.029391547226190792
0,283,1,195,0,0,0,0,0,0,54,0,80,100,0,0,0,0.00813648368220918
1,190,0,0,1,0,2,0,0,0,85,0,87,118,0,0,0,0.00020540965979552736
1,218,0,63,0,0,1,0,0,0,30,7,46,84,4,0,1,0.9341058622364674
1,176,1,18,1,1,0,28,3,0,48,0,75,102,0,2,0,0.23710343761486177
0,5,0,19,1,0,1,0,0,0,45,1,53,94,8,1,1,0.35417049774954407
0,51,0,0,1,0,3,0,0,0,81,1,80,93,10,3,0,0.2042808811772491
1,0,0,80,0,0,0,1,3,1,18,3,80,105,0,4,0,0.471170927478474
0,344,0,166,0,0,1,18,0,1,65,4,84,113,1,0,0,0.007738304429145927
0,0,0,0,1,1,2,44,0,0,45,2,39,81,0,8,1,0.6998695119185909
1,182,0,103,0,1,1,9,2,0,39,2,58,96,4,3,1,0.6244436353488146
0,63,1,47,0,1,1,21,4,0,28,1,64,101,0,1,0,0.1916665915352212
1,159,0,0,0,0,0,0,0,0,100,2,80,107,0,1,0,0.1466020027394073
1,20,0,0,1,0,1,0,0,0,63,4,80,96,15,2,1,0.7187034251426442
0,184,0,8,0,0,2,0,0,0,22,2,61,89,14,2,0,0.4088610800854695
0,474,0,405,1,1,1,42,0,1,94,2,80,94,0,3,0,0.08454755671717416
0,138,0,0,0,0,0,0,0,0,10,5,49,86,1,1,0,0.7074375179163487
0,0,0,23,1,0,1,25,1,0,46,0,80,100,0,0,0,0.02019714096419702
1,240,0,198,0,0,1,26,2,0,54,3,76,115,0,1,0,0.014665023798199981
1,25,0,78,0,0,0,0,0,0,17,1,53,79,9,3,1,0.7402988920742849
1,282,0,92,1,0,4,15,3,0,54,1,92,128,0,2,0,0.006051653596187374
0,315,0,47,1,0,0,10,2,0,34,1,44,80,7,2,0,0.7667278475632266
0,125,0,48,1,0,1,0,0,0,54,2,71,107,0,3,0,0.42839698260274295
0,171,1,62,1,0,2,19,3,0,52,0,80,100,0,0,0,0.03122212354978732
0,6,0,152,0,0,2,55,4,0,43,4,49,87,0,1,1,0.976156640382782
1,0,0,89,0,0,0,0,0,0,40,3,60,81,3,0,0,0.5580234726509186
0,82,1,101,1,0,1,26,0,0,75,0,80,100,0,0,0,0.0018360705022053667
1,67,0,28,1,0,1,21,2,0,63,0,80,100,0,0,0,0.027182547308451918
0,63,0,0,0,0,0,0,0,0,24,3,70,102,7,4,1,0.3006737689868646
1,166,0,5,0,0,1,7,2,0,9,0,80,100,0,0,0,0.22371418703413606
0,56,0,0,0,0,0,0,0,0,52,2,54,98,0,0,0,0.07778983457700499
1,50,0,0,1,0,0,0,0,0,61,1,80,90,0,2,1,0.9084859925844658
0,340,1,144,1,0,3,23,2,0,70,5,42,93,0,1,1,0.694241320446813
0,61,0,35,0,0,0,19,5,0,3,1,98,131,0,1,0,0.00792486296663956
1,165,0,24,0,0,1,0,0,0,19,2,80,116,6,0,0,0.0386149775182726
0,79,0,126,0,0,0,46,4,0,40,0,80,100,0,0,1,0.6913795547001143
0,277,0,138,1,0,3,43,0,1,84,3,75,113,5,1,0,0.005619025066138966
0,330,0,170,1,0,0,30,4,1,78,6,82,111,3,3,0,0.007952750813425839
1,177,0,0,0,1,0,0,0,0,16,0,80,100,0,0,0,0.1406235606591871
0,205,0,209,0,0,0,20,0,1,57,0,80,100,0,0,0,0.02608766502993162
0,98,0,85,1,0,0,0,0,0,81,0,91,118,1,0,0,0.011706231906671145
0,168,0,147,1,0,1,14,1,1,74,2,80,82,0,5,0,0.5915191149969284
0,92,0,47,0,0,1,0,0,0,41,5,44,81,4,0,1,0.9493600839347878
0,14,1,50,1,0,3,33,1,0,66,3,71,113,4,1,0,0.003231825067506967
0,64,1,20,1,0,0,12,1,0,36,0,80,100,0,0,0,0.034006641161776166
0,0,1,57,0,0,2,0,0,0,26,0,80,100,0,0,0,0.0684101130478195
1,76,0,0,0,0,3,0,0,0,36,1,46,71,0,4,1,0.825070803542301
1,27,0,0,0,0,0,0,0,0,5,5,46,76,0,2,1,0.9854595508047903
1,63,0,8,0,0,0,0,0,0,16,8,39,66,22,1,1,0.988396159849557
0,240,0,86,1,0,3,21,0,0,86,2,57,101,3,1,0,0.09459585936486417
1,123,0,144,1,1,1,37,1,0,73,0,80,100,0,0,1,0.2765776448238038
1,138,0,157,0,0,1,17,1,0,42,0,80,100,0,0,0,0.0038790175480996757
0,77,0,49,1,0,1,23,0,1,89,2,44,75,0,1,1,0.4635004273911336
1,107,0,61,1,0,6,0,0,0,96,1,50,88,11,1,0,0.40155583300635717
0,92,1,0,1,0,1,0,0,0,45,2,98,132,4,1,0,0.0004099786289953855
0,0,0,66,0,0,1,19,2,1,28,0,80,100,0,0,1,0.13079599177353485
0,177,0,76,1,0,1,0,0,0,58,1,60,104,10,6,1,0.22062569453032801
0,395,0,342,0,0,3,48,0,0,67,3,46,83,9,4,0,0.46845352019000897
0,27,0,3,0,0,0,0,2,0,0,4,80,112,0,1,0,0.02458901200790266
1,186,0,103,1,0,2,0,0,0,92,1,84,100,0,2,0,0.06656781542307319
1,0,0,0,0,0,0,0,0,0,0,0,80,100,0,0,0,0.23705100493682332
1,0,0,9,0,0,0,0,2,0,0,3,69,97,0,0,0,0.6559716758874089
1,91,0,22,0,1,0,25,0,1,29,0,80,100,0,0,0,0.010366726449102857
0,157,0,47,1,0,0,16,2,0,38,0,80,100,0,0,0,0.05555114854095051
1,3,0,34,1,0,0,13,1,0,36,5,80,130,7,4,0,0.014574563094030286
1,45,1,68,1,1,2,27,0,0,78,6,78,111,5,1,0,0.009813720562354914
1,11,0,17,1,0,2,1,1,0,37,0,60,94,0,7,0,0.23989108391459046
0,118,0,29,1,0,4,27,2,0,52,0,80,100,0,0,0,0.009306083254759873
1,22,0,29,1,0,5,0,0,0,61,5,80,104,3,0,1,0.0771568180856698
1,45,0,195,0,1,1,15,6,0,28,2,80,82,26,1,1,0.9893831773175638
0,596,1,79,1,0,2,20,0,1,76,0,80,100,0,0,0,0.003435910469004947
0,266,0,69,1,0,1,0,0,0,64,2,84,115,0,1,0,0.010953529475719108
0,324,1,145,0,0,0,16,1,0,43,10,54,87,0,0,0,0.19953142744755753
0,187,1,223,1,1,2,0,0,0,92,5,39,79,0,2,1,0.677159517023685
1,267,0,0,0,0,0,0,0,0,21,0,80,100,0,0,0,0.07495011203533511
0,107,1,229,0,1,2,22,1,1,62,0,80,100,0,0,0,0.013177814379214363
1,160,0,43,1,0,0,33,1,1,63,2,54,80,9,1,1,0.8678033165879347
0,203,0,97,0,1,2,25,0,1,76,0,80,100,0,0,0,0.0013975883340059103
1,42,1,13,0,0,3,6,1,0,17,0,80,100,0,0,0,0.05365949778951786
1,92,1,67,1,1,0,0,0,0,67,7,39,77,0,6,0,0.7849080370852626
1,47,1,41,1,0,3,0,0,0,79,4,92,124,0,0,0,0.009275554902363582
0,261,0,180,0,1,0,55,1,0,52,0,80,100,0,0,0,0.026544912072704256
1,51,0,0,0,0,0,4,4,0,0,2,38,77,0,9,1,0.9960991604083175
0,261,0,0,1,0,2,25,1,1,61,5,49,88,16,0,0,0.8889907156214908
1,0,0,0,0,0,0,8,0,0,4,0,80,100,0,0,0,0.4271421689618821
1,480,0,193,1,0,0,25,0,0,78,3,80,78,0,2,0,0.21920547391646367
1,152,0,188,0,0,0,53,2,0,46,0,80,100,0,0,0,0.22161610290531258
1,0,0,16,1,0,0,0,1,1,33,2,80,115,13,0,0,0.08363615506501164
0,1,0,0,0,0,0,0,0,0,0,0,80,100,0,0,1,0.19131621468690987
1,8,0,29,1,0,0,0,6,1,19,7,45,79,0,3,1,0.9706861565521328
1,260,0,109,0,1,1,10,3,0,32,0,80,100,0,0,0,0.08223042735855601
0,144,0,0,1,0,3,0,0,0,97,1,50,84,0,0,0,0.6215488434960214
0,28,0,24,1,0,1,21,0,0,48,0,80,100,0,0,0,0.021030958437048226
1,72,0,0,0,0,0,1,2,1,10,1,60,92,0,1,0,0.5228706270336978
0,117,0,13,1,0,1,10,0,0,37,2,36,75,0,2,1,0.9894831093767589
1,77,0,51,0,0,0,0,3,0,26,2,75,107,2,1,0,0.12430542205826678
1,13,0,0,0,0,1,0,0,0,9,0,80,118,5,0,0,0.005803055329257215
0,128,0,0,0,0,0,0,0,0,32,2,59,83,16,1,0,0.3206236049837632
1,336,0,79,0,0,2,19,0,1,56,0,80,100,0,0,0,0.20201154778019484
0,104,0,124,1,0,2,17,2,0,59,0,78,116,0,0,0,0.009286250591274145
0,111,0,0,0,0,2,0,0,0,32,3,54,88,0,1,0,0.1860056036028375
1,76,0,154,0,0,2,61,1,1,71,8,47,83,13,0,1,0.9235929690114727
1,0,0,33,1,0,1,0,0,0,53,0,80,100,0,0,1,0.40727842397046404
0,134,0,136,0,1,4,21,0,0,53,2,67,120,4,2,0,0.018325985625652207
1,0,0,0,0,0,0,0,6,0,0,1,67,101,0,4,0,0.15297388171286613
1,42,0,0,0,0,0,0,0,0,5,6,80,106,0,1,0,0.21556517557887103
0,0,0,0,1,0,0,0,0,0,44,5,43,76,2,1,1,0.6765139191726222
0,155,0,161,1,0,2,14,2,1,74,4,58,87,7,0,0,0.023096746951614105
0,353,1,230,0,0,1,0,0,0,65,0,80,100,0,0,0,0.005065413526815198
0,220,0,268,1,0,1,42,1,0,74,0,80,100,0,0,0,0.009084316724878633
0,344,0,0,1,0,4,0,0,0,91,0,80,100,0,0,0,0.006646164035535547
0,95,0,102,0,0,2,27,3,0,50,3,72,104,1,0,0,0.009918299161588685
1,14,0,18,1,0,2,23,2,0,43,1,80,77,0,3,1,0.8277088015935764
0,0,0,0,0,0,1,0,0,0,11,2,80,114,11,3,0,0.010113504040186287
0,105,0,147,0,0,1,25,1,0,57,0,76,102,5,0,0,0.000677428003465152
0,173,0,0,0,0,0,0,0,0,14,2,60,88,1,3,0,0.21425655954598063
0,157,0,0,0,1,3,0,0,0,44,7,49,85,0,1,0,0.24835974747264547
1,193,0,28,0,1,0,22,2,1,26,0,80,100,0,0,0,0.15374653332231508
0,286,1,300,0,0,0,41,0,0,53,3,50,83,0,1,0,0.34966792929405655
1,0,0,138,1,0,0,0,0,0,67,1,50,76,0,0,1,0.9296328934750746
1,10,0,147,0,1,1,48,1,0,47,5,49,73,0,3,1,0.7274440117771218
1,188,0,0,1,0,0,0,0,0,64,4,80,112,0,0,0,0.008562476848840771
1,0,0,155,0,1,0,57,12,0,30,0,80,100,0,0,0,0.6052018040795276
0,117,0,13,1,0,0,26,0,1,49,0,73,107,5,5,0,0.013222358749651542
1,321,0,176,0,0,1,52,2,0,53,2,45,78,0,2,1,0.8427855908867994
0,50,1,44,1,0,0,0,0,0,78,1,66,102,0,1,0,0.04592619389228315
1,118,0,11,0,0,0,19,2,0,14,0,36,72,10,2,1,0.9952320051071246
1,91,0,29,1,1,1,4,3,1,49,3,80,90,0,3,1,0.744922702929603
0,54,0,0,1,0,1,0,0,0,65,4,80,105,8,1,1,0.11020222157618262
1,75,0,193,1,0,1,18,1,0,61,4,75,122,0,0,0,0.020736366912031252
0,115,0,86,1,0,7,36,2,0,78,2,41,72,0,1,1,0.900533130077223
0,164,0,89,0,0,1,37,0,1,53,1,76,116,5,0,0,0.0004808404162669656
1,132,0,63,0,0,0,16,2,0,23,9,64,91,5,4,1,0.6888053299177671
0,37,0,12,0,0,0,0,0,0,4,0,80,100,0,0,1,0.08589135399052501
0,233,0,190,1,0,3,0,0,0,90,0,80,100,0,0,0,0.007133255333573059
0,27,0,264,0,0,1,40,0,0,51,2,46,80,0,2,1,0.8632649627259326
0,136,0,0,1,1,1,0,0,0,64,5,74,99,3,1,0,0.031548667216505795
1,243,0,179,1,0,0,21,0,1,82,1,80,76,23,2,1,0.6726583756070893
0,134,0,0,0,0,0,0,0,0,20,3,39,65,0,1,1,0.9917975848562353
1,44,0,10,1,0,1,0,0,0,52,6,54,81,0,4,1,0.9075808521484069
0,191,0,335,0,0,1,57,1,0,55,0,80,100,0,0,0,0.0259023104458588
0,661,1,136,1,1,0,25,1,0,65,3,60,108,1,3,0,0.01242095742304193
0,113,0,204,1,0,1,29,2,0,69,0,80,100,0,0,0,0.006957451379786214
1,535,0,0,1,0,4,0,0,0,100,4,54,88,21,12,0,0.3323487087074931
1,90,0,0,1,1,0,0,0,0,73,3,61,96,1,10,0,0.2993595925084805
1,47,0,0,1,0,0,0,0,0,33,0,80,100,0,0,1,0.8248387028918238
1,132,1,121,0,0,0,1,0,0,37,4,54,91,0,0,0,0.6497462664097772
0,244,0,0,0,0,0,0,0,0,74,0,80,100,0,0,0,0.00478378308639453
1,0,0,0,0,0,0,0,0,0,0,0,80,100,0,0,1,0.3132362996141679
1,0,0,11,0,0,0,2,1,0,6,0,40,85,15,1,1,0.9000412264021678
1,10,0,93,1,0,1,63,5,0,56,0,80,100,0,0,1,0.2744668590778091
0,37,0,0,0,0,1,38,1,0,20,0,80,100,0,0,0,0.0014092309059693844
0,0,0,0,0,0,1,0,0,0,11,0,80,100,0,0,0,0.012450044162227251
1,540,0,0,0,0,0,0,0,0,100,0,80,100,0,0,0,0.002238410303757143
0,99,0,0,1,0,1,0,0,0,71,3,39,74,9,2,1,0.9473267135182725
1,0,0,0,0,0,2,0,0,0,22,1,50,79,6,2,1,0.7295496779848007
1,0,1,25,1,0,0,17,2,1,38,0,45,81,1,6,0,0.6367459917506307
1,159,0,0,1,0,0,0,0,0,55,1,57,95,4,1,1,0.7818313049609514
1,383,0,87,0,1,1,0,0,0,40,4,80,92,5,2,1,0.8533328645807218
1,0,0,87,0,0,1,0,0,0,29,0,80,100,0,0,0,0.5566827727682568
1,0,0,45,1,1,0,0,0,0,42,2,58,86,10,0,0,0.13923545691314812
0,0,0,109,1,0,0,0,0,0,67,0,80,100,0,0,0,0.0008338787392197511
1,99,0,0,0,1,0,19,3,0,9,0,80,100,0,0,0,0.020900849891532642
0,291,1,15,0,0,0,20,0,0,24,4,49,73,0,0,1,0.8734611092213742
0,314,0,159,1,0,0,0,0,0,87,0,80,100,0,0,0,0.00114894485528273
0,1,0,0,0,0,0,0,0,0,0,0,85,117,0,0,0,0.00037953968464411324
1,165,0,0,0,0,2,0,0,0,47,5,62,107,5,4,0,0.013937623545627262
1,214,1,115,1,0,1,18,0,1,81,0,78,118,0,4,0,0.0078123050403474305
1,105,0,49,1,0,2,21,0,1,69,2,52,91,8,1,0,0.49203904334715437
0,156,0,231,1,0,0,44,1,0,69,0,43,73,10,5,1,0.7500159096615093
1,84,1,131,1,0,2,38,4,1,80,0,38,70,0,0,0,0.628461556083164
1,49,0,0,0,0,1,0,0,0,14,0,80,100,0,0,1,0.7821481201344084
0,141,0,0,1,0,2,34,0,1,65,2,56,102,6,2,0,0.06175167908810742
0,35,0,104,1,1,2,0,0,0,68,2,49,95,25,3,1,0.7622173598795354
1,0,1,9,1,0,0,22,0,1,48,3,80,93,7,1,0,0.38627181810161637
1,345,1,91,0,0,1,35,2,0,49,4,52,83,7,2,0,0.7891668861600811
0,208,1,58,1,0,0,27,0,1,58,6,53,90,0,0,1,0.43541495615233433
1,110,1,226,1,0,0,13,1,0,57,0,80,100,0,0,0,0.08171117361236557
0,108,0,0,1,0,0,10,1,0,27,7,56,96,0,4,0,0.056600948797876006
0,321,0,0,1,0,1,0,0,0,78,2,69,94,0,1,0,0.21987720665979296
0,326,0,0,1,0,0,0,0,0,65,0,80,100,0,0,0,0.1517890309036173
0,73,1,26,0,0,7,22,0,0,53,3,75,115,5,1,0,0.010885385674857218
0,211,0,16,1,0,0,3,0,0,30,0,80,100,0,0,1,0.569560677814887
1,31,1,44,1,0,1,0,0,0,56,0,80,100,0,0,0,0.004783474760607386
1,30,0,38,0,0,0,20,4,0,11,2,63,92,1,0,0,0.09619430527511288
1,320,0,137,0,0,1,16,2,1,47,0,80,100,0,0,0,0.016091261945838656
0,247,1,29,1,0,0,23,0,1,60,8,80,101,1,1,0,0.02476334564397918
1,46,0,22,1,1,0,60,0,0,43,2,31,72,0,7,1,0.9922111129953435
0,223,0,0,1,0,2,0,0,0,95,2,80,79,3,1,0,0.2009555689008483
1,94,0,108,0,0,0,10,1,1,30,0,80,100,0,0,1,0.4006888645890918
0,39,1,3,1,0,2,34,0,0,51,0,80,135,0,1,0,3.493144294843357e-05
0,267,1,138,1,1,3,25,0,0,78,2,69,107,9,1,0,0.02288999896291117
0,122,0,0,0,1,0,1,1,0,2,0,73,101,5,0,0,0.21757561413856163
0,94,0,36,1,0,1,0,0,0,51,3,57,90,0,3,1,0.3418859161119866
0,311,0,206,1,0,1,0,0,0,86,4,79,112,0,2,0,0.009688062741413888
0,201,0,0,0,0,0,14,2,0,10,5,50,86,3,3,1,0.8829702231530177
1,17,0,35,0,0,0,11,7,0,12,0,55,94,2,1,1,0.7425575276954492
1,165,0,228,1,0,5,35,0,1,90,1,95,125,2,0,0,0.00016636296892316165
0,305,1,157,1,0,2,29,0,0,86,0,80,100,0,0,0,0.004772416766397475
0,135,0,152,0,0,2,72,1,0,50,0,80,100,0,0,0,0.00876483738669626
1,274,1,66,1,0,2,27,1,0,78,0,90,129,3,0,0,0.00032305164883019875
0,327,1,135,1,0,1,22,3,1,82,6,59,91,0,2,1,0.05919310634168619
1,0,0,0,0,0,0,0,0,0,0,1,80,117,0,0,0,0.04003184365571509
1,133,0,0,0,0,6,0,0,0,41,0,80,100,0,0,0,0.013516900385732982
0,97,1,63,1,0,2,0,0,0,55,0,80,100,0,0,1,0.2840695073736289
0,244,0,0,1,1,0,0,0,0,64,2,71,103,3,2,0,0.02712877883102605
1,171,0,0,0,0,0,2,2,1,11,0,63,99,4,0,1,0.4677980685675345
1,0,1,55,1,0,4,23,0,0,72,2,74,115,0,0,0,0.06071101057833597
0,260,0,253,1,1,0,0,0,0,78,0,80,100,0,0,0,0.014563265420693165
0,71,0,0,1,0,3,33,1,1,56,0,80,100,0,0,0,0.0037413096487813415
0,131,0,66,0,0,0,0,2,0,10,4,69,97,3,1,0,0.18803022365461636
0,0,0,159,0,0,0,44,2,0,39,2,44,72,0,2,1,0.9700942666692256
0,0,0,0,0,0,0,0,0,0,0,4,74,116,0,2,0,0.19587487225972097
1,113,0,0,0,0,0,0,0,0,9,8,80,90,0,0,1,0.9624680594858203
0,77,0,0,0,0,0,0,0,0,22,5,67,98,0,1,0,0.20242922794983684
0,66,0,119,0,0,4,27,0,1,56,1,81,124,0,1,0,0.0008929899946475242
1,116,0,14,0,0,0,14,4,1,12,0,80,100,0,0,0,0.1257720203724469
1,133,0,78,1,0,1,0,0,0,55,4,51,82,2,2,0,0.8728270790745273
1,205,0,52,0,0,1,0,0,0,22,0,85,127,4,0,0,0.04519030565570505
0,225,0,133,1,0,2,18,2,0,73,1,43,81,0,1,1,0.8689967717209509
0,17,0,0,0,0,0,0,0,0,9,5,72,107,0,0,0,0.08211156432120863
0,290,0,0,1,0,1,0,0,0,84,1,80,107,1,0,0,0.07788811851530224
1,216,0,77,1,1,0,17,1,0,48,2,66,103,6,3,0,0.05874113357455524
1,0,0,52,0,1,0,25,2,0,28,4,80,77,0,0,1,0.9025042820085398
1,213,0,0,0,0,2,7,1,0,23,5,80,124,0,2,0,0.015446426248479007
1,0,1,104,0,0,1,0,0,0,45,3,37,78,13,2,1,0.9931476450088683
1,122,1,44,1,1,2,0,0,0,57,4,58,92,0,5,0,0.5525134079980476
1,256,1,56,0,1,0,29,2,1,37,3,85,120,14,2,0,0.007409904001826891
1,56,0,18,0,0,2,0,0,0,29,9,49,79,0,3,1,0.9276771981301389
0,175,0,59,0,1,0,9,1,0,31,4,50,89,5,0,1,0.9455769677800312
0,458,0,278,1,0,1,0,0,0,93,1,64,77,4,1,0,0.06711801903805203
1,81,0,41,0,0,2,16,1,0,40,4,56,84,5,1,1,0.5821274915207381
0,81,0,0,0,0,0,0,0,0,74,4,43,70,14,2,1,0.8488433844060855
1,72,0,51,0,0,1,0,0,0,29,0,80,100,0,0,0,0.1256989867224492
1,97,0,0,1,0,4,0,0,0,80,1,38,70,2,4,0,0.8587185689130791
0,0,0,0,0,0,0,0,0,0,0,1,80,98,13,2,0,0.21082777181341522
0,234,0,0,1,1,1,26,1,0,50,5,60,93,7,3,0,0.2101145053961169
0,196,1,157,1,1,2,33,1,0,77,0,64,88,0,3,0,0.1220847580681919
1,163,0,0,0,0,0,0,0,0,31,1,56,90,0,3,0,0.8258171396761752
0,0,0,0,1,0,0,0,0,0,44,0,80,100,0,0,1,0.6451529281591093
0,404,1,148,1,0,1,0,0,0,93,0,87,124,0,0,0,0.0005233402984782908
0,149,1,60,1,1,3,36,0,1,95,7,52,81,8,0,0,0.05963515687022463
1,20,0,0,0,0,0,0,0,0,2,6,47,85,2,3,1,0.9791004436955246
0,166,0,174,1,1,0,11,1,0,59,2,62,97,0,2,0,0.20091670585775556
0,82,0,0,1,0,3,0,0,0,81,1,86,115,0,0,0,0.008579797442543542
1,174,0,0,0,0,0,5,0,0,10,0,45,72,0,2,1,0.959590277417639
0,170,0,57,0,0,0,19,0,0,43,3,68,95,0,0,0,0.15718752798807764
0,413,0,239,1,0,1,41,1,0,79,0,80,100,0,0,0,0.002786459672181408
1,17,1,85,0,0,1,0,0,0,38,9,75,102,0,3,0,0.06622781609142263
0,303,0,53,0,0,2,32,1,0,38,3,83,108,12,2,0,0.01508171312071899
0,276,0,128,1,1,3,29,3,1,71,3,69,95,6,1,0,0.050088510877154276
0,133,0,106,0,1,0,4,1,0,20,8,48,74,0,0,1,0.9270152619328822
1,328,1,101,1,0,2,16,1,1,86,4,71,103,3,4,0,0.1530378137670823
1,0,0,62,0,0,1,21,1,0,27,0,80,100,0,0,0,0.007610010148185953
1,239,0,0,1,1,0,0,0,0,60,0,80,100,0,0,0,0.6517087411876472
1,185,0,23,1,0,0,5,3,0,24,1,80,92,0,0,1,0.4730716714452619
0,117,0,53,1,1,2,31,0,1,69,0,80,100,0,0,0,0.0002548331191757049
1,303,0,22,1,1,1,20,0,0,55,3,64,97,0,0,0,0.3097355838589023
1,17,0,0,1,0,1,0,0,0,34,4,49,86,0,4,1,0.8992606169828699
0,207,0,82,1,0,0,24,3,0,41,4,46,78,4,4,1,0.863887881551739
0,292,0,0,0,0,0,0,0,0,100,4,80,94,0,3,0,0.05714714825526406
1,104,0,0,0,0,0,0,0,0,22,0,84,109,6,2,0,0.0832517565894639
0,138,0,0,0,0,0,0,0,0,35,0,80,100,0,0,0,0.0030472162723070273
1,47,0,64,0,0,1,14,2,0,25,3,46,81,0,0,1,0.5887050202789745
1,28,0,74,0,0,0,0,2,0,9,0,80,91,0,0,0,0.5715678882548964
1,224,0,25,0,0,0,3,1,0,10,1,89,122,1,0,0,0.0018426480706029192
0,43,0,0,0,0,0,0,0,0,34,0,58,98,5,1,0,0.014593529352822127
0,0,0,111,0,0,1,26,3,1,44,1,48,74,14,0,1,0.9343470740830048
0,39,0,51,1,0,0,8,3,0,30,1,49,87,4,3,1,0.8506324700170377
0,228,1,174,1,0,1,43,0,1,87,5,79,104,6,3,0,0.012997970546476195
1,37,0,38,0,1,0,26,0,1,40,0,79,108,4,2,0,0.002000609326991516
0,151,1,23,1,0,3,24,1,0,63,0,80,100,0,0,0,0.0022351357754503277
0,136,0,137,0,1,1,29,0,0,64,1,61,99,14,2,1,0.03561088153764422
1,125,0,0,0,0,0,3,6,0,0,0,66,96,0,3,1,0.7899641376030729
1,178,0,48,0,0,0,0,1,0,11,0,60,97,0,2,0,0.65279083197104
0,250,0,101,1,1,1,27,0,0,84,0,80,100,0,0,0,0.026602984706810603
0,228,0,34,1,0,1,12,1,0,53,0,71,105,0,1,0,0.014284563226916933
1,86,1,74,0,0,1,14,1,0,45,0,80,100,0,0,0,0.19273236436586816
1,137,0,67,0,0,0,58,1,0,57,3,80,70,6,3,1,0.9873551555713177
1,172,0,0,0,0,0,0,0,0,10,0,86,127,0,0,0,0.0424762282017419
1,20,0,0,0,0,0,0,0,0,12,3,71,103,0,1,1,0.7250445270373537
0,72,0,108,0,0,1,0,0,0,53,0,80,100,0,0,0,0.019336393436667133
1,272,1,191,1,0,3,26,2,0,76,1,63,103,0,3,0,0.051456916066242246
1,87,0,0,0,0,0,0,0,0,18,5,38,76,0,2,1,0.9837143932037228
0,264,0,0,0,0,0,0,0,0,60,3,80,99,2,3,0,0.1433812364043051
1,0,0,0,0,0,2,35,0,1,35,0,80,100,0,0,0,0.0035751184219337487
1,0,0,0,0,0,0,0,0,0,0,1,78,106,0,1,0,0.01602520706409369
1,20,0,50,0,0,2,24,0,0,47,0,80,100,0,0,0,0.003449392206737345
0,279,0,32,1,0,1,21,0,0,51,1,80,105,2,1,0,0.028355416360671556
0,252,0,48,1,0,0,21,0,0,60,8,49,84,0,7,1,0.9789031576894273
0,36,0,38,1,1,0,0,0,0,39,0,80,100,0,0,1,0.29572689061587093
1,119,0,115,1,0,0,12,0,0,47,0,80,100,0,0,0,0.3974305233722324
0,433,0,0,1,1,2,0,0,0,59,2,64,103,6,0,0,0.018204670135959437
0,1,0,97,1,0,1,31,1,0,51,0,49,79,0,3,1,0.5435099593959885
0,91,0,8,0,1,0,0,0,0,26,3,77,114,6,0,0,0.03449017245453063
0,43,0,0,0,0,0,0,0,0,10,1,58,87,0,3,0,0.05369369158180441
0,251,0,231,0,0,2,0,0,0,64,5,80,99,8,0,0,0.009779519552966551
0,0,1,0,1,0,0,0,0,0,27,7,42,83,0,4,1,0.28334193227176485
1,253,1,96,0,0,1,0,3,0,27,0,80,100,0,0,0,0.13206003888827927
1,9,0,13,1,0,1,22,4,0,33,3,56,87,0,4,1,0.8372065612752823
0,109,1,52,0,0,1,13,1,0,36,1,58,92,6,2,1,0.44680529438059885
1,201,0,45,0,1,0,21,1,1,40,1,69,103,0,0,0,0.09006466290645326
1,0,0,0,0,0,0,0,0,0,0,1,80,73,3,0,1,0.9877772452225785
1,50,0,26,1,0,0,0,0,0,39,5,68,92,1,4,1,0.4293522167799491
0,171,0,1,1,0,2,0,0,0,58,0,80,100,0,0,0,0.0011657491550613607
1,4,0,21,1,0,1,0,10,0,15,0,71,104,0,0,1,0.3140130579798017
1,69,1,104,1,1,1,7,1,0,60,0,80,100,0,0,0,0.016335607526708425
1,0,0,4,1,0,0,22,0,1,42,4,68,114,0,0,0,0.02647841822102022
1,112,0,5,0,0,1,13,3,0,9,1,59,93,4,2,1,0.8452073618429335
0,195,0,10,0,0,0,12,1,0,13,0,80,124,0,2,0,0.00034774780646843243
1,82,0,180,1,0,1,19,2,1,67,7,41,80,0,1,1,0.9658410077428531
0,201,0,0,1,0,0,0,0,0,70,4,50,95,0,3,1,0.8120907137839444
1,29,0,54,0,0,0,10,4,0,5,0,80,100,0,0,1,0.659099744987349
0,91,1,36,1,0,2,25,0,0,86,6,45,78,9,1,0,0.3028652063515689
1,305,0,43,1,0,0,5,2,0,40,4,66,96,13,1,0,0.7622434519808987
0,89,0,17,1,1,0,29,0,0,58,2,56,92,7,2,0,0.040444525251922755
1,116,0,131,0,0,1,18,4,0,25,0,80,100,0,0,0,0.12832758285252444
0,138,0,3,1,0,0,28,1,0,36,10,85,117,5,3,1,0.1228456169278344
0,110,1,106,0,0,1,27,2,0,47,1,85,112,0,1,0,0.005041615175696933
1,389,0,212,1,0,0,8,4,0,54,3,68,104,0,0,0,0.033574835986002964
0,335,0,129,1,0,5,18,0,0,69,3,46,71,0,2,0,0.844873968313564
1,0,1,117,0,0,0,0,0,0,28,1,34,71,0,4,1,0.9811233011034196
0,51,0,40,1,0,1,0,3,0,27,2,60,103,0,3,1,0.5745836459227559
1,17,1,0,0,0,1,11,4,0,0,6,40,80,0,5,1,0.991736289700667
0,278,0,0,0,0,0,0,0,0,52,0,80,100,0,0,0,0.012479658735286883
0,231,0,0,1,0,1,0,0,0,75,0,76,106,0,1,0,0.008414258669669451
1,137,0,353,0,0,1,49,0,0,54,2,50,76,0,5,1,0.8671284260725096
0,107,1,34,1,0,1,32,0,1,87,1,80,83,0,2,0,0.011051254664283547
1,16,0,0,0,0,0,18,2,0,4,0,67,100,1,3,1,0.10304684690435394
0,206,1,264,1,0,0,28,2,1,75,3,65,112,0,1,1,0.20137419116146812
0,174,0,0,0,0,0,0,0,0,98,0,87,117,0,0,0,0.00015072351366868296
1,79,0,0,0,0,0,19,10,0,0,4,37,75,0,3,1,0.9906334445876593
0,248,1,103,0,0,1,0,0,0,56,0,86,123,1,3,0,0.0006449922114336742
0,293,0,0,1,0,0,0,0,0,63,0,48,86,3,0,1,0.7709879614065189
0,92,0,83,1,1,0,0,9,0,25,4,80,103,0,1,0,0.13637430639045003
0,0,0,0,0,0,0,19,2,0,4,2,60,89,2,3,0,0.12523033790117022
0,95,1,0,1,0,3,28,0,0,50,3,68,109,0,5,0,0.04575806694460173
0,3,0,32,0,0,1,4,0,0,18,0,63,91,0,0,0,0.6575853402074123
0,170,0,169,1,0,1,16,2,0,62,2,75,104,0,6,0,0.08313580402176413
0,187,1,53,0,1,1,31,0,0,49,1,85,122,0,0,0,0.0010504947746904905
0,160,0,0,0,0,0,0,0,0,78,0,80,100,0,0,0,0.004703093729471604
0,356,0,155,1,0,1,15,1,0,74,4,50,80,14,1,1,0.7853129028069645
0,378,0,83,0,0,4,0,0,0,57,1,70,97,0,6,0,0.31864186710615566
0,79,1,151,0,1,2,27,1,1,64,1,44,84,0,4,1,0.9652925539496826
0,39,1,0,1,1,1,50,1,1,53,3,32,74,18,4,1,0.9207675347944702
0,65,0,32,1,0,0,0,0,0,66,3,59,92,7,1,0,0.0994060507995499
0,213,1,167,0,0,0,26,0,0,52,6,56,88,0,6,0,0.2619020194407693
1,0,0,0,0,0,0,0,0,0,0,2,80,103,3,2,1,0.9334000236852439
0,0,0,0,0,1,0,0,0,0,0,2,65,101,0,2,1,0.08955573766730197
1,122,0,49,0,1,2,0,0,0,37,0,80,100,0,0,0,0.10320390665570896
1,150,0,37,0,0,1,12,4,0,21,0,80,76,30,0,1,0.9928975230256222
1,75,0,150,0,0,0,56,4,0,38,5,53,82,0,0,1,0.9873370416744056
1,103,0,267,0,0,0,24,0,0,45,3,47,84,8,2,1,0.938725267596435
1,4,1,57,0,0,1,56,2,0,45,6,37,78,0,1,1,0.20622713488832523
1,181,0,0,0,0,1,0,0,0,29,1,58,93,3,4,1,0.11615597820782618
0,22,1,48,0,0,0,36,3,1,36,0,80,100,0,0,0,0.1205661769404438
0,98,0,60,1,0,3,23,0,0,83,4,64,105,0,4,0,0.018034178628668157
1,11,0,67,0,0,1,21,2,0,35,11,58,94,4,2,1,0.9217822291322616
0,284,1,102,1,0,0,30,1,0,55,2,68,106,0,1,0,0.05768177812203189
1,190,1,63,1,0,2,25,0,0,88,1,92,127,0,0,0,6.958658852373752e-05
0,170,0,69,1,0,1,0,0,0,62,0,80,116,0,1,0,0.0025024194956830568
1,103,1,33,1,0,2,5,1,0,44,1,48,73,0,2,1,0.9608818771689616
0,6,1,16,0,0,2,8,0,1,26,0,80,100,0,0,0,0.010410129425174398
1,74,1,105,0,0,5,40,0,0,60,5,80,80,0,3,1,0.8728877109471092
0,86,1,74,0,0,0,6,3,0,11,8,80,76,0,0,1,0.663856062560806
1,91,1,96,0,1,2,29,1,0,59,2,48,83,2,2,0,0.8108784746998235
0,0,0,0,1,1,0,0,0,0,44,3,43,79,21,3,0,0.243974860470424
1,0,0,0,0,0,0,0,0,0,0,0,53,80,0,2,1,0.8650308207517035
0,560,0,0,1,0,3,0,0,0,100,0,80,100,0,0,0,0.0057510328323052955
1,3,0,0,0,0,1,29,0,0,20,1,80,102,1,0,0,0.005318012626671717
1,14,0,0,0,0,0,0,0,0,13,3,80,86,0,1,1,0.9780516102715466
1,0,1,76,0,0,2,0,0,0,43,9,28,69,5,5,1,0.984329642423545
0,69,0,0,1,0,5,0,0,0,77,0,80,100,0,0,0,0.0006210843747427271
1,156,0,39,1,0,0,19,1,1,53,1,84,115,1,1,0,0.017996713422152665
1,32,0,33,1,0,1,2,0,1,49,2,80,107,3,1,1,0.10600444335990729
1,318,0,0,1,0,0,0,0,0,78,1,59,85,2,4,0,0.11119740826901642
0,0,0,0,1,0,0,10,8,0,10,3,80,109,0,1,0,0.09722303220789687
1,74,0,0,1,0,0,3,1,0,23,5,69,97,0,0,0,0.2652242250973323
1,0,0,20,1,1,5,0,0,0,61,2,72,103,5,3,0,0.06471957013497452
1,314,0,39,1,0,0,0,0,0,54,1,79,128,1,1,0,0.004593489997340789
0,63,0,0,0,0,0,12,1,0,5,0,47,99,0,1,0,0.33101126904974276
0,101,0,29,0,1,1,33,1,0,47,1,92,133,0,1,0,0.0006601813402459237
1,133,0,88,1,1,1,23,0,1,81,0,87,121,0,1,0,0.0021056734057808783
1,121,0,0,1,0,2,0,0,0,93,2,70,110,3,0,0,0.011899908067666921
0,8,0,68,0,0,0,21,4,0,10,6,62,102,0,0,0,0.4507506405443004
1,106,1,78,0,0,7,28,1,0,45,1,52,90,3,1,1,0.5581684050113028
0,59,0,9,1,0,1,14,1,0,38,1,71,109,0,0,0,0.16274485867412186
1,1,0,0,0,0,1,0,0,0,11,0,80,100,0,0,0,0.07896623132931005
0,55,1,91,1,0,2,31,3,0,75,0,80,100,0,0,0,0.01005556525454169
1,419,0,253,1,0,6,0,0,0,96,5,80,78,0,2,1,0.7173288687407812
1,0,0,15,1,0,2,24,2,0,44,9,80,78,4,2,1,0.6439143191429679
1,89,0,5,1,0,0,0,0,0,34,0,80,100,0,0,1,0.4743119789256306
0,176,0,123,0,0,1,26,0,0,58,4,68,98,0,2,0,0.05289670528754081
1,95,0,76,0,0,0,31,0,0,31,9,48,85,0,5,0,0.5134817697966259
0,0,1,39,0,0,0,22,1,0,24,0,80,100,0,0,0,0.08385788447575628
0,19,0,0,0,0,2,0,0,0,25,5,73,107,1,0,0,0.03240173173650969
1,70,0,0,0,0,0,0,4,1,3,0,72,112,1,1,0,0.2934590147145443
1,4,0,0,0,0,0,0,0,0,0,0,80,100,0,0,0,0.3638061000877219
1,373,1,216,1,0,1,0,0,0,93,0,80,100,0,0,0,0.009222292506771342
0,224,0,215,0,0,0,16,1,0,42,2,80,83,8,6,1,0.8319782784428694
1,30,0,0,0,0,1,22,0,1,31,1,55,84,5,1,0,0.34808827746776805
0,494,1,129,1,0,1,0,0,0,82,9,80,103,17,2,0,0.02315440640097904
1,304,1,67,0,0,2,20,0,0,48,0,80,100,0,0,1,0.07730841080232417
0,97,0,0,0,0,0,0,0,0,67,0,80,100,0,0,0,0.0008687462423677586
1,118,0,132,0,1,2,21,2,1,58,0,80,100,0,0,0,0.026299546402693653
0,537,1,78,1,0,2,20,1,1,73,0,79,116,0,1,0,0.00024187174824061416
0,2,0,56,0,0,3,0,0,0,54,4,48,84,6,0,0,0.35902124247879436
1,0,1,26,0,0,1,0,7,0,0,0,80,100,0,0,1,0.5459458250739863
0,66,0,0,0,1,0,0,0,0,5,1,56,88,0,2,0,0.6695780386932497
1,11,0,11,0,0,2,3,1,0,19,13,72,106,0,0,1,0.7506176071167211
0,0,0,0,0,0,0,0,0,0,0,4,47,84,0,2,1,0.9953283408894915
0,168,0,38,0,0,0,8,1,0,14,1,87,118,0,2,0,0.00822145710721641
1,0,0,0,0,1,1,4,0,0,7,0,80,100,0,0,0,0.19052881622800155
1,131,1,77,0,0,1,31,3,0,33,1,45,84,0,4,0,0.48520113225021083
0,138,0,0,0,0,1,11,2,0,13,0,38,76,0,1,1,0.6223141863586628
0,301,0,74,1,1,0,10,0,0,58,0,80,100,0,0,0,0.02053570284294618
1,113,0,0,0,0,0,0,0,0,21,0,80,100,0,0,0,0.3503339421348867
0,393,0,12,1,0,1,22,2,1,55,0,80,100,0,0,0,0.0038235056964467658
0,15,1,14,1,0,5,16,0,0,52,2,60,91,8,1,0,0.037191152310233656
0,74,0,0,0,0,0,17,2,0,7,0,80,100,0,0,0,0.16266502842758412
1,0,0,0,1,0,1,0,0,0,56,1,90,128,9,0,0,0.043422258431099786
0,150,1,6,1,0,2,11,1,0,48,0,80,100,0,0,0,0.08951346490432434
1,48,1,32,0,1,1,29,1,1,36,0,53,82,0,0,0,0.20439286699209344
0,189,0,149,0,0,1,33,0,1,65,3,55,87,0,1,1,0.5583972611436271
1,66,0,82,1,0,0,6,6,0,22,0,80,100,0,0,0,0.1407038415583627
1,169,0,132,1,0,3,36,4,0,71,4,80,127,1,0,0,0.005523279248755872
0,408,0,0,0,0,0,0,0,0,95,0,80,100,0,0,0,0.003009961729707909
0,185,1,69,1,0,0,7,0,1,51,1,80,84,4,3,1,0.7445695704688424
1,0,0,0,0,0,0,0,0,0,0,1,58,90,8,3,0,0.11773142794829732
1,17,0,50,0,0,0,4,1,0,22,0,80,100,0,0,0,0.24619276417472397
1,48,0,29,1,0,0,18,1,1,43,4,80,81,0,4,1,0.9878470417833493
1,72,0,26,0,0,0,34,2,0,42,3,80,107,1,1,0,0.07554932235569674
0,337,0,0,0,0,0,0,0,0,23,7,45,78,24,2,0,0.6712132108661596
0,42,0,50,1,0,4,23,2,1,60,1,67,92,1,1,0,0.13118144100408338
0,248,0,196,1,0,0,28,1,0,70,0,80,100,0,0,0,0.018402251425847702
1,32,0,22,0,0,0,12,3,0,4,1,84,112,0,1,0,0.014769027586526772
1,0,1,219,0,0,1,0,0,0,47,1,80,62,0,2,1,0.9765906683451697
1,197,0,0,1,1,3,0,0,0,88,0,80,100,0,0,0,0.023781210888209066
1,179,0,342,0,0,4,32,2,0,55,0,80,100,0,0,0,0.02474781443103122
0,174,0,219,0,0,0,0,0,0,49,1,40,75,0,3,1,0.895710395141503
1,144,0,0,1,1,0,0,1,0,22,3,56,86,10,0,1,0.9838101445760443
1,62,0,0,0,0,2,0,0,0,31,0,80,85,0,1,1,0.8159403232544524
0,318,0,400,0,0,1,40,1,0,56,1,34,78,0,0,1,0.9800823743564381
0,293,0,180,1,0,0,58,0,0,80,4,38,69,0,2,0,0.6287506958132503
0,61,0,54,0,0,1,31,1,0,56,8,83,118,5,1,0,0.0019738076601647407
0,265,0,179,1,0,4,33,1,0,80,1,50,80,0,1,0,0.15640857341173575
0,296,0,0,1,0,0,19,0,0,40,0,77,108,2,0,0,0.001794080121289006
1,80,0,0,1,0,0,39,4,1,39,4,80,111,4,0,0,0.02229246748706074
0,153,0,35,1,0,1,30,1,1,71,3,83,114,0,1,0,0.007701971843071884
1,255,0,0,1,0,0,0,0,0,73,0,53,79,0,3,0,0.6299838951158935
1,212,0,135,0,0,0,43,3,0,41,4,40,82,0,0,1,0.9234964241488598
1,56,0,0,0,0,0,0,0,0,12,0,80,100,0,0,1,0.712895237117817
1,96,1,20,0,1,5,12,0,0,28,1,71,104,8,1,0,0.016662718787013014
1,87,0,152,0,1,1,24,5,0,28,0,80,100,0,0,0,0.03777813823871632
1,231,0,93,1,0,1,1,2,0,45,0,80,100,0,0,1,0.41737676963859166
0,54,0,0,0,0,0,0,0,0,11,0,80,100,0,0,1,0.07402447780588708
1,230,0,133,1,1,1,9,1,1,69,2,80,107,0,6,0,0.005660744243951073
0,110,0,4,0,0,2,17,2,0,29,1,82,117,2,1,0,0.005153385197108062
1,50,0,8,0,0,0,0,2,0,8,0,61,83,5,2,1,0.6475287915194761
1,78,0,43,1,0,0,14,2,1,45,0,80,100,0,0,0,0.39183166755936294
1,167,0,0,0,0,0,0,0,0,100,0,80,100,0,0,0,0.26792738679467837
1,0,0,25,0,0,0,9,2,0,4,7,63,91,0,6,1,0.9193228982827424
0,133,0,0,0,0,0,0,0,0,58,1,80,101,0,2,0,0.07402666535364509
0,102,0,37,1,0,5,35,0,0,70,5,31,74,0,8,1,0.9841309052607831
1,0,0,14,1,0,1,14,5,0,19,1,80,100,4,1,0,0.08469690433933465
1,167,0,37,1,1,0,0,5,0,18,0,80,100,0,0,0,0.11606073403841773
0,208,0,36,1,0,3,0,0,0,58,5,44,78,0,1,1,0.8733217516998655
0,331,1,267,1,1,0,29,1,0,71,1,85,122,0,0,0,0.00019153005759011465
1,16,0,70,1,1,0,6,2,0,36,2,80,86,0,4,0,0.33885638307313204
0,310,1,253,1,1,3,0,0,0,99,9,52,87,0,2,1,0.5911607033578642
0,0,0,0,1,0,0,0,0,0,44,1,56,94,0,2,0,0.2993878829653807
0,3,0,0,1,0,0,0,0,0,27,2,76,119,8,0,0,0.35709172634454944
0,369,0,225,0,0,5,0,0,0,73,2,44,74,0,2,0,0.1238246535923986
1,92,1,40,1,0,3,18,2,1,67,2,80,125,0,0,0,0.0006207137436241273
0,283,0,183,0,0,2,50,0,0,65,0,80,100,0,0,0,0.2086512554870928
1,156,0,0,0,0,0,0,0,0,14,4,80,106,12,1,0,0.03364817888528648
0,70,0,56,0,0,1,16,4,1,44,0,80,100,0,0,0,0.01394349225066229
1,0,0,0,0,0,9,0,0,0,22,0,80,100,0,0,1,0.02890500165493311
1,120,0,66,1,0,1,21,0,0,67,0,80,100,0,0,0,0.020062337325944785
1,0,0,9,0,0,0,2,3,0,0,6,51,82,12,3,1,0.9193304522589837
0,253,1,96,0,0,1,24,0,1,49,0,80,100,0,0,0,0.0232406036321253
1,90,0,0,0,0,0,0,0,0,20,0,80,100,0,0,0,0.050695624944120464
1,159,1,100,0,0,2,13,3,0,31,0,67,97,3,0,0,0.05286506149710967
1,173,0,42,0,0,0,7,10,0,3,0,80,100,0,0,1,0.3709886264592879
1,0,0,0,1,0,1,16,3,0,24,0,80,100,0,0,0,0.4292701694395738
1,0,0,61,1,0,2,33,1,0,72,9,35,71,0,2,1,0.9986927011876113
0,69,1,0,1,0,3,24,0,0,47,1,80,110,0,1,0,0.01219082191999092
0,153,0,0,0,0,6,0,0,0,55,0,80,100,0,0,0,0.007960239634209845
1,81,0,227,0,0,0,55,0,1,58,2,80,76,2,3,1,0.9098722086298108
0,106,0,0,1,0,0,0,0,0,54,7,75,104,0,2,0,0.050034237504687495
1,80,0,0,1,0,0,0,0,0,64,3,80,106,0,6,1,0.4467871281756217
0,27,0,0,0,0,3,0,0,0,26,2,71,89,10,4,0,0.05891317068528125
0,151,0,0,0,0,0,0,0,0,69,4,62,107,4,0,0,0.057588230520385
1,81,1,2,1,0,0,18,0,0,37,0,80,100,0,0,0,0.005507415076525926
1,158,0,0,1,0,6,0,0,0,95,0,80,100,0,0,0,0.034533631262211074
1,229,0,172,0,0,0,12,1,1,46,0,80,100,0,0,0,0.16534948917301792
1,394,1,209,1,0,1,20,0,0,80,1,36,80,0,1,1,0.8470959329839128
1,0,0,22,0,1,0,0,7,1,0,0,92,118,3,1,0,0.001458465121048543
0,213,0,55,1,1,0,0,0,0,57,3,61,99,25,2,1,0.3643620282127023
1,107,1,21,0,0,0,26,1,1,27,2,60,92,2,0,0,0.4598446175667145
1,85,0,27,0,0,0,8,2,0,5,0,67,116,4,0,0,0.3815968129621115
1,124,0,16,0,0,0,12,0,0,25,6,49,91,7,1,1,0.7676737867111395
1,20,0,0,0,0,0,4,2,1,7,0,80,100,0,0,1,0.2577647944334431
1,141,0,72,1,0,4,14,0,0,58,0,80,100,0,0,0,0.0656177754125483
1,2,0,9,1,0,2,0,0,0,47,4,60,102,17,5,0,0.3017640155057228
0,119,0,101,1,0,1,27,5,0,50,0,80,100,0,0,0,0.029897814304710977
1,0,0,0,0,0,0,0,0,0,0,0,80,100,0,0,1,0.1782368197410805
0,71,1,65,1,0,4,34,0,1,96,0,80,100,0,0,0,0.002376662368722962
1,9,1,90,0,0,1,23,1,0,40,8,39,68,4,2,0,0.4079833476255485
1,103,0,25,0,0,0,7,8,0,2,0,52,87,0,0,1,0.5790183819081174
0,8,0,54,0,1,7,13,1,0,32,5,69,103,9,3,0,0.4616538986960703
1,417,0,294,1,0,0,0,0,0,84,5,47,78,4,4,1,0.9145514551049374
1,48,0,0,0,0,0,0,0,0,13,0,80,116,4,2,0,0.027950628925429054
1,72,0,63,0,0,0,43,2,0,47,11,39,84,13,1,1,0.8022436767311654
1,18,0,0,1,0,2,0,0,0,68,0,80,100,0,0,1,0.34937129998582866
0,114,0,0,0,0,0,0,0,0,8,0,62,99,0,1,0,0.015537094611933552
1,22,1,75,0,0,0,6,3,0,15,1,55,99,10,4,1,0.37074976958770095
0,0,0,0,0,0,0,0,0,0,0,4,42,81,5,6,1,0.9282234827313082
1,0,0,74,0,0,0,51,3,0,36,0,80,75,6,3,1,0.9385471998354462
0,94,0,135,1,0,0,20,1,0,62,0,80,100,0,0,0,0.055892046788882335
0,204,1,83,1,0,1,23,3,0,64,0,80,100,0,0,0,0.009758816928038318
0,168,0,0,0,0,0,0,0,0,78,2,60,98,2,4,0,0.056786745717356805
1,0,0,0,1,0,1,51,0,0,40,0,50,83,13,1,1,0.8616417273195894
1,68,0,0,1,0,0,0,0,0,58,0,80,100,0,0,1,0.6983001371368234
0,125,0,264,1,1,2,51,0,1,90,0,80,100,0,0,0,0.006248130708643906
1,120,1,68,1,0,1,13,0,0,59,0,71,104,3,0,0,0.009950182039162802
1,322,0,132,0,0,3,0,3,0,46,2,80,88,5,1,1,0.7906129224806918
1,33,0,0,1,1,0,0,0,0,48,1,72,114,0,0,0,0.42455014743952346
1,110,0,48,1,0,0,0,0,0,81,0,80,100,0,0,0,0.007855688348169191
0,137,1,122,1,0,1,31,0,0,68,0,80,100,0,0,0,0.0012686304286042226
1,51,1,33,1,0,3,16,0,0,72,6,49,90,0,3,1,0.7096872486075158
1,114,0,0,0,0,0,0,0,0,8,0,80,100,0,0,0,0.4835382819592704
0,208,0,54,1,0,2,20,1,0,74,0,80,100,0,0,0,0.09719517710382466
1,181,0,254,1,0,2,50,3,0,71,2,46,88,2,1,0,0.47867460482435487
0,216,0,0,1,0,2,0,0,0,89,3,76,111,0,2,0,0.22877699772057253
0,0,1,45,1,1,1,32,0,1,74,4,93,125,4,0,0,0.001277459480322904
0,93,0,1,0,0,1,14,4,0,16,1,100,119,0,4,0,0.0017628385238430576
0,415,0,174,0,1,3,34,0,1,77,2,80,113,1,0,0,0.0020707363673383235
1,50,0,0,0,0,0,0,0,0,42,3,63,92,16,3,1,0.932833881769185
0,0,0,0,0,1,1,10,10,0,0,4,80,106,12,3,1,0.8465307982112882
0,98,1,139,1,1,1,36,0,1,95,0,80,100,0,0,0,0.0016673316174197108
1,133,0,0,0,0,0,0,0,0,52,0,80,100,0,0,0,0.009162115664255408
1,0,0,0,1,0,0,0,0,0,44,0,62,101,19,3,0,0.2074993758883111
0,65,1,64,1,0,1,0,0,0,54,2,87,120,10,0,0,0.048174765860266304
0,52,0,72,0,0,2,0,0,0,40,5,52,86,0,2,0,0.299887515625099
0,39,0,15,0,0,0,17,3,0,17,0,80,100,0,0,1,0.8661504909938599
1,49,0,0,0,0,2,0,0,0,39,0,80,100,0,0,0,0.7838016098802034
1,240,0,45,0,0,0,0,5,0,10,0,80,100,0,0,1,0.4050682798793725
0,369,0,170,0,1,2,22,0,1,76,0,80,100,0,0,0,0.0016319044022322497
0,335,0,84,1,0,2,14,2,0,53,0,80,100,0,0,0,0.11530869685389437
0,204,1,107,1,0,1,0,0,0,83,11,64,81,12,1,0,0.41402909723662223
1,347,0,0,0,1,0,0,0,0,24,0,80,100,0,0,0,0.02173887088784551
1,286,0,0,0,0,0,0,0,0,56,4,58,97,0,2,0,0.1742068125990367
1,27,0,0,0,0,1,10,2,0,5,5,46,83,10,0,1,0.9830417006232568
0,90,0,6,0,0,1,12,1,0,15,0,80,100,0,0,0,0.026623225526643705
1,0,0,0,0,0,1,0,0,0,11,0,83,127,0,2,0,0.005104748501229541
1,56,0,0,0,0,0,0,0,0,13,4,70,95,0,5,0,0.20895149457497603
0,67,1,34,1,0,0,0,0,0,47,0,80,100,0,0,0,0.20640349956278156
1,239,0,55,0,0,0,0,0,0,21,10,34,64,11,10,1,0.966410793328481
0,31,0,45,1,0,0,45,6,0,40,0,80,100,0,0,1,0.40578985181078914
1,0,0,41,0,0,4,0,0,0,32,7,48,77,4,5,1,0.9778335426244267
1,155,0,152,1,0,2,6,1,1,67,2,80,101,0,0,0,0.02455219414090077
0,304,0,0,1,0,0,0,0,0,66,7,80,91,0,1,0,0.1740286421303754
1,219,0,226,1,1,1,36,0,0,79,6,80,88,7,3,1,0.5554680764442707
0,170,0,8,0,0,0,14,3,1,21,1,56,91,0,2,0,0.8475756721591293
1,89,1,274,0,0,0,35,3,0,39,0,80,100,0,0,0,0.42084269917557043
0,108,0,0,0,0,1,0,0,0,44,6,34,71,0,1,1,0.7498482335592004
1,151,0,7,0,0,0,30,7,0,8,2,58,98,0,1,1,0.9666383063707861
1,50,0,0,0,0,0,0,0,0,14,0,80,100,0,0,1,0.26337642099748876
0,76,0,101,1,1,0,31,1,0,61,5,50,79,14,2,0,0.4270412733428728
0,225,1,112,0,1,4,33,0,0,70,4,53,86,0,1,0,0.1673382485979004
0,537,1,277,1,0,3,36,1,1,97,2,75,114,5,2,0,0.008538458184544436
0,149,0,0,1,0,4,0,0,0,80,6,72,119,0,2,0,0.012136693795466058
0,43,0,109,1,0,5,24,2,0,68,0,80,100,0,0,0,0.0015794036711255476
0,388,0,117,1,0,3,30,0,1,90,1,71,109,0,2,0,0.004588705515350857
0,262,0,65,1,0,0,14,0,0,48,2,59,96,11,3,1,0.38816010238107984
0,97,0,79,1,0,1,61,1,0,74,2,40,61,6,4,1,0.83655527000046
1,349,0,42,1,0,0,17,1,0,41,4,55,102,0,0,1,0.8865200740702549
1,0,1,25,1,0,1,14,2,0,39,2,65,110,4,1,0,0.03604206968942091
0,528,1,83,0,1,2,21,0,0,48,3,48,98,0,8,1,0.7281152168964076
0,268,1,239,1,0,0,0,0,0,78,2,80,108,4,3,0,0.04058247875660795
1,248,0,126,1,1,1,16,0,0,72,0,80,100,0,0,0,0.019117857594991832
1,86,0,59,0,1,0,20,1,0,23,3,63,103,15,2,1,0.3941163193917489
0,424,0,174,0,0,1,22,1,1,68,0,80,100,0,0,0,0.006841367784343391
1,11,0,85,1,1,1,20,2,1,70,5,65,95,6,2,1,0.24416205793290532
1,14,0,0,1,0,0,16,3,0,19,0,80,100,0,0,0,0.056144769987240835
1,0,0,7,0,0,1,7,2,0,4,1,64,97,0,0,1,0.14597268153677792
1,110,0,43,1,1,1,16,3,0,48,4,66,107,2,0,0,0.04510908495373645
1,96,0,0,1,0,4,0,0,0,96,1,80,111,14,2,0,0.007571065768705518
1,152,0,134,0,0,4,11,1,0,38,1,80,92,6,1,0,0.39297721561231874
1,0,0,0,0,0,0,0,0,0,0,0,80,100,0,0,0,0.25038853486020385
1,40,0,0,0,0,0,0,0,0,10,0,75,114,0,0,0,0.038480439097042914
0,226,0,0,0,0,0,27,0,1,39,0,80,100,0,0,0,0.001686038489057945
1,141,0,39,0,0,1,2,2,0,11,0,80,100,0,0,1,0.8661251120311335
0,522,0,59,0,0,3,33,1,0,48,2,69,104,3,2,0,0.010468878102002721
1,0,0,0,0,0,1,0,0,0,11,8,62,98,0,2,1,0.39260371354568624
0,172,0,0,1,0,1,0,0,0,75,0,80,100,0,0,0,0.0010058552397597207
0,495,0,0,0,1,1,17,0,0,29,0,80,92,0,3,0,0.3031887982865648
1,0,0,0,0,0,0,19,1,0,6,3,58,99,0,1,0,0.5915947712124953
1,24,0,80,0,0,5,13,0,0,49,1,76,116,0,1,0,0.011470273215627415
1,60,1,90,0,1,0,15,6,0,8,0,80,100,0,0,1,0.09764153166030719
0,148,0,71,1,0,1,0,0,0,58,0,80,100,0,0,1,0.06498311186767554
1,0,0,39,1,0,0,5,7,0,27,5,80,67,0,5,1,0.9992880371933655
1,138,1,102,0,0,0,36,3,0,45,4,80,78,5,3,1,0.953054248402813
1,0,1,37,0,0,1,0,0,0,22,2,38,72,0,5,1,0.9874019765688629
0,516,1,141,1,0,0,40,1,0,71,0,80,100,0,0,0,0.003597333167670013
0,686,0,0,1,0,0,0,0,0,78,0,80,100,0,0,0,0.0025124242635043217
0,43,0,0,0,0,0,0,0,0,9,0,63,101,7,2,0,0.15064229485314448
0,128,0,28,1,0,0,14,1,0,34,8,56,90,4,9,1,0.5040312373399
1,135,1,117,0,0,3,13,3,1,63,4,80,96,0,1,0,0.035944624680404595
0,359,1,359,1,0,0,56,0,0,77,3,53,94,1,0,0,0.05203377462621097
0,215,1,80,1,1,1,0,0,0,93,2,34,79,11,1,1,0.9854427161372421
0,158,0,73,1,0,0,21,0,1,56,2,86,117,0,3,0,0.000980755461888899
1,160,0,113,1,0,1,0,0,0,88,2,57,82,4,2,0,0.45740184270573087
0,193,0,204,1,1,3,36,1,1,92,1,69,105,0,0,0,0.0009903700169948057
1,0,0,6,0,0,0,1,3,0,0,0,80,100,0,0,1,0.7050141588420779
0,203,0,0,1,0,0,38,0,0,50,6,55,94,5,1,0,0.17542124717414143
1,41,1,115,1,0,0,4,3,0,45,1,78,114,0,2,0,0.015222024625850443
1,72,0,190,0,0,1,50,1,0,51,0,80,100,0,0,1,0.6812527468173227
0,180,0,0,0,0,0,0,0,0,40,0,80,100,0,0,0,0.002649654426050037
1,25,0,20,0,0,1,8,1,0,25,1,80,90,4,2,0,0.10796732044866095
1,0,0,124,0,0,4,43,2,0,49,0,80,100,0,0,1,0.4832036258243485
1,2,0,35,0,0,0,9,0,0,14,4,48,74,0,4,1,0.9557405459279982
0,20,0,0,1,0,1,20,0,0,36,0,80,100,0,0,0,0.010891304797631248
1,143,1,31,0,1,0,19,2,0,18,0,80,100,0,0,1,0.3886888458129521
1,313,0,113,0,0,0,31,2,0,47,0,85,124,3,1,0,0.00023590897964183527
0,44,1,29,1,0,1,0,0,0,60,2,80,96,3,1,1,0.12397722983298268
0,52,0,0,0,0,0,18,1,0,8,0,80,117,8,4,0,0.03433737129510684
1,68,0,31,1,0,1,30,1,0,69,2,80,104,0,2,0,0.022700568468985285
1,33,1,29,0,0,1,32,1,0,32,3,74,108,5,2,0,0.017286682603691244
0,140,1,80,1,0,0,17,1,0,45,2,74,109,0,1,0,0.022934515739314248
1,44,0,88,0,0,0,0,0,0,27,0,59,88,0,7,1,0.8967046932174517
0,138,0,386,0,0,0,30,0,0,49,4,80,81,0,3,1,0.9255437742414064
0,176,0,0,0,1,0,0,0,0,15,3,71,99,0,4,0,0.09423958354891877
1,0,0,0,0,0,0,11,2,0,0,2,80,99,10,2,1,0.7379887926930007
0,333,0,17,0,0,1,0,0,0,26,0,80,100,0,0,0,0.021968302538520133
1,13,0,146,1,1,2,51,2,0,70,3,80,64,0,1,1,0.960524835826798
0,78,0,30,1,1,1,7,1,1,52,5,56,90,5,1,1,0.288945725537849
0,185,0,75,1,0,2,28,1,0,75,0,80,100,0,0,0,0.0044814737638751495
1,94,0,0,1,1,2,15,0,0,47,0,80,100,0,0,0,0.02378981240863979
1,115,1,31,0,0,1,17,3,0,19,0,80,100,0,0,1,0.12166216391868419
1,188,1,202,1,1,3,44,1,0,81,0,44,85,7,2,0,0.28831933732318593
1,142,0,0,0,0,0,0,0,0,20,1,62,94,6,1,0,0.19891943284617114
1,119,0,11,1,1,0,9,2,0,33,1,85,123,10,1,1,0.03026699347978282
0,118,0,0,0,0,0,0,0,0,63,11,44,70,0,1,1,0.9607068067691731
1,132,1,16,0,1,5,34,4,1,31,0,70,110,3,0,0,0.013151365447511911
1,0,1,344,0,0,1,10,3,0,31,4,46,82,9,7,1,0.9467031196131942
0,55,0,116,1,0,1,0,0,0,81,1,49,82,13,4,1,0.3084944414299477
0,309,0,51,1,0,1,15,3,0,41,2,80,109,1,2,0,0.006112571972665
1,121,0,0,0,1,0,0,0,0,18,0,80,100,0,0,0,0.018400880492559685
1,105,0,15,0,0,0,0,6,1,15,3,80,103,3,0,1,0.2836602853940455
1,129,0,44,0,0,2,12,3,0,28,1,70,113,6,1,0,0.13779639386029593
0,149,0,0,0,0,1,0,0,0,27,6,80,107,0,1,1,0.4757857724503759
0,228,0,113,1,0,2,25,1,0,63,2,47,83,11,0,1,0.25845095779559
0,287,0,152,1,0,2,0,0,0,83,3,80,87,12,0,1,0.7137453587992598
0,0,0,96,1,0,0,17,0,1,68,1,84,130,1,1,0,0.008251459984256585
0,104,1,187,1,0,0,0,0,0,74,5,51,77,15,3,1,0.7457357409710177
1,0,0,0,0,0,1,0,0,0,11,5,72,100,0,2,1,0.47050563137492857
0,112,0,4,1,0,0,39,0,0,40,7,54,92,0,1,0,0.06631173550397725
1,95,0,0,0,0,2,0,0,0,23,4,84,119,0,1,0,0.007687250862804348
0,247,0,60,0,0,4,0,0,0,35,2,61,87,0,0,0,0.1567754356199933
0,248,1,100,1,0,2,33,0,0,71,6,50,83,5,0,1,0.4437659275073132
1,154,0,22,0,1,0,0,8,0,0,1,71,110,3,0,0,0.5029724617447173
0,78,1,128,0,0,4,48,2,0,54,3,80,71,8,1,1,0.9874406976739349
0,210,1,299,0,0,0,30,4,1,49,2,52,94,0,0,1,0.7381293606315634
0,377,1,299,0,1,0,28,0,1,66,7,59,102,7,4,0,0.08926275467214087
0,572,0,34,0,0,6,34,1,0,43,0,80,100,0,0,0,0.0071774693950001685
1,79,0,11,0,0,0,0,0,0,16,0,80,100,0,0,0,0.21977524297086898
1,11,0,28,0,1,0,0,0,0,14,0,80,100,0,0,0,0.6484866836414167
1,113,0,0,0,0,0,0,0,0,7,0,80,100,0,0,1,0.7101277126023126
1,309,0,180,1,0,0,32,1,1,79,6,81,117,0,0,0,0.01712376819648031
1,175,0,67,1,1,1,0,2,0,37,3,80,103,3,1,0,0.06564580963939617
1,25,0,203,0,0,0,0,0,0,40,2,46,76,0,4,0,0.6692002301446658
1,40,0,70,1,1,0,0,0,0,66,1,80,83,0,0,1,0.31311565533400443
1,77,0,12,0,0,0,0,2,0,0,0,80,100,0,1,0,0.2973049934574178
1,204,0,241,0,0,0,57,0,1,63,3,38,75,8,1,1,0.8774169432915072
1,0,0,0,0,1,0,5,6,1,0,4,80,112,6,9,0,0.2814092350967376
1,153,0,63,0,0,0,0,1,1,40,0,77,106,0,0,0,0.02251947351637806
1,84,0,0,0,0,0,0,0,0,40,3,60,95,6,2,1,0.8420082113337659
0,58,0,98,1,1,2,26,2,1,81,3,80,114,5,4,0,0.019280871137118582
0,404,0,47,0,0,0,34,0,0,34,0,80,100,0,0,0,0.003190583781143311
1,238,0,0,1,1,0,0,0,0,67,3,55,92,4,3,0,0.17237834357471524
0,247,0,0,1,1,3,0,0,0,85,1,86,109,1,1,0,0.007945449956931245
1,98,1,324,1,0,3,16,0,0,71,1,80,121,14,3,0,0.0030965369039957927
1,38,0,0,0,0,0,0,0,0,11,0,70,106,3,0,1,0.13296543067572317
1,0,0,27,0,1,0,14,1,0,12,1,40,76,17,0,1,0.9649104578844526
1,149,0,0,1,0,1,0,0,0,65,5,49,73,14,4,1,0.9788472749597013
1,301,1,148,0,0,6,26,0,0,57,1,80,91,4,1,0,0.12169168502409379
0,137,1,22,1,0,2,0,0,0,81,1,58,88,0,4,1,0.5968503784808014
0,260,0,0,1,0,1,5,0,0,40,0,80,100,0,0,0,0.18411727515946008
1,152,0,50,0,0,1,11,4,0,21,1,46,82,0,3,1,0.9468754154529463
1,65,0,29,1,0,0,0,0,0,66,3,60,107,3,1,0,0.309995512666397
1,210,0,179,1,0,0,0,0,0,76,0,80,100,0,0,0,0.009226848463501995
1,8,0,27,0,0,0,0,0,0,12,2,77,116,0,0,0,0.4288173604497235
0,193,1,170,1,0,0,29,0,0,79,1,80,106,1,1,0,0.0005601666488353821
0,0,1,76,1,0,0,9,1,0,52,4,80,86,1,4,0,0.2004733365859603
1,97,0,74,1,0,0,19,0,0,47,0,80,100,0,0,0,0.30744077840127465
0,21,0,29,1,1,0,22,4,0,31,2,80,118,4,5,0,0.10928217409272711
1,153,0,0,1,0,1,0,0,0,66,1,63,97,7,1,1,0.19697580327924263
0,0,0,0,0,1,1,0,0,0,7,2,80,93,0,4,1,0.7813717789804112
0,111,0,0,0,0,0,0,0,0,29,3,48,71,5,1,1,0.656244095716512
1,375,0,0,0,0,0,0,0,0,31,3,42,73,0,2,1,0.3677215133030956
1,0,0,69,0,0,0,16,3,0,19,1,85,120,3,1,0,0.011438390015789272
1,0,0,6,0,0,0,0,5,0,0,0,49,96,2,3,1,0.8137160254282455
1,117,1,58,0,1,4,41,2,0,31,0,80,100,0,0,0,0.013218755850472068
1,207,0,163,0,0,1,20,2,0,48,3,92,125,2,0,0,0.0009655452372456068
1,48,1,43,0,1,0,0,0,0,13,0,80,100,0,0,0,0.06993195279519086
0,77,0,39,0,0,0,19,4,0,7,3,67,105,2,1,0,0.17811307582110708
1,0,0,21,0,0,0,0,0,0,10,2,82,107,7,0,0,0.032640643225900094
0,93,1,46,1,0,2,35,0,0,69,3,64,95,4,0,1,0.01102250289940068
0,18,1,128,0,1,2,27,0,0,54,1,49,78,0,2,1,0.6916038859811966
0,98,0,54,1,0,0,0,0,0,51,0,80,100,0,0,0,0.02237158806177891
1,39,0,25,1,0,1,11,5,0,21,0,80,100,0,0,1,0.400454586714103
1,71,0,15,0,0,0,5,0,0,10,0,63,95,3,1,1,0.6443918198364671
1,127,1,61,1,1,1,34,0,0,52,0,80,100,0,0,0,0.0017610675412200408
0,0,1,0,1,0,1,25,1,0,35,6,59,102,6,1,0,0.023074141465986315
0,44,0,45,1,0,0,21,1,0,62,0,80,100,0,0,0,0.02835790752293372
0,214,1,268,1,0,2,48,2,0,76,0,80,100,0,0,0,0.01319766069566184
1,0,0,11,0,0,0,13,1,0,5,2,58,98,5,3,1,0.6541578589240911
1,116,0,4,1,1,0,2,10,0,17,4,68,108,0,0,0,0.233676272404667
0,36,0,0,0,0,0,30,0,1,30,5,53,80,0,1,0,0.1645107556856143
1,0,0,0,0,0,0,0,0,0,0,4,55,91,4,5,1,0.6837880288628072
1,338,0,0,1,0,1,11,5,0,31,0,80,100,0,0,0,0.048601728625916565
1,136,0,115,0,0,1,26,0,0,52,0,80,100,0,0,0,0.02158913363314876
0,203,0,97,0,1,2,16,2,0,39,3,80,80,2,1,0,0.22106533711416718
0,0,0,54,0,0,0,29,1,0,24,4,69,110,0,0,0,0.009351999165878151
0,78,1,64,1,0,1,33,0,0,73,0,80,100,0,0,0,0.0029317613806312906
1,0,0,0,0,0,2,16,0,0,18,4,54,89,0,2,1,0.5072227713890298
1,34,0,78,0,1,0,9,4,1,35,4,49,79,2,0,1,0.3727477298939925
1,121,0,0,0,0,0,0,0,0,100,2,65,96,0,7,1,0.8137462548348394
1,136,0,122,0,0,4,34,3,1,66,1,95,127,8,0,0,0.0003877863671446814
1,195,0,28,1,1,1,0,0,0,72,2,37,79,0,3,1,0.4940882172670533
0,35,1,15,0,1,1,0,0,0,22,0,77,103,0,1,0,0.0035920537665005436
1,0,0,0,0,0,0,0,0,0,0,11,80,67,0,5,1,0.9988696371084631
0,145,0,47,0,1,1,4,7,1,14,0,80,100,0,0,0,0.16733168894954442
0,88,0,76,1,1,1,21,2,0,52,3,59,85,7,2,0,0.6984896453100351
1,40,0,56,1,0,0,8,1,1,43,3,27,72,0,1,1,0.9827448943263516
0,198,0,23,1,0,2,18,3,0,44,6,80,87,6,3,1,0.6078136512955411
0,223,0,144,1,0,1,9,0,1,81,4,76,96,0,1,0,0.16109308696793714
1,99,0,15,0,0,0,16,4,1,21,1,91,104,0,2,0,0.016905411667553924
1,0,0,0,0,0,0,0,0,0,0,5,38,84,0,0,1,0.8479975703458258
0,51,0,99,0,0,4,10,0,1,60,2,57,91,0,8,0,0.5840975167002281
0,16,0,0,0,0,0,0,0,0,7,0,80,100,0,0,0,0.2839236048743937
0,35,0,0,1,1,0,16,5,1,28,2,52,83,0,1,1,0.2593118796166753
0,184,1,261,1,0,5,40,0,0,80,0,54,90,4,0,0,0.18751910695482785
0,130,1,64,1,0,1,26,1,1,58,0,80,100,0,0,0,0.005274492471143432
0,347,0,41,0,0,0,15,1,0,20,0,80,100,0,0,0,0.18822105137207795
1,134,0,10,1,0,7,0,0,0,54,5,62,101,1,1,0,0.046872109304338196
1,0,0,0,0,0,1,16,1,0,10,1,59,95,0,1,1,0.6938169268268933
1,0,0,20,0,0,2,0,0,0,33,1,71,105,0,2,0,0.01144451812861823
1,74,0,8,0,0,1,7,0,0,20,0,53,93,5,1,0,0.53365091329796
1,239,0,0,1,0,0,0,0,0,64,0,80,100,0,0,0,0.006511942019078522
0,0,0,4,0,0,1,0,0,0,8,2,60,97,4,2,1,0.8274052427542435
1,50,0,70,1,0,0,4,3,0,28,2,74,116,4,0,0,0.09455297699950768
1,119,0,0,0,0,2,0,0,0,30,0,80,100,0,0,0,0.22879437347959344
0,159,0,0,1,1,1,19,1,0,42,1,57,97,3,2,0,0.1426969925225339
1,74,1,205,0,0,1,11,4,1,41,0,80,100,0,0,0,0.08066105412982456
0,397,0,237,1,0,0,65,0,0,77,0,80,100,0,0,0,0.03284140776583964
1,140,0,254,1,0,0,46,3,0,61,3,39,67,2,6,1,0.9574464734036239
1,227,0,82,1,0,2,21,0,0,85,4,49,86,0,1,0,0.9066898479397042
0,93,0,59,1,0,3,39,1,0,82,7,42,72,18,4,1,0.8128007265448867
1,0,0,96,0,0,0,42,1,0,42,0,30,75,14,0,1,0.9971966106006507
0,82,1,0,1,1,3,13,5,0,31,2,80,107,4,3,0,0.0685284338269654
0,81,0,0,0,0,0,0,0,0,12,13,62,91,8,9,0,0.6562723780088977
0,283,0,194,1,0,1,0,0,0,81,0,65,105,3,3,0,0.15799651434821277
1,136,0,2,0,0,0,0,0,0,12,0,80,100,0,0,1,0.30299874376345587
1,0,1,136,0,0,0,44,1,1,52,2,43,83,3,1,0,0.9209995360143461
1,0,0,118,1,1,2,21,3,0,62,0,80,100,0,0,0,0.003679807466607977
0,126,0,0,0,0,0,0,0,0,79,0,80,100,0,0,0,0.008625401177916728
0,384,1,205,0,1,1,28,0,1,74,3,80,85,0,6,1,0.5107494334146203
0,440,1,312,0,0,5,27,0,0,66,0,80,100,0,0,0,0.0010568134168146815
1,89,0,0,0,0,0,0,0,0,7,0,81,103,5,1,0,0.014419637305002496
1,71,0,199,0,0,0,17,0,1,49,4,80,124,0,2,0,0.024625389873896935
0,177,0,88,0,0,2,30,2,0,56,5,52,102,0,6,1,0.18588973817725904
1,301,0,0,0,0,0,0,0,0,82,0,80,97,4,0,0,0.015649393252207103
0,197,0,10,1,0,1,15,2,0,37,0,80,100,0,0,0,0.01045952974574229
1,251,0,0,0,0,3,0,0,0,42,1,80,126,0,1,0,0.00293858114910015
1,20,0,80,1,0,0,54,4,0,55,3,41,81,29,2,1,0.995408253478992
0,73,0,132,1,0,3,40,0,0,83,4,69,111,0,3,0,0.007692466610862925
0,134,0,128,0,0,0,21,1,0,42,4,76,112,0,0,1,0.05872210894393274
1,0,0,54,1,0,0,0,1,0,26,0,80,100,0,0,0,0.3668885656971533
0,0,0,0,1,0,1,0,0,0,33,0,80,100,0,0,0,0.008868778720011223
1,0,0,43,1,0,0,4,1,0,30,0,56,92,6,2,1,0.953236706157398
0,426,0,119,1,1,4,21,1,0,66,0,57,98,0,0,0,0.19775860512398385
1,185,0,91,1,0,1,30,0,0,60,3,73,112,6,1,0,0.027885137356825056
0,214,0,271,0,0,0,32,1,1,60,4,46,81,0,3,1,0.8849238337828685
0,280,1,198,1,0,7,49,1,0,87,1,80,80,4,0,1,0.3527021390650596
1,67,1,139,1,0,3,0,0,0,89,4,39,83,5,1,1,0.7746088550187775
0,171,0,166,0,1,2,29,3,0,46,0,80,100,0,0,0,0.0045815859497714585
1,143,0,0,0,0,0,0,0,0,15,3,80,106,20,2,1,0.3725713031637583
1,125,0,0,0,0,1,22,2,1,25,9,58,92,0,1,1,0.38700372100977365
1,195,1,259,1,0,1,58,0,0,79,0,80,100,0,0,0,0.06484132122957621
1,316,0,0,0,0,0,0,0,0,26,1,47,83,7,0,1,0.8481102502396913
0,288,0,71,0,0,2,8,3,0,42,0,80,100,0,0,0,0.018072926138683106
1,178,0,0,0,0,2,0,0,0,41,3,80,101,1,1,0,0.0054154286929557136
0,0,0,0,0,0,3,0,0,0,13,13,70,104,4,2,0,0.5984089644505333
0,89,1,0,0,0,2,0,0,0,20,1,41,78,0,3,1,0.9158083405332759
0,11,0,0,1,0,2,0,0,0,68,4,79,111,0,1,0,0.01158801997441754
1,149,0,79,1,1,3,23,1,0,68,1,90,128,1,1,0,0.004538263627329647
0,214,1,82,1,1,1,17,4,0,55,0,82,110,0,0,0,0.0023955921794479094
1,126,0,0,0,0,0,0,0,0,29,0,80,100,0,0,0,0.33277040515719275
1,215,0,79,1,1,3,32,0,0,83,0,80,100,0,0,0,0.008126814298770692
1,272,1,134,1,0,0,0,0,0,80,0,80,100,0,0,0,0.014431561322724499
0,268,0,69,0,0,0,0,0,0,43,4,80,121,0,2,0,0.007658484658324005
1,290,0,0,0,0,0,0,0,0,75,4,50,90,0,0,0,0.6524724310954252
0,92,0,70,1,1,0,0,0,0,78,0,80,100,0,0,0,0.0010869580124745505
1,250,0,0,1,0,0,0,0,0,67,0,80,100,0,0,0,0.01818589684288332
1,101,0,31,0,0,0,21,5,0,6,2,80,94,2,3,0,0.08231577272067268
1,50,0,0,0,0,1,9,2,0,6,7,90,114,3,1,0,0.036563703272726886
0,252,0,0,0,0,0,0,0,0,100,0,80,100,0,0,0,0.0008667518527439278
0,240,0,123,0,0,1,0,0,0,50,0,80,100,0,0,0,0.062029575634059406
0,284,0,118,1,0,2,28,0,0,82,0,80,100,0,0,0,0.00789581334382232
1,428,0,261,1,0,2,23,3,1,85,0,80,100,0,0,0,0.02538664483670507
1,39,0,1,1,0,0,0,0,0,32,0,80,100,0,0,1,0.40709296708524695
1,129,0,0,0,0,0,1,6,0,0,5,73,113,8,3,0,0.3381537313255653
1,0,0,21,1,1,0,16,1,0,30,0,80,100,0,0,0,0.04836079663616864
0,191,0,307,0,0,0,53,1,0,49,2,41,82,6,2,1,0.8997737835456711
0,15,0,38,0,0,0,16,5,0,12,7,78,105,6,1,0,0.07443026737487414
0,173,0,0,0,0,0,0,0,0,37,5,47,83,8,2,1,0.7685588102383597
0,0,1,0,0,0,2,19,0,1,30,0,80,100,0,0,0,0.00729748710354716
1,45,0,47,0,0,1,0,0,0,34,0,77,113,0,0,0,0.016126402683736225
0,62,0,109,0,0,0,13,6,1,36,3,42,75,0,0,1,0.8729186410804098
0,24,0,68,1,0,0,9,3,1,49,2,37,78,19,4,1,0.9748556385825972
1,0,0,0,0,0,0,0,0,0,0,3,80,86,0,1,0,0.3583574085954434
0,111,0,176,1,0,0,16,2,1,67,3,61,103,0,3,0,0.15142864450050517
1,0,0,48,0,0,1,0,0,0,28,2,78,111,0,2,1,0.525054014640937
1,0,0,0,0,0,0,0,0,0,0,2,72,103,0,3,0,0.7972859656708249
0,258,0,0,0,0,0,0,0,0,77,0,80,100,0,0,0,0.013318992999998794
1,127,0,162,0,0,2,0,0,0,51,0,80,100,0,0,0,0.028732219326404913
1,323,0,0,1,0,0,0,0,0,78,1,63,90,0,3,0,0.2581965908922421
1,226,0,41,1,0,0,30,0,1,68,0,80,100,0,0,0,0.010426432046468375
1,139,0,22,0,0,0,10,3,0,9,8,59,86,2,0,1,0.9621950364338944
1,42,0,14,1,0,0,5,0,0,29,2,42,76,8,1,1,0.9289634726039651
1,11,0,0,0,0,0,0,0,0,1,2,89,119,3,2,0,0.0006552489080931724
0,14,0,0,1,1,2,32,1,0,44,4,80,78,0,1,1,0.9624156650368586
1,317,0,120,0,0,0,8,2,0,25,6,72,103,4,6,0,0.161273189423813
0,173,0,33,0,0,3,9,3,0,30,1,68,93,10,4,0,0.5363143762296309
0,58,0,0,0,0,1,0,0,0,17,3,59,90,3,2,1,0.5673121191215719
1,77,0,0,1,1,1,0,0,0,64,0,78,107,2,0,0,0.0017458993013210885
1,77,0,29,0,0,0,12,2,0,21,6,80,88,0,2,0,0.21925801236994483
1,415,0,0,0,0,0,0,0,0,95,0,80,100,0,0,0,0.014817005270319244
1,0,0,10,0,0,0,4,1,0,2,3,45,78,3,1,1,0.9979890563574503
0,159,0,0,0,0,0,0,0,0,43,7,80,82,2,3,1,0.669272873230538
1,0,0,37,0,0,1,6,2,1,27,5,49,89,5,0,1,0.8693527718229804
0,41,1,7,0,0,0,19,2,0,6,5,80,101,4,4,1,0.46453324966436926
0,130,0,0,1,0,2,15,4,0,30,3,50,91,0,1,1,0.9472475804700966
1,95,0,86,0,1,4,0,0,0,37,5,49,88,0,3,0,0.17816161584746143
1,35,0,0,0,0,1,0,0,0,15,0,50,81,2,1,1,0.6464192953121599
1,43,0,42,1,0,0,0,0,0,45,3,58,87,0,1,1,0.7625823849313609
1,320,1,195,0,1,1,4,0,1,56,7,80,99,4,2,0,0.3272453160474641
0,471,0,0,0,0,0,0,0,0,99,5,80,79,0,3,1,0.9145942398225831
1,93,0,0,1,0,0,0,0,0,64,2,65,93,0,0,0,0.06708038011036926
1,215,0,170,0,0,0,45,8,1,52,4,80,91,8,2,1,0.8574960367302389
1,90,0,33,0,1,1,25,7,0,18,1,76,107,4,0,0,0.10939617077055182
0,157,0,0,0,0,0,0,0,0,100,0,80,100,0,0,0,0.014907525685733666
1,1,0,60,0,0,0,15,4,0,6,5,67,103,4,5,1,0.8532343051787042
0,1,1,161,0,0,1,0,0,0,47,2,58,89,12,0,0,0.32788684755934416
1,214,0,65,1,0,4,31,1,0,75,0,80,100,0,0,0,0.001480852044273366
1,82,0,0,1,0,0,0,0,0,50,7,52,92,14,3,0,0.324847478806561
1,496,0,0,0,0,0,0,0,0,100,0,80,100,0,0,0,0.020875912159004053
0,47,0,0,0,0,4,0,0,0,36,4,80,99,1,0,0,0.1277890966030563
0,179,0,122,1,1,0,7,4,0,48,8,80,84,0,3,1,0.9558175698587372
0,96,1,38,0,0,1,19,4,1,30,1,63,94,0,1,1,0.2577204225694494
1,123,1,13,1,0,1,22,0,0,59,7,73,109,0,1,0,0.0690779785103029
1,234,0,75,1,1,2,33,0,0,79,2,55,94,4,1,0,0.27199544622016075
0,91,0,51,1,1,0,13,0,0,58,1,86,121,0,0,0,0.10450286474016528
0,116,0,236,1,0,1,34,0,1,85,0,80,100,0,0,0,0.0031569050140390783
1,1,0,73,1,0,0,11,3,0,35,3,77,90,0,2,0,0.04507919134486824
1,9,0,23,0,0,2,18,1,0,26,0,80,100,0,0,0,0.29995106104010094
1,321,0,0,1,0,2,15,0,0,48,0,80,100,0,0,0,0.059048390244342726
1,340,1,41,0,0,0,0,0,0,29,0,80,100,0,0,0,0.1495477676663552
0,50,0,0,0,0,0,0,0,0,5,0,80,100,0,0,1,0.5667153176160024
0,121,0,155,0,0,5,0,0,0,65,1,78,113,0,0,0,0.0011812478995145517
1,79,1,59,1,0,0,12,0,0,37,0,80,100,0,0,0,0.043404260388866245
0,30,0,0,0,0,0,0,0,0,17,5,54,92,19,0,1,0.33857339366529665
1,260,0,0,1,1,1,0,0,0,75,0,80,100,0,0,0,0.014967207673057016
0,279,0,5,1,1,0,31,0,1,62,1,49,69,0,5,1,0.9454759114138332
1,51,0,53,0,0,0,11,2,0,34,2,90,118,8,2,0,0.08608731624408651
1,4,0,19,0,1,0,15,4,0,2,2,57,89,0,5,1,0.8426187952683818
0,45,0,0,1,0,3,43,4,0,40,5,40,70,0,2,1,0.9001323895933574
0,598,0,0,1,1,0,0,0,0,78,0,80,100,0,0,0,0.0004919884877254572
1,79,0,0,0,0,0,0,0,0,27,3,80,77,9,1,1,0.9830653727826686
1,137,1,178,1,0,2,2,4,0,55,2,58,95,4,1,1,0.20552226461364273
0,172,0,54,0,0,2,32,1,0,46,1,65,103,0,1,0,0.18572599716604624
0,177,1,79,1,1,2,19,4,0,45,3,51,85,0,4,1,0.2915419143266993
0,89,1,184,1,1,2,22,1,0,70,0,80,100,0,0,0,0.020731185318296066
1,142,1,161,0,1,1,9,3,0,30,0,71,111,0,0,0,0.08550974739515113
1,215,0,0,0,0,0,8,2,0,8,8,43,87,0,5,1,0.905432959936168
1,217,0,0,0,0,0,0,0,0,43,1,80,103,0,1,0,0.015399771173152273
1,128,0,0,1,0,0,9,0,0,31,0,80,100,0,0,1,0.24034049465175103
1,47,0,0,0,0,0,0,0,0,3,5,52,89,3,1,0,0.2112338238031744
1,47,0,78,1,0,1,60,3,1,77,2,80,84,15,1,1,0.9527678018125902
1,156,0,86,0,0,1,15,0,0,41,0,80,100,0,0,0,0.05660222447227614
1,84,0,58,0,1,1,23,4,0,27,0,86,111,2,0,0,0.005964940623947167
0,0,0,19,0,0,0,8,1,0,9,1,84,110,3,2,0,0.08620271463882394
0,46,0,28,1,0,0,18,4,0,27,0,80,100,0,0,0,0.3341260313760849
1,0,1,0,0,0,0,0,3,1,1,0,80,100,0,0,0,0.4042204330432199
0,234,0,0,1,0,1,34,0,0,47,0,80,100,0,0,0,0.003084066910396991
1,167,0,21,0,0,0,0,0,0,38,2,60,95,3,3,1,0.7888328448865712
1,187,0,87,1,0,1,12,4,0,47,3,68,100,8,3,0,0.35688734051067655
1,0,0,63,0,0,0,0,0,0,16,0,80,100,0,0,0,0.1387870468274708
1,262,0,109,0,1,3,14,1,0,43,1,80,105,0,2,1,0.09579278010554423
0,0,0,47,0,0,0,12,2,0,22,0,80,100,0,0,0,0.11546411322017357
0,232,0,67,1,1,2,22,1,1,69,4,66,104,0,1,0,0.019514037570632463
0,55,0,48,1,0,2,24,2,1,55,0,80,100,0,0,0,0.011221687599660848
1,101,0,108,1,0,3,23,1,1,90,8,62,103,2,1,0,0.04341504088717886
1,479,1,198,1,0,1,46,2,0,79,0,80,100,0,0,0,0.0026624187141767552
0,484,0,174,0,0,3,9,2,0,48,0,67,97,0,4,1,0.07484841152708444
0,184,0,43,1,0,0,0,0,0,42,1,86,123,5,1,0,0.0018356487211113484
0,444,0,149,1,0,5,24,0,0,85,0,80,76,6,5,1,0.8916867106641447
1,46,1,9,0,0,1,8,2,0,8,2,71,106,3,1,0,0.06534351754261405
1,83,0,0,0,0,0,0,0,0,3,1,60,82,6,5,1,0.9215529972592836
0,48,0,26,0,0,3,20,4,0,17,2,67,94,9,1,0,0.07848885039846917
1,58,0,0,0,0,0,0,1,0,0,0,97,121,0,0,0,0.007449482787859576
1,0,1,8,1,0,1,27,1,1,47,0,80,100,0,0,0,0.0070683003270758235
1,176,0,0,1,1,1,0,0,0,77,1,69,105,2,1,0,0.12768969468510363
1,57,0,0,0,0,0,0,0,0,3,0,80,100,0,0,1,0.7571493761714859
0,176,1,100,0,1,1,0,0,0,66,1,40,79,5,4,1,0.9636415753430821
1,56,0,43,1,0,2,14,1,0,73,6,72,104,5,0,0,0.0385541496614411
0,342,0,28,1,0,1,31,0,0,55,2,86,118,0,1,0,0.0030830685817623883
0,124,0,21,1,1,2,26,0,1,71,0,80,100,0,0,0,0.0009481527086381365
0,253,0,0,0,1,0,0,0,0,18,2,66,90,0,1,0,0.027023852851916497
0,235,0,0,1,0,1,0,0,0,82,2,80,102,9,2,0,0.02745920320475309
0,97,1,126,1,1,3,28,0,0,70,3,83,118,3,1,0,0.0011465469520397968
0,89,1,0,1,0,1,33,0,0,55,4,52,86,0,4,1,0.7674513775798298
0,503,1,148,1,1,2,28,0,1,92,0,80,100,0,0,0,0.002332347223058674
0,354,1,184,1,1,1,14,0,1,87,5,80,95,0,5,0,0.056140116836384764
1,40,0,125,1,0,4,23,1,1,78,5,72,102,9,1,1,0.48831820141833104
1,365,0,83,0,1,1,22,4,1,42,0,54,87,0,3,0,0.2190103319702034
1,0,0,59,0,0,0,0,2,0,2,3,52,85,0,1,1,0.6016701382653975
0,147,0,64,1,0,2,0,0,0,95,3,64,105,0,2,0,0.17942957392608547
0,312,0,262,1,0,1,0,0,0,87,0,77,117,0,4,0,0.0036307472189825952
1,109,0,0,0,0,5,0,0,0,33,2,55,92,26,3,0,0.059642271863120135
0,133,0,18,1,1,4,29,0,0,73,1,68,100,2,2,0,0.0308011299331293
0,108,1,47,1,0,1,25,0,0,65,3,60,104,6,2,0,0.1322699381014339
1,186,0,0,0,0,0,0,0,0,46,7,44,84,0,1,1,0.9491446554059525
1,9,0,18,0,1,1,11,1,0,12,6,80,77,5,2,1,0.9202033842418309
0,252,0,72,1,1,1,0,0,0,63,5,49,82,0,0,1,0.36543061449680947
1,173,0,0,0,0,0,0,0,0,36,0,80,100,0,0,0,0.01734813128577575
1,34,0,24,0,0,0,11,1,1,25,1,88,118,1,1,0,0.002841156330324569
1,0,0,330,0,0,3,47,8,0,40,0,80,100,0,0,0,0.26275651152115526
0,455,0,0,1,0,3,0,0,0,100,0,90,120,5,3,0,0.00030044483228777876
0,225,0,0,0,0,0,0,0,0,63,0,80,100,0,0,0,0.003936912347221673
0,86,0,133,1,0,3,38,0,1,78,4,80,109,0,4,0,0.01921989259862653
1,105,1,62,0,0,3,9,6,1,27,1,42,79,0,0,1,0.9745383807358181
0,266,1,125,0,1,3,18,0,1,73,4,80,88,0,1,0,0.43919931004899015
1,121,0,59,1,1,4,29,0,0,66,3,60,86,0,0,0,0.14087876114171344
0,194,1,93,0,1,2,32,2,0,38,2,80,117,0,1,0,0.00827346853569458
1,174,0,0,1,0,1,0,0,0,67,0,80,100,0,0,0,0.05199463160188129
1,13,0,0,0,0,0,5,4,0,0,5,72,104,0,2,0,0.33528837857902727
1,181,0,0,0,0,0,0,0,0,33,0,80,100,0,0,1,0.4237309637578004
0,314,0,0,1,1,2,0,0,0,91,2,62,94,12,1,0,0.036162855272159164
1,316,0,102,1,1,1,19,2,0,59,3,80,61,0,4,1,0.9902868433217378
0,32,0,95,1,0,1,0,0,0,53,0,32,65,5,2,1,0.9679263146845449
0,59,0,0,1,0,2,26,0,1,57,0,80,100,0,0,0,0.0015783799151242786
0,242,0,70,1,1,3,0,0,0,71,1,81,115,13,1,0,0.0021314728277458815
1,186,1,143,1,1,3,18,1,0,62,0,80,100,0,0,0,0.334569778205882
1,142,0,33,0,0,0,6,2,0,6,0,80,100,0,0,1,0.8674731280778476
1,150,0,87,0,0,0,32,1,0,33,3,80,90,0,3,1,0.5651177614611573
0,425,0,41,1,0,0,0,0,0,51,3,87,132,3,5,0,0.003912471655566154
0,101,0,58,1,0,0,11,4,0,43,8,57,93,4,0,1,0.3770847196536503
0,136,0,11,0,0,1,0,0,0,29,0,80,100,0,0,0,0.11587055291053819
0,314,0,0,0,0,1,0,0,0,44,0,80,100,0,0,0,0.12064355544424424
0,234,0,150,1,0,2,28,3,0,74,0,80,100,0,0,0,0.018237854498447486
0,194,1,140,1,1,1,21,0,0,80,0,80,100,0,0,0,0.0002761550814379056
1,0,0,59,0,0,1,16,2,0,16,1,80,103,8,0,0,0.014416882190029592
0,459,0,120,1,0,4,23,5,0,57,1,77,106,0,1,0,0.031135076173093957
0,195,0,0,1,0,3,0,0,0,88,0,80,100,0,0,0,0.0023760902542050953
1,2,0,31,1,0,0,0,0,0,37,3,51,90,4,4,1,0.8638490334850112
1,35,0,0,0,0,0,0,0,0,7,3,58,90,0,0,0,0.46803180843855186
1,2,0,0,1,0,0,15,1,0,25,2,80,114,0,2,0,0.15868561134073705
1,139,0,82,1,0,0,0,0,0,48,5,80,101,0,3,0,0.7023720902897249
0,59,0,116,0,0,2,19,2,1,57,1,59,87,1,0,0,0.07960255794738676
0,483,0,0,1,0,2,0,0,0,100,1,54,97,4,7,0,0.368988576421995
0,218,0,0,1,1,0,0,0,0,78,4,94,134,0,0,0,0.0001113011345457279
0,154,0,13,0,0,2,0,0,0,27,2,80,75,15,3,1,0.8472189129322353
0,175,0,0,1,0,1,0,0,0,73,0,80,100,0,0,0,0.004827359760437585
1,53,0,2,0,1,0,0,2,0,0,0,65,94,12,0,0,0.11773682774615049
1,83,0,8,0,1,0,24,0,1,26,1,76,101,0,2,0,0.0059893464394283474
1,0,1,38,1,0,1,0,0,0,55,8,80,95,4,0,0,0.6059998349556128
1,0,0,0,0,0,3,0,0,0,22,0,80,100,0,0,0,0.14070935216332497
1,231,0,0,0,0,0,0,0,0,84,0,80,100,0,0,0,0.023011083489953746
1,204,0,103,0,1,0,3,1,0,32,0,80,100,0,0,0,0.2688047192748772
1,102,0,36,1,0,0,25,4,0,30,0,80,100,0,0,0,0.005130583988888223
0,251,0,0,0,1,1,0,0,0,32,0,80,100,0,0,0,0.003357823661406836
1,14,0,0,0,0,0,3,4,0,0,0,80,100,0,0,1,0.4203858255886417
0,66,0,0,1,0,4,0,0,0,73,5,36,83,2,4,1,0.7886721584637787
0,17,0,0,0,0,0,15,0,0,8,6,51,88,0,3,1,0.5026688964447348
1,175,1,15,0,0,0,16,2,0,12,4,74,103,11,1,0,0.06417233992096516
0,491,1,219,1,1,6,43,2,0,84,0,80,100,0,0,0,0.003508797486281187
0,146,0,88,1,1,1,0,0,0,80,0,84,118,0,2,0,0.00664240570615211
0,109,1,83,1,0,4,35,0,1,94,0,76,115,0,1,0,0.007439491523568856
0,231,0,169,0,0,0,17,1,0,36,0,80,100,0,0,0,0.01752191693730573
0,91,0,0,0,0,1,0,0,0,17,1,84,125,0,0,0,0.005419253469276089
0,0,0,0,0,0,1,0,0,0,11,2,75,119,0,2,1,0.032576723540612335
0,133,0,99,1,1,1,0,0,0,90,0,80,100,0,0,0,0.004383629301218949
0,253,0,0,0,0,0,0,0,0,49,2,74,110,0,2,0,0.004696343036991165
1,85,0,0,1,0,1,0,0,0,69,3,48,78,0,3,1,0.9853942334843753
0,228,0,238,0,1,5,21,0,0,59,3,71,116,0,1,0,0.0042493378495852595
0,82,1,61,1,1,1,24,1,1,63,1,68,98,0,2,0,0.0777731671427433
0,0,0,0,1,0,1,0,0,0,33,0,58,95,4,1,1,0.6746058290391085
1,134,1,109,1,1,0,0,0,0,78,2,65,95,7,1,0,0.7122002078667569
1,31,0,2,0,0,0,9,0,0,8,0,80,100,0,0,0,0.027432421166791884
1,142,1,362,0,0,1,33,2,1,58,1,80,83,0,4,1,0.5281529789654307
0,162,1,221,1,1,1,21,0,0,71,0,80,100,0,0,0,0.0019541890237536304
1,143,0,53,1,0,0,18,4,1,44,0,67,94,0,0,1,0.2575326748334034
0,118,0,39,1,1,0,21,0,0,48,0,80,100,0,0,0,0.26953068953870307
0,161,1,59,1,0,2,17,5,1,68,3,50,87,0,2,0,0.22184664937239518
0,0,0,38,0,0,3,32,4,0,37,0,80,100,0,0,0,0.06439090186684893
0,108,0,0,1,1,1,6,5,0,17,0,80,100,0,0,0,0.20308354038087292
1,103,0,0,1,0,1,0,0,0,76,0,79,121,0,0,0,0.06222316208111477
1,150,0,151,0,1,0,8,1,0,31,0,82,112,0,0,0,0.0015214858959868842
1,112,1,214,1,0,1,0,0,0,79,5,46,84,5,0,0,0.43500582222753365
0,130,0,74,1,0,1,19,0,0,80,6,80,105,0,2,0,0.04034055596480853
1,11,0,0,0,0,0,0,0,0,1,0,80,100,0,0,0,0.1461091838510737
0,224,1,93,0,0,6,47,0,1,68,0,80,100,0,0,0,0.0006807143679424332
1,200,0,0,0,0,2,0,0,0,39,7,52,79,16,1,0,0.49736769518634677
1,6,0,67,1,0,0,31,2,0,40,1,80,102,0,2,0,0.055372731288213205
1,55,0,56,0,0,0,0,0,0,52,0,80,114,3,2,0,0.005820175984464501
1,172,1,206,1,0,2,0,0,0,87,2,64,102,5,0,0,0.042979326540397184
1,0,0,13,0,0,0,0,0,0,3,0,80,100,0,0,0,0.14100659381363914
0,211,1,82,1,0,0,16,1,0,44,2,39,80,13,4,1,0.9946766965895998
0,219,1,201,0,0,1,0,0,0,59,3,55,93,0,2,0,0.36588578602408
0,8,0,15,0,0,0,30,0,0,17,1,73,103,0,6,0,0.00414390461269312
1,0,0,0,0,0,0,16,1,0,5,3,34,72,8,1,1,0.9462453764870618
0,106,0,0,0,0,0,0,0,0,37,0,80,100,0,0,0,0.0013388592694497164
0,431,0,0,0,0,5,0,0,0,52,0,81,111,0,1,0,0.01715829105450376
0,256,0,44,1,1,0,27,1,0,60,5,80,78,0,1,1,0.3688847884819253
1,40,0,0,1,0,0,0,0,0,48,0,80,100,0,0,0,0.1916721243783759
0,100,0,0,0,0,0,0,0,0,6,0,80,100,0,0,0,0.06184069554975496
1,113,0,0,0,0,0,22,0,1,26,2,77,110,0,3,0,0.03534634802546477
0,0,0,0,0,0,0,0,0,0,0,3,86,125,0,1,0,0.009464026893029127
1,51,0,63,0,0,0,23,3,1,27,0,80,100,0,0,0,0.07969112765255332
1,47,0,0,0,0,1,22,0,0,22,3,80,81,9,4,1,0.8629335407806547
0,133,0,181,1,0,0,28,1,0,70,8,80,67,9,1,1,0.9940291139312952
1,12,0,0,0,0,0,0,0,0,3,0,80,100,0,0,1,0.31798918470605286
1,100,0,0,0,0,0,13,2,0,4,2,63,93,5,2,1,0.7098089808336746
0,179,0,0,0,0,0,34,1,1,37,3,70,114,0,2,0,0.0074771251850381725
0,311,0,0,0,1,1,0,0,0,38,2,55,85,5,3,1,0.8203213334949151
0,115,1,58,0,1,1,0,0,0,45,0,80,100,0,0,0,0.0033794212147198947
0,160,0,0,1,0,4,0,0,0,80,0,80,100,0,0,0,0.004708026594220136
1,88,0,0,1,0,0,0,0,0,31,0,80,100,0,0,0,0.23872696266334978
0,152,0,0,0,1,0,23,1,1,25,5,80,86,0,1,1,0.7931404055603017
0,125,1,0,1,1,0,0,0,0,47,0,80,100,0,0,0,0.014247239280667677
1,64,0,0,0,0,0,0,0,0,10,10,48,74,9,8,1,0.9456812170168885
0,249,1,102,1,1,2,0,0,0,94,0,39,76,0,2,1,0.9333977031357795
1,62,0,0,0,0,0,0,0,0,11,0,80,100,0,0,0,0.08368927718994419
1,63,0,145,1,1,2,21,1,0,71,0,80,100,0,0,0,0.04291146655853674
1,9,0,65,0,1,0,27,0,0,25,0,80,100,0,0,0,0.0227207173033391
1,96,0,6,0,0,0,2,4,0,0,0,83,115,3,0,0,0.03486512216038249
1,25,0,133,1,0,1,30,6,0,47,2,44,82,0,2,0,0.3463526682320606
0,210,0,218,1,1,1,28,1,0,74,8,57,82,0,1,1,0.45038302273118747
1,168,0,0,0,0,0,0,0,0,14,0,52,85,1,0,0,0.18964588669203766
1,0,0,75,1,0,0,46,0,1,56,0,44,74,0,1,1,0.9864344997464634
1,220,0,10,1,1,5,17,0,0,49,1,62,100,0,1,0,0.24760600129318994
1,140,0,0,1,1,0,0,0,0,54,2,79,115,4,4,0,0.12443859171073718
1,0,0,0,1,0,1,10,5,0,15,0,80,89,0,2,1,0.7112420223372019
0,499,0,3,1,0,2,13,1,1,59,1,95,126,1,0,0,0.00020568911864589232
0,421,0,46,1,0,2,24,0,1,78,6,52,89,8,2,1,0.3845775310495725
1,166,0,193,1,1,1,31,4,0,64,0,40,70,0,2,0,0.5794929846068408
0,187,0,6,0,0,0,28,3,1,22,0,80,100,0,0,0,0.030877390871307323
1,17,1,94,1,0,1,24,3,1,70,2,80,103,3,2,0,0.004574476335307658
1,236,1,60,0,1,2,8,2,0,23,4,55,92,0,6,1,0.6488448029691042
1,0,1,11,0,0,0,6,1,0,2,0,56,80,0,4,1,0.6056268126007073
0,64,0,62,0,0,2,0,0,0,59,2,49,92,0,3,1,0.7761777235354033
1,80,0,245,0,0,0,0,0,0,44,0,80,100,0,0,0,0.19776767508941406
1,0,0,66,0,0,1,15,2,1,27,0,80,100,0,0,0,0.0681992799970017
1,0,0,166,0,1,0,0,0,0,40,5,40,79,0,1,1,0.9662343198374821
1,130,0,139,0,0,0,22,3,0,38,1,57,98,0,1,0,0.7110452060817208
1,0,0,54,1,0,0,0,0,0,67,0,80,100,0,0,0,0.13401826473690487
0,95,0,0,1,0,1,0,0,0,66,4,80,77,0,1,1,0.798086574118245
1,22,0,0,0,1,2,0,0,0,18,0,80,98,3,1,0,0.047912202319698505
1,0,1,0,1,0,0,0,2,0,14,2,80,94,0,3,1,0.8393091570883828
1,0,0,0,0,0,1,0,0,0,11,4,68,103,0,2,1,0.775187469406398
0,454,0,141,1,1,3,35,2,1,91,9,36,70,5,3,1,0.857982907738095
0,206,0,124,1,0,2,19,0,1,83,0,80,100,0,0,0,0.006432611715422223
0,656,1,324,1,1,0,0,0,0,87,2,80,92,2,3,0,0.015051928413333956
1,0,0,0,1,0,1,4,4,0,15,4,77,103,5,0,0,0.14695110072170217
0,323,0,0,0,0,0,0,0,0,82,2,99,129,0,1,0,0.0004816891974391162
1,1,0,0,0,0,0,0,0,0,0,1,59,93,21,0,1,0.81783020895625
1,309,1,109,1,1,0,3,1,0,43,0,80,100,0,0,0,0.13022976325025132
0,70,0,0,0,0,1,15,2,1,22,6,42,69,0,2,1,0.9964235713283963
1,74,0,41,1,0,0,0,0,0,47,0,80,100,0,0,0,0.013454540786138077
0,66,0,0,0,0,0,0,0,0,37,0,37,79,0,3,1,0.9403268392818905
0,237,1,124,1,0,1,24,3,0,67,4,66,108,2,1,0,0.06244791700020936
0,451,0,0,1,1,1,0,0,0,89,0,42,71,0,3,0,0.7610295622095705
0,548,0,250,1,0,2,55,0,1,100,0,80,100,0,0,0,0.0019207747996189595
1,1,0,242,0,0,0,53,1,0,42,0,80,100,0,0,0,0.043355368641210534
1,25,0,10,0,0,0,4,2,0,1,7,63,88,10,1,1,0.8478443370361302
0,489,0,217,0,0,2,0,0,0,73,0,80,100,0,0,0,0.0024385092799109162
1,78,0,31,0,0,1,25,0,1,35,3,77,109,2,1,0,0.0193947201691561
0,31,0,72,0,1,1,12,2,0,27,1,51,88,0,1,1,0.5202976255120002
0,126,0,32,0,0,1,19,0,0,31,8,38,68,0,0,1,0.9130393121237308
0,196,1,51,1,0,1,36,1,1,86,2,43,80,0,5,0,0.7280711098519261
0,177,0,59,1,1,1,26,0,0,54,2,80,119,5,5,0,0.034121226282534035
1,173,0,46,0,0,3,28,1,0,40,0,72,100,0,0,0,0.030643548052242148
1,301,1,215,1,0,2,24,1,1,88,0,80,100,0,0,0,0.0066775752021454166
0,78,1,33,0,0,0,23,4,0,17,0,80,100,0,0,0,0.04281536228580891
1,0,0,0,0,0,0,0,0,0,0,1,81,111,8,4,0,0.1502684669792093
0,78,0,0,0,0,1,0,0,0,18,3,77,114,3,4,1,0.045305267633171206
1,0,1,52,0,0,1,8,0,0,35,0,80,100,0,0,0,0.17117410597571728
1,162,0,57,1,0,1,39,3,0,50,4,43,78,3,2,1,0.98331068856945
1,12,1,80,0,1,1,18,0,1,48,0,80,100,0,0,0,0.08331744850597594
1,320,1,368,0,1,1,30,0,1,69,0,80,100,0,0,0,0.005606165168616583
0,0,0,0,1,1,1,12,1,0,28,2,78,107,11,0,0,0.018148447622376686
0,286,0,100,0,1,5,24,0,0,48,0,66,99,0,1,0,0.002420966752185449
1,102,0,50,0,0,1,0,0,0,23,0,80,100,0,0,1,0.5833960328880281
1,54,0,111,0,0,0,11,1,0,29,14,80,115,14,0,0,0.06479597997536118
0,144,1,156,1,0,9,0,0,0,94,1,52,85,11,1,1,0.6727444791293602
0,135,0,0,1,1,5,0,0,0,100,0,80,100,0,0,0,0.0032533161726605044
1,83,0,19,0,0,0,13,1,0,11,1,32,66,2,3,1,0.8446556242775379
0,165,0,61,1,0,0,26,1,0,45,2,51,84,11,3,0,0.049099601621822433
0,246,0,143,0,0,1,20,1,0,55,5,51,78,17,5,1,0.8613435091170893
1,25,1,90,0,0,0,26,2,0,39,5,63,100,6,0,1,0.18507479359390522
1,301,0,9,1,1,1,24,0,0,48,0,52,88,7,2,0,0.8786001427226623
0,371,0,0,1,0,0,17,0,0,43,2,75,119,0,0,0,0.0018480888145236216
0,237,0,39,1,0,0,8,1,1,46,0,80,100,0,0,0,0.014526245005029708
0,34,0,34,1,0,4,31,1,1,58,1,89,121,0,2,0,0.001062790279365217
0,45,0,32,1,1,0,23,0,1,48,5,48,86,22,0,1,0.8970633001014406
0,182,0,196,0,0,1,30,1,1,64,0,83,122,3,0,0,0.001500140131937923
1,0,0,0,1,0,0,0,0,0,44,0,80,100,0,0,1,0.8640430897143825
0,251,0,22,1,0,0,35,1,0,49,0,80,100,0,0,0,0.000538027551814698
0,0,1,54,0,0,1,16,3,0,16,1,80,107,5,1,0,0.05739797901732416
0,217,0,0,0,0,0,0,0,0,17,0,80,100,0,0,0,0.050943629791611086
1,376,1,142,1,0,1,14,1,1,70,3,58,96,0,3,0,0.21951641466915978
1,0,0,0,0,0,2,10,1,1,22,2,73,103,4,0,0,0.2433236573432427
1,0,0,0,0,0,0,0,0,0,0,2,82,124,5,4,0,0.04539495527892137
1,145,0,56,1,1,1,9,8,0,58,0,80,100,0,0,0,0.13270387184160068
1,49,0,2,1,0,0,44,0,1,49,2,39,80,0,4,1,0.9188979413532034
0,0,0,142,0,1,1,34,1,1,57,2,50,89,7,1,0,0.17875716535141997
0,0,0,0,1,1,0,0,0,0,44,0,80,100,0,0,0,0.011686457739616794
0,98,0,61,1,0,1,12,0,1,55,3,67,99,2,2,0,0.2950060985723262
0,157,0,0,0,0,2,0,0,0,28,1,80,101,0,0,0,0.07412498009070653
0,177,1,250,1,0,1,24,1,0,72,1,63,93,2,2,0,0.20147167066206456
0,25,0,22,1,1,2,30,1,0,52,3,84,119,0,0,0,0.0037565386964889067
1,42,0,0,1,0,0,12,4,0,17,0,80,100,0,0,0,0.3564193000017661
0,475,0,0,0,0,0,0,0,0,33,1,90,123,4,2,0,0.0010312952965850814
1,232,1,58,1,0,0,19,1,1,82,0,80,100,0,0,0,0.00872266441663954
0,241,0,0,1,1,3,0,0,0,97,1,80,101,0,6,0,0.0042182299647827454
1,48,1,0,1,1,1,0,0,0,35,1,78,113,5,1,0,0.09507890414437549
0,422,1,164,1,0,2,33,0,0,90,1,89,124,0,1,0,0.0005340217376747108
1,0,0,7,0,1,0,2,2,0,0,1,79,111,3,1,0,0.16372087120996714
1,0,0,0,0,0,0,0,9,0,0,7,58,92,4,0,1,0.8753515432442858
0,15,0,0,1,0,1,0,0,0,34,5,52,80,7,2,1,0.9569390355923559
1,133,0,38,1,0,0,0,0,0,76,1,95,114,0,2,0,0.04902768620199139
1,0,0,0,0,0,0,12,4,0,0,0,80,100,0,0,1,0.7378895923186614
0,225,0,0,0,0,0,0,0,0,51,4,47,84,14,1,1,0.5986533650980231
0,0,0,0,0,0,0,0,0,0,0,1,79,114,12,0,0,0.4257816393201572
1,47,1,37,1,0,0,13,4,0,27,0,80,97,5,4,1,0.7485778283548522
1,0,0,0,0,0,0,4,2,0,0,0,80,113,10,0,0,0.16106910169968547
0,26,1,0,1,1,3,24,0,0,45,0,80,100,0,0,0,0.002742947136522269
0,169,0,100,1,0,1,0,0,0,89,2,47,89,0,7,1,0.7812129183887728
1,87,0,81,0,0,0,13,4,0,9,0,80,100,0,0,0,0.15419796340063524
0,134,0,0,1,0,0,0,0,0,72,0,80,100,0,0,0,0.013251404415315316
0,239,0,0,1,0,1,25,1,0,50,0,62,96,5,0,0,0.028368981595756116
1,0,0,41,0,0,2,13,3,0,18,4,51,83,0,6,1,0.772555196225822
1,33,0,75,0,0,0,21,2,0,30,0,58,98,10,0,0,0.01575267313542668
0,245,0,174,1,0,2,0,0,0,97,0,80,100,0,0,0,0.006550867279077961
1,28,0,9,0,0,0,9,1,0,5,1,51,87,0,2,1,0.9261407877290035
1,185,0,124,0,0,2,23,3,1,68,0,80,100,0,0,0,0.014965204857274598
0,44,0,56,0,0,1,9,5,0,5,0,69,103,10,1,1,0.4394054780702924
0,0,0,83,1,0,1,28,0,0,53,0,80,100,0,0,1,0.18751613940207412
1,12,0,0,0,0,1,0,0,0,12,0,80,100,0,0,0,0.18371928186539174
1,111,0,0,0,0,0,0,0,0,67,0,80,100,0,0,0,0.19692136294347123
1,193,0,107,0,0,1,30,1,0,48,2,80,115,0,0,0,0.003715036084412332
1,14,0,0,1,1,1,0,0,0,58,2,80,71,14,2,1,0.9891559948281097
1,85,0,66,1,1,1,0,0,0,88,3,36,68,16,1,1,0.9953417488231223
1,0,0,9,1,0,0,0,14,1,18,2,64,103,0,3,1,0.8504489256916868
1,28,0,16,1,0,1,0,0,0,28,6,68,106,2,0,0,0.07249396372814662
1,164,0,6,0,0,0,6,4,0,0,2,64,108,0,3,0,0.2494519677826614
1,69,0,46,1,0,0,28,0,0,49,2,72,103,0,0,0,0.0020234259491584464
1,17,0,47,1,0,1,0,0,0,45,2,71,104,0,0,0,0.369611363621751
1,0,0,33,0,0,0,8,5,0,0,5,59,97,6,4,1,0.9431460434212883
1,90,0,0,0,0,0,0,0,0,20,1,74,108,12,1,0,0.2737311593417256
0,307,1,250,1,1,6,38,0,0,85,2,80,94,0,0,0,0.004800187384101748
0,388,0,0,0,0,0,25,1,0,22,2,61,100,8,5,0,0.07795668196690768
0,77,0,24,1,0,2,12,6,0,37,8,31,78,10,1,1,0.9928662465023839
1,223,0,94,0,0,0,0,2,0,22,0,82,110,0,0,1,0.08738704232188822
0,63,0,76,0,1,1,0,0,0,40,2,42,82,4,3,1,0.6659766305896921
1,180,0,0,0,0,0,0,0,0,45,0,70,100,0,1,1,0.1613233342975939
0,0,0,15,0,1,1,22,2,0,16,3,81,120,7,1,0,0.00554940695099873
0,132,0,70,0,0,4,46,3,0,58,2,34,72,0,1,1,0.8771017412549825
0,172,0,40,1,0,2,0,0,0,85,1,80,80,0,1,0,0.08535697742233635
0,5,1,70,1,0,0,0,0,0,49,0,80,100,0,0,0,0.09159555154452942
1,328,0,0,0,0,0,0,0,0,76,0,80,100,0,0,1,0.13933536709191166
0,77,0,15,0,0,1,21,2,0,15,0,80,100,0,0,0,0.01866682965166055
1,8,1,17,0,0,1,28,2,0,21,3,61,107,5,2,0,0.022131252786861323
0,97,1,41,0,0,2,14,1,0,27,1,83,116,3,1,0,0.01573742997629027
1,84,0,23,0,1,2,3,1,0,21,2,80,99,0,3,0,0.13785009717631933
1,155,0,0,1,0,0,0,0,0,55,0,79,118,11,1,1,0.4684912365454095
1,91,0,22,1,1,0,10,5,0,21,0,80,100,0,0,0,0.26062240994956676
1,214,0,0,0,0,0,0,0,0,66,3,45,88,0,1,1,0.6440638650110782
1,89,0,63,0,0,1,36,4,1,55,3,80,74,4,1,1,0.7126795857135143
1,87,0,10,1,0,0,22,3,0,26,2,59,97,0,1,1,0.3494676550233064
1,108,0,0,1,1,0,0,0,0,56,0,80,82,7,3,1,0.32499748664249145
1,191,0,37,1,0,0,23,2,0,38,0,80,100,0,0,0,0.23376193278313118
0,197,0,0,0,0,0,0,0,0,40,1,80,110,4,0,0,0.02958792213749073
1,53,0,34,1,0,0,13,4,0,38,0,80,100,0,0,1,0.3753600788404423
1,0,0,28,0,0,0,10,2,1,25,0,63,91,1,0,0,0.19751047777329608
1,0,0,0,0,0,0,0,0,0,0,9,53,88,0,3,1,0.8482695694514959
0,86,0,0,1,0,1,0,0,0,79,0,80,100,0,0,0,0.0032638812428666957
1,254,0,119,1,0,2,25,0,0,70,5,49,85,0,1,1,0.6469543875961532
1,189,0,106,1,0,0,24,0,1,72,6,40,70,0,8,1,0.9866690307498862
1,255,1,292,1,1,0,33,1,0,71,6,38,74,3,4,1,0.7734661663060568
1,0,0,12,1,1,0,11,1,0,26,0,80,100,0,0,1,0.4057137871763682
1,0,1,33,0,1,0,17,1,1,21,1,71,98,4,3,0,0.0623450866548866
0,157,0,122,1,0,0,0,0,0,58,2,65,112,0,1,0,0.08059111270682155
1,0,0,264,0,1,0,44,4,1,43,0,80,100,0,0,0,0.2515353412839711
0,38,1,39,0,1,1,37,0,1,44,1,87,118,0,2,0,0.00012910337825277886
0,190,0,0,0,0,2,0,0,0,42,4,58,83,0,1,0,0.19063216004092726
1,0,0,87,0,1,0,0,2,0,13,0,51,95,8,1,1,0.7048553252573319
0,58,0,26,0,0,1,0,6,1,13,4,66,105,0,3,1,0.31180625019517966
0,210,0,93,1,0,2,27,0,1,86,3,52,87,10,6,0,0.36081126425864235
1,27,0,0,0,0,0,8,1,0,5,6,45,83,19,1,1,0.9629856204568231
1,0,1,47,0,0,0,32,0,0,43,4,42,81,9,2,1,0.9486682678317796
0,0,0,20,0,0,0,11,2,0,4,3,79,108,0,2,0,0.03319051178650606
1,125,0,0,0,0,0,0,0,0,68,1,80,103,0,4,0,0.016984131753736708
1,113,0,76,1,0,0,6,3,0,51,4,77,109,0,1,0,0.016644995361799995
1,160,0,0,1,0,1,0,2,0,34,5,80,114,14,2,1,0.1338491594532129
1,224,0,0,1,0,0,0,0,0,70,16,80,77,6,0,0,0.66798474588264
1,0,1,0,0,0,1,0,0,0,7,8,80,100,0,2,0,0.44104141782091777
1,131,0,0,1,0,0,0,0,0,32,8,80,115,14,6,0,0.023346368446789452
0,176,0,17,0,0,1,34,0,0,33,3,58,102,1,0,0,0.13934496695031193
1,164,0,0,0,0,0,0,0,0,19,3,80,115,0,3,0,0.012557610598529449
1,164,0,0,1,0,0,0,0,0,61,1,69,105,9,0,0,0.08226102238921619
0,353,0,0,1,0,4,0,0,0,100,3,80,107,0,1,0,0.02396571424955637
1,110,1,281,0,0,4,18,1,0,49,5,42,81,8,1,0,0.7493416584534558
0,158,1,159,1,0,3,38,0,0,85,5,64,98,0,5,1,0.31052211807962543
0,57,1,30,0,0,3,0,0,0,44,2,80,94,10,3,0,0.4026876005818581
0,93,1,88,1,0,1,19,0,1,61,0,87,124,0,1,0,4.701076716829236e-05
1,0,0,33,0,1,3,21,0,0,41,0,36,80,23,3,1,0.9890998392196461
1,84,0,172,0,0,1,18,5,1,42,5,46,77,12,2,1,0.9559122128383035
1,6,0,23,0,0,0,18,0,1,26,2,84,122,8,0,0,0.01254465277028642
0,248,0,84,1,0,4,0,0,0,81,1,58,89,15,0,0,0.0416680764351336
0,83,0,47,0,0,6,17,0,1,37,2,85,117,5,0,0,0.0022198822743361864
0,375,1,262,1,1,6,43,0,0,85,0,80,100,0,0,0,0.0005842401678770312
0,211,1,173,1,1,0,64,1,0,72,0,80,100,0,0,0,0.001073289060922336
1,0,0,18,0,0,0,2,2,0,0,0,80,100,0,0,1,0.5130879080697077
1,202,0,56,0,0,0,28,0,0,57,0,62,98,1,2,0,0.05517373190822856
1,133,0,0,1,0,0,19,0,0,34,2,80,114,4,1,0,0.03451493462134607
0,80,0,0,0,1,0,0,0,0,10,1,80,124,2,2,0,0.0048933424447780835
0,0,1,52,0,0,2,18,2,0,21,1,62,90,5,1,0,0.13819667818873274
0,180,0,37,0,1,6,17,1,0,26,1,82,107,2,0,0,0.00029718298051159596
1,205,1,119,0,0,1,14,5,0,24,7,57,92,0,3,1,0.8333083991110932
1,108,0,105,1,0,0,0,0,0,61,2,46,81,8,0,0,0.886909051042696
1,0,0,0,1,1,1,10,0,0,30,0,80,100,0,0,0,0.20464268159841573
1,69,0,0,1,0,1,0,0,0,63,3,45,70,0,7,1,0.9581860290818595
1,0,0,74,0,0,0,22,11,1,19,4,35,81,7,1,1,0.9820014657008598
1,182,0,80,1,1,2,12,2,1,84,2,61,87,6,7,0,0.46731801788819005
0,15,0,203,1,0,0,54,4,0,54,4,49,81,11,7,1,0.9866308616105096
0,390,0,0,1,0,1,0,0,0,84,1,80,77,0,4,0,0.5362082311453733
0,339,1,242,1,1,0,53,0,0,77,2,48,82,0,0,0,0.33226317863580507
0,47,0,94,0,1,0,0,0,0,37,0,80,100,0,0,0,0.09218194502156454
1,0,0,0,1,0,0,0,0,0,44,2,51,95,0,1,1,0.46382562572103664
1,194,0,0,1,0,0,0,0,0,63,6,80,80,0,7,1,0.17478816748061732
0,536,0,32,0,0,0,25,1,0,29,0,80,100,0,0,0,0.007226643579153188
1,210,0,0,0,0,2,9,2,1,27,9,60,97,4,4,0,0.1297413730954792
1,15,0,61,0,0,0,0,0,0,22,0,80,100,0,0,0,0.31236196427513013
0,0,0,17,1,0,0,10,2,0,24,8,60,105,6,1,1,0.28703952793170545
0,24,1,119,1,1,0,22,3,0,50,0,80,100,0,0,0,0.02300438366793136
1,37,0,35,1,1,0,12,2,0,39,1,43,82,5,4,1,0.9425034074815316
1,55,0,0,0,1,1,0,0,0,17,0,80,100,0,0,0,0.11499196820335325
0,79,0,0,1,0,0,0,0,0,58,3,80,78,0,1,1,0.9514929196094027
1,124,0,137,0,0,2,9,1,0,47,6,66,98,4,2,0,0.12075797020449024
1,86,0,0,0,0,0,0,0,0,19,3,80,100,0,2,1,0.2660204577415529
0,28,0,40,1,0,1,0,0,0,46,0,80,100,0,0,0,0.03667049506683932
1,25,1,78,0,1,1,15,0,0,29,4,71,111,0,3,1,0.130785702556013
0,216,0,0,0,0,0,0,0,0,58,0,80,100,0,0,0,0.000366277393802533
0,0,0,57,1,0,1,41,0,0,70,0,80,100,0,0,0,0.004873100210912914
0,225,0,266,0,1,2,43,1,0,59,0,80,100,0,0,0,0.016523973285280564
1,211,0,52,0,1,0,26,1,0,24,4,83,127,2,1,0,0.0005105962859241651
1,0,0,18,0,0,1,23,1,1,33,0,62,91,7,2,1,0.9301795642563746
0,134,0,141,1,0,1,23,0,1,83,0,80,100,0,0,0,0.0004846743489947558
0,256,0,5,1,0,1,19,2,1,50,2,64,95,11,1,0,0.27552691486983044
0,212,0,0,1,1,0,0,0,0,47,1,74,103,1,1,0,0.0035697963715404647
1,0,0,0,0,1,2,0,0,0,22,11,44,85,0,4,1,0.9881751274635875
0,0,0,0,1,0,0,0,0,0,44,0,80,100,0,0,0,0.045345736186914155
1,104,1,74,1,0,0,12,1,0,51,3,47,101,0,2,0,0.6077854592922206
1,65,0,30,1,0,1,0,0,0,49,0,80,100,0,0,1,0.17148074049116915
0,447,0,0,1,0,0,0,0,0,78,0,80,100,0,0,0,0.01293818956615205
0,9,0,0,1,0,1,0,0,0,56,6,35,71,1,6,1,0.9943994770886122
1,128,0,26,0,1,0,18,1,0,27,6,56,80,14,2,1,0.9142812969711459
0,111,1,65,1,0,0,44,2,1,69,3,49,88,2,0,1,0.6860488942272651
0,199,0,183,1,1,2,17,0,1,87,0,80,100,0,0,0,0.001631807140039342
0,0,0,15,0,0,1,12,6,0,2,12,80,98,12,2,1,0.9754306932632506
0,14,1,0,1,0,1,33,1,1,48,6,80,83,17,0,1,0.9538176156784447
0,0,0,0,1,0,1,29,0,0,40,0,80,100,0,0,0,0.019822786295780007
0,243,0,62,0,0,0,15,2,0,33,0,40,73,0,5,1,0.9790846303454882
0,47,1,61,1,1,4,26,3,0,69,4,56,80,1,2,0,0.2256827056115639
0,7,0,99,1,1,1,10,1,1,67,0,61,101,4,2,1,0.10674478491031911
0,392,0,191,1,1,2,40,0,0,90,0,80,100,0,0,0,0.0007140318676561924
0,224,1,59,1,1,4,32,0,0,70,1,76,102,0,2,0,0.006305189578409757
1,263,1,74,0,1,3,34,0,1,65,2,100,125,0,0,0,6.733927495126098e-05
0,132,0,92,0,0,1,12,2,1,51,1,66,92,0,0,0,0.3735062788691244
1,70,0,248,0,0,0,11,0,1,47,6,80,102,6,6,0,0.1861974294031303
0,232,0,12,0,0,0,14,2,1,24,0,80,92,0,0,0,0.5919260765612347
1,56,0,295,0,0,0,0,0,0,43,0,80,100,0,0,0,0.39108539625834926
0,100,0,0,1,0,2,0,0,0,76,0,80,100,0,0,0,0.09122530538941952
1,151,0,53,0,0,0,15,0,0,23,0,52,80,10,3,1,0.5710966328461856
1,212,0,90,1,0,1,20,0,0,57,3,80,87,2,2,0,0.3960472120790453
1,0,0,0,0,0,0,0,0,0,0,0,80,100,0,0,0,0.022223582326863577
0,147,0,59,1,0,3,24,0,1,68,1,66,103,0,0,0,0.020341418998713313
1,2,0,43,0,0,3,13,5,1,21,4,69,95,8,4,0,0.12152714546471
0,210,0,0,0,0,1,0,0,0,33,1,55,88,2,2,0,0.2729509602548557
0,191,0,68,0,0,1,27,1,1,46,0,80,100,0,0,0,0.007814103530480678
0,63,0,19,0,1,0,14,4,1,29,4,80,92,2,2,0,0.08231087405038923
0,97,0,135,1,0,1,19,0,0,73,0,78,97,0,0,0,0.03951817066210268
1,0,0,0,1,0,0,0,0,0,27,2,80,114,0,0,0,0.06536457583344726
1,55,0,52,0,0,0,0,4,0,0,3,75,109,5,1,0,0.06854778371662767
1,43,0,33,1,0,3,0,0,0,64,3,70,106,12,2,0,0.15133021298468743
0,293,0,172,0,1,1,28,3,0,52,0,80,100,0,0,0,0.025979756337753637
1,65,0,0,0,0,0,0,0,0,6,2,58,94,10,1,1,0.7885288828166359
0,185,0,0,1,0,2,0,0,0,86,1,80,87,5,4,0,0.024599913229315668
1,397,0,131,1,0,7,18,8,1,66,5,46,82,4,4,1,0.917326045210837
1,45,0,35,0,1,0,17,2,0,11,0,80,100,0,0,0,0.026598347729367134
1,16,0,3,0,0,0,10,0,1,20,0,80,100,0,0,0,0.07826224584045714
0,168,1,179,1,0,4,0,0,0,89,4,57,97,0,0,0,0.10505574385442698
0,99,0,0,0,1,0,0,0,0,11,0,80,100,0,0,0,0.11542680483146646
1,141,0,101,0,0,0,0,5,0,24,1,40,79,0,3,1,0.9450439187101832
1,186,0,0,1,0,1,0,0,0,81,6,54,89,0,2,1,0.9205467894658418
0,90,0,125,1,1,3,27,0,1,90,0,80,100,0,0,0,0.0014295199815926203
1,45,0,95,1,0,0,23,0,0,46,2,51,93,0,0,0,0.587372570234133
1,562,1,177,0,0,0,30,0,0,58,0,80,100,0,0,0,0.0007679446812746974
0,325,1,245,1,0,1,29,2,1,86,0,68,102,0,1,0,0.0033616713957214757
1,171,0,0,1,0,0,0,0,0,70,1,72,98,11,2,0,0.1966890942431921
1,128,0,131,0,0,0,0,0,0,36,6,69,100,0,2,0,0.49450586102213995
1,39,1,0,0,1,3,17,1,0,17,4,80,74,7,8,1,0.5394211441950687
1,139,0,160,0,0,0,44,2,0,43,2,26,70,16,2,1,0.9925966446963416
1,0,1,14,0,0,0,7,5,0,0,5,36,70,11,6,1,0.9981985050878672
0,342,0,191,1,1,2,12,2,0,71,6,84,113,0,1,0,0.00836493715615447
0,172,0,280,1,0,2,17,1,1,83,6,80,65,15,1,1,0.9529184831603529
1,5,0,66,0,0,1,0,0,0,23,1,61,82,0,2,1,0.8749553707246271
0,51,0,42,1,0,0,22,3,0,31,0,80,100,0,0,0,0.2176613462037295
1,239,0,0,1,0,0,0,0,0,69,0,80,100,0,0,0,0.009365150850017111
0,442,0,0,0,0,0,0,0,0,86,0,80,100,0,0,0,0.0014643124543244847
0,570,0,70,1,0,1,32,1,0,68,5,75,103,1,1,0,0.001186528512255281
1,0,0,0,0,1,0,0,0,0,0,0,80,100,0,0,1,0.919739595417822
1,99,1,27,1,0,0,17,0,0,55,0,80,100,0,0,0,0.05697848878585443
0,363,0,0,1,0,1,0,0,0,82,8,70,111,10,4,0,0.02619517279213243
0,0,1,0,1,1,1,26,0,1,48,1,83,110,0,2,0,0.0067290303848050355
1,12,0,38,1,0,0,0,0,0,54,2,66,99,6,1,0,0.3196250674026226
1,26,1,2,1,0,0,14,10,1,23,2,39,74,6,1,1,0.9444984896744313
1,0,0,14,0,1,1,10,3,0,5,0,80,100,0,0,0,0.14494809670083467
0,242,0,0,1,0,3,0,0,0,50,0,80,100,0,0,0,0.010364352774016867
0,221,0,0,1,1,1,0,0,0,69,2,80,120,0,3,0,0.0048909770054410455
0,0,1,87,1,0,0,5,1,1,44,2,80,86,0,0,1,0.20558012727068015
1,186,0,62,0,0,2,0,0,0,53,5,72,99,3,0,0,0.0664683647485081
0,58,0,51,1,0,0,5,1,1,56,0,80,100,0,0,0,0.1843798300744042
0,50,0,40,1,0,1,23,3,0,35,7,80,87,0,2,1,0.8342914333240358
1,13,0,75,1,1,1,0,0,0,69,1,91,114,4,0,0,0.013364869694106022
1,0,0,0,0,0,0,0,0,0,0,6,36,69,0,4,1,0.9976676750238704
0,142,1,67,1,0,1,18,1,0,70,0,80,100,0,0,0,0.006649757731767557
0,36,0,0,0,0,0,7,2,0,0,2,54,97,7,0,0,0.8394303820106183
1,144,0,51,0,0,0,0,0,0,25,2,66,113,4,2,1,0.5791825834122815
1,13,0,63,1,1,0,44,0,0,50,5,80,79,0,2,0,0.6242762054020162
1,256,0,45,1,1,0,0,0,0,68,0,80,100,0,0,1,0.05131594773440003
0,96,0,53,1,0,2,34,0,1,69,0,66,110,0,1,0,0.06217125166779389
0,314,0,307,1,0,3,21,1,0,77,2,49,83,0,6,1,0.4575241473797595
1,320,0,82,0,0,1,0,0,0,47,3,64,93,4,2,0,0.06390083117857666
0,321,0,27,1,1,0,21,2,0,41,0,65,90,3,0,0,0.15029604485828166
1,0,0,47,0,1,1,13,4,0,8,1,75,111,7,1,0,0.07532263364761295
1,20,0,60,1,0,1,0,0,0,72,0,80,100,0,0,0,0.004764728842335871
1,149,0,91,0,0,1,10,1,0,45,0,80,100,0,0,0,0.023008292553828198
1,108,0,83,0,0,2,19,2,1,46,2,59,102,0,1,1,0.7680467407386167
1,40,0,0,0,0,0,6,3,1,6,6,55,88,10,3,1,0.9108183161688546
0,0,0,104,1,1,3,13,2,0,61,7,47,86,0,1,1,0.5130942897035067
0,0,0,0,0,0,1,20,2,0,9,8,66,102,6,1,0,0.5170287873745149
1,0,0,27,0,1,1,19,3,0,23,3,58,89,0,1,1,0.9013901883662141
0,138,0,125,1,0,0,11,2,0,47,0,80,100,0,0,0,0.20006364602507176
1,0,0,0,0,0,1,0,0,0,11,1,67,96,1,3,0,0.026679870039123144
1,128,0,3,0,0,0,4,2,1,15,0,80,100,0,0,0,0.5453478262969624
0,76,0,99,1,0,0,17,2,1,57,0,80,100,0,0,1,0.08061437989511247
0,100,0,0,1,1,5,0,0,0,80,0,80,100,0,0,0,0.001904580383924293
0,0,0,0,1,0,2,0,0,0,67,0,80,100,0,0,0,0.006653649861275872
1,108,0,0,1,0,2,5,1,0,34,3,81,108,3,4,0,0.20241105864365305
1,82,1,194,0,0,0,40,3,0,41,2,51,88,0,0,1,0.7499011404922147
0,47,0,101,1,0,7,17,5,1,59,0,69,92,8,1,0,0.20916158788697548
0,189,0,245,0,1,1,24,5,0,37,0,49,89,12,1,1,0.7329307089120353
0,156,0,15,1,1,3,29,0,0,69,0,80,100,0,0,0,0.0027365380434590967
0,312,0,249,0,0,2,23,1,1,69,0,78,111,0,0,0,0.0001718226611420566
1,117,0,33,1,1,0,0,0,1,54,0,80,120,0,2,0,0.06891670176785124
0,145,0,0,0,1,0,4,1,0,3,0,80,100,0,0,0,0.033967460974563206
1,32,0,0,1,0,1,0,0,0,59,6,40,84,17,7,1,0.9035917644743795
1,162,0,114,1,1,0,4,4,0,44,0,80,100,0,0,0,0.019965039144849376
1,407,0,0,0,1,1,24,0,0,32,1,48,76,0,4,1,0.5933516077484731
0,342,0,386,1,0,2,17,0,0,78,6,89,123,0,3,0,0.003916388208328477
1,0,0,0,0,0,0,0,0,0,0,1,51,88,10,4,1,0.35719208035831773
1,93,0,289,1,0,0,0,0,0,71,0,80,87,2,1,0,0.13113392266517054
0,242,0,19,1,0,0,9,0,0,35,2,48,88,5,5,1,0.6075068502713696
1,174,1,247,1,0,0,9,3,0,52,0,80,100,0,0,0,0.13486061374000777
1,70,0,22,0,0,0,3,2,0,2,0,80,100,0,0,1,0.4833912912237532
1,181,0,61,0,0,2,24,1,0,50,4,60,86,0,1,0,0.504287010015412
1,121,0,3,1,0,0,4,4,1,29,0,80,100,0,0,0,0.4831477650726254
0,145,0,62,1,1,0,0,0,0,49,0,80,100,0,0,0,0.00628201617339129
1,328,0,216,1,0,1,18,3,1,80,0,80,100,0,0,0,0.014642504122530684
1,95,0,14,0,1,0,0,0,0,35,0,80,100,0,0,1,0.5178994688963943
0,86,0,41,0,0,3,15,3,0,52,1,75,109,0,1,0,0.0016419229264536042
0,233,1,68,1,0,3,0,0,0,74,1,93,115,2,1,0,0.004316063285828087
0,166,0,0,1,0,2,0,0,0,97,2,80,71,13,0,1,0.9427486084324466
0,77,0,0,0,0,0,0,0,0,19,0,80,100,0,0,0,0.016745368510488752
0,331,0,0,1,1,3,0,0,0,96,6,78,113,0,2,0,0.018458173722852904
0,166,1,151,1,1,4,21,1,0,77,2,80,85,2,0,0,0.06522033972442594
1,154,0,123,0,1,3,16,1,1,59,0,49,88,0,0,0,0.09600411067397553
0,0,0,73,1,0,0,0,0,0,64,2,45,90,4,3,0,0.20463137413805094
1,8,0,5,1,0,1,10,5,0,18,1,80,116,1,1,0,0.03906327847506228
0,340,0,176,0,0,1,55,0,0,63,0,80,100,0,0,1,0.32391025019129754
1,0,0,8,0,0,0,25,3,0,8,8,40,80,12,2,1,0.9939772264911703
0,225,0,45,0,0,0,20,2,0,31,0,80,100,0,0,0,0.024464679658110878
1,30,0,32,0,0,0,1,1,0,27,7,82,110,7,1,0,0.05023505530101702
0,61,0,0,1,1,3,0,0,0,72,10,31,77,0,1,1,0.9783345583935399
1,213,0,0,1,0,0,0,0,0,70,5,40,70,8,1,1,0.8725249651967332
1,413,0,0,0,0,2,0,0,0,56,0,80,100,0,0,0,0.0018065907058151481
0,0,0,0,0,0,0,0,0,0,0,0,80,100,0,0,0,0.1596329695521179
0,115,0,87,1,0,2,36,0,0,88,0,80,79,0,0,0,0.1546601356368604
1,51,0,115,0,0,1,32,3,0,44,0,51,85,0,2,1,0.9077675569707289
1,39,0,0,0,0,1,0,0,0,16,0,80,79,5,2,1,0.5194914833793011
1,26,0,46,0,0,0,2,2,0,10,0,80,100,0,0,0,0.16849462657314265
0,108,0,71,1,0,2,23,1,0,74,3,87,110,1,2,0,0.00478477677493985
1,52,0,22,0,0,0,4,3,0,15,0,80,100,0,0,0,0.3552885411866459
0,51,0,4,0,0,0,21,2,0,8,2,47,83,8,0,1,0.7125535339796899
0,27,0,0,0,0,0,34,1,0,13,0,80,100,0,0,0,0.004358923440469169
0,284,0,164,0,0,3,0,0,0,70,0,45,80,0,0,1,0.7478983485510622
1,118,0,28,0,0,0,13,4,0,3,2,49,91,5,3,1,0.9846853151250575
0,230,0,37,0,0,4,14,1,0,27,2,37,71,4,1,1,0.2539634084600102
0,7,0,106,0,0,0,19,1,0,37,2,80,105,6,1,0,0.0768864646314509
0,0,0,0,1,1,1,0,0,0,56,3,84,124,0,4,0,0.0075576919870085565
1,180,0,166,0,0,1,10,1,1,48,3,80,106,0,4,0,0.05412932499903526
0,246,0,0,0,0,0,0,0,0,10,0,80,100,0,0,0,0.0025040580892756216
0,0,0,0,1,0,1,20,0,0,35,0,69,103,0,0,0,0.06073197385538992
0,315,0,145,0,0,1,25,2,1,51,7,49,81,10,1,1,0.9808278218129605
1,148,0,72,1,0,1,11,3,0,59,0,80,100,0,0,1,0.0696904588183761
1,185,1,33,1,0,1,10,0,0,71,5,42,86,0,1,1,0.9649843484775491
0,182,0,0,1,0,4,0,0,0,81,1,60,95,0,0,1,0.20437549208634617
0,161,0,36,0,1,1,17,0,0,41,0,80,100,0,0,0,0.004660119517924661
0,124,1,39,1,1,1,31,0,1,76,6,55,85,6,4,1,0.7835981060973403
1,53,0,0,0,0,0,0,0,0,13,0,80,100,0,0,1,0.5906949117319243
1,196,0,47,1,0,0,4,3,0,47,0,80,100,0,0,0,0.27129306317385027
1,56,0,51,0,0,3,2,4,0,14,1,91,139,2,2,0,0.0033997886819194453
1,0,0,24,1,0,0,0,0,0,36,0,80,100,0,0,1,0.7459564885556675
1,0,0,0,1,0,0,6,0,0,23,1,58,98,0,1,1,0.49104767937765087
1,0,0,0,0,0,0,0,0,0,0,3,65,99,15,11,1,0.876267929336578
0,187,0,244,1,0,3,31,0,0,84,0,70,101,0,2,0,0.08769031285267544
0,44,1,12,1,0,1,15,3,0,40,3,80,105,0,8,1,0.2958452081706699
0,89,0,40,1,0,1,33,1,1,62,0,80,100,0,0,0,0.002749404012944757
0,157,0,99,1,0,2,21,3,0,67,0,80,100,0,0,0,0.061849386745403266
0,206,1,127,1,0,1,43,0,1,94,2,45,92,0,1,1,0.26806790988106155
1,30,0,39,1,0,0,7,1,0,43,0,80,100,0,0,0,0.1765926224400426
1,53,0,39,0,0,1,15,0,0,22,1,80,85,0,7,1,0.9584116115438495
1,91,1,72,0,0,0,11,8,0,5,0,73,124,5,2,1,0.042415946463879986
1,0,0,6,0,0,0,9,3,0,0,11,80,98,2,1,1,0.4754327007207712
1,33,0,0,0,0,0,0,0,0,4,1,80,118,1,2,0,0.0033278709796730264
0,146,0,75,0,0,0,23,5,0,39,0,80,100,0,0,0,0.052976686754980996
1,80,0,36,1,1,0,0,0,0,39,10,59,92,11,1,1,0.9103694083612207
1,166,0,40,1,0,1,24,0,0,54,0,57,82,0,2,0,0.3180778791449129
0,184,0,0,0,0,0,0,0,0,100,0,80,100,0,0,0,0.01311866566756406
1,186,0,0,1,0,0,0,0,0,63,1,80,85,11,0,1,0.8390253108919261
1,96,0,286,0,0,1,43,3,0,44,0,44,75,0,7,1,0.9767427943287667
1,135,0,6,0,0,0,9,0,0,12,1,80,92,10,1,0,0.49682178695710466
0,196,0,115,0,0,1,19,0,0,46,1,50,83,4,0,0,0.2187987353854175
1,111,0,98,1,0,0,0,0,0,57,3,59,103,11,0,0,0.43855779944263357
1,148,0,0,0,0,0,0,0,0,11,0,78,115,0,1,0,0.08560689003092477
1,214,0,143,1,1,0,35,2,0,69,0,80,100,0,0,0,0.00096467899079696
0,99,0,305,0,1,3,50,1,0,57,0,57,80,26,6,0,0.7437547827572466
1,78,0,60,0,0,0,9,1,0,12,3,80,89,0,3,0,0.08950796826703075
1,192,0,52,1,1,1,17,0,0,57,0,80,100,0,0,0,0.09322379976984484
1,0,0,0,1,0,0,0,0,0,27,3,74,104,0,7,1,0.4300358433422095
1,71,0,0,1,0,0,0,0,0,52,1,30,65,0,0,1,0.9472665064160984
0,138,0,134,1,0,0,18,3,0,44,3,69,98,0,1,1,0.4715359165458828
1,270,0,162,1,0,4,0,0,0,90,2,50,90,0,7,1,0.9532046383955018
1,310,1,222,0,0,5,23,2,0,55,6,64,102,6,1,0,0.035856502600710674
1,0,0,0,1,1,0,26,0,0,33,2,61,87,0,2,1,0.3287325318305772
1,45,0,31,0,0,1,8,6,0,2,3,70,97,0,1,0,0.8181481209704885
1,5,0,42,0,0,0,5,1,0,22,7,38,68,10,1,1,0.994479765595899
0,187,0,112,1,0,0,0,0,0,83,1,68,103,11,1,0,0.04035700070296039
1,0,1,68,1,0,2,13,3,0,39,3,63,99,13,2,0,0.23363931295061102
0,90,0,62,1,1,1,38,0,1,64,0,80,100,0,0,0,0.002711128456933902
1,18,0,0,0,0,0,0,0,0,5,1,53,91,5,2,1,0.98358998887909
1,0,0,0,0,0,0,0,0,0,0,4,66,101,0,4,0,0.7292211848682767
0,58,0,0,0,0,0,14,3,1,11,1,83,114,0,2,0,0.057677573670292845
0,217,0,128,0,0,0,0,0,0,48,7,56,93,0,6,0,0.44486875072929394
1,0,0,125,0,1,0,14,6,0,18,2,80,76,0,1,0,0.6920159123888587
1,73,0,126,1,1,1,6,1,1,59,2,80,107,0,0,1,0.5167856452105665
0,37,0,0,1,1,1,0,0,0,60,3,51,87,0,1,0,0.2094506588414665
0,192,0,0,0,0,1,0,0,0,27,0,80,100,0,0,0,0.005520305380032548
1,230,1,128,1,0,1,28,0,0,68,0,80,100,0,0,0,0.01568990740214131
1,154,1,143,0,0,1,17,5,0,30,3,77,115,0,3,0,0.016411466131656772
1,573,0,61,1,0,4,21,1,1,71,0,80,115,14,4,0,0.007171419610406063
0,229,0,26,1,1,0,3,6,0,30,4,79,112,0,2,1,0.5109544124491188
0,229,0,0,1,0,0,0,0,0,62,1,48,86,4,1,0,0.705847535126676
1,121,0,0,0,0,0,0,0,0,37,4,69,95,0,4,0,0.11196086300651492
0,149,0,0,0,0,0,0,0,0,58,2,44,78,5,2,0,0.4333839718547511
1,0,0,1,0,0,1,2,15,0,0,0,71,111,7,3,0,0.16931138813288205
0,58,0,58,0,0,2,14,2,1,57,0,80,100,0,0,0,0.0197157014766519
1,230,0,46,1,0,0,30,2,0,49,1,45,77,9,4,0,0.34629563261924395
1,0,0,61,0,1,1,0,0,0,22,4,51,84,4,0,1,0.9133913482969466
0,360,0,245,0,0,2,13,0,0,59,7,80,92,14,2,0,0.14020111092636744
0,149,1,141,0,0,1,32,1,1,59,3,62,96,0,1,1,0.18473571059687324
1,166,0,0,0,0,0,0,0,0,13,3,74,100,2,2,0,0.012544067401453632
1,48,0,34,1,0,0,0,4,1,43,0,80,100,0,0,1,0.7041219224029123
0,184,0,95,0,1,1,37,2,0,40,4,78,108,3,2,0,0.002650005525654923
0,90,0,0,1,0,0,36,1,0,36,3,93,124,0,2,0,0.0006473253120479285
0,52,0,34,0,0,1,23,0,0,46,0,80,100,0,0,0,0.0256691380732136
1,0,0,0,0,0,0,0,0,0,0,1,80,99,0,2,1,0.47720050690505605
1,7,1,44,0,1,0,15,1,0,27,9,48,81,0,2,1,0.9457056912159267
1,233,1,320,0,0,3,34,0,0,63,2,95,118,0,4,0,0.0017377970174497137
1,335,0,33,1,0,2,22,3,1,61,0,80,100,0,0,0,0.017026086362345264
0,223,0,189,1,0,0,35,0,1,79,0,80,100,0,0,0,0.02624076643441887
0,590,1,170,0,1,0,24,0,0,53,5,48,87,2,2,1,0.5991525997921813
1,96,0,39,0,1,1,9,3,0,41,0,80,100,0,0,0,0.06934167788687717
1,0,0,0,1,1,0,0,0,0,44,10,42,73,0,5,1,0.992468327282925
1,102,0,24,0,1,4,0,0,0,16,0,80,100,0,0,0,0.00551495870507433
0,0,0,112,1,0,0,0,0,0,55,11,80,88,11,0,0,0.5541309956779908
1,94,0,75,1,0,1,0,0,0,51,9,83,114,0,3,0,0.159019525240063
0,299,0,56,1,0,0,17,0,0,59,1,78,111,1,0,0,0.001715718035337157
1,92,0,0,1,0,1,0,0,0,63,0,80,100,0,0,1,0.13745808665886913
0,322,1,87,1,0,0,0,0,0,63,2,65,101,4,1,0,0.027965763612339694
0,2,0,50,1,0,4,35,1,0,69,5,44,84,0,7,0,0.5085577813145511
1,319,0,0,1,0,0,0,0,0,72,0,80,100,0,0,0,0.8287347845012444
0,89,0,0,0,0,3,26,1,1,35,2,76,109,7,1,0,0.030194650081102153
0,12,0,140,1,0,1,6,1,0,45,0,52,83,0,11,1,0.9754968019431407
1,241,1,4,1,0,1,13,2,1,44,0,80,100,0,0,0,0.06892912731063026
1,260,0,0,0,0,0,0,0,0,64,0,39,84,0,6,0,0.37304810146724754
0,105,1,30,0,0,1,28,1,0,34,0,84,116,2,2,0,0.012377186586472803
0,401,1,386,0,0,0,37,0,0,56,4,78,116,3,0,0,0.008877279551247282
0,40,0,10,0,0,0,0,0,0,13,1,44,88,7,0,0,0.24233610052600607
1,192,1,127,0,0,3,24,5,0,51,0,80,100,0,0,0,0.1618675926243221
1,235,0,0,0,0,0,0,0,0,83,0,60,103,4,0,0,0.08070173611870587
0,123,1,82,1,1,3,0,0,0,90,6,43,76,18,3,1,0.9685276227071467
0,0,0,3,0,1,0,24,1,1,21,0,80,100,0,0,0,0.07288388432512903
0,35,1,145,0,0,0,23,6,0,29,0,72,111,0,1,0,0.025969964594166322
1,0,0,0,0,0,4,0,0,0,22,0,80,100,0,0,0,0.004874085142790469
0,280,0,172,1,1,0,0,0,0,71,1,70,94,0,1,0,0.05897802488696288
0,67,0,1,1,0,2,22,1,1,54,5,85,116,0,0,0,0.0047847920954010815
1,81,0,7,0,0,1,18,6,0,6,1,47,81,0,2,1,0.9347147540340077
1,188,0,312,0,0,2,32,1,0,57,0,80,100,0,0,0,0.1008352473902859
1,66,0,6,0,0,0,0,0,0,4,7,36,75,5,7,1,0.9996618717404319
1,101,1,54,1,1,0,14,3,0,42,6,80,91,5,2,0,0.4222912620601046
1,218,0,61,1,1,0,0,0,0,58,0,80,100,0,0,0,0.13308415987483507
0,476,0,0,0,0,0,0,0,0,100,2,81,108,0,5,0,0.004389054498816094
0,495,1,145,1,0,3,31,0,0,80,0,80,100,0,0,0,0.0021285717466827743
1,153,0,80,0,0,0,0,0,0,31,0,54,92,6,5,1,0.9324352555929192
1,155,0,15,0,0,0,10,4,0,6,4,53,84,4,1,0,0.8069662955505769
1,0,0,0,0,0,0,15,4,0,0,1,41,81,0,3,1,0.9741852470486263
1,102,1,62,0,0,9,31,1,1,58,0,80,115,0,0,0,0.019685415582918912
0,13,0,0,0,0,0,0,0,0,5,3,69,100,11,4,1,0.3494970771004244
1,0,0,15,0,0,0,2,0,0,8,0,80,100,0,0,1,0.6048246176028657
1,222,1,206,0,0,2,21,0,0,60,1,80,113,4,0,0,0.000737668309136993
0,102,0,51,1,0,2,3,6,0,62,0,51,77,7,2,1,0.6066642336579586
1,10,0,136,0,0,4,22,0,0,45,4,54,105,0,4,0,0.11977571952386729
0,0,0,7,1,0,1,10,8,1,26,0,80,100,0,0,0,0.21726671229013897
0,298,0,100,0,0,2,29,1,0,58,0,80,100,0,0,0,0.001698050476208326
1,85,1,44,0,0,1,0,6,1,9,0,62,106,5,0,0,0.2997636229286717
0,242,1,99,1,1,2,31,3,1,79,0,80,121,10,0,0,0.005201301197102262
1,277,0,0,0,0,0,0,0,0,56,4,44,74,4,0,1,0.944551600195135
1,0,0,0,0,1,1,0,2,0,0,0,80,100,0,0,1,0.602102140944279
0,112,0,65,0,0,1,20,1,0,48,0,80,100,0,0,1,0.039126552202856525
1,419,0,60,0,0,5,29,0,0,53,0,80,100,0,0,0,0.0021603539582210397
1,0,0,0,1,1,0,0,0,0,44,1,74,121,9,5,0,0.09780572161028932
0,127,0,0,0,0,1,0,0,0,27,0,80,100,0,0,0,0.011934880659039087
1,252,0,0,0,0,0,0,0,0,48,7,80,80,5,1,1,0.9620082812979753
0,57,1,3,0,1,0,34,1,0,15,3,69,105,10,2,1,0.021425057247601877
0,41,0,77,1,0,1,0,0,0,54,2,47,91,6,2,0,0.8381514419033816
1,30,0,200,1,0,0,0,0,0,68,16,80,72,0,3,1,0.9979125430354973
0,124,0,0,0,0,0,25,2,1,25,0,53,94,0,1,0,0.40306008397418364
1,38,0,32,0,0,2,30,1,0,47,1,46,82,4,0,0,0.23948250865050058
0,93,0,12,0,0,2,0,0,0,26,0,69,107,0,1,0,0.03298716460446848
1,145,0,33,1,0,1,15,2,0,48,0,80,100,0,0,0,0.006590361954200297
0,134,0,106,1,0,1,54,3,0,70,2,44,90,0,1,1,0.9029629065523519
1,0,0,48,0,0,0,0,0,0,12,3,80,89,0,3,1,0.48636257609285655
1,268,0,99,0,0,0,9,2,0,35,0,80,100,0,0,0,0.0957739090665122
1,16,0,0,0,0,0,0,8,0,0,2,63,99,0,1,0,0.28308573564971007
1,0,0,0,0,1,0,0,0,0,0,0,80,100,0,0,0,0.09985770502741924
1,0,0,0,0,0,0,0,0,0,0,0,80,100,0,0,0,0.18255717992006135
1,76,0,28,1,0,1,0,0,0,79,0,80,100,0,0,1,0.336851980859054
0,27,0,30,0,0,0,0,1,0,5,1,43,84,0,1,1,0.9863628102477188
1,0,0,3,0,0,0,15,0,0,9,1,80,123,9,0,1,0.07916826033262668
1,129,0,0,1,0,1,8,0,0,35,1,67,99,5,1,0,0.026817370316426087
1,91,0,0,1,0,1,0,0,0,67,2,42,90,12,1,1,0.9389725033408005
0,186,0,0,0,0,0,0,0,0,50,8,54,76,10,2,1,0.916231419939263
1,110,0,0,0,0,0,0,0,0,46,0,47,69,4,0,1,0.8814277366216823
0,218,0,127,1,0,3,10,0,1,88,10,41,77,8,0,0,0.7130112726227162
0,26,0,37,1,0,0,15,0,0,44,3,80,78,0,0,1,0.943056240575174
0,104,0,0,0,0,0,0,0,0,40,2,53,88,0,7,0,0.6313165052008938
1,139,0,0,0,0,0,0,0,0,62,3,60,100,0,2,0,0.05567866249428537
0,0,0,0,0,0,3,24,2,0,16,0,80,100,0,0,0,0.008414599645872697
1,14,0,0,0,0,0,0,5,0,0,0,80,100,0,0,1,0.8371294177233146
1,436,0,204,1,0,2,7,2,0,68,2,55,82,0,1,0,0.08660575817146728
0,129,0,144,0,1,1,17,1,0,47,0,79,111,6,0,0,0.0012476228468055886
0,411,0,190,0,0,0,19,0,0,53,7,63,97,0,2,0,0.23385566411509934
1,248,0,0,0,0,1,0,0,0,31,5,68,96,0,0,0,0.04052146577637231
1,176,0,0,1,0,1,0,0,0,72,3,39,78,0,5,1,0.9163463546926298
1,481,0,0,1,1,0,0,0,0,74,0,80,100,0,0,0,0.05491734330052074
1,0,0,15,0,0,0,1,2,0,0,0,80,100,0,0,0,0.3744632588971721
1,0,0,61,0,0,0,14,0,0,22,0,79,120,0,3,0,0.024279403141023136
1,266,0,10,0,1,1,12,2,0,15,0,80,100,0,0,0,0.15242876023699745
0,27,0,28,1,0,1,10,2,0,32,0,80,100,0,0,0,0.2335345224165954
1,1,1,147,0,1,0,0,0,0,30,4,33,71,13,6,1,0.9853268592889107
1,25,0,0,1,1,0,0,0,0,32,1,83,107,3,0,1,0.24751522401586018
1,0,0,0,1,0,1,0,0,0,56,2,45,74,0,3,1,0.9716076185193088
0,0,1,16,1,0,0,26,2,0,34,0,80,100,0,0,0,0.03419492485595594
0,300,0,135,1,1,2,23,1,0,69,0,80,100,0,0,0,0.014142084327189088
1,62,0,1,0,0,0,7,4,1,4,1,81,120,1,1,0,0.24941291708903737
0,116,0,50,0,0,0,13,0,0,50,1,80,106,0,0,0,0.053622859661008195
1,160,0,82,0,0,0,14,0,0,50,0,80,100,0,0,0,0.11417448710897075
0,421,0,180,1,0,0,26,2,1,82,3,52,95,5,2,1,0.4271514677378683
1,187,0,0,0,0,0,17,1,1,22,0,80,100,0,0,0,0.1164077218702556
1,165,1,32,1,1,1,0,0,0,48,10,80,79,12,1,1,0.9983915852181962
1,99,0,47,1,0,0,23,2,0,68,4,58,81,9,1,1,0.7131189097610463
1,16,0,0,1,0,0,14,1,1,35,0,80,100,0,0,0,0.16936876911815124
0,191,1,146,1,0,2,0,0,0,93,5,77,109,0,1,0,0.03056168978088278
0,0,1,0,1,1,1,0,0,0,33,0,80,100,0,0,0,0.0015001269921077647
0,65,1,48,1,1,2,17,0,0,58,0,80,100,0,0,0,0.0184295985073981
1,121,1,25,1,0,13,18,0,0,64,4,48,72,0,0,1,0.7507231421351872
1,306,0,0,0,0,0,0,0,0,61,7,59,108,0,1,0,0.23222566927937927
0,578,0,236,1,1,2,53,0,1,100,0,45,79,0,0,0,0.06639094698755248
0,227,0,131,1,1,1,31,2,0,76,4,77,117,0,0,0,0.0025661478826504375
1,0,0,49,0,0,1,0,2,1,39,1,60,99,3,3,0,0.48576687812385
1,121,0,27,0,0,2,19,5,0,18,0,80,100,0,0,0,0.07769205797890631
0,181,1,137,1,1,0,28,2,1,81,0,80,100,0,0,0,0.004170001588918299
1,77,0,0,0,0,0,0,0,0,39,7,45,81,0,2,1,0.759409423935101
0,295,0,0,0,1,1,18,1,0,22,5,76,114,9,0,0,0.0021201857653065878
1,21,0,0,0,0,1,0,0,0,8,0,80,100,0,0,0,0.025646007884426027
0,477,0,48,0,0,0,33,0,0,39,10,62,87,0,0,0,0.15441708364136392
0,121,0,49,1,0,1,33,1,0,73,2,43,85,0,2,0,0.3930437711800519
0,0,0,0,0,0,0,0,0,0,0,0,80,100,0,0,0,0.02813884714138785
1,188,1,124,1,1,0,10,0,1,59,4,80,116,2,1,0,0.02391832414462839
1,145,0,0,0,0,0,0,0,0,42,5,84,112,2,0,0,0.005659326108709357
1,0,0,64,0,0,0,0,0,0,19,2,66,88,3,1,1,0.241699316932383
1,550,0,204,1,0,0,24,2,1,80,1,83,113,2,0,0,0.0013257539554486968
1,210,0,96,0,0,1,15,2,1,55,0,80,100,0,0,0,0.1596900116782082
1,180,0,0,0,0,2,0,0,0,52,3,80,111,0,0,0,0.0011189285806439298
1,99,0,30,0,0,0,17,0,0,17,5,40,71,5,2,1,0.9804728051270961
1,0,0,39,0,0,1,8,2,0,10,0,36,81,10,0,1,0.9126805012462149
1,193,1,15,0,0,2,0,4,0,22,0,80,100,0,0,0,0.2707809975854978
0,392,1,343,1,0,0,37,0,0,77,2,89,111,0,0,0,0.0005017703567197411
1,70,0,0,0,0,0,0,0,0,45,0,75,103,0,0,0,0.01958290757932495
0,168,0,0,1,1,2,0,0,0,51,3,80,103,3,3,0,0.1274612649457028
0,175,1,14,1,0,1,25,0,0,53,0,80,100,0,0,0,0.002874391264235292
0,85,0,0,0,0,0,0,0,0,6,3,83,122,0,0,0,0.006861519051262942
0,50,0,66,0,0,0,2,1,1,24,1,86,119,0,1,0,0.0003972492744436004
0,402,0,253,1,0,1,26,0,0,82,5,80,100,23,3,0,0.03254601754255052
1,240,0,0,0,0,0,0,0,0,100,0,80,100,0,0,0,0.004518311128836393
1,50,0,134,1,0,0,40,2,0,57,4,46,72,0,0,1,0.9832563150902331
1,13,0,0,1,0,2,20,3,0,33,0,80,100,0,0,0,0.058518408025381725
0,127,0,254,1,0,1,18,2,1,72,0,80,100,0,0,0,0.0046682924659158815
0,9,1,48,1,0,5,23,0,0,65,0,80,100,0,0,0,0.02135556145027935
1,87,1,173,0,0,1,42,1,1,61,0,80,100,0,0,0,0.31553612195405295
1,141,0,0,0,0,0,0,0,0,10,0,80,100,0,0,0,0.6654391023243533
0,133,0,0,1,1,1,37,0,0,47,0,80,100,0,0,0,0.001290559194068525
0,40,0,175,0,0,2,0,0,0,55,11,80,107,2,2,0,0.10851696179268128
1,0,0,0,0,0,0,0,0,0,0,2,60,94,3,1,1,0.7411004517746221
1,87,0,0,0,0,0,0,0,0,13,9,80,83,0,1,1,0.980887453745037
0,285,0,0,0,0,0,0,0,0,93,5,80,101,0,2,0,0.12399878765086846
1,68,0,0,0,1,0,0,0,0,7,1,54,97,0,1,1,0.5189982273202172
1,100,0,12,0,0,0,0,2,0,0,0,80,100,0,0,0,0.7126281344506569
1,180,0,0,0,0,1,19,0,0,20,0,80,100,0,0,0,0.019478617976731474
1,6,0,0,0,0,0,0,0,0,3,0,80,100,0,0,0,0.06141039134647877
1,47,0,65,1,1,1,35,0,0,77,4,83,120,10,2,0,0.0025399393378027985
0,105,0,0,0,0,0,0,0,0,12,0,80,100,0,0,0,0.004471942620967089
0,149,0,0,0,0,0,0,0,0,100,7,80,89,10,1,0,0.21608100277644304
0,148,0,0,0,0,2,17,0,0,34,1,58,87,0,2,0,0.10198048671232249
1,80,0,0,1,0,3,15,2,0,36,5,80,91,8,3,1,0.8278100896293393
0,62,0,54,1,0,2,0,0,0,53,0,80,100,0,0,0,0.017452551830917953
0,267,1,88,1,0,4,18,1,1,89,4,80,122,0,1,0,0.006871023511367256
0,4,0,64,0,0,1,13,0,0,27,0,68,101,0,3,0,0.00559838770929117
1,81,0,0,0,0,0,0,0,0,6,0,80,100,0,0,0,0.023407080685275996
0,0,0,0,0,0,0,0,0,0,0,7,84,114,0,0,0,0.016945845224787835
1,267,0,151,1,0,3,10,0,1,89,1,65,97,0,0,0,0.09329840941371864
0,551,1,146,1,1,2,37,0,1,96,0,80,100,0,0,0,0.0014117160342027107
1,64,1,21,0,1,3,21,0,0,26,8,62,86,10,1,1,0.5403900371838549
1,92,0,177,0,0,1,55,2,0,50,2,45,70,0,2,0,0.9927097644065689
1,34,0,323,0,0,0,56,1,0,43,3,29,61,12,0,1,0.9968947065504794
0,194,1,55,1,0,1,19,0,0,60,4,41,84,0,0,0,0.7797902543851555
1,27,0,0,1,1,1,4,7,0,14,2,53,84,11,0,1,0.8925332373235992
0,87,0,121,1,0,2,24,2,1,82,7,80,112,7,0,0,0.011955631199179008
0,147,1,83,1,0,3,0,0,0,92,3,60,100,0,0,1,0.1460210309583008
1,98,1,4,0,0,4,0,0,0,24,1,63,107,0,4,0,0.07916310282643832
1,74,1,49,1,0,0,21,2,1,47,1,80,98,0,4,0,0.04519000783131809
0,295,1,172,1,0,0,6,3,0,48,0,80,100,0,0,0,0.04236031059516629
0,41,0,0,0,0,0,0,0,0,21,0,69,109,0,3,0,0.09200583469252438
0,143,0,2,1,0,1,17,0,0,40,4,79,119,0,2,0,0.01314240419339638
1,13,0,0,0,0,0,0,0,0,1,2,77,111,0,4,0,0.005970078390073468
0,291,0,34,1,0,0,32,0,0,51,0,80,100,0,0,0,0.0016047219149646385
0,494,0,341,1,0,1,16,0,0,77,0,80,100,0,0,0,0.008160235956821178
0,135,0,58,1,0,0,25,1,0,44,4,43,76,0,4,1,0.3953742342068403
1,81,0,11,0,0,0,0,2,0,5,0,63,95,0,1,1,0.9268102601243338
0,200,0,69,1,0,2,26,1,0,57,2,64,95,7,0,0,0.035913223304638545
1,0,0,216,1,0,2,48,0,1,85,0,40,83,0,1,1,0.8044796965788048
1,164,0,38,0,0,0,0,0,0,20,0,80,104,0,1,0,0.11315549049051936
1,120,0,0,0,0,2,34,0,1,42,0,92,112,0,1,0,0.0004494578451999552
0,88,0,0,1,0,1,13,0,1,48,11,62,104,7,2,1,0.8472484033329247
1,107,0,28,1,1,0,2,0,0,44,0,80,100,0,0,0,0.4683438849941047
0,166,0,91,0,1,2,18,2,1,61,3,80,126,6,1,0,0.0018883874073450779
0,0,1,41,0,0,2,4,2,0,21,0,80,100,0,0,0,0.1045282482403295
1,29,0,81,0,0,1,31,1,0,35,2,80,75,1,1,1,0.9147175885186373
1,143,0,23,1,0,1,13,1,1,46,0,83,108,2,0,0,0.023737852337201118
1,97,0,0,1,0,1,0,0,0,77,2,47,79,0,2,1,0.9459668846794657
1,91,0,20,1,1,0,14,1,0,36,1,80,99,19,3,0,0.4722863892593914
0,184,0,0,0,0,2,0,0,0,26,0,80,100,0,0,1,0.3015399531503585
0,68,0,0,1,0,0,0,0,0,56,4,55,98,0,0,0,0.14557389618611294
0,146,0,21,1,1,3,0,0,0,60,1,73,112,0,1,0,0.044498352657795295
1,0,0,0,0,0,0,0,0,0,0,0,71,116,0,2,0,0.28189321939955747
0,62,0,57,1,0,0,10,0,0,57,2,42,73,7,1,1,0.8574517110644124
1,233,0,37,0,0,0,0,1,0,12,4,43,75,10,3,1,0.9802782017215866
1,201,0,0,1,1,1,0,0,0,85,0,80,100,0,0,0,0.0010562390495747382
1,0,0,168,0,0,1,49,0,0,50,1,34,57,6,2,1,0.9979596102826007
1,181,0,0,0,0,0,0,0,0,48,0,80,100,0,0,0,0.23193779402912995
1,143,0,0,1,1,2,0,0,0,94,0,80,100,0,0,0,0.023483351038152286
0,129,0,190,1,0,1,21,10,0,55,8,80,119,2,1,0,0.050292871290753244
1,188,0,59,1,0,0,2,3,0,32,0,80,100,0,0,1,0.35961398810019574
1,27,0,117,1,0,2,21,0,0,72,0,80,100,0,0,0,0.02364461916628588
0,217,0,0,0,0,4,17,2,0,19,2,86,120,7,2,0,0.005649379518407643
0,348,0,31,0,0,0,25,1,1,37,6,78,101,7,0,0,0.0025810885489959963
1,61,0,21,0,1,3,15,2,1,29,0,80,100,0,0,0,0.0824577182198203
0,69,1,12,1,1,4,25,2,0,44,2,79,122,0,0,0,0.0038337404020214387
1,65,0,26,0,0,0,0,6,0,8,6,47,74,16,6,1,0.9942088400120507
1,318,0,54,1,0,0,16,2,0,39,1,65,98,0,2,0,0.06603704584059368
0,194,0,94,1,0,0,30,0,0,80,0,80,100,0,0,0,0.0033622668126931706
1,174,0,0,1,0,0,0,0,0,78,0,47,73,0,1,1,0.6208728782112014
0,201,1,14,1,0,2,27,1,0,55,0,80,100,0,0,0,0.00284352434952254
1,0,0,175,1,1,0,25,0,0,58,0,80,78,7,1,1,0.9717888500765209
1,68,0,39,0,1,0,6,5,0,0,0,80,100,0,0,0,0.4511432445715962
1,10,0,0,0,0,0,0,0,0,2,4,64,106,0,0,1,0.8469476688251921
0,449,0,96,0,0,0,14,2,0,35,4,83,104,4,1,0,0.01640252767169278
1,131,0,0,0,0,4,11,5,0,6,1,69,107,0,2,0,0.11620923835116775
0,257,0,108,1,1,2,35,0,0,90,1,80,107,3,0,0,0.002598092057403686
1,126,0,111,0,1,0,0,0,0,38,0,80,100,0,0,0,0.021761013393964454
1,0,1,125,0,0,1,22,2,0,32,0,80,100,0,0,0,0.007384842791273096
1,266,0,72,1,0,1,0,1,0,40,2,78,118,0,0,0,0.005043944828514385
1,76,1,55,0,0,2,10,0,0,29,1,83,122,0,0,0,0.004322175072057061
0,0,0,0,0,0,1,0,3,1,6,0,84,111,3,0,0,0.06554108149356584
1,0,0,0,0,1,1,0,0,0,11,0,80,100,0,0,0,0.20313609816056447
1,149,0,79,1,0,1,9,2,0,68,0,80,105,11,3,0,0.12462358983001849
0,431,0,208,1,1,5,25,1,0,83,3,76,108,4,2,0,0.0027362843041435748
1,190,0,69,0,0,1,9,2,1,41,6,57,92,0,2,1,0.9652763729176451
1,0,0,0,0,0,0,0,0,0,0,1,80,87,22,3,1,0.6227526290672797
0,93,1,89,1,1,0,5,2,0,34,1,52,82,15,3,1,0.8156271003657359
0,84,0,35,0,0,1,15,1,0,45,0,80,100,0,0,0,0.0017156064592092023
0,292,0,6,1,0,5,32,0,0,61,0,80,100,0,0,0,0.012248272132454269
0,261,1,46,1,0,1,0,0,0,65,0,80,100,0,0,0,0.008245459322274752
0,472,0,0,0,0,2,0,0,0,55,0,80,100,0,0,0,0.0062717420859504085
1,169,0,0,1,0,0,26,1,0,39,5,68,116,9,0,0,0.016320631512577975
1,18,0,26,1,0,2,0,0,0,46,2,80,111,4,2,1,0.18904254335118761
1,190,0,12,0,0,0,12,3,0,15,2,80,110,2,0,0,0.21139051319945557
1,54,1,83,1,0,0,0,0,0,72,0,80,100,0,0,0,0.16122723298204986
1,116,0,141,0,0,0,0,0,0,47,2,50,70,10,2,1,0.9614314252221863
1,155,0,0,0,0,0,0,0,0,43,2,79,111,0,0,0,0.0007951551319990865
0,440,0,167,1,0,5,27,0,1,98,1,34,69,14,3,0,0.3772836334426307
1,0,0,4,1,1,3,27,4,0,32,3,80,101,0,3,1,0.44724110774968345
1,21,1,137,0,0,1,22,1,0,44,3,80,92,12,2,0,0.40466503841331447
1,107,0,0,0,0,3,0,0,0,29,2,71,107,0,0,0,0.044065022969655754
1,164,0,0,0,0,0,0,0,0,68,0,52,85,0,4,1,0.7894738677508927
0,77,0,44,1,0,0,0,0,0,70,1,53,99,2,0,0,0.019072659449633322
0,193,0,71,0,0,2,35,1,0,54,0,80,100,0,0,0,0.0019684478017830574
1,101,0,0,1,0,1,8,7,0,27,0,80,100,0,0,0,0.2526743989290032
1,72,1,198,1,1,2,12,2,0,63,0,80,100,0,0,0,0.02058661360673345
0,49,0,0,1,1,1,15,0,0,35,0,80,100,0,0,0,0.029979134153089126
1,63,0,0,1,0,2,21,0,0,44,2,37,70,0,1,0,0.6781151710757033
1,148,1,269,1,0,1,42,0,0,77,3,42,78,18,1,0,0.4155863164998755
0,447,0,176,1,0,10,31,0,1,100,7,79,119,0,0,0,0.002489700590311456
1,181,1,130,0,0,0,0,4,0,22,0,84,117,3,0,0,0.006488972616535844
1,112,0,0,0,0,1,0,0,0,18,8,42,83,0,5,1,0.45544623080372204
1,88,1,29,0,0,3,0,0,0,37,1,80,94,13,1,1,0.9786018826544455
1,109,0,0,0,0,0,14,10,0,0,4,79,110,0,0,0,0.040332643897042324
1,108,0,26,1,0,1,0,0,0,55,0,80,90,5,1,1,0.10917307853702365
1,231,0,242,0,0,1,33,1,0,53,0,80,107,0,0,0,0.00356615901189712
0,249,1,0,1,0,1,9,0,1,52,0,80,100,0,0,0,0.004902262080017968
1,304,1,91,1,0,4,20,0,1,72,0,74,109,0,1,0,0.013058498541711285
0,141,0,0,1,1,2,30,0,0,60,0,90,123,0,2,0,0.00014473026335397427
0,146,1,105,0,0,5,20,0,0,55,0,70,95,3,1,0,0.0064330990020684715
1,0,0,62,0,0,0,6,3,0,16,3,54,91,16,1,1,0.9582279255392763
0,138,1,123,1,0,0,31,1,0,73,6,90,121,12,0,0,0.005692456079186635
0,71,0,306,0,0,2,29,1,0,54,0,80,100,0,0,1,0.5425199185235727
1,0,0,0,0,0,0,0,0,0,0,1,39,75,2,3,1,0.9220138407355573
1,0,0,0,0,0,0,0,0,0,0,0,57,95,0,1,0,0.08227200377962142
0,0,1,130,0,1,0,20,0,0,28,0,51,86,0,2,1,0.8983812934827275
1,0,1,83,0,1,0,9,1,0,16,1,80,74,10,0,1,0.5425086763801956
0,34,1,0,1,1,4,0,0,0,44,0,80,116,2,0,0,0.006203068646511408
0,67,0,0,0,0,1,0,0,0,30,0,80,100,0,0,0,0.06679561265004702
1,1,0,19,0,0,1,6,0,1,22,2,86,109,14,2,0,0.2182536199903509
1,0,0,0,0,0,0,0,0,0,0,1,67,108,0,3,0,0.26125416393209033
0,137,0,62,0,0,3,21,0,0,61,0,76,113,10,1,0,0.0030866346513854265
0,0,0,95,0,1,1,37,0,1,58,7,80,95,5,2,0,0.16932516914726126
1,28,0,48,0,1,0,0,0,0,26,0,69,99,2,0,0,0.08673354518881608
0,213,0,0,0,0,0,0,0,0,66,0,62,87,3,2,1,0.9647037693104955
1,30,0,63,0,0,1,47,2,0,47,0,80,100,0,0,1,0.32413508014803094
1,0,0,0,0,0,0,0,0,0,0,2,47,81,0,5,1,0.554557737647628
1,0,0,91,1,0,2,51,0,0,75,6,35,74,3,1,1,0.9105069136580475
0,43,0,56,0,0,0,9,6,0,3,5,72,109,0,3,0,0.48021911471116946
1,0,0,18,0,0,0,13,5,0,0,0,80,100,0,0,1,0.4581499143783855
1,169,0,20,1,0,0,26,2,1,47,6,28,75,0,4,1,0.9795225479947683
1,38,0,79,1,0,1,10,6,0,30,0,80,100,0,0,1,0.3173723008006362
1,224,0,134,0,1,0,27,1,1,58,0,57,94,5,2,0,0.12914089821646524
1,14,0,0,1,0,0,3,4,0,10,1,61,96,3,2,0,0.18723331023297032
1,0,0,0,0,0,0,0,0,0,0,0,80,100,0,0,1,0.02921348609538489
1,186,1,183,0,0,0,15,1,0,42,1,80,90,0,2,1,0.3511901884944948
0,53,1,37,0,0,1,24,0,0,24,3,64,91,0,2,0,0.30060731797459345
0,96,0,78,0,0,1,8,1,0,42,5,71,100,8,0,0,0.03705370838634297
1,0,1,1,0,0,1,4,2,0,1,2,70,105,0,3,1,0.3648532586955305
1,0,0,0,0,0,0,0,0,0,0,1,43,88,0,1,0,0.653899448164076
1,0,1,106,1,0,2,21,1,1,70,0,80,100,0,0,0,0.00868064956597133
1,101,0,188,1,0,0,0,0,0,77,2,80,95,0,0,1,0.6730979033014955
0,27,0,324,0,1,2,38,3,0,47,8,43,81,0,4,1,0.97226724692884
1,74,0,0,1,1,1,0,0,0,65,0,80,100,0,0,0,0.07926666033778047
0,0,0,16,0,0,2,13,6,1,21,0,80,100,0,0,1,0.425053856733699
0,454,0,306,1,0,3,18,0,1,94,1,83,116,0,3,0,0.0021564311030808697
0,174,1,119,1,0,2,20,1,0,63,6,80,82,0,0,1,0.862323327267971
0,127,0,0,0,0,3,0,0,0,37,1,72,106,1,1,0,0.019177642729909624
0,175,0,42,1,1,2,24,1,1,78,0,62,99,0,1,0,0.04229880542201268
1,7,0,0,0,0,0,5,0,0,3,3,29,70,0,0,1,0.99654018282937
1,0,0,0,0,0,0,0,0,0,0,0,80,100,0,0,0,0.008682736783542151
1,82,0,86,1,0,0,26,4,0,58,2,52,83,12,0,1,0.8601439009578205
0,286,0,0,0,1,1,0,0,0,30,1,80,106,8,2,0,0.08774017966182715
1,36,0,98,0,1,1,9,1,1,46,2,70,107,23,1,0,0.16249911874757322
1,320,0,184,1,0,1,48,5,0,60,0,80,100,0,0,0,0.05816991005148651
1,137,0,130,0,0,2,21,0,1,68,0,80,100,0,0,0,0.021734394601972563
1,0,0,0,0,1,0,0,0,0,0,2,69,100,0,2,0,0.08103360181337388
0,137,0,0,0,0,1,0,0,0,44,0,80,88,0,3,0,0.24641990945195555
1,23,0,0,1,1,0,0,0,0,31,5,80,86,18,2,1,0.5720518677928061
1,26,0,39,1,1,2,0,0,0,77,0,80,100,0,0,0,0.004108010665096459
1,139,0,139,1,0,2,22,5,0,50,3,65,94,0,4,0,0.3888295991298633
0,84,1,73,1,1,1,0,0,0,60,3,45,88,3,0,0,0.3541865495488645
1,59,0,0,1,1,0,0,0,0,63,3,76,114,0,0,0,0.009514859862064294
1,135,0,0,0,0,0,0,0,0,33,3,50,81,5,0,1,0.39290896957353777
1,133,1,147,0,0,2,0,0,0,52,9,34,66,8,1,1,0.9957973374324625
0,7,0,46,1,0,1,14,2,0,55,0,91,113,3,1,0,0.003568376228744471
1,73,0,0,1,1,0,0,0,0,54,1,80,103,0,0,0,0.027203494757454767
1,13,0,33,1,1,0,15,2,1,38,4,80,103,13,1,1,0.9601535168306737
1,108,0,0,1,0,1,0,0,0,65,4,80,103,1,3,0,0.34537875435507365
0,66,0,87,0,0,0,0,0,0,50,0,80,100,0,0,0,0.005035327364961553
0,232,0,146,1,0,2,17,4,0,72,2,56,99,0,2,0,0.010060265307771096
0,528,0,140,1,0,0,28,0,0,70,1,74,106,0,0,0,0.008248211258935968
0,66,0,0,0,0,0,0,0,0,36,0,51,94,25,1,1,0.6318742267174292
0,166,1,48,0,0,3,17,1,0,36,1,84,106,2,1,0,0.043537709215429966
1,0,0,7,0,0,0,0,1,0,0,0,80,100,0,0,1,0.8155580105667495
1,76,0,52,0,0,1,20,1,0,22,8,63,104,0,5,0,0.23544241206093858
0,79,0,0,1,0,2,19,3,0,36,0,80,100,0,0,0,0.04561928467087764
1,103,0,0,0,0,0,0,0,0,20,2,72,102,0,2,0,0.2217297930668528
1,63,0,175,0,0,3,0,1,0,37,2,42,72,3,3,1,0.9863002495561115
0,202,0,3,1,0,0,22,0,0,44,1,42,76,14,1,1,0.9332148890709338
0,394,0,0,1,0,1,0,0,0,87,0,69,108,2,4,0,0.08172231019507573
1,37,1,28,1,0,3,14,1,0,51,3,53,81,3,0,0,0.6744405250766554
1,46,0,6,0,0,1,0,0,0,20,0,80,100,0,0,0,0.2841345135576751
0,117,0,27,1,1,2,22,0,0,57,2,85,122,0,2,0,0.001297519791486541
0,262,0,77,1,0,1,31,0,0,60,0,80,100,0,0,0,0.001530356751204831
0,350,0,166,1,0,4,31,0,0,82,0,80,100,0,0,0,0.04037599790059929
1,0,0,4,0,0,0,0,0,0,1,9,45,72,0,5,1,0.995675669754091
1,8,1,182,0,0,4,8,4,0,33,0,80,100,0,0,0,0.01281411556066656
0,59,0,0,1,0,2,21,0,0,45,4,68,100,0,1,0,0.020307730614102324
0,424,1,333,1,0,0,32,0,0,78,3,60,85,0,2,0,0.015540141663992039
0,110,1,35,0,0,1,0,0,0,20,0,84,116,0,2,0,0.0012231419520743973
1,105,0,205,0,0,0,0,0,0,45,0,80,100,0,0,1,0.46085127635214274
1,87,0,39,1,0,1,0,0,0,57,0,80,100,0,0,0,0.09062175911666308
1,0,0,255,0,0,0,19,10,0,25,5,41,75,0,1,0,0.6545062938078793
1,0,0,99,0,0,3,10,4,0,32,4,46,79,0,0,1,0.6697290697135646
1,0,0,0,0,0,0,0,0,0,0,0,80,100,0,0,1,0.10092916708246367
1,0,0,43,0,0,0,0,0,0,14,1,74,99,0,1,0,0.18433630950230626
0,26,1,22,1,1,1,0,0,0,47,3,80,94,12,0,1,0.14779647435127402
1,91,0,142,1,0,1,23,1,0,68,1,83,120,0,0,0,0.001137329709806211
1,19,0,28,0,1,2,26,1,0,40,0,81,113,5,0,0,0.0016374708985185803
1,56,0,0,0,0,0,0,0,0,42,11,51,78,4,3,1,0.8909111413571477
1,52,0,0,1,0,0,12,2,0,23,1,80,105,0,0,0,0.03797078286690678
1,95,1,48,0,0,0,13,0,1,35,6,68,94,1,1,0,0.12120778219103157
0,211,1,96,1,0,1,23,1,0,72,0,80,108,0,0,0,0.0035612663112577305
1,93,1,85,0,0,1,29,2,1,42,7,80,85,6,0,0,0.25384990187919143
1,0,0,22,1,0,1,2,7,0,17,1,70,106,1,0,1,0.20572019121336355
0,291,0,0,0,0,0,0,0,0,60,1,80,119,0,1,0,0.0002212452723300488
0,516,0,327,1,0,7,39,0,1,100,5,66,106,0,1,0,0.03271960235354444
0,263,1,104,0,0,1,0,0,0,54,0,80,100,0,0,0,0.003277295580406401
1,313,0,77,1,1,2,31,2,0,65,5,70,95,0,2,0,0.04819738880197488
1,451,0,0,0,0,1,0,0,0,24,0,80,100,0,0,0,0.09093882603868982
0,202,0,0,1,0,1,0,0,0,45,0,80,100,0,0,0,0.0015693216502306975
0,48,0,136,0,0,2,0,0,0,60,5,37,67,0,0,1,0.986843395832166
1,0,0,0,0,0,1,0,0,0,11,2,85,121,0,1,0,0.1394097569277128
1,64,0,0,1,1,1,0,0,0,78,1,49,86,9,1,1,0.5270577526044001
1,137,0,0,0,0,0,0,0,0,27,1,80,125,8,4,0,0.0041283017624155
1,13,0,0,1,0,0,0,0,0,28,3,40,78,5,2,1,0.9770454027039877
0,72,0,63,0,1,0,21,0,0,24,0,80,100,0,0,0,0.06052932660543677
0,168,1,115,1,0,9,26,0,0,84,0,80,100,0,0,0,0.00634434892012008
0,34,1,65,1,1,0,0,0,0,42,0,80,100,0,0,0,0.09830088773597179
1,235,0,177,1,0,0,32,5,0,52,6,45,77,0,4,0,0.9251003673119704
0,481,1,193,0,0,1,23,0,0,61,4,72,111,0,0,0,0.03221576709402845
1,0,0,13,1,0,2,14,0,0,41,1,65,106,0,1,0,0.11036567723723838
0,542,0,11,1,0,1,26,1,0,52,3,65,103,0,1,0,0.004868408326267452
0,341,0,195,1,0,1,0,0,0,89,2,56,94,0,4,0,0.027872275481951002
1,0,0,10,0,0,0,3,2,0,0,2,39,72,0,4,1,0.9987546433469182
1,0,0,0,0,0,0,10,5,0,0,1,63,100,7,4,1,0.8833022730852561
1,237,0,91,1,0,0,0,3,0,56,0,80,100,0,0,0,0.09466763450598464
1,15,0,102,0,0,2,39,0,0,56,1,80,92,3,0,0,0.2652554968747224
0,113,0,0,0,0,0,37,0,1,29,0,80,100,0,0,0,0.0008153844912706081
1,0,0,9,0,1,0,0,2,0,0,0,62,104,0,1,0,0.5066108612674823
0,448,1,132,1,1,3,28,3,0,68,2,94,134,0,0,0,0.000621644298811394
1,128,0,20,0,0,1,0,6,0,0,12,43,79,0,2,1,0.9876178362379471
0,370,0,205,1,0,1,24,1,0,76,6,73,113,0,1,0,0.036867087751304706
1,13,0,0,0,0,0,0,0,0,1,2,54,106,21,2,0,0.43758656966916426
0,170,0,129,0,0,1,53,0,0,53,0,44,81,0,0,0,0.3832008567006126
0,109,1,0,1,1,0,6,8,0,11,4,45,71,14,0,1,0.8545459569249861
0,236,1,113,0,0,2,0,0,0,56,3,76,108,0,0,0,0.005159071939802809
0,161,0,187,1,0,3,42,1,1,88,2,43,85,0,1,0,0.2858187674649042
1,23,0,23,0,0,0,0,5,0,0,1,41,74,0,3,1,0.9119678179924259
1,10,0,0,1,0,4,11,0,0,36,3,46,87,5,6,0,0.7849304101591175
0,159,0,0,1,0,2,0,0,0,100,2,80,103,0,1,0,0.03231476493991662
0,266,0,49,1,1,1,20,1,0,59,0,43,79,0,2,0,0.3073201186396314
0,136,1,103,0,1,3,25,0,0,68,0,80,100,0,0,0,0.0013336495277488794
0,127,0,0,0,0,3,32,0,0,40,4,52,100,0,1,0,0.1120919560065274
0,196,0,0,0,0,0,0,0,0,56,2,80,122,12,2,0,0.03993075076703161
0,218,0,39,1,1,1,29,1,0,66,3,70,105,6,1,0,0.05940774084804842
1,93,0,0,0,0,1,0,0,0,19,2,52,88,6,0,1,0.7626560550487533
1,15,0,0,0,1,0,0,0,0,5,5,89,114,0,0,0,0.003810049713603887
0,271,0,0,0,0,0,38,0,1,33,0,80,100,0,0,0,0.01024368066139394
0,235,0,0,1,0,1,0,0,0,72,2,83,130,1,1,0,0.011306273233060837
0,86,0,45,1,1,1,18,3,1,75,2,80,100,6,4,0,0.09942467036605625
1,194,0,76,0,1,1,13,0,0,28,0,80,100,0,0,0,0.008412530999094251
1,0,0,17,0,0,0,0,0,0,8,1,77,107,3,3,0,0.04770399334622325
0,479,0,0,1,1,0,0,0,0,78,0,80,100,0,0,0,0.0036404345598991085
0,376,0,169,1,0,0,0,0,0,83,0,57,92,1,2,0,0.527937775349455
1,144,0,50,0,0,0,0,0,0,21,3,56,100,6,1,1,0.9404191526968473
0,187,0,0,1,0,1,0,0,0,69,6,46,76,14,4,0,0.9281546923204027
0,0,1,35,0,0,1,18,1,0,24,0,64,100,0,3,0,0.2678671223869182
1,99,0,0,0,0,0,0,0,0,12,4,75,108,0,1,0,0.5591628097376351
1,53,0,0,0,1,0,0,0,0,4,1,64,95,0,4,1,0.8592251782537955
0,188,0,19,1,0,1,24,0,0,63,3,64,84,0,0,0,0.08280184818977857
0,380,0,50,1,1,3,38,1,0,69,8,80,106,0,5,0,0.004100880589318181
0,62,0,0,1,1,0,0,0,0,57,4,49,79,0,5,0,0.4705444212707573
0,396,0,0,0,0,0,0,0,0,91,2,83,123,2,3,0,0.006598097979628763
0,450,1,83,1,0,3,15,1,0,64,1,74,105,0,2,0,0.12301927957960103
0,82,0,52,1,0,0,5,0,0,40,0,80,100,0,0,0,0.48406493290612707
1,280,1,63,1,0,0,13,0,0,61,0,80,100,0,0,0,0.007422966110709554
1,98,0,0,0,0,1,6,3,0,3,0,80,100,0,0,0,0.020240223149372537
0,119,1,129,0,1,2,23,0,1,73,1,79,105,0,1,0,0.0031911009615163966
0,112,0,95,1,0,0,0,0,0,62,2,47,83,0,1,1,0.9639386099208279
1,0,1,72,1,1,1,18,0,0,50,0,70,94,0,0,0,0.054708514407463375
1,26,1,124,0,0,0,0,0,0,30,5,63,97,7,0,0,0.07632983419289066
0,75,0,0,0,0,0,0,0,0,10,0,80,100,0,0,0,0.0383863542451178
1,256,0,0,0,1,1,0,0,0,27,1,58,90,11,3,0,0.7427058764858043
0,120,1,29,1,0,2,0,0,0,82,3,52,89,11,2,0,0.30951450103489997
0,143,0,127,1,0,1,18,0,0,74,1,60,102,11,3,0,0.1012825592683253
0,239,1,83,1,0,5,0,0,0,67,0,80,100,0,0,0,0.0032261644985868165
0,69,1,35,1,0,0,15,3,0,46,2,57,84,0,1,0,0.08187571644420455
0,135,0,36,1,0,3,11,1,0,51,0,80,100,0,0,0,0.059053740693208324
1,0,0,21,0,0,0,9,3,0,2,5,80,68,10,8,1,0.9990559190672383
0,162,0,0,1,0,1,0,0,0,77,4,50,82,0,0,0,0.27998422842488846
1,161,0,0,1,0,0,8,3,0,29,2,67,101,0,0,0,0.2144606394633134
1,42,0,39,1,0,2,23,4,0,49,5,34,75,0,2,0,0.9508467119394418
1,82,0,25,1,0,0,12,2,0,30,0,80,100,0,0,1,0.2849735761633321
1,67,0,42,0,0,1,55,1,0,57,3,37,64,8,2,1,0.993216372767277
1,113,0,10,0,0,0,1,7,0,0,2,48,88,5,0,0,0.8374900066866162
1,13,0,0,0,0,0,0,0,0,3,4,42,80,9,1,1,0.9121594525616418
0,141,0,29,1,0,0,0,0,0,49,3,77,94,5,0,1,0.6412812992643833
1,188,0,29,1,0,2,22,2,0,63,4,96,132,0,3,0,0.0015852226868839955
1,0,0,0,1,1,0,0,0,0,44,8,71,116,0,2,1,0.7731608289797066
1,243,0,34,1,0,4,26,2,0,53,4,80,101,0,1,0,0.13534090219710956
1,110,0,47,0,0,0,15,5,0,11,2,64,108,0,3,1,0.6483816235697745
0,73,0,60,1,0,0,30,0,0,52,0,80,100,0,0,0,0.00714441398765098
0,98,0,15,1,1,0,36,0,1,51,1,80,84,0,7,0,0.2310833033756666
0,223,0,181,1,0,1,35,5,1,77,2,80,88,12,1,0,0.4991118235567612
1,137,0,0,1,1,0,22,1,1,49,2,45,75,0,0,1,0.08495013776869281
0,319,1,136,1,1,5,42,0,0,90,0,80,100,0,0,0,0.0006398780828213374
1,327,1,240,1,0,2,19,4,0,70,0,84,115,0,1,0,0.0007470404141098686
1,0,0,68,0,1,0,0,2,0,12,0,85,116,1,0,0,0.005663498674242779
0,337,0,0,1,0,1,0,0,0,78,0,80,100,0,0,0,0.0004383537039893591
0,160,0,93,1,0,1,29,1,0,79,0,51,89,0,0,0,0.8682779636253306
1,0,0,30,0,1,0,0,1,0,14,2,80,105,3,4,1,0.5577518136308949
1,59,0,0,0,0,2,0,0,0,28,0,80,100,0,0,0,0.002837039776647588
0,71,0,105,1,0,2,11,1,0,63,4,72,108,0,0,0,0.028178143328180277
1,200,1,69,1,1,1,8,0,0,52,0,80,100,0,0,0,0.07873384948848529
0,281,0,184,1,0,5,28,1,0,86,4,62,103,5,0,0,0.028742411287350226
1,176,0,52,1,0,2,14,3,0,62,0,80,100,0,0,0,0.004421288774243116
1,55,0,0,0,0,1,0,0,0,20,0,80,100,0,0,0,0.4300009727572709
1,109,0,201,1,1,0,33,3,0,63,2,44,80,0,2,1,0.96801514978599
0,50,0,0,0,0,0,0,0,0,35,1,42,76,5,1,1,0.3609539686846079
0,0,0,88,1,1,1,22,0,0,66,0,80,100,0,0,0,0.003921312021007601
0,157,0,0,0,0,2,34,0,1,46,0,82,127,1,0,0,0.00028361695704776324
0,0,1,7,1,1,1,7,0,1,44,0,80,100,0,0,0,0.0064968738676430245
0,0,0,50,1,0,2,55,1,1,82,3,47,81,0,4,1,0.8756963119620378
1,0,0,30,0,0,2,34,2,0,27,6,47,90,0,5,1,0.5422754207371792
0,225,0,109,1,1,1,46,0,1,73,8,61,78,0,0,0,0.3925818960512585
0,36,1,68,1,1,2,23,0,1,86,0,80,100,0,0,0,0.013180286430774976
0,48,0,0,0,0,0,0,0,0,27,0,80,100,0,0,0,0.4473360715480596
0,83,0,48,0,0,1,13,1,1,56,0,80,100,0,0,0,0.08112849707203859
1,82,1,140,0,0,1,0,0,0,53,1,60,85,10,0,0,0.22475468972355445
0,197,1,86,1,1,1,27,1,1,90,1,91,121,0,0,0,0.0005669949361760859
1,216,0,0,0,0,0,0,0,0,20,2,52,81,0,0,0,0.39968344243490955
1,188,0,32,1,0,4,13,0,1,68,0,80,100,0,0,0,0.028005447830685048
0,295,1,216,0,1,3,32,1,1,73,0,75,108,0,0,0,0.01681322855155268
0,78,1,78,0,0,1,13,2,1,40,9,64,105,0,6,0,0.6102735095162843
1,104,0,0,0,0,0,0,0,0,23,0,80,100,0,0,1,0.1855342229426471
1,12,0,0,0,0,0,0,0,0,9,0,80,100,0,0,0,0.6443531482532332
1,98,0,0,0,0,0,0,0,0,23,0,80,100,0,0,0,0.24593459859826988
0,81,0,77,0,0,0,0,0,0,47,2,62,91,0,0,1,0.2557131737181188
0,49,0,34,0,0,1,0,0,0,39,4,92,127,2,2,0,0.0006379681824557342
1,107,0,91,1,0,1,17,1,0,47,0,81,109,6,1,0,0.4272575578167083
1,159,0,70,1,0,0,0,0,0,51,3,78,105,0,1,0,0.015234789739833115
0,120,0,17,0,0,0,10,0,0,14,4,80,112,1,0,0,0.004383095712737027
0,0,1,54,1,0,2,37,0,0,57,6,41,75,0,3,1,0.9305305253518167
0,309,1,71,1,0,0,22,0,0,53,0,80,100,0,0,0,0.10921825555698869
0,306,0,162,1,1,2,30,5,0,73,2,69,104,0,3,1,0.08044667810601928
1,8,0,18,1,0,1,0,0,0,38,0,80,74,1,2,0,0.6274551885863126
1,110,0,47,0,0,1,4,7,0,6,6,71,100,2,2,0,0.03314174066762094
1,87,0,12,1,0,0,17,1,0,42,3,80,118,0,6,0,0.224268256468752
1,100,0,0,0,0,0,0,0,0,17,0,80,100,0,0,0,0.0635160807803457
1,230,0,315,0,0,2,20,1,1,63,2,37,82,8,1,1,0.9643535713009429
0,0,0,32,1,0,1,3,3,0,24,0,70,104,4,0,1,0.27088462818559234
1,212,0,71,0,1,0,18,1,0,22,0,80,100,0,0,1,0.17379793112468345
0,69,1,28,1,1,4,30,0,1,62,6,65,90,5,2,0,0.2247433955989322
1,0,0,0,0,0,0,18,2,0,3,0,80,100,0,0,0,0.09371522329389255
1,106,0,163,0,1,1,27,2,0,46,1,80,108,6,2,0,0.031502634102439406
0,1,0,0,0,0,0,0,0,0,1,0,80,100,0,0,0,0.019546959662137695
1,188,0,160,0,0,0,49,1,0,53,0,36,80,0,3,1,0.9692255302262286
0,89,1,5,0,0,0,27,2,0,12,0,80,100,0,0,0,0.12292903359467322
0,123,0,94,1,0,2,8,9,1,53,0,80,100,0,0,0,0.2955486986199368
1,6,0,0,1,0,2,0,0,0,68,2,80,100,1,4,0,0.15330955871672988
1,118,0,0,0,0,1,28,3,0,15,0,80,100,0,0,0,0.021961381637727862
1,64,1,76,0,0,2,37,1,0,59,1,58,88,0,1,0,0.20765638255294108
1,104,0,0,0,0,0,0,0,0,12,0,55,82,5,5,0,0.518355857342996
0,118,0,47,1,1,3,33,0,1,65,3,100,137,1,1,0,5.7178314561812335e-05
1,183,0,0,0,0,0,0,0,0,33,5,80,91,10,4,1,0.8464467274147242
0,376,0,0,1,0,2,0,0,0,91,0,80,100,0,0,0,0.02633452204984182
1,100,0,0,0,0,1,38,0,1,33,3,80,87,0,1,0,0.6580109336571808
1,0,0,17,0,0,1,20,0,0,22,2,38,76,10,5,1,0.9696512540446075
1,0,0,35,0,0,1,29,1,0,34,2,88,135,0,0,0,0.001686372284632931
0,123,1,53,0,0,0,31,0,0,28,0,100,129,0,0,0,0.00010221440832469333
1,110,0,61,0,0,0,0,0,0,59,6,42,86,0,3,1,0.9725312180244344
0,101,0,0,1,0,1,0,0,0,62,2,80,97,3,4,0,0.07718356485721062
1,188,0,67,0,1,0,25,2,0,52,0,80,100,0,0,0,0.02081083497220793
1,0,0,0,0,0,0,24,3,0,3,0,80,100,0,0,0,0.02038628335640629
0,67,0,0,0,0,0,0,0,0,16,6,39,69,7,4,1,0.8612383780702615
0,79,1,46,1,0,1,0,0,0,79,2,77,113,0,3,0,0.010407871855990387
1,0,0,2,0,0,1,21,2,0,11,2,55,86,0,3,1,0.8947390413721649
1,10,0,0,0,0,0,0,0,0,4,5,32,68,18,5,1,0.9971988101431188
0,99,0,97,0,1,1,22,1,0,35,3,71,105,11,1,1,0.10214840015462426
1,191,0,161,1,0,0,11,1,1,71,1,44,72,0,1,1,0.7950567580611247
0,308,0,0,0,0,0,0,0,0,100,0,80,100,0,0,0,0.0007789019127543741
0,175,0,53,1,0,0,28,0,1,57,1,81,102,0,0,0,0.007810902981445355
0,149,1,28,1,0,3,27,0,0,57,0,80,100,0,0,0,0.003931243382221908
1,135,0,106,1,1,0,20,3,0,40,2,67,93,8,0,0,0.6377798126637648
1,16,1,13,0,0,0,13,4,0,0,3,37,62,0,4,1,0.8343362452496699
0,258,0,0,1,0,1,0,0,0,78,3,80,77,4,1,1,0.6983144854899447
0,261,0,62,1,0,1,13,0,0,67,4,80,91,5,5,0,0.039805050228966216
0,123,0,103,0,0,0,30,1,0,47,0,80,100,0,0,0,0.009913577767563284
0,227,0,65,0,0,3,28,1,1,54,0,80,100,0,0,0,0.04511560516416781
0,108,0,313,1,0,2,26,3,0,67,0,80,100,0,0,0,0.056493777680357744
0,41,0,61,1,0,1,55,1,1,81,0,80,100,0,0,0,0.009928332907653756
0,175,0,5,1,0,0,20,3,0,39,0,80,100,0,0,0,0.01930051733753064
1,156,1,10,0,0,1,0,0,0,16,0,69,109,0,2,0,0.36320073500372246
0,194,1,113,1,1,1,43,0,1,95,0,80,100,0,0,0,0.002605487961847368
0,0,0,20,0,0,2,11,1,0,22,0,80,87,1,1,0,0.2390871554741536
1,0,0,11,1,0,0,9,3,0,21,0,80,100,0,0,0,0.3617958638419941
1,150,1,19,1,0,1,12,0,1,49,0,80,100,0,0,0,0.023965668547826672
0,233,0,0,0,0,1,0,0,0,29,0,80,100,0,0,0,0.004079778925725781
1,47,0,130,1,0,2,57,0,0,78,0,80,100,0,0,0,0.34023559804734016
0,393,0,0,0,1,4,0,0,0,56,0,80,100,0,0,0,0.0011287852989025542
0,420,0,0,1,0,0,0,0,0,70,1,52,92,0,0,0,0.05997385195571047
0,63,0,63,0,1,0,18,1,0,21,6,82,114,6,1,0,0.018371813427165113
1,0,0,0,0,0,2,0,0,0,22,0,80,100,0,0,0,0.13225187237994002
1,71,0,0,0,0,1,0,0,0,19,8,46,78,9,1,1,0.9927344761401686
0,61,0,0,1,0,0,0,0,0,49,8,41,73,0,3,1,0.9784695894183743
1,88,0,0,1,0,0,0,0,0,61,1,80,95,4,1,0,0.2633876613033779
1,345,0,73,1,0,1,20,1,0,55,3,69,113,9,0,0,0.0661656780799127
1,47,0,0,0,0,0,0,0,0,13,0,80,100,0,0,1,0.2480990675872491
0,10,1,29,0,0,1,25,0,1,40,0,80,100,0,0,0,0.00761057473005688
1,157,0,7,1,0,0,7,5,0,25,0,80,100,0,0,1,0.341431960251618
0,202,0,96,1,0,1,8,0,0,64,4,67,92,2,2,1,0.07548855703432718
1,122,1,76,1,0,2,12,0,1,61,1,54,89,19,4,1,0.4084004465898275
0,54,1,72,1,0,9,39,0,1,67,9,66,99,0,1,0,0.016786021188805098
0,490,0,0,0,0,0,0,0,0,94,1,68,103,0,1,1,0.15851865575361238
1,155,0,110,0,0,0,7,1,0,21,1,80,95,0,0,0,0.3048203502444652
1,88,1,35,1,0,1,10,3,0,39,0,80,100,0,0,0,0.24003224678596602
0,312,1,257,1,0,1,24,0,1,91,0,80,100,0,0,0,0.0003137560227742859
1,103,0,185,1,0,1,27,3,0,64,2,87,125,3,1,0,0.0033552058855028243
1,54,0,40,1,0,3,17,3,0,37,4,73,104,1,0,0,0.09034428509590005
1,185,0,0,0,0,0,23,0,0,25,0,70,118,0,0,0,0.0005783136950918735
1,223,0,0,0,0,2,0,0,0,42,3,69,110,0,0,1,0.3131265922808756
0,161,0,23,0,0,3,23,1,1,52,0,80,100,0,0,0,0.007974324670860237
1,65,0,135,0,0,0,0,0,0,47,0,37,72,5,4,1,0.9617748859046118
0,49,0,0,0,1,0,0,0,0,7,0,80,100,0,0,0,0.004057693634833903
0,57,0,19,1,0,0,19,0,0,37,3,52,93,0,2,0,0.45911760836039206
0,206,0,12,0,0,0,16,0,0,29,0,80,100,0,0,0,0.04987942190204588
0,319,0,169,1,0,0,8,0,0,62,9,46,87,7,1,1,0.904971297795254
1,157,1,104,1,0,0,23,0,1,70,1,80,90,0,0,0,0.021055709333495775
1,0,0,8,0,0,0,16,0,0,11,5,80,74,5,0,0,0.15787458941052282
1,24,0,0,0,0,0,0,0,0,4,0,71,118,2,0,0,0.2966261564166565
0,43,0,33,0,0,0,4,0,1,23,4,63,99,5,1,1,0.36862508933978666
1,276,0,198,1,0,4,17,2,0,71,6,80,90,9,3,0,0.49236331163499597
1,42,0,98,1,0,0,19,1,1,55,2,54,87,4,1,1,0.7510907256220282
1,43,0,23,0,0,0,0,0,0,9,2,80,91,2,0,0,0.24166547980793368
1,142,0,32,0,0,1,0,0,0,22,4,59,98,0,7,0,0.11408710135148277
1,409,1,157,1,0,0,28,0,0,75,0,80,121,0,0,0,0.0007796168261043645
0,196,1,19,1,0,0,15,1,0,51,0,72,110,2,0,0,0.08379902249810388
1,0,0,7,0,0,0,0,0,0,3,4,80,82,12,6,1,0.9960073681512721
0,95,0,0,1,0,0,0,0,0,68,10,42,83,0,5,1,0.9540893804977394
0,130,0,0,0,0,0,0,0,0,13,1,46,84,16,0,0,0.5502955333297335
0,163,0,61,1,0,2,20,2,0,48,5,61,91,0,5,1,0.5432354028588259
1,219,0,6,1,0,0,17,1,1,50,8,76,109,0,0,0,0.040611868187367645
0,58,0,29,1,0,0,12,1,0,51,0,80,100,0,0,0,0.3582614972859417
0,226,0,0,1,0,6,0,0,0,85,0,80,100,0,0,0,0.0033854368317555376
1,59,0,0,0,0,0,0,0,0,15,2,54,83,10,1,1,0.794619544787987
0,39,0,89,1,0,0,35,3,0,50,3,40,83,16,6,1,0.6075718030748639
1,129,0,92,1,0,1,22,0,1,80,1,82,108,0,0,0,0.0023763259261619985
0,157,0,52,0,1,0,28,0,0,27,3,74,107,0,2,0,0.0377028248212171
1,71,0,0,0,0,0,0,0,0,18,0,80,100,0,0,0,0.03533496389724318
0,117,0,15,0,0,1,13,3,1,28,4,55,96,18,1,1,0.373505508422575
0,86,1,42,1,0,1,29,0,0,66,1,80,132,1,3,0,5.327113288794998e-05
0,171,0,24,1,1,0,0,0,0,66,9,41,82,0,1,1,0.9800935483746489
1,175,0,57,1,1,0,0,0,0,44,1,77,116,2,0,0,0.009120019351725534
0,266,1,214,0,1,0,36,2,0,48,5,80,84,0,1,1,0.8519407401797849
1,96,0,21,1,0,0,16,2,0,39,4,45,76,0,1,1,0.9865155409127359
1,59,0,41,0,0,0,10,4,0,6,1,63,98,0,1,1,0.12859184177494598
1,99,0,113,1,0,0,31,2,0,57,0,80,100,0,0,0,0.0025099132421660627
1,196,0,23,1,0,0,3,0,0,38,7,62,100,0,1,0,0.5677626163179842
1,309,0,208,0,1,1,54,2,1,67,0,80,100,0,0,0,0.008639030238734966
1,0,0,34,0,0,1,0,0,0,14,5,54,91,8,2,1,0.6998280929601297
1,73,0,7,1,0,0,13,2,0,36,2,86,117,0,0,0,0.04085679249231893
1,97,0,25,0,1,3,18,2,1,41,2,60,104,0,3,0,0.21428768063750991
1,202,0,0,1,0,2,0,0,0,82,2,80,85,3,4,1,0.7604886028451943
1,3,0,0,0,0,0,0,0,0,0,2,80,76,5,1,0,0.8821559207609412
1,115,0,0,0,0,0,19,1,0,20,3,63,95,8,2,1,0.41496610501693454
1,296,0,0,0,0,0,0,0,0,12,0,80,100,0,0,0,0.004520498820373025
1,124,0,0,0,0,0,10,0,0,9,1,54,87,0,2,0,0.29663039307195216
0,137,0,0,0,0,1,0,0,0,20,8,34,71,20,4,1,0.9811839077405942
0,88,0,120,1,1,1,5,0,1,58,1,56,89,1,1,1,0.3996982572055446
1,0,1,32,0,0,1,5,1,0,23,11,29,68,13,1,1,0.9986691518470749
1,138,0,152,0,0,3,17,0,0,51,0,80,102,0,0,0,0.006416760659516136
0,217,1,228,0,0,1,20,1,0,49,0,43,80,0,6,1,0.9602463308798878
1,208,1,108,0,0,0,15,2,1,41,9,83,125,0,4,0,0.010824059050358168
0,76,0,0,1,0,2,0,0,0,75,1,67,104,0,0,0,0.00841242827850844
1,124,0,3,0,0,0,0,2,1,10,2,35,63,5,1,1,0.9869573568681932
0,155,1,51,0,0,0,0,2,1,17,0,80,100,0,0,0,0.26702033842077705
0,218,0,0,1,0,0,0,0,0,71,0,75,105,4,1,0,0.263307856082563
0,210,0,0,1,0,1,8,3,0,28,1,80,85,5,0,0,0.4570088611649302
1,49,1,0,0,0,4,18,1,0,22,1,80,122,0,0,0,0.00205899351021333
1,34,0,74,0,0,0,0,0,0,17,2,73,106,1,4,0,0.041310357147700004
1,0,0,23,0,0,0,9,1,0,5,7,47,81,0,3,1,0.9396113606278593
1,281,1,159,1,0,1,27,0,0,81,0,80,112,2,1,0,0.0016637490743699227
0,415,0,60,1,1,1,16,2,0,54,3,80,102,5,1,1,0.3308965964399582
1,106,0,18,1,1,2,11,1,0,40,0,80,100,0,0,0,0.27827503475880544
1,389,0,83,1,1,2,11,0,1,77,5,80,90,0,0,0,0.801741235018794
1,78,0,57,1,0,1,34,3,0,56,0,80,100,0,0,0,0.07791865561779915
1,6,0,0,0,0,0,0,0,0,1,4,50,80,0,4,1,0.9748346318259592
1,55,1,34,1,0,0,0,0,0,61,2,64,88,0,1,1,0.6238488876986472
0,0,0,25,0,0,1,8,1,1,20,2,53,82,0,4,1,0.7592522573303974
0,252,1,120,0,1,1,12,2,0,48,1,56,101,0,1,0,0.19562591143566313
1,132,0,87,1,1,0,0,0,0,61,9,80,94,0,1,1,0.5968628245852869
1,17,1,18,0,0,1,24,3,0,22,0,80,100,0,0,0,0.15267797044061215
0,25,0,0,0,0,0,0,0,0,6,2,80,75,0,0,1,0.8675976740099465
1,0,0,0,0,0,0,7,5,0,0,0,80,100,0,0,1,0.1669705809037248
0,234,0,0,1,0,1,0,0,0,75,0,80,100,0,0,0,0.0012490437194444199
0,175,0,0,0,0,3,0,0,0,34,0,80,100,0,0,0,0.011339089193987963
0,3,0,0,0,1,0,0,0,0,0,3,66,97,4,2,1,0.5916368338895356
0,14,0,95,1,0,1,27,3,0,61,4,41,79,0,2,1,0.8978650402007162
0,499,1,231,1,1,2,16,1,1,90,1,85,119,2,1,0,0.0006302979263295769
0,384,0,17,0,1,0,4,0,0,16,0,80,89,2,0,0,0.7223478676648332
0,86,1,167,0,1,2,0,0,0,60,2,80,78,8,1,0,0.16216857927385933
1,97,0,43,0,0,0,13,4,1,34,2,82,112,0,2,0,0.06889683354506904
1,19,0,8,1,0,0,11,1,0,27,0,80,100,0,0,0,0.02663191697165712
1,83,1,51,1,0,1,0,0,0,47,3,67,96,0,1,1,0.43308296233206606
1,104,0,0,0,0,0,0,0,0,7,0,75,110,0,0,0,0.07465954843203144
0,85,1,0,1,0,2,18,1,1,51,4,82,116,0,0,0,0.0009164685191905555
1,133,0,6,0,1,0,22,5,0,6,6,69,98,6,2,1,0.455764167184641
1,232,0,80,1,1,0,20,1,0,57,7,54,81,0,2,0,0.7679346216464756
0,546,0,142,1,0,1,22,1,0,68,1,73,99,10,0,0,0.014217617975629378
0,41,0,55,0,0,0,0,1,0,13,1,90,117,1,1,0,0.0044955338002562115
1,160,0,4,0,0,0,0,0,0,12,0,80,100,0,0,0,0.275169848213212
0,206,0,371,1,1,3,32,2,1,86,2,62,95,0,1,1,0.042308824801036406
0,134,0,0,1,0,2,0,0,0,93,0,80,100,0,0,0,0.011753324380344071
0,133,1,26,1,0,2,25,1,0,61,0,80,100,0,0,0,0.0015966927594512044
0,71,1,67,0,0,5,24,0,0,58,0,80,100,0,0,0,0.01742754034537264
0,113,0,35,1,0,0,23,1,0,64,0,80,100,0,0,0,0.015262696087483192
1,0,0,53,1,0,1,0,0,0,47,5,74,100,7,4,0,0.42260486928145624
0,0,0,0,0,0,0,0,0,0,0,2,57,83,0,4,0,0.5309088643750927
1,243,0,223,0,0,1,29,2,0,54,9,41,81,0,1,1,0.9745003852520309
0,57,1,57,1,1,0,15,1,1,71,7,80,111,0,1,0,0.135097664003193
0,601,0,76,1,0,3,24,4,1,66,5,34,66,0,1,1,0.9616049553334646
0,335,0,68,1,0,1,31,0,1,73,2,64,98,4,1,0,0.0522612292075961
0,78,0,65,1,1,0,6,4,0,34,0,80,100,0,0,0,0.0553511498526126
1,128,1,70,1,0,2,17,2,0,70,0,47,80,0,2,1,0.7216768630856888
0,88,0,66,1,0,0,0,0,0,57,3,39,63,0,3,1,0.9890733957574512
0,368,1,37,1,0,1,33,0,0,63,0,80,100,0,0,0,0.0009202366596206985
1,3,1,97,0,1,0,41,6,1,40,2,80,81,0,2,1,0.9466619309706431
1,12,0,31,0,0,1,0,0,0,40,0,57,88,0,3,1,0.899252270368249
0,178,1,107,1,1,0,30,0,1,90,6,85,132,0,0,0,0.0021512234809320354
0,234,0,0,1,1,1,0,0,0,82,3,57,92,10,0,0,0.051106435935986926
0,230,0,278,1,0,4,31,1,0,81,2,80,82,11,1,0,0.7686030129008369
0,312,0,0,0,0,0,0,0,0,67,3,42,72,8,4,1,0.8682726968267688
1,54,1,24,0,1,0,12,3,1,14,0,80,100,0,0,0,0.2250821269027147
0,441,0,203,1,0,2,0,0,0,100,3,80,77,0,1,1,0.5461773219993451
0,186,0,0,1,0,1,0,0,0,88,0,80,92,2,1,0,0.012198827531787334
1,126,0,0,1,1,1,0,0,0,76,5,45,80,0,3,1,0.7078408711544135
0,202,0,4,0,0,1,5,0,0,14,6,74,102,9,0,0,0.4515001182995698
0,295,0,9,1,0,0,6,3,0,25,0,80,100,0,0,0,0.051245979804524826
0,301,1,120,1,1,4,22,0,0,86,3,63,85,9,0,0,0.12386459468374972
1,70,0,0,0,0,1,0,0,0,19,5,54,89,0,1,1,0.4970392303357112
1,44,0,9,1,0,0,14,3,0,22,1,60,92,0,2,1,0.21947231098065617
1,425,1,90,1,0,1,29,1,0,69,0,63,101,6,2,0,0.060965842612567066
0,92,0,0,0,0,0,0,0,0,61,6,72,95,3,2,0,0.07603346460712272
1,0,0,99,0,0,0,59,7,0,20,3,39,74,0,1,1,0.978993960235343
1,244,0,80,1,0,1,13,3,0,44,0,65,102,6,1,0,0.042065626136325515
1,78,0,79,1,0,0,7,2,0,38,0,80,100,0,0,1,0.5252751763907315
0,536,0,381,1,0,4,29,2,1,94,2,66,110,0,0,0,0.00591956116439847
1,103,0,0,0,0,3,0,0,0,40,2,75,109,1,0,0,0.011324748040184593
1,0,0,15,0,1,0,0,4,0,0,0,80,100,0,0,1,0.7380090792449446
1,0,0,0,1,1,1,0,0,0,56,5,80,76,10,5,1,0.8090666592092731
1,0,0,0,0,0,0,0,0,0,0,0,80,100,0,0,0,0.33027438783378665
0,31,0,0,0,0,0,0,0,0,17,0,80,100,0,0,0,0.06794310883408475
1,0,0,24,1,0,1,34,5,0,38,3,52,82,5,1,0,0.7239734474937053
0,52,0,0,1,0,1,31,3,0,37,0,80,100,0,0,0,0.004167274507769544
1,201,1,264,0,0,0,51,0,1,61,0,53,91,0,1,0,0.18998766727806937
1,510,0,0,1,1,0,41,0,0,50,3,62,106,4,1,0,0.0053116703175543475
1,3,0,0,0,0,0,20,2,0,4,0,80,100,0,0,0,0.1217973155525252
0,302,0,14,1,0,5,19,3,0,44,0,71,102,4,1,0,0.029523128638235564
0,195,0,32,0,0,1,20,1,1,34,0,76,110,0,1,0,0.009172647493549102
1,81,0,0,1,1,0,0,0,0,24,0,87,119,4,1,0,0.06891303431946576
0,286,0,0,0,0,0,0,0,0,61,2,49,82,0,7,1,0.8534037123715555
1,0,0,0,1,0,0,0,3,0,11,1,80,86,0,0,1,0.791677050217851
1,113,0,53,0,1,1,18,0,0,57,2,55,91,0,1,0,0.6226559285377865
1,137,0,0,0,0,0,0,0,0,40,0,80,108,8,1,0,0.20506552314460724
1,129,0,109,0,0,2,30,2,0,43,0,90,127,3,3,0,0.0014874727052252227
0,7,0,0,0,0,0,0,0,0,5,0,61,93,0,1,0,0.4399410108794578
0,220,0,0,1,0,0,0,0,0,66,4,83,110,0,1,0,0.05555278992351673
1,0,0,38,1,0,1,0,0,0,63,4,64,96,0,2,1,0.19092945899777317
0,130,1,282,0,0,1,11,2,0,38,1,84,125,2,2,0,0.0015146976763656915
1,92,1,16,0,0,3,20,0,0,26,0,80,100,0,0,0,0.5565563197550145
1,260,0,102,0,0,0,14,2,0,34,3,62,103,0,1,0,0.3499146404745456
0,164,0,0,0,1,1,0,0,0,39,0,80,128,0,0,0,0.0003724843945189375
0,158,0,31,1,0,0,0,0,0,61,7,80,81,0,5,1,0.8897831960535312
0,50,0,0,1,1,1,12,4,1,36,7,46,79,0,1,1,0.9796745894291444
1,86,0,0,1,0,0,0,0,0,57,11,80,81,0,1,1,0.9936983906643233
0,369,1,239,1,1,1,21,1,0,78,0,45,85,9,2,0,0.2678085421908227
1,77,0,0,0,0,0,0,0,0,23,0,80,100,0,0,0,0.2305357676697644
0,104,0,16,0,1,1,0,0,0,19,5,62,98,6,1,0,0.33429353815628876
0,161,0,109,0,0,1,19,0,1,70,5,67,109,0,2,0,0.04418836312312173
0,344,0,94,0,0,7,22,1,1,66,3,80,110,0,2,0,0.00292626162931409
1,571,0,0,0,0,0,0,0,0,100,0,80,100,0,0,0,0.0006741291145451194
0,0,0,17,0,0,1,27,2,0,19,0,72,97,0,2,0,0.06226427299861022
1,75,0,75,1,0,2,27,0,0,81,5,51,80,0,3,1,0.6964411248456615
1,98,0,0,1,0,2,0,0,0,79,4,54,80,0,5,1,0.9587412132935961
1,240,0,0,0,0,6,0,0,0,53,2,82,114,3,0,0,0.003924985817087051
0,100,0,106,1,0,2,18,0,0,77,3,48,76,7,2,0,0.4306624342835194
1,8,0,56,0,0,0,1,0,1,27,0,80,100,0,0,0,0.11476911603644264
0,134,0,30,0,0,0,0,0,0,13,0,85,102,0,3,1,0.08381368672058566
1,131,0,19,1,1,1,17,2,0,38,4,72,112,0,3,0,0.1534357762893393
0,44,1,66,0,1,2,27,2,0,45,5,57,99,0,2,0,0.14578779924809895
0,313,0,117,1,0,1,23,0,1,92,3,62,93,4,5,0,0.16167763794868903
1,25,0,0,0,0,0,20,3,0,2,5,49,89,9,0,1,0.9268355439038825
0,137,0,98,1,0,2,29,0,0,83,2,51,85,0,2,0,0.07308512894913237
0,238,0,31,1,0,0,30,1,1,59,0,80,100,0,0,0,0.009087179949958292
0,319,0,176,1,1,3,28,1,0,86,0,80,100,0,0,0,0.0013493765554204648
1,21,1,64,1,0,2,21,0,1,62,2,65,93,0,4,1,0.09048645780445212
0,176,0,0,1,1,2,0,0,0,91,0,80,100,0,0,0,0.00024817703954517007
0,3,1,78,0,1,1,0,0,0,25,4,70,107,0,1,0,0.14339992615794264
1,5,0,19,0,0,2,0,0,0,18,1,62,99,0,2,0,0.4187902365180223
1,47,0,42,1,1,1,34,0,0,66,0,80,100,0,0,0,0.006087633600681749
1,208,1,0,0,1,0,18,0,0,23,0,80,100,0,0,0,0.003376752376321617
0,149,0,154,1,1,6,31,0,1,93,5,82,116,1,3,0,0.0037560735785642507
1,25,0,0,0,0,0,0,0,0,5,0,37,68,0,6,1,0.994441567151939
1,203,0,37,0,0,0,13,2,0,12,8,63,98,3,3,1,0.4902500145004855
1,6,0,24,0,0,0,33,0,1,42,1,84,123,4,3,0,0.0017185328322578287
1,61,0,56,1,0,5,15,0,0,66,0,80,100,0,0,0,0.0074377186982392965
1,0,0,0,0,0,1,0,0,0,11,2,55,86,9,7,1,0.8421619768892021
0,0,0,32,0,0,0,10,8,0,0,1,71,116,13,0,0,0.07964411875197797
1,154,0,72,0,0,2,11,2,1,38,8,62,103,5,3,0,0.439271382894779
1,50,0,0,0,0,0,13,4,0,0,8,35,68,7,3,1,0.9896973081769386
0,85,0,0,1,0,0,17,1,0,30,1,65,100,3,0,0,0.4073486729717686
1,41,0,0,0,0,1,0,0,0,14,1,69,99,3,2,0,0.039647864414033666
1,75,0,34,1,0,7,26,0,1,83,0,43,74,2,1,1,0.7463301821717488
0,247,1,56,1,0,0,39,0,1,80,0,80,100,0,0,0,0.0029809081658113655
1,281,0,343,0,0,1,28,0,0,58,7,27,67,0,2,1,0.9923201084776186
1,84,0,0,0,0,1,0,0,0,20,1,90,122,5,2,0,0.0067468407477472864
0,180,1,87,0,0,0,18,0,1,63,1,63,109,1,1,0,0.055838621631155244
0,115,0,68,1,0,3,37,0,1,78,2,54,92,5,0,0,0.011155743738974917
0,391,0,222,1,0,0,32,0,0,76,2,80,88,11,2,1,0.2882120554440078
1,49,0,140,0,0,2,32,0,1,69,0,80,99,0,1,0,0.041308117293049916
1,59,1,117,0,0,1,52,0,0,53,15,80,58,28,2,1,0.9597462189068114
0,17,0,29,1,1,2,14,0,0,50,0,75,100,6,0,0,0.02041826168487749
0,273,0,154,1,0,1,57,1,0,82,7,80,81,0,0,0,0.3441115093510718
1,37,1,250,1,0,0,63,1,0,63,5,80,85,0,2,1,0.9609594299349307
1,0,0,59,1,0,1,7,0,0,48,10,53,84,11,3,1,0.9736539949173721
1,84,0,143,1,0,0,48,2,0,61,3,28,66,0,6,1,0.995122115048106
1,0,0,0,1,1,1,46,3,0,31,2,80,79,7,2,1,0.8164371152380175
1,217,0,175,1,0,0,21,2,1,76,0,80,102,3,0,0,0.01638445434403957
0,287,0,5,0,0,1,22,2,1,37,3,65,97,1,0,0,0.007584994881602346
1,0,0,0,0,0,1,9,2,0,4,0,80,100,0,0,1,0.3709308042571285
1,23,0,0,1,1,0,10,6,0,11,0,80,100,0,0,1,0.2520319466381449
0,597,0,0,0,0,0,0,0,0,100,4,39,70,0,0,0,0.6106604211230062
1,87,0,0,0,0,0,15,2,0,5,1,62,87,23,4,1,0.8560182095628548
0,203,0,283,1,0,1,18,1,0,68,0,80,100,0,0,0,0.011872132928897614
0,73,0,41,1,0,0,0,0,0,81,4,85,114,6,0,0,0.0019073199678542548
0,373,1,157,1,0,3,41,0,0,90,3,56,83,0,2,0,0.032290560191200725
0,0,0,0,0,0,0,0,0,0,0,0,80,100,0,0,0,0.008005442098646563
1,45,0,0,0,0,2,11,4,0,8,1,65,97,6,2,1,0.8140012370540768
0,292,1,43,1,0,1,27,0,0,62,0,80,100,0,0,0,0.006254367340893315
0,83,0,89,1,0,0,36,1,0,73,0,80,100,0,0,0,0.00023467252564598754
1,61,0,111,1,0,2,15,2,1,75,4,58,98,0,1,1,0.42886710081847274
0,0,0,89,0,0,0,17,1,0,23,7,69,95,0,0,0,0.07301220454839032
1,181,1,231,1,0,2,19,2,0,70,2,37,75,0,2,1,0.9952079780377684
1,35,0,80,0,1,0,21,1,0,40,1,65,101,0,2,0,0.4915887601129397
1,118,0,289,1,0,1,0,0,0,79,0,80,100,0,0,0,0.0047997208336663265
1,117,0,98,1,1,1,0,0,0,58,0,80,100,0,0,0,0.30005427652531996
0,421,0,148,1,0,0,0,0,0,82,7,56,90,0,4,0,0.33335210893504913
1,223,0,28,0,1,1,8,4,0,14,1,66,98,0,1,0,0.04562937597254685
0,158,0,21,0,0,0,0,0,0,11,0,54,95,0,3,1,0.5887846428948051
1,16,0,245,0,0,2,38,3,1,57,2,48,79,0,1,1,0.92069697991719
1,0,0,60,1,0,0,0,0,0,67,0,80,100,0,0,0,0.019638041653025514
1,69,0,0,1,0,1,10,0,1,46,1,52,82,10,2,1,0.8612156214438121
1,93,1,10,0,0,1,8,0,0,18,3,80,85,26,1,1,0.9405314462559514
0,129,0,42,0,0,0,14,2,0,12,0,80,100,0,0,0,0.03438516673509062
1,0,0,97,0,0,0,17,2,1,32,0,57,93,11,5,1,0.7126666511722315
0,232,0,0,1,1,3,0,0,0,86,9,52,94,4,3,0,0.46799953426526236
0,227,0,211,0,0,1,11,2,1,52,0,77,107,0,0,0,0.024657701651184496
0,233,0,169,1,0,1,34,0,0,80,2,56,82,0,4,1,0.7242853503218855
1,6,0,0,0,0,0,13,0,0,7,5,80,109,0,0,0,0.04934458107229484
1,122,0,12,0,0,0,19,1,1,25,2,84,115,3,3,0,0.008415487625743739
0,83,0,56,0,0,0,0,0,0,13,2,72,113,0,0,0,0.35603220955829373
0,247,0,212,0,0,1,21,2,1,57,2,80,93,2,3,0,0.23733145032796968
1,234,0,0,0,0,0,0,0,0,33,1,80,122,0,1,0,0.002807011232183003
0,288,0,18,0,0,0,16,2,1,25,2,80,111,4,0,0,0.045099234602671984
0,80,0,0,0,0,0,0,0,0,41,9,38,70,3,2,1,0.9620858819527183
1,0,0,46,0,1,0,13,9,0,22,0,80,100,0,0,0,0.11721678816312892
1,133,1,51,0,0,1,16,5,0,13,0,80,100,0,0,0,0.30384332861109703
1,0,1,8,0,0,1,10,4,1,14,4,85,129,0,0,0,0.004351326932031771
1,86,0,29,0,0,0,20,5,0,2,0,80,96,3,2,0,0.20698309601185583
1,79,0,0,0,0,0,0,0,0,55,0,80,100,0,0,0,0.29347337538761975
0,250,0,0,1,0,1,0,0,0,78,0,80,100,0,0,0,0.09896371750472029
0,38,0,0,0,0,0,0,0,0,22,4,57,84,0,3,0,0.11836012316403695
1,88,0,28,0,1,2,3,0,1,32,0,80,100,0,0,0,0.19802606045736343
0,193,0,0,1,1,0,0,0,0,63,10,54,93,0,1,0,0.07397823456498256
1,42,0,0,0,0,2,0,0,0,32,8,80,79,13,0,1,0.9559876386059157
0,311,0,63,1,0,2,0,0,0,50,0,80,100,0,0,1,0.3941406110762053
1,39,0,76,1,0,0,0,0,0,70,4,40,75,20,0,1,0.9537951946860485
1,75,0,24,0,0,0,9,1,0,15,2,55,92,4,1,1,0.8225718894289303
1,210,0,0,1,0,0,20,2,0,31,8,79,108,0,0,0,0.011375524275482673
0,98,0,0,1,0,0,0,0,0,55,0,80,100,0,0,0,0.009871325068537272
0,330,0,0,0,0,0,0,0,0,66,2,66,100,1,0,0,0.019810997950069707
1,85,0,0,0,0,0,0,0,0,4,0,80,100,0,0,1,0.5496979823683658
0,282,0,241,1,0,1,61,0,0,83,0,80,100,0,0,0,0.008342403463466572
0,267,0,170,1,1,3,23,1,1,85,2,63,92,0,0,0,0.20133989847991382
0,236,0,0,1,0,0,19,1,0,37,1,44,84,0,0,0,0.22080643459332946
0,190,0,57,1,0,0,11,3,0,37,3,59,102,0,2,0,0.06747029575077
1,34,0,0,0,0,3,11,1,1,24,10,72,96,26,1,0,0.15984537982745245
1,0,0,0,1,0,0,25,4,0,21,2,80,113,0,2,0,0.04742860732302258
0,520,0,0,1,1,1,0,0,0,89,2,50,92,18,1,0,0.16324678879019972
1,50,1,70,0,0,1,14,1,1,39,0,80,100,0,0,0,0.007004749861749739
0,143,1,42,0,0,0,27,0,0,54,1,85,118,19,2,0,0.009092412547967636
0,11,0,0,0,0,1,0,0,0,12,0,80,100,0,0,0,0.7049167301966874
1,0,0,118,0,0,1,13,2,0,28,3,55,96,8,1,1,0.4557435299752334
0,104,1,8,1,1,3,33,3,0,57,1,50,80,0,3,1,0.580045517851524
1,0,0,0,0,0,0,0,0,0,0,6,59,84,0,3,0,0.6551075917159177
0,157,0,45,1,0,3,8,2,0,48,0,80,70,0,2,1,0.803973154756008
1,351,0,237,1,1,3,25,1,1,90,4,67,96,13,0,1,0.03968325659877062
1,373,0,155,1,1,0,17,2,0,59,1,80,117,0,0,0,0.004819226401721659
0,351,1,225,0,0,3,40,1,0,62,1,80,81,0,0,1,0.1412437632642814
1,16,0,25,1,1,1,18,1,0,37,2,50,91,14,2,0,0.528488586176314
0,445,0,284,1,1,5,25,2,0,81,1,86,116,0,0,0,0.001438149634015082
1,124,0,5,1,0,2,17,2,1,47,0,80,100,0,0,0,0.00882624558423435
0,26,0,0,0,0,2,0,0,0,18,0,41,77,5,0,0,0.18366021333037783
1,31,1,132,0,1,2,28,2,0,50,2,66,101,0,1,0,0.02614623674681458
0,243,0,114,0,0,1,0,0,0,42,3,71,107,0,3,0,0.0389332987673554
1,167,0,0,0,0,0,0,0,0,39,3,80,105,0,5,0,0.20707659679298002
1,139,0,0,1,0,0,0,0,0,56,0,80,100,0,0,0,0.4610295407670545
0,162,1,87,0,1,1,14,4,0,45,1,58,100,0,1,0,0.029504005046155163
1,2,1,0,0,0,0,0,0,0,0,0,80,100,0,0,1,0.8709698461291069
1,61,0,0,1,0,0,0,0,0,49,0,57,95,0,2,0,0.5398110500445481
1,244,1,100,1,0,2,18,2,0,59,4,48,75,0,3,1,0.9108152612700265
1,54,1,59,1,0,0,18,2,1,55,3,80,119,2,3,0,0.0033097692887808765
1,133,1,234,0,0,1,53,1,0,52,7,50,83,4,5,1,0.9295766627509598
0,432,1,282,0,0,0,25,0,0,55,3,69,105,0,1,0,0.08886044098784424
0,0,0,190,1,0,1,44,1,0,67,3,47,76,5,4,1,0.9647565325323249
1,92,0,78,0,0,2,3,3,0,24,1,36,69,13,1,1,0.9786013210732659
1,156,0,0,0,0,0,25,1,1,24,0,80,100,0,0,0,0.04826931750178419
1,262,0,0,1,0,1,0,0,0,72,5,55,93,12,2,0,0.38274718405457064
1,0,0,72,0,1,1,0,0,0,34,1,82,112,0,2,0,0.08693936795235618
1,0,0,61,0,0,1,24,3,0,23,2,80,106,0,1,0,0.023873799432235433
1,0,0,7,0,0,0,9,1,0,5,0,80,100,0,0,0,0.6870146173902155
1,327,0,119,1,0,3,16,3,0,67,1,91,128,2,3,0,0.005987630669711465
1,193,0,0,0,0,0,0,0,0,40,0,80,100,0,0,0,0.3411381751671544
1,49,1,74,0,0,2,24,1,0,53,4,67,87,0,0,0,0.020605278953512295
0,302,1,84,1,0,0,17,1,0,47,5,37,79,0,1,1,0.9907671407574467
1,0,0,34,1,0,2,0,0,0,46,0,80,100,0,0,1,0.34099236688099
1,0,0,62,0,0,1,17,1,0,23,0,84,110,6,0,0,0.0031458930774320624
1,259,0,29,1,0,1,8,1,1,52,3,64,115,14,0,0,0.11499943287682415
0,143,0,0,0,0,0,0,0,0,27,2,72,106,0,0,0,0.07289631566012317
1,0,1,0,0,0,0,0,0,0,0,4,73,102,8,4,0,0.3639836379214771
0,199,1,117,0,0,2,29,3,0,60,1,80,96,4,0,0,0.08329711101567873
0,179,1,54,0,0,3,35,2,1,60,4,81,112,0,0,0,0.0010463853907578798
0,118,0,156,1,0,2,21,5,0,64,6,52,85,8,2,0,0.2284366215444484
0,85,0,0,0,0,0,0,0,0,15,0,80,112,6,5,0,0.017347623885965023
1,195,0,35,0,0,0,16,2,0,21,0,80,100,0,0,0,0.08993620045222478
0,499,0,17,1,1,0,34,2,1,57,2,72,107,3,6,0,0.08183619664028688
0,562,1,0,1,1,6,33,0,0,60,4,58,102,1,1,0,0.13083974486249877
1,25,0,0,0,0,0,0,1,0,0,0,80,100,0,0,1,0.7090907591770947
1,52,0,13,0,0,0,2,1,0,4,0,80,100,0,0,0,0.26769086602213576
1,0,1,19,0,0,0,11,2,0,6,5,71,107,0,2,0,0.23129806004543185
1,0,0,0,0,0,1,0,0,0,11,0,80,105,0,4,0,0.39825762243419344
1,336,1,151,1,0,1,12,1,0,73,7,80,103,14,3,0,0.05422905179720541
1,136,0,63,0,0,2,0,0,0,61,6,48,70,0,3,1,0.9681002994814729
0,90,0,44,1,0,1,56,1,1,75,0,80,100,0,0,0,0.028052138659294637
1,150,0,101,0,0,0,15,2,0,20,2,83,109,3,0,0,0.004514916832752283
0,152,0,128,1,1,2,19,2,0,71,1,75,103,6,1,0,0.025604329411648596
1,50,0,0,0,0,0,0,0,0,40,0,80,100,0,0,0,0.0401763536715624
1,37,0,0,0,0,0,0,0,0,10,3,64,91,8,1,0,0.14845547972647927
1,162,1,131,0,1,1,15,0,0,42,0,80,100,0,0,0,0.023541396924035445
1,119,1,92,0,0,1,8,6,0,16,2,80,96,0,4,1,0.2721175216691855
1,120,0,0,1,1,0,0,0,0,53,1,80,117,0,0,0,0.08869407865051994
0,127,1,45,1,0,0,30,1,1,53,0,80,100,0,0,0,0.00429577581585855
0,124,0,0,0,0,0,0,0,0,52,6,50,88,10,3,1,0.8651796987673579
1,209,0,0,0,0,2,0,0,0,40,1,70,94,1,1,1,0.4093976105523431
1,242,0,5,1,0,0,1,1,0,34,9,43,84,0,7,1,0.9588512269331111
1,0,0,0,0,1,2,0,0,0,22,0,80,100,0,0,0,0.07991557069978975
1,25,0,7,1,0,0,29,0,0,38,3,76,115,10,5,0,0.015797522742390064
1,271,0,190,0,1,1,32,1,1,68,6,80,109,8,0,0,0.025385599525769183
1,540,0,158,1,0,4,17,0,0,80,0,54,84,7,6,1,0.3717437758393617
0,62,1,45,0,0,1,21,5,0,21,5,80,82,18,1,1,0.9972934471113504
1,7,0,31,0,1,0,23,0,0,17,1,34,72,5,0,1,0.9090968436143231
1,135,0,37,0,0,1,0,0,0,24,0,80,100,0,0,1,0.574229832341855
1,164,0,38,1,0,1,7,1,0,36,0,80,100,0,0,0,0.35315044758602354
0,144,0,73,1,0,1,0,0,0,68,6,66,108,0,1,0,0.16441081522624423
1,188,0,0,0,0,0,0,0,0,43,4,74,101,7,0,0,0.1884213711447308
1,397,0,0,1,1,8,0,0,0,96,3,57,95,0,1,0,0.1528393745667247
1,102,0,0,0,0,0,0,0,0,22,0,80,100,0,0,0,0.007158674050487171
1,103,0,0,0,0,0,0,0,0,33,0,80,100,0,0,0,0.4999606027080211
1,0,1,43,0,0,0,9,1,0,9,0,80,100,0,0,1,0.55013122801192
1,136,0,29,0,0,0,20,0,0,21,11,80,72,13,5,1,0.9814268346669658
1,22,0,0,0,0,0,0,0,0,21,4,45,77,1,0,0,0.3152678025378624
1,155,1,132,1,0,0,31,0,0,72,0,80,100,0,0,0,0.007579593542073647
0,166,0,114,0,0,0,17,0,0,40,4,96,130,1,1,0,0.017961438523000486
1,0,0,0,0,0,0,0,0,0,0,0,80,100,0,0,0,0.11259672718372278
1,88,0,48,0,1,0,0,0,0,40,0,80,100,0,0,0,0.013024225733571355
1,0,0,0,1,0,0,16,4,0,16,1,39,77,0,0,1,0.9689866171279867
1,171,0,100,0,0,4,0,0,0,72,1,52,93,3,2,0,0.07617332170571094
1,214,0,0,0,0,2,0,0,0,36,1,48,93,0,0,1,0.3973529865336179
0,208,0,0,0,0,0,0,0,0,100,0,80,93,1,1,0,0.06456336795641991
1,0,1,47,0,0,1,16,2,0,37,0,80,100,0,0,0,0.1704020706084497
0,70,0,27,1,1,1,0,0,0,47,0,80,100,0,0,0,0.019506317202788576
1,113,0,21,0,0,1,13,1,0,39,0,78,108,5,0,0,0.008357929221455555
1,90,1,197,1,0,0,60,2,0,63,1,80,69,0,1,1,0.992479938017502
0,67,0,73,0,0,0,0,0,0,22,1,80,116,0,2,0,0.016392234586231548
0,307,0,0,0,0,0,0,0,0,84,3,60,111,0,2,0,0.03995802723321473
0,107,0,0,0,0,0,0,0,0,37,0,38,77,0,2,0,0.26547042370302715
1,198,1,211,1,0,0,0,0,0,77,1,68,92,3,1,1,0.060617680517828745
1,151,0,67,0,0,2,10,2,0,30,0,70,100,6,1,0,0.3017561823449632
1,58,0,0,0,0,1,12,1,0,15,0,62,90,0,1,1,0.33612874099939827
1,84,0,0,1,0,0,7,2,0,23,2,83,111,0,0,0,0.019297928710404373
1,74,0,0,0,0,0,0,0,0,24,7,80,88,5,2,0,0.5856078500190635
0,41,0,0,0,0,6,34,0,1,37,0,80,100,0,0,0,0.006820900870326171
0,306,0,165,0,1,2,9,0,1,62,3,80,107,5,0,0,0.006311012714742069
1,325,0,17,0,0,3,12,1,1,39,1,52,94,0,0,1,0.2628545246418923
0,371,0,235,1,0,1,60,1,0,80,13,46,85,0,3,1,0.694722808549876
1,184,0,0,0,1,2,0,0,0,41,4,80,103,8,2,0,0.09219329584866277
1,131,1,63,0,0,3,12,2,0,24,0,80,102,0,4,0,0.10430492029313247
0,253,0,186,1,1,0,0,0,0,81,0,81,112,0,2,0,0.012127793075038768
0,396,1,107,1,0,3,18,0,0,78,0,80,100,0,0,0,0.0004180317840227898
0,317,0,58,1,0,2,19,3,0,55,0,80,100,0,0,0,0.008858660150542267
1,0,0,45,0,0,1,17,0,0,22,0,80,100,0,0,0,0.030660843026002804
1,0,0,25,0,1,2,10,4,1,21,4,80,91,4,1,1,0.6009293309815427
1,0,0,61,0,0,0,7,5,1,14,4,80,92,0,2,0,0.9003164259003441
0,0,0,23,1,0,1,29,1,0,49,2,45,79,0,2,1,0.8147559435709519
0,482,0,182,1,0,3,24,0,1,91,5,80,89,0,0,0,0.007812401290881232
1,331,0,0,1,0,0,0,0,0,65,0,80,98,12,0,0,0.08220230750129894
0,632,0,118,1,0,1,29,0,0,72,0,80,100,0,0,0,0.0005910369836913756
1,131,1,75,0,0,2,0,0,0,50,0,80,100,0,0,1,0.4877193314850442
1,95,0,0,1,0,2,0,0,0,90,3,94,125,0,0,0,0.0018351950185946425
1,88,0,7,0,0,0,13,2,1,14,5,70,101,0,0,1,0.6985403116491884
0,283,0,0,1,1,1,0,0,0,75,2,41,80,10,3,0,0.8003448898527098
1,129,0,76,1,0,0,22,1,0,54,2,80,112,0,0,0,0.03363808151374824
1,0,0,8,0,0,0,0,2,1,6,4,31,69,0,11,1,0.9997925721674222
1,273,0,216,1,0,0,22,3,0,60,3,80,80,0,1,0,0.9325449032096166
1,175,0,48,1,0,0,0,0,0,44,2,63,98,7,0,0,0.07562493679068719
0,56,0,0,0,0,1,0,0,0,24,0,80,100,0,0,0,0.0025073049826283976
1,448,1,385,1,0,4,35,0,1,98,7,63,104,0,5,0,0.12197180866695269
0,386,0,0,1,0,3,0,0,0,97,2,80,122,4,6,0,0.0009991063282074302
1,56,0,0,0,0,0,0,0,0,26,0,80,100,0,0,0,0.12868958846471848
0,175,0,0,0,0,2,0,0,0,45,0,80,100,0,0,0,0.005868568276035459
0,43,0,64,1,0,0,30,0,1,60,4,60,81,0,0,0,0.055832286361006185
1,114,1,33,0,0,1,6,3,0,35,2,54,83,3,6,1,0.9522522478624215
1,110,0,61,0,0,0,30,2,0,38,5,80,105,2,0,1,0.034510972038890336
1,125,1,158,1,0,0,0,0,0,62,3,46,71,15,0,1,0.9035956467312922
1,28,1,77,1,0,4,30,1,0,75,0,80,100,0,0,0,0.016134140889694327
0,403,0,35,1,0,2,0,0,0,63,0,80,100,0,0,0,0.003498930514656404
1,26,0,34,0,0,0,10,3,0,8,0,80,100,0,0,1,0.7648548212280045
0,411,0,0,1,0,0,24,0,1,57,1,83,123,0,1,0,0.0005841509642882366
0,262,0,0,1,0,1,0,0,0,88,3,75,109,3,0,0,0.03011796792450339
1,5,0,0,1,1,1,19,2,0,29,3,72,106,0,0,0,0.015665471218168366
1,0,0,0,1,0,0,0,0,0,44,6,80,91,0,0,1,0.8861952149648596
1,82,0,0,1,1,3,0,0,0,72,0,80,100,0,0,0,0.057443297027213326
0,42,1,39,0,0,1,16,0,1,34,12,60,91,0,2,1,0.7346897393694377
1,0,0,0,0,0,0,0,0,0,0,0,80,100,0,0,1,0.3431354715610775
1,65,0,73,0,0,1,14,5,1,36,2,46,85,1,0,0,0.5914921024389107
0,0,0,0,0,0,0,0,0,0,0,0,80,100,0,0,0,0.059041078915259504
0,71,1,79,1,1,2,21,1,1,86,0,80,100,0,0,0,0.012779275639375625
1,0,1,0,0,0,1,3,2,0,1,0,53,87,0,3,1,0.8680296575178994
1,134,0,0,1,1,2,0,0,0,78,0,80,100,0,0,0,0.0709683268021922
0,37,0,26,0,0,0,13,0,0,16,3,40,74,0,2,0,0.9025385550086253
1,0,0,114,0,0,1,50,3,1,51,2,39,69,6,3,1,0.8719797058332383
0,41,0,37,1,0,0,8,0,0,37,0,80,100,0,0,0,0.3703179697006543
1,59,0,153,1,0,0,26,1,1,74,4,92,125,0,0,0,0.001570628423455137
1,165,0,0,0,0,0,0,0,0,12,1,63,100,10,1,0,0.3650280721421336
1,0,0,79,1,0,1,21,0,1,76,1,78,115,0,2,0,0.00580513915382263
0,13,0,0,0,0,0,0,0,0,7,4,54,82,0,2,1,0.9822297055912617
1,100,0,33,1,0,0,17,2,0,63,4,37,74,8,2,1,0.9564358392886115
0,228,0,272,1,0,3,31,0,0,83,3,38,86,0,0,1,0.8451909576782423
1,2,1,53,0,0,1,43,3,0,23,5,41,75,4,4,1,0.9744366555624028
1,126,0,175,1,0,0,56,4,0,62,0,80,100,0,0,0,0.25944933902866757
0,233,0,150,1,0,0,52,1,0,77,0,80,100,0,0,0,0.03834832278390126
1,62,0,0,1,0,0,0,0,0,40,4,80,83,0,2,1,0.975532924418045
1,44,0,0,0,0,0,0,0,0,37,1,58,90,0,2,1,0.7464815098234185
0,411,0,15,0,0,0,20,2,0,21,5,54,95,4,2,0,0.04773655821281201
1,262,1,118,1,0,4,30,1,1,91,2,51,84,4,3,0,0.21502731804611164
0,106,0,0,1,0,0,0,0,0,53,1,48,81,7,3,1,0.9601026736902468
1,202,1,93,1,1,3,26,0,1,96,1,54,94,13,1,1,0.061296823124196737
0,0,0,0,1,0,0,0,0,0,44,9,82,115,0,2,0,0.007308581214088433
1,203,0,13,0,0,0,8,3,1,13,0,80,100,0,0,0,0.383240339902457
0,203,0,0,0,0,0,0,0,0,100,0,80,100,0,0,0,0.008499701183510757
1,0,0,28,0,1,0,0,4,0,0,1,58,89,5,2,1,0.8259178913638932
1,47,0,0,0,0,0,0,0,0,10,6,79,112,0,2,0,0.018599325018953873
0,244,0,29,1,0,0,25,5,0,41,0,80,100,0,0,0,0.0034957339531420384
1,267,0,0,0,0,0,0,0,0,66,0,80,100,0,0,0,0.05725639268656426
1,0,0,14,0,1,2,22,0,0,28,0,80,100,0,0,0,0.0019082995537484818
0,233,0,57,1,1,0,32,1,1,84,0,80,100,0,0,0,0.0005330238329014744
1,0,0,0,0,0,0,7,0,0,4,3,56,88,14,1,1,0.9486639420369221
0,68,0,81,1,1,0,28,2,0,64,0,80,100,0,0,1,0.2938861141664829
1,135,0,190,0,1,1,2,1,0,34,0,77,110,0,0,0,0.020551131329526292
0,217,0,54,1,0,3,47,3,0,80,0,80,100,0,0,0,0.20705755636782297
0,131,0,98,1,0,1,0,0,0,77,2,47,87,14,5,0,0.5225905789012409
0,518,1,308,1,0,2,0,0,0,100,0,80,100,0,0,0,0.001431152140582797
1,242,0,112,1,0,0,13,2,1,56,1,70,106,1,1,0,0.06896029848210747
1,260,0,0,0,0,2,7,0,0,22,0,80,100,0,0,0,0.13426336271990813
1,301,1,82,1,0,3,9,0,0,68,3,36,67,16,3,1,0.9858443788158726
0,91,0,5,0,0,2,36,0,0,40,0,80,100,0,0,0,0.021955273896577754
0,0,0,0,1,1,1,4,2,1,31,7,80,95,0,6,1,0.8977012789049825
0,99,0,0,1,0,0,0,0,0,56,3,64,108,0,1,0,0.12396035535196093
1,0,0,0,0,0,0,13,4,0,0,0,80,100,0,0,1,0.7876783701601653
0,415,1,283,1,0,0,25,2,0,72,0,80,100,0,0,0,0.0016833860876016493
0,433,0,334,1,1,1,34,0,1,95,0,80,100,0,0,0,0.0025845303479933215
0,167,1,56,0,1,0,0,0,0,40,0,80,100,0,0,0,0.008524679575077701
0,8,0,1,1,0,1,12,1,0,29,0,66,105,0,2,0,0.2981660076513211
1,241,0,179,1,0,1,13,2,0,63,9,38,78,3,0,1,0.9868030362044138
0,428,0,144,1,1,2,20,2,0,71,0,80,100,0,0,0,0.03642107978804432
1,187,0,20,1,0,1,26,0,1,62,0,80,100,0,0,0,0.004892915724352459
1,545,1,215,0,0,3,0,0,0,73,3,57,88,0,0,0,0.10370686375974562
1,75,0,0,0,0,0,0,0,0,19,4,63,102,0,6,1,0.8643111461341869
0,111,0,124,1,0,2,6,0,1,65,0,58,89,0,4,0,0.2035094290503933
1,251,1,151,0,1,0,0,0,0,55,1,55,100,7,0,1,0.2945222540104704
1,0,0,0,0,0,0,0,0,0,0,0,63,111,1,0,0,0.015829785174508865
1,155,1,73,0,0,1,10,1,1,40,0,80,100,0,0,0,0.01933867303708887
0,266,0,0,1,0,0,0,0,0,42,4,51,83,0,8,0,0.35605058199511536
1,107,0,89,0,0,0,11,2,0,18,4,53,81,11,3,1,0.5875258076706841
1,131,0,39,0,0,1,0,0,0,44,0,80,100,0,0,0,0.1438059742642289
0,255,0,111,1,0,1,40,0,1,93,0,80,100,0,0,1,0.0048298668529107415
0,317,0,55,0,0,0,11,1,1,30,3,80,117,0,2,0,0.02901359257786438
0,99,0,0,1,0,0,9,2,0,26,0,80,100,0,0,0,0.03206494074022988
0,15,0,15,0,0,1,8,0,0,15,5,76,112,0,0,1,0.14293593828799225
1,123,1,78,0,0,0,36,1,1,39,3,27,69,5,2,1,0.898460368081131
0,203,1,69,0,0,1,17,2,0,31,0,80,100,0,0,0,0.14615158885653928
0,167,0,148,1,0,1,49,5,1,78,0,80,100,0,0,0,0.3895103248375968
1,341,0,77,1,0,0,24,4,0,45,3,73,114,0,4,0,0.0359242145041165
1,201,0,0,1,0,1,23,3,0,43,0,80,100,0,0,0,0.09065865129728969
1,98,0,0,0,0,0,0,0,0,23,0,80,100,0,0,0,0.0025059056916557796
1,0,0,29,0,0,0,0,1,0,3,1,75,102,0,0,0,0.01951428909740452
0,60,1,0,0,0,0,0,0,0,12,1,58,101,13,0,1,0.6221129639691872
1,98,0,52,1,0,0,12,2,0,34,0,80,100,0,0,1,0.23940000172710268
1,217,1,82,1,0,1,11,2,0,51,1,74,99,0,2,0,0.07998857817605544
1,239,0,0,1,0,1,0,0,0,88,1,66,104,1,0,0,0.005650784895729385
1,317,0,154,1,0,0,20,3,1,76,4,78,111,0,0,0,0.015471147842638634
1,45,0,103,0,0,4,17,1,0,31,0,80,100,0,0,0,0.19522717322565492
0,190,0,67,1,0,1,0,0,0,87,1,80,92,0,2,1,0.1509384076058302
0,240,0,0,1,0,3,0,0,0,93,8,73,118,0,1,0,0.023295806819933845
1,197,0,57,1,0,0,21,0,1,79,1,70,107,3,0,0,0.0288468829094168
1,143,1,127,1,0,3,32,0,0,86,1,80,80,3,3,0,0.09393457334886586
0,226,1,100,0,0,4,22,2,0,46,2,65,91,0,2,0,0.13920580736582713
0,180,0,95,0,0,0,8,6,0,11,1,45,77,9,0,1,0.9746391063621269
0,95,0,0,1,1,4,38,0,1,63,0,80,117,0,1,0,0.0007396543712039728
1,145,0,188,0,0,1,60,3,0,49,3,80,87,0,6,1,0.8247017795706831
0,98,0,0,1,0,0,0,0,0,61,4,84,107,0,0,0,0.004341990880774028
0,203,0,87,1,0,3,19,0,1,94,5,59,78,0,0,0,0.16496284500122846
0,114,0,0,0,0,1,20,2,1,26,3,69,99,5,2,1,0.14982879742175226
1,0,0,19,0,0,0,0,0,0,5,3,59,95,0,0,1,0.9815052117660171
1,0,1,112,0,0,0,63,2,0,39,2,32,68,8,7,1,0.9980758971584115
1,0,0,0,0,0,0,13,1,0,4,2,75,106,9,2,0,0.13075306694361957
1,90,0,0,1,0,0,0,0,0,60,0,80,100,0,0,1,0.6147927323055001
0,9,0,0,0,0,0,0,0,0,8,0,80,100,0,0,0,0.040623093423362976
0,173,0,17,1,0,2,0,0,0,53,0,80,100,0,0,0,0.16469616876614857
0,348,0,257,1,1,1,0,0,0,87,0,66,98,20,2,0,0.04071197272872481
0,209,0,0,1,1,0,0,0,0,45,12,50,91,8,0,1,0.37405755945676933
1,44,0,0,1,0,4,0,0,0,70,5,55,93,0,3,0,0.68627225630753
0,209,1,160,0,0,3,23,0,0,58,3,80,77,0,0,1,0.7451062229565315
1,60,0,0,0,0,0,0,0,0,4,3,59,74,0,3,1,0.9570395206018626
1,167,1,8,0,0,0,0,0,0,8,0,80,100,0,0,0,0.13192273149432276
1,41,1,44,1,0,0,0,0,0,44,1,66,99,5,1,0,0.03047302566913602
1,65,0,66,1,1,5,29,2,0,75,7,71,105,7,4,0,0.4062597577367809
0,380,1,317,1,0,1,13,1,0,71,4,59,98,0,3,0,0.07626186469698491
1,206,0,275,0,0,2,0,0,0,61,5,57,95,11,0,0,0.12601839853974633
0,24,0,87,1,1,0,27,6,0,52,8,49,81,2,6,1,0.9591587840757243
1,222,0,77,1,0,1,9,3,0,40,7,66,99,0,0,0,0.086089396148327
1,14,0,55,1,0,0,11,1,0,32,2,55,83,1,3,0,0.44964748452842396
1,0,0,54,0,0,0,0,0,0,24,0,80,100,0,0,0,0.12544545287744188
1,166,0,0,0,0,0,0,0,0,58,4,65,98,5,1,0,0.07577305186553704
1,381,1,83,1,0,2,27,0,0,76,0,80,100,0,0,0,0.00827321273248269
1,37,1,0,1,0,0,11,1,0,25,4,73,111,14,0,0,0.10006917162213771
0,173,0,119,0,1,0,16,2,0,35,3,38,83,0,6,1,0.9577901983922377
1,143,0,0,0,0,0,0,0,0,40,0,80,106,0,2,0,0.06702759771126324
0,255,0,0,1,1,4,0,0,0,100,0,80,100,0,0,0,0.048933358096053946
0,198,0,0,0,0,0,0,0,0,12,0,80,100,0,0,0,0.02409255594369895
0,294,0,167,0,0,1,26,1,0,57,4,41,83,0,4,0,0.2594928153032759
0,78,0,0,0,1,0,0,0,0,6,3,76,104,11,1,0,0.09987489346053308
1,250,0,0,0,1,0,0,0,0,21,5,80,110,0,3,1,0.2303798632659855
1,81,1,4,0,0,1,9,6,0,1,0,80,100,0,0,1,0.16027096600600874
0,106,0,0,1,0,4,0,0,0,81,1,75,113,0,1,0,0.006633407075600233
1,0,0,0,0,0,0,13,2,0,1,0,80,100,0,0,1,0.5601498395340916
0,325,0,177,0,0,1,27,0,1,72,0,96,125,0,0,0,5.178761810763393e-05
1,46,0,43,1,0,3,15,1,0,50,0,80,100,0,0,1,0.16479831517930074
0,467,0,180,1,0,4,19,0,0,79,6,80,77,6,2,1,0.8117885787172966
1,88,0,0,0,0,1,9,4,0,0,6,59,83,0,6,1,0.8030607834789901
0,203,0,95,1,1,1,11,4,1,48,5,80,93,0,3,1,0.7821559582517565
1,65,0,95,0,1,1,34,1,1,63,2,80,88,6,0,1,0.5001433606183301
1,178,0,132,1,0,0,15,1,0,52,4,70,114,4,2,1,0.15441730564120795
1,20,0,102,0,0,2,27,0,1,54,0,97,129,0,0,0,2.323281378951232e-05
0,232,0,26,0,0,1,13,1,1,33,1,85,117,1,0,0,0.05837244899995572
0,0,0,107,0,0,1,32,1,1,57,0,80,100,0,0,0,0.0027694289108519564
0,361,0,135,1,1,0,17,1,0,63,1,69,95,1,2,0,0.04237199815761582
0,140,1,36,1,0,1,6,2,1,49,0,80,100,0,0,0,0.17070221912738787
0,455,0,160,1,0,2,23,1,1,85,4,80,117,0,3,0,0.037075964161963994
1,111,0,161,0,0,0,29,1,0,46,0,80,100,0,0,0,0.0007696071498114325
1,164,0,0,0,0,0,0,0,0,34,2,80,97,0,4,0,0.2260742837702272
1,9,0,0,0,0,0,3,7,0,0,1,46,86,4,1,0,0.7289166773538727
1,70,0,28,0,0,1,0,0,0,26,4,80,84,0,1,1,0.9961841923614789
0,141,0,30,1,0,0,0,0,0,72,0,80,100,0,0,0,0.24524288014385234
0,278,0,183,1,1,5,39,0,0,83,1,36,67,0,1,1,0.8382732280623431
0,135,0,0,1,0,5,0,0,0,93,0,80,93,2,0,0,0.04090202186826488
1,73,0,62,0,0,0,0,3,0,3,1,67,95,4,1,0,0.09908505769934149
0,189,1,63,1,1,6,21,0,0,71,0,80,100,0,0,0,0.002562579676345751
0,124,0,0,1,0,2,0,0,0,46,0,80,100,0,0,0,0.027493068848693628
0,250,0,0,1,1,1,34,0,0,55,0,80,100,0,0,0,0.0016196077768085052
1,15,0,0,0,1,2,0,0,0,27,0,80,100,0,0,0,0.19525867853662712
1,194,1,33,0,0,3,14,5,0,38,0,80,100,0,0,0,0.08686528610998352
0,212,0,0,0,0,0,0,0,0,33,8,80,119,0,5,0,0.13216375923306492
0,116,0,0,0,0,0,0,0,0,39,0,80,100,0,0,0,0.042301310282916116
1,91,1,62,0,1,0,8,1,0,15,0,75,108,6,0,1,0.3375556140492043
0,62,1,73,1,0,0,0,0,0,56,1,80,97,0,0,0,0.0513519876755206
0,159,0,0,0,0,0,0,0,0,66,0,80,100,0,0,0,0.021217646627688626
0,162,0,0,0,0,0,0,0,0,31,2,43,83,0,2,1,0.3792276939767812
0,0,0,0,1,0,1,24,4,0,25,3,49,75,0,1,1,0.9381676106958908
1,118,0,0,0,0,0,0,0,0,31,0,80,100,0,0,0,0.005050408183192688
1,163,0,0,0,0,0,0,0,0,51,0,80,100,0,0,0,0.025194490377824626
0,247,0,0,0,0,0,22,1,0,20,1,63,99,0,2,1,0.5208924392686559
1,78,0,26,0,0,1,7,1,0,14,3,51,83,13,2,1,0.9760426467497679
1,196,0,179,0,0,2,0,0,0,65,0,57,97,3,0,1,0.5552156136476295
1,144,0,0,0,1,1,0,0,0,16,0,80,100,0,0,1,0.6369090619991253
0,72,0,0,0,0,0,24,1,0,15,0,80,100,0,0,0,0.002372340919332046
1,148,0,0,0,0,0,0,0,0,14,0,80,100,0,0,0,0.1687446463065885
0,239,0,169,1,1,1,0,0,0,88,0,80,100,0,0,0,0.0390890994638906
0,175,0,11,1,0,0,6,1,0,34,0,80,100,0,0,0,0.007468912849817125
0,58,0,50,1,0,4,26,0,0,54,2,72,104,10,1,0,0.014678055386322423
0,116,0,0,1,1,2,25,1,0,53,4,80,102,9,2,0,0.09136091489678792
0,333,0,0,0,0,0,0,0,0,76,4,51,90,4,3,0,0.3595290269901341
0,155,0,0,1,0,0,0,0,0,60,0,70,106,0,0,0,0.06704714754605574
1,244,1,58,0,1,0,28,2,0,40,3,62,101,0,3,1,0.4814095053814481
0,79,0,0,0,0,0,0,0,0,31,0,80,100,0,0,0,0.48092888783339927
0,71,1,72,1,0,0,14,0,1,79,3,62,102,0,0,0,0.013383626340390737
1,203,0,183,0,0,1,34,0,0,60,6,45,89,0,7,0,0.8543320061372783
1,489,1,289,1,1,0,20,0,1,85,2,53,95,0,3,0,0.09635416058497841
1,191,0,184,1,0,0,0,0,0,85,0,80,100,0,0,0,0.16298266542248557
0,28,0,0,1,0,0,0,0,0,47,4,58,102,3,1,1,0.8385248374620105
0,124,0,52,0,0,1,18,0,1,69,3,79,106,2,2,0,0.08680465261211226
1,110,0,127,0,0,1,22,2,0,49,2,61,91,2,3,0,0.16597533358116118
1,25,0,0,0,0,0,0,0,0,1,0,80,100,0,0,1,0.8523106003075055
0,582,0,171,0,0,5,30,1,1,73,2,80,103,1,0,0,0.004886583488461968
0,84,0,8,1,0,1,24,0,0,45,6,59,92,0,2,0,0.046789525134774586
0,400,1,325,1,0,2,32,0,0,86,0,80,100,0,0,0,0.000999657624318529
1,94,0,49,1,0,2,4,3,0,61,5,36,80,0,4,1,0.8430105172516523
0,155,0,0,1,0,4,29,2,1,64,0,80,100,0,0,0,0.0038711037415857744
0,38,1,32,1,0,0,4,5,0,14,1,80,73,4,0,1,0.9736955731509502
1,225,0,0,0,1,1,0,0,0,36,2,44,75,6,2,1,0.9490307245089167
0,127,1,16,1,0,0,33,0,1,70,0,80,100,0,0,0,0.0015777079185839047
0,78,0,0,1,0,3,0,0,0,87,4,55,94,2,1,1,0.10072392473427019
1,116,0,0,0,0,2,0,0,0,36,0,100,131,0,0,0,0.00017857507655483858
1,117,0,0,0,0,2,0,0,0,36,2,80,111,5,1,0,0.03795586572567262
1,0,0,5,0,1,0,8,6,0,0,0,80,100,0,0,0,0.26099542581080626
0,165,0,0,1,1,1,0,0,0,80,2,28,70,4,5,1,0.9800524222156081
1,81,0,44,1,1,3,16,2,1,73,0,81,114,0,1,0,0.0005108594142241024
1,78,0,188,0,0,0,40,1,1,55,0,80,100,0,0,0,0.21717600171166668
0,334,0,75,1,0,0,18,2,1,55,0,80,100,0,0,0,0.004187144109219486
0,298,0,147,1,0,1,52,1,0,69,0,80,100,0,0,0,0.011704945338484382
0,163,0,0,0,1,0,0,0,0,11,6,79,120,0,3,0,0.21882997178821934
0,95,0,83,1,0,1,0,0,0,90,4,40,62,1,0,1,0.618460620239852
0,34,0,73,1,0,2,0,0,0,58,1,80,86,0,4,0,0.2913810682554808
1,278,0,74,0,0,0,19,8,1,38,4,63,111,0,0,0,0.3169444159107405
0,78,0,0,0,0,0,0,0,0,49,8,49,76,0,1,1,0.848304836131094
1,289,0,0,0,0,1,0,0,0,37,0,80,100,0,0,0,0.02567775076859941
0,183,0,99,0,1,0,14,2,0,23,6,67,94,2,0,0,0.290260365024979
1,483,0,120,1,0,1,19,2,0,65,0,80,100,0,0,0,0.017414201418422898
1,193,0,0,1,0,1,0,0,0,78,8,80,81,8,4,0,0.4887301807013481
0,111,1,102,1,0,1,24,2,0,68,0,80,100,0,0,0,0.06830628567623223
1,0,0,7,0,0,1,8,3,1,11,2,81,115,4,1,0,0.06092166925784886
1,23,0,58,1,0,2,16,2,0,64,0,80,100,0,0,0,0.0841443394935693
1,27,0,24,1,1,0,26,2,0,45,2,80,88,9,1,1,0.5516399083527653
0,181,0,0,1,0,0,0,0,0,67,4,100,132,0,1,0,0.00045877792907506157
1,45,0,163,0,0,3,20,0,0,49,0,80,100,0,0,0,0.10732561442848537
1,51,1,8,0,0,0,10,4,0,0,4,85,113,0,7,0,0.03346421835925524
1,0,1,63,1,1,1,39,2,0,52,0,63,80,5,2,0,0.3680671004776679
0,194,0,0,0,0,0,0,0,0,21,0,80,80,4,6,1,0.9298350112183565
1,99,0,66,1,1,0,18,3,0,59,0,80,100,0,0,0,0.015517343682548205
1,151,0,16,0,0,0,29,1,0,18,0,80,100,0,0,0,0.012421158740262629
0,417,1,188,1,1,5,27,1,0,86,2,80,78,0,3,1,0.6514971931317354
1,343,1,221,1,1,1,0,0,0,91,2,60,91,5,1,0,0.424995433529627
1,345,0,236,1,1,2,24,0,0,82,4,80,78,0,0,0,0.1202138177042407
1,126,0,108,0,0,1,38,1,1,56,0,80,100,0,0,0,0.23113279749739332
0,512,0,284,1,1,2,0,0,0,100,0,80,100,0,0,0,0.0018351927309524032
0,378,1,309,1,1,3,39,0,0,90,0,55,93,0,2,0,0.06631091943290986
0,0,0,0,0,0,0,17,3,0,0,0,80,100,0,0,0,0.5338299693939522
1,2,1,60,0,0,1,13,4,0,18,5,86,109,3,2,0,0.0539880088842742
1,361,0,100,1,0,2,58,1,0,85,1,80,92,3,1,0,0.21723449743259254
1,135,0,0,1,0,1,0,0,0,65,1,80,66,9,0,1,0.9508767228166185
0,343,0,37,0,0,0,11,3,0,14,1,52,90,2,0,1,0.2347516425981156
1,186,0,12,0,1,0,14,1,0,11,0,53,90,1,3,1,0.7973711497886475
1,110,0,83,1,0,4,43,0,0,61,0,80,100,0,0,0,0.005840545731170317
1,269,0,314,1,0,3,0,0,0,92,2,42,89,4,2,1,0.9373136591416178
1,116,0,0,0,0,0,0,0,0,5,1,80,123,1,0,0,0.058546132736024874
0,177,0,57,0,1,0,26,2,1,37,3,69,105,0,1,1,0.10126193941213806
0,251,0,42,1,0,0,15,1,0,37,7,64,98,13,1,1,0.7318897100841435
1,0,0,454,0,0,0,36,0,0,45,10,39,74,19,2,1,0.9835088801779847
0,136,1,43,1,1,2,25,0,1,95,0,59,88,0,2,0,0.20718430292884848
0,0,0,12,0,0,0,20,4,1,15,4,78,110,0,3,0,0.0613026679870681
1,0,1,42,1,0,1,23,0,0,56,1,77,114,0,3,0,0.0043819440737221955
1,350,0,199,1,0,1,27,0,1,94,0,83,109,6,1,0,0.0022327439401806813
0,361,0,209,1,1,3,34,0,0,87,1,61,84,0,0,0,0.018135613138746447
0,253,0,62,1,0,2,12,1,1,60,1,38,68,0,5,1,0.9595069999712138
0,739,0,0,1,0,1,37,0,0,55,1,100,124,0,0,0,0.0003035999366343525
0,385,0,84,1,1,3,33,1,0,68,0,71,102,0,1,0,0.017686003747375043
1,80,0,74,0,0,0,15,5,0,29,0,80,100,0,0,0,0.6194317856047621
0,167,0,0,0,0,0,0,0,0,45,0,26,70,11,5,1,0.9871407077115922
0,94,1,102,1,0,0,12,0,1,56,2,74,104,0,0,0,0.020452884716672923
1,0,0,264,1,0,0,58,0,0,65,4,46,76,0,0,1,0.7773265565724709
1,113,0,63,0,0,1,17,2,0,24,3,68,94,0,2,1,0.7806011990609818
0,186,0,0,0,0,0,0,0,0,71,1,58,93,4,0,0,0.07586285320266183
0,205,0,102,0,0,2,20,0,0,48,0,80,100,0,0,0,0.011510202189425656
0,380,0,262,1,0,1,33,0,0,81,0,80,100,0,0,0,0.002310143201793838
0,223,0,0,0,0,2,0,0,0,44,0,80,100,0,0,0,0.004150128455870611
1,0,0,0,0,0,0,0,0,0,0,0,80,100,0,0,0,0.5616695106241185
0,21,1,0,0,1,0,20,0,0,13,0,80,100,0,0,0,0.02313660015122771
1,136,0,267,0,1,9,25,2,0,52,2,72,100,8,0,0,0.031790633237334553
0,330,0,0,0,0,0,0,0,0,100,0,87,130,0,3,0,0.0006319559525082801
1,78,0,119,0,0,2,0,0,0,60,1,80,90,2,2,1,0.5767280850561809
1,337,0,365,1,0,0,40,0,1,85,2,36,64,3,3,1,0.9191333418919663
0,38,0,22,1,0,2,26,1,0,47,1,80,115,0,1,0,0.00499288607775731
0,169,0,76,0,1,0,12,10,1,41,4,60,91,0,6,1,0.74120429947026
0,129,1,144,0,1,1,14,2,1,41,5,56,78,13,3,1,0.6235531751768284
0,0,0,23,0,0,1,16,1,0,23,0,80,100,0,0,0,0.07472512138516765
0,100,0,0,1,1,0,0,0,0,52,0,80,100,0,0,0,0.008563952502197436
1,252,0,0,1,1,1,0,0,0,76,4,80,83,0,2,1,0.9549503729577169
0,457,1,250,1,0,1,56,2,0,77,1,41,74,27,4,1,0.9509624515925829
1,128,0,0,0,0,0,4,4,1,6,0,80,100,0,0,1,0.6658847036701475
1,44,0,0,0,0,0,2,6,0,0,2,73,104,0,5,1,0.6041634155773253
0,165,1,139,1,1,2,28,2,0,75,0,54,96,6,2,0,0.09549994296825857
1,0,0,19,0,1,0,13,0,0,11,4,56,91,0,2,0,0.3830193687030695
0,0,0,46,0,1,0,14,0,0,23,1,66,96,4,1,0,0.12166440248801484
1,153,0,24,1,0,0,7,2,0,31,2,67,103,1,2,0,0.039145154976060054
1,47,0,64,1,1,3,11,7,0,32,0,80,100,0,0,1,0.1487820237349866
1,0,0,21,0,0,0,0,0,0,9,0,91,134,1,0,0,0.021015652471667964
0,0,1,70,0,0,1,20,2,1,49,3,32,64,9,6,1,0.9813441342198995
0,364,1,163,1,1,3,29,0,0,83,7,92,129,0,0,0,0.00945643244946768
1,92,0,59,0,1,3,17,1,0,44,3,64,91,3,3,0,0.020297410533856582
0,145,0,77,1,0,1,17,2,1,67,4,71,109,0,2,0,0.00870740172578245
1,45,0,0,0,0,0,0,0,0,9,4,80,82,17,2,1,0.9819875209291388
0,285,0,0,1,0,1,0,0,0,89,0,80,64,0,0,0,0.6709585745662782
0,224,0,79,1,0,2,28,1,0,73,5,80,80,0,3,0,0.35835361960759887
1,395,0,144,1,0,1,26,2,0,64,3,77,124,0,6,0,0.08903879928543594
1,171,0,75,0,0,0,19,0,0,30,0,58,99,4,1,0,0.19439084235187892
0,175,1,108,1,0,0,16,2,0,63,1,62,106,0,1,0,0.10956312980315633
1,0,1,71,1,0,1,22,1,0,63,1,52,88,7,1,1,0.7589255207020066
1,45,0,51,0,0,0,8,1,0,13,0,80,100,0,0,0,0.5768569917156553
1,67,0,40,1,0,1,0,0,0,46,0,80,100,0,0,0,0.6334979840094171
0,316,0,0,0,0,0,0,0,0,100,0,80,100,0,0,0,0.01513713848107829
0,144,1,147,0,1,2,22,0,0,48,0,80,100,0,0,0,0.030460647810436836
0,185,0,42,1,1,1,33,5,0,62,6,42,75,0,0,1,0.9068162363189608
0,102,0,127,1,0,1,36,1,1,88,4,88,105,0,1,0,0.0013773145016755014
1,103,0,122,1,0,0,8,2,1,52,0,80,100,0,0,1,0.24779343733392098
1,79,0,123,0,0,1,49,2,0,49,0,80,100,0,0,0,0.1597170251744959
0,298,0,22,1,1,1,8,1,0,45,3,39,72,0,3,1,0.8785007860156744
1,0,0,89,0,0,0,19,1,0,23,2,80,85,13,1,1,0.928772681083232
0,192,0,0,0,0,0,0,0,0,14,0,84,115,0,0,0,0.0034986841845410952
0,226,1,171,1,0,1,26,0,0,79,4,76,117,0,3,0,0.003913008363402466
0,430,1,307,1,0,0,39,0,1,90,0,80,100,0,0,0,0.00035794444591082374
1,123,0,38,0,0,1,20,1,1,49,0,80,100,0,0,0,0.047732439740610165
1,398,0,0,1,0,2,17,1,1,60,1,82,114,0,0,0,0.019557903050675583
0,38,0,0,1,1,2,10,1,0,37,0,80,100,0,0,0,0.13347591826400235
1,19,0,0,0,0,0,0,0,0,9,1,80,93,0,0,1,0.542436990610592
0,402,0,104,1,1,0,27,0,0,72,2,95,121,4,4,0,0.001314281864922539
0,247,0,0,1,0,5,0,0,0,98,1,79,110,4,2,0,0.0010623478268509047
0,112,0,0,1,0,0,9,1,0,25,0,80,100,0,0,0,0.0761559133255335
1,0,0,0,0,0,0,0,0,0,0,8,68,103,3,3,1,0.7835583154532225
0,343,0,0,0,0,6,0,0,0,46,6,62,95,5,2,0,0.7464485525847969
1,166,0,23,0,1,3,9,5,0,17,1,56,101,3,0,1,0.7164482114104961
1,226,1,198,1,1,4,42,0,0,86,10,33,64,13,4,1,0.9112315939967052
1,152,1,80,1,1,2,36,2,0,58,2,75,98,5,1,0,0.1468266388229687
1,0,0,0,0,0,0,0,0,0,0,0,80,100,0,0,0,0.18624597096334883
1,152,1,123,0,1,1,21,2,1,58,0,80,100,0,0,0,0.0038075285080873614
0,108,0,0,1,0,1,0,0,0,70,1,87,124,0,0,0,0.00022192517399975199
1,0,0,0,1,0,0,0,0,0,44,0,80,100,0,0,0,0.2522658504148821
1,132,0,0,1,0,4,0,0,0,49,9,87,120,8,3,0,0.02457848621272294
0,447,0,99,1,0,2,33,1,1,79,5,70,103,0,0,0,0.009664251424454928
0,293,1,276,1,0,0,45,0,1,88,2,48,78,5,2,1,0.38835146278221677
1,113,0,30,0,0,1,0,0,0,21,1,52,85,0,3,1,0.9044895834023704
1,136,0,0,1,0,0,0,0,0,71,1,72,99,6,3,0,0.01364529975327147
0,293,0,175,1,0,0,19,1,0,71,0,80,100,0,0,0,0.0018245444157608955
1,0,0,18,0,0,0,5,1,0,8,0,80,100,0,0,1,0.4219222373955469
0,82,0,74,1,0,1,64,1,0,57,11,49,77,0,0,1,0.9170805623795552
1,47,0,25,0,1,0,14,2,0,11,2,80,110,16,0,0,0.2969906710419618
1,60,0,26,0,0,0,0,0,0,8,1,58,98,10,0,1,0.25654482584035204
0,329,0,0,1,0,1,20,0,0,44,2,80,109,8,1,0,0.016304513247533986
0,222,1,37,0,0,1,0,0,0,25,0,80,100,0,0,0,0.0023368687747678386
1,171,1,98,1,0,0,26,2,0,50,0,80,100,0,0,0,0.0695373148020394
1,72,0,190,1,0,0,48,4,0,55,10,46,86,3,0,1,0.8309388221587501
1,47,0,39,1,1,0,18,1,0,47,1,59,98,1,0,0,0.03759561258934001
1,10,1,58,1,1,2,22,1,0,54,0,80,100,0,0,1,0.049050808538516344
0,16,0,0,0,0,0,0,0,0,15,2,70,103,0,0,0,0.012232074788097291
1,212,0,82,0,0,0,21,0,0,33,2,40,80,0,1,0,0.37922587361659754
1,6,0,84,0,0,0,22,5,0,12,4,39,90,4,0,1,0.8704248771454854
0,424,0,80,1,0,0,0,0,0,65,0,88,119,0,0,0,0.001106038689873166
0,28,1,41,1,0,3,25,0,0,69,4,80,104,0,3,0,0.06136138570932601
0,380,1,224,1,0,3,0,0,0,96,3,80,99,0,1,0,0.02027816524447339
0,39,0,0,0,0,0,0,0,0,34,6,48,89,10,2,1,0.8960586369955702
0,0,0,7,1,0,0,0,0,0,32,1,55,90,0,5,1,0.8543485184431324
0,280,0,192,0,0,1,16,0,0,57,4,92,131,5,1,0,0.00036092444376639997
0,346,1,226,1,1,5,0,0,0,100,6,80,112,0,3,0,0.05237131697818539
0,75,0,18,1,1,2,6,0,1,59,1,87,118,3,3,0,0.015385701102331579
1,115,0,124,1,0,0,7,0,0,45,0,80,100,0,0,0,0.13603382268068434
0,251,0,88,1,1,1,27,0,1,94,0,87,127,4,3,0,0.00012628660210145724
1,52,0,0,0,1,0,0,0,0,7,6,73,111,0,2,0,0.431221158089116
1,45,1,12,0,0,0,0,0,0,4,4,80,96,0,0,0,0.06736906749239155
1,0,0,13,0,0,2,8,1,0,18,5,50,84,7,4,1,0.9486090226717391
1,228,0,111,1,1,1,14,2,0,49,3,69,106,0,2,1,0.44774110306298914
1,138,0,0,0,0,2,0,0,0,41,3,80,108,0,5,0,0.44785177447601565
0,0,1,0,1,1,2,51,1,0,42,3,80,81,12,3,1,0.9101152832647357
0,80,0,0,1,1,1,0,0,0,64,0,80,100,0,0,0,0.0036297858559223525
1,127,0,30,1,0,0,4,4,0,18,2,68,119,3,4,0,0.09565664095279446
1,94,0,0,0,0,0,0,0,0,40,2,49,82,5,1,0,0.8960572609520876
1,134,0,97,1,1,0,10,2,1,64,0,80,100,0,0,0,0.08399663566034656
0,143,1,123,1,1,2,28,0,0,80,3,80,114,1,0,0,0.0011773578199148758
0,175,0,0,1,1,0,26,0,0,48,0,92,116,0,0,0,0.00016160439745844707
0,34,0,5,1,0,0,13,3,1,32,2,58,88,0,1,0,0.03855257479998123
0,83,1,162,1,0,2,31,0,1,92,0,80,100,0,0,0,0.0006792319331893423
0,313,0,0,0,0,0,0,0,0,88,4,57,96,3,1,0,0.026799970563260247
1,83,0,31,0,1,4,14,1,0,26,0,80,100,0,0,0,0.012642934652327954
1,41,0,0,1,1,0,0,0,0,47,0,80,100,0,0,1,0.646402966805092
1,59,0,0,1,0,0,0,0,0,49,0,80,100,0,0,0,0.32291630440096053
1,240,1,116,1,1,2,22,0,0,80,0,78,112,0,2,0,0.0008351415065939229
0,21,0,98,1,0,0,60,1,0,58,0,80,100,0,0,0,0.26213348220369925
1,9,0,0,0,0,1,0,0,0,13,4,31,67,2,2,1,0.9961926309565947
1,0,0,21,0,0,0,19,1,1,26,5,66,104,6,0,0,0.47118652299280456
1,240,0,281,1,1,1,52,0,0,78,0,80,81,5,3,0,0.665176999766843
1,143,0,0,1,1,3,0,0,0,81,0,80,100,0,0,0,0.11994532695218416
0,212,0,21,1,0,2,24,0,0,56,0,80,100,0,0,0,0.002891988224527786
0,39,0,8,0,1,4,18,2,0,22,0,80,100,0,0,0,0.07594603831510892
0,252,0,69,1,1,2,21,1,1,66,0,80,100,0,0,0,0.0024024521455235925
1,21,0,86,1,1,2,0,0,0,80,3,80,81,0,1,1,0.926111462575015
1,19,0,0,0,1,0,0,0,0,6,2,54,83,0,0,1,0.9462478503354439
1,36,0,2,1,0,0,0,1,0,19,0,80,100,0,0,1,0.6423804682147047
0,26,1,49,1,1,1,12,1,0,62,3,59,91,1,2,0,0.10218166411441612
1,36,0,0,0,0,0,0,0,0,8,3,62,96,9,2,1,0.6002453105161766
0,25,0,0,0,0,1,0,0,0,8,0,80,100,0,0,0,0.411183881825134
0,24,1,167,0,0,1,32,2,0,45,1,85,111,3,1,0,0.0040488050216253785
1,71,0,366,0,0,0,32,2,0,41,9,42,79,7,3,1,0.8614579626453079
0,105,1,65,1,0,4,3,0,0,48,0,71,117,0,5,1,0.6043211255792638
0,355,0,379,1,1,0,0,0,0,80,0,85,110,0,1,0,0.0032305183526615856
0,93,0,168,0,1,1,59,2,0,48,1,40,68,0,3,1,0.994953739464185
1,187,0,127,1,0,2,0,0,0,94,3,64,90,7,1,0,0.0986512031549245
1,0,0,111,1,0,0,57,0,0,65,5,36,78,1,0,1,0.9963541737767327
0,68,1,22,1,0,3,25,1,0,50,1,80,114,0,0,0,0.001798047560334514
0,504,0,42,0,0,0,38,1,1,44,2,72,105,9,6,0,0.015943668987230184
1,3,0,0,0,0,0,0,0,0,1,0,80,100,0,0,0,0.10188816181463041
1,124,0,35,0,0,0,2,5,0,0,2,80,92,1,3,0,0.17788167621957443
0,77,0,0,0,0,2,0,0,0,43,1,80,116,0,7,0,0.02144584912078861
0,145,0,0,1,0,2,11,1,1,49,0,80,100,0,0,0,0.014261073791346557
0,0,0,24,1,0,0,8,6,0,24,2,64,103,8,4,0,0.4257956159671243
1,14,0,61,0,0,0,16,2,0,34,1,54,89,8,1,1,0.8616537937170913
1,261,0,0,1,0,5,0,0,0,96,0,80,100,0,0,0,0.05311476141426408
0,247,0,277,0,0,3,34,0,0,62,0,80,100,0,0,0,0.003926029653585599
1,189,0,32,0,0,0,23,2,0,18,0,80,100,0,0,0,0.1681996275725583
0,0,0,36,1,0,1,28,0,0,61,0,80,100,0,0,0,0.027951925071941552
1,154,0,87,0,1,3,37,2,0,46,0,80,100,0,0,0,0.0029665610208202257
0,117,0,44,1,1,1,20,0,0,63,0,80,100,0,0,0,0.005815820839682559
1,139,1,0,0,0,4,15,1,1,30,2,66,95,0,1,0,0.256837095110046
1,48,0,19,0,0,0,1,5,0,0,0,80,100,0,0,1,0.7747609576313512
1,324,1,210,1,0,0,24,2,0,69,2,48,80,6,0,0,0.2511761728079105
1,172,0,24,0,0,0,9,3,0,6,3,44,67,0,2,1,0.9567277302537712
1,41,0,5,1,0,0,33,3,1,45,5,96,126,0,5,0,0.0010099044231730238
1,155,0,0,0,0,2,0,0,0,37,0,80,100,0,0,0,0.004104498353550814
0,0,0,0,0,0,0,0,0,0,0,0,80,80,11,2,1,0.7605208799005566
1,54,0,75,0,0,2,0,0,0,42,4,80,111,4,1,0,0.02367230107672329
0,137,0,32,0,0,2,3,0,1,34,0,76,112,10,4,0,0.0822311631121472
0,194,0,0,0,0,0,0,0,0,12,5,45,95,10,1,0,0.3296485290650055
0,0,1,40,1,1,2,24,3,1,59,0,80,100,0,0,0,0.0028835223618711913
1,35,0,31,0,0,0,0,0,0,16,1,80,80,0,3,1,0.9897344736977585
1,190,0,0,0,0,1,0,0,0,14,3,57,99,0,2,0,0.14489707867640414
0,155,0,0,0,1,0,0,0,0,17,0,80,100,0,0,0,0.07318494274459415
1,88,0,0,1,0,0,14,3,0,25,0,80,100,0,0,1,0.2865340331092888
1,98,0,0,0,0,0,0,0,0,23,1,61,94,0,4,1,0.6224160043947946
1,218,0,0,1,0,0,0,0,0,38,0,80,100,0,0,0,0.0006621342189517223
0,64,0,0,0,0,0,0,0,0,5,4,60,101,0,2,0,0.3479257096973652
0,78,0,0,1,0,0,0,0,0,35,0,80,100,0,0,0,0.00309325523307189
0,234,1,114,1,0,0,29,1,1,84,0,80,100,0,0,0,0.01643278717054276
1,202,0,49,1,0,3,17,0,0,68,0,80,100,0,0,0,0.002032283823683999
0,60,0,72,0,0,1,11,0,0,38,0,80,100,0,0,1,0.272546100798863
0,75,0,0,1,1,1,9,5,0,17,3,52,90,0,1,1,0.325770084861237
0,242,0,0,1,0,2,0,0,0,83,1,68,107,0,5,0,0.015534091946625438
1,170,0,173,0,1,0,26,3,1,51,1,72,105,5,2,0,0.030716005777870554
1,0,0,7,0,0,2,25,0,0,26,0,57,99,1,1,0,0.23247264368197168
0,482,1,275,1,0,2,0,0,0,99,0,80,100,0,0,0,0.022559625597040302
1,137,0,0,0,0,2,0,0,0,29,0,80,100,0,0,0,0.25930420939376025
1,263,1,234,1,1,0,17,0,0,67,4,80,73,10,1,1,0.9703190662098433
0,78,0,58,1,1,2,32,1,1,83,0,47,83,2,1,0,0.04435920508378712
1,69,1,82,0,1,2,23,3,0,29,3,72,101,4,3,0,0.39373765823920853
1,130,0,23,0,1,0,16,2,0,22,3,57,97,7,3,0,0.2593293936577445
0,78,0,0,1,0,2,0,0,0,84,6,80,110,3,3,0,0.003115266477121733
0,57,0,32,0,1,3,15,1,0,29,0,63,102,0,0,1,0.7013186320648515
0,66,0,31,0,0,0,24,1,1,47,0,80,100,0,0,0,0.00962188792751265
0,0,0,24,1,0,2,0,0,0,51,1,58,100,8,2,0,0.026326230678514796
1,143,0,89,0,1,0,12,2,0,35,3,49,97,4,10,0,0.39520983501638146
1,110,0,0,0,0,0,4,2,0,0,0,80,100,0,0,0,0.3898595330622758
0,115,1,193,1,0,3,47,1,0,79,9,40,73,0,1,0,0.8135751542823687
1,62,0,10,0,0,0,11,0,0,11,5,34,63,0,1,1,0.994846542037351
1,110,1,210,0,1,0,17,2,0,36,0,80,100,0,0,0,0.019003714038253856
0,45,0,0,1,0,1,0,0,0,62,0,80,100,0,0,0,0.19788204402732035
0,57,0,0,0,0,0,0,0,0,20,6,48,78,9,2,1,0.9052216939014769
1,80,0,0,0,0,2,0,0,0,30,5,76,113,0,0,0,0.011738096554676893
1,77,0,41,0,0,0,12,0,0,23,1,71,116,5,3,0,0.017657615144568147
1,231,0,59,0,0,2,18,0,0,55,4,80,97,0,0,0,0.013849780605221136
0,0,0,0,0,0,0,0,0,0,0,4,95,123,1,0,0,0.0008944343460759686
1,99,0,236,0,1,0,0,0,0,46,4,45,84,0,3,1,0.9633214562129727
1,190,0,8,0,0,2,19,0,1,36,1,82,118,0,2,0,0.009105876106739267
0,143,0,0,1,1,2,0,0,0,98,0,61,103,0,2,0,0.018252723371303386
1,402,0,0,0,1,0,0,0,0,31,2,30,90,2,0,0,0.07911503843902637
1,0,0,0,0,0,0,0,0,0,0,7,69,103,11,2,0,0.16973814672853668
0,45,0,94,0,0,1,21,2,0,37,1,78,113,3,1,0,0.022708888058201367
1,0,0,2,0,0,0,12,6,0,0,3,58,96,0,0,1,0.88050154353544
0,25,0,0,0,0,0,0,0,0,23,2,61,98,0,0,0,0.3713877660428738
1,121,0,15,1,0,1,4,1,0,44,4,32,75,7,4,1,0.9971557088369861
1,103,0,31,0,0,0,13,1,1,32,1,66,97,8,1,0,0.05657367034726251
1,87,0,109,1,0,1,27,6,0,49,0,52,85,0,1,1,0.7227851748711251
1,0,1,76,1,1,3,39,2,0,68,0,80,100,0,0,0,0.0015570184071575968
1,273,0,315,1,0,0,35,0,0,73,5,80,91,15,6,1,0.9240170832236091
0,104,1,81,1,0,1,30,5,0,55,0,80,100,0,0,0,0.04667307348503959
1,156,0,42,0,1,1,2,2,0,21,4,45,85,0,6,1,0.5485537282766784
1,14,0,0,0,0,0,0,0,0,3,4,73,104,6,1,1,0.36655937858223736
0,16,0,73,0,0,0,0,0,0,26,0,80,100,0,0,0,0.13098467031515298
1,60,1,0,0,0,0,4,3,0,0,0,80,100,0,0,1,0.8485633668510225
0,135,0,16,1,1,1,12,0,0,47,0,58,92,0,3,1,0.33097784213664894
1,210,0,0,0,0,0,11,3,0,7,0,80,100,0,0,0,0.07247157014551948
1,166,0,0,0,0,0,0,0,0,33,1,67,96,0,4,0,0.07169092569769421
0,211,0,0,0,0,2,0,0,0,38,3,73,93,1,1,0,0.03248870319027854
0,29,0,77,0,1,0,14,1,0,37,3,80,100,4,5,1,0.22138116283527076
1,170,0,21,1,0,0,13,3,0,39,1,75,115,0,1,1,0.3686317477044612
1,0,0,0,0,0,0,0,0,0,0,0,80,100,0,0,1,0.054532830320255
1,32,0,60,0,0,1,5,7,1,19,2,59,93,4,0,0,0.3465857037349971
0,106,1,100,1,0,0,25,1,1,63,0,80,118,3,0,0,0.015140226264116543
0,272,1,186,1,1,2,0,0,0,93,2,36,75,11,4,0,0.9301603517544427
0,10,0,62,1,0,1,7,0,0,43,5,57,85,13,3,1,0.9909330355660434
1,79,1,39,1,0,1,39,0,1,72,3,48,81,18,3,0,0.24339879241359538
1,180,0,58,0,1,0,24,2,0,37,0,80,100,0,0,0,0.004761489431922124
1,19,0,5,0,0,1,27,0,0,24,0,80,100,0,0,0,0.04814300989357661
0,50,0,15,1,0,2,13,3,0,31,3,78,116,0,0,0,0.06791672079832044
1,136,0,79,1,0,1,0,0,0,54,2,77,107,0,0,0,0.02421169785640301
0,107,0,19,0,0,0,34,0,0,38,0,80,100,0,0,0,0.01637597584092763
1,0,0,1,0,0,1,17,2,0,8,0,80,100,0,0,0,0.15971564708797328
0,361,0,214,1,1,4,0,0,0,100,0,80,100,0,0,0,0.0019496316036797133
0,26,0,0,1,0,0,0,0,0,50,2,65,98,1,1,0,0.03762227964133383
1,256,0,140,0,0,2,21,0,1,65,0,76,117,0,0,0,0.0013875030998228301
0,22,0,0,0,0,0,0,0,0,7,4,64,101,0,6,0,0.297478940040101
1,138,1,112,0,1,4,24,0,1,63,0,80,100,0,0,0,0.01098961808726308
1,52,0,0,1,0,1,0,0,0,68,0,80,100,0,0,0,0.007034681281163445
1,283,0,76,1,1,3,0,0,0,92,0,80,100,0,0,0,0.013697284653844663
1,514,0,0,1,0,0,21,4,0,33,5,68,106,4,3,0,0.13312056490182306
1,0,0,26,1,0,0,12,5,0,18,0,80,100,0,0,0,0.7122760216008667
0,121,1,75,1,1,3,16,1,0,77,1,85,115,2,0,0,0.04195204933470809
1,28,1,0,1,0,2,0,0,0,44,2,68,114,0,0,0,0.03866767477491101
1,73,0,0,0,0,0,0,0,0,6,0,80,100,0,0,1,0.5906897681285922
1,0,0,6,0,1,0,26,1,0,13,0,66,105,0,3,0,0.05611048023420292
1,0,0,0,1,0,1,20,1,0,32,0,62,109,0,1,0,0.06957600523466685
1,161,0,0,0,0,0,7,2,0,10,2,67,107,5,2,1,0.11614475594294338
0,418,0,72,1,1,1,25,0,1,78,0,80,100,0,0,0,0.01328196304828703
0,249,0,27,1,0,1,26,4,1,50,0,80,100,0,0,0,0.018767438498095344
1,29,0,13,1,0,0,18,5,0,22,9,69,98,0,2,1,0.43765916568941254
0,409,0,105,1,1,0,31,0,1,81,4,80,87,0,8,0,0.16374789028389947
1,0,0,0,1,0,0,4,1,0,19,0,80,100,0,0,0,0.20851787182763235
0,300,0,101,1,0,1,0,0,0,66,1,76,125,0,2,0,0.12887080443694365
0,397,0,0,1,1,1,0,0,0,84,1,58,95,1,2,0,0.2138896597256783
1,290,0,374,0,1,2,33,2,1,68,5,52,87,9,1,1,0.6449247257487393
1,47,0,29,1,0,0,9,8,1,31,1,81,109,1,4,0,0.04543432285455521
0,459,0,220,0,0,3,47,6,1,65,0,80,100,0,0,0,0.003466339142403897
1,0,0,117,0,0,0,34,4,1,40,5,39,76,0,1,1,0.9836141511736463
0,267,0,0,1,0,1,28,2,1,54,1,68,88,6,1,0,0.1585058970689132
0,275,0,4,1,0,2,17,2,0,44,0,80,100,0,0,0,0.00970709543447506
0,147,0,52,1,0,0,0,0,0,81,1,53,86,0,4,1,0.2545923428748309
1,9,0,10,0,0,2,0,0,0,16,3,80,85,6,5,1,0.6613435067476194
1,61,0,0,0,0,0,0,0,0,30,3,45,80,8,0,1,0.9897577054255162
0,82,0,12,1,0,1,0,0,0,51,12,80,70,19,2,1,0.9621208806539187
1,45,0,67,0,0,0,0,0,0,23,2,60,83,6,1,0,0.6935466413768637
1,306,0,6,0,0,2,22,2,0,26,1,80,77,8,3,1,0.9323397485835063
1,110,0,58,1,0,0,11,1,0,61,0,80,100,0,0,0,0.12667182569131935
0,362,1,0,1,0,0,31,0,0,46,1,80,96,3,3,0,0.18756845245168893
1,0,0,0,0,0,1,0,2,0,0,0,80,100,0,0,1,0.72801050421585
1,0,1,42,0,0,0,0,0,0,17,6,80,113,0,0,0,0.09161938756674813
0,274,0,139,0,0,4,17,0,0,61,1,69,98,1,2,0,0.024735493465591764
1,0,0,71,0,0,0,30,4,0,33,2,42,69,0,0,1,0.9736108185555257
1,88,0,0,0,1,2,0,0,0,28,0,80,100,0,0,0,0.1460733187924493
0,88,0,0,1,0,0,0,0,0,40,6,60,96,2,0,0,0.16474625343923124
0,0,0,19,0,1,1,8,1,1,19,0,80,100,0,0,0,0.015568715496646584
0,348,0,0,1,0,5,0,0,0,97,2,88,112,7,0,0,0.0015473811801338525
1,122,0,10,0,0,0,2,2,0,1,0,53,79,0,1,0,0.8718632933595077
1,105,0,94,1,0,3,53,0,0,83,0,80,100,0,0,0,0.0025090469607580122
0,115,1,113,0,0,2,20,1,1,69,2,57,92,0,2,0,0.02396557630969714
1,138,0,0,1,0,2,0,0,0,77,8,45,74,10,1,1,0.9810221803641639
1,121,0,0,1,0,2,16,3,1,45,0,88,118,4,3,0,0.004046092758274365
0,164,0,44,1,0,0,2,6,0,22,3,68,104,0,1,1,0.4784629862268377
0,0,1,23,0,0,1,15,0,0,16,2,66,94,8,1,1,0.8252569116979465
1,17,0,11,1,0,1,23,0,0,41,12,69,104,0,3,0,0.008172880679714358
1,51,0,83,0,0,3,26,4,0,44,0,80,100,0,0,0,0.15375237031778088
0,139,0,229,1,0,1,0,0,0,81,2,80,68,7,2,1,0.855218398273819
0,191,0,59,0,0,0,17,3,0,16,0,83,126,0,3,0,0.0007833588891492707
1,171,0,331,1,1,1,0,0,0,81,2,52,87,6,1,1,0.8698321528492345
1,250,0,199,1,1,0,30,1,0,73,1,46,79,1,0,1,0.46117428885104206
0,326,0,361,1,0,0,32,0,0,76,7,48,94,5,0,0,0.03928043140446971
0,547,1,143,1,1,0,30,2,1,76,3,39,74,0,1,1,0.43508084680181225
1,123,0,18,1,0,0,6,1,1,44,0,80,100,0,0,0,0.013225187288643952
0,141,1,36,0,1,2,57,0,0,42,2,45,77,0,2,1,0.5650848976925879
0,134,0,0,0,0,0,0,0,0,11,4,80,109,0,0,0,0.021608080200698362
1,52,0,37,1,0,0,14,3,0,27,1,51,98,2,0,0,0.17105458034937837
0,167,0,125,1,0,1,21,2,0,70,1,49,82,12,1,1,0.43602097385725264
1,42,0,0,0,0,0,0,0,0,36,0,80,100,0,0,0,0.013257541934988555
1,113,0,6,0,0,0,2,8,1,0,0,58,99,12,2,1,0.9576037789014655
1,11,0,68,0,1,2,15,0,1,52,8,58,86,14,2,1,0.7860921637979894
1,0,0,0,0,0,0,0,0,0,0,0,80,100,0,0,1,0.6376892209524221
1,111,0,34,1,0,0,26,1,1,59,0,80,100,0,0,0,0.05557759906278957
1,0,0,0,0,0,0,2,0,0,1,9,74,113,13,2,0,0.037438624186334216
1,464,1,145,1,0,0,0,0,0,78,3,51,98,0,0,0,0.2854367059606408
1,0,0,24,1,0,0,24,1,0,45,2,66,102,0,0,0,0.18936820965785012
0,460,0,259,1,1,3,26,1,0,84,4,41,65,0,3,0,0.7116159416199832
0,101,0,8,0,0,0,5,2,0,5,0,80,100,0,0,0,0.3607886848849285
1,145,0,19,1,0,1,14,1,0,47,0,90,120,0,0,0,0.009032973163084743
1,125,0,43,1,0,1,10,2,0,35,0,80,91,4,0,1,0.29391478445499114
0,67,0,0,1,0,1,0,0,0,68,8,36,73,0,2,1,0.9094618509510584
0,50,0,218,1,1,1,0,0,0,76,0,80,100,0,0,0,0.07894010177235869
0,28,0,0,1,1,1,0,0,0,60,0,80,100,0,0,0,0.005831138120747583
0,0,0,24,1,0,0,0,0,0,37,5,42,79,0,0,0,0.7001677573861009
1,23,0,19,1,0,0,0,0,0,38,0,72,114,12,3,0,0.2610596783629421
1,368,0,273,0,0,2,46,0,1,77,4,46,83,10,1,1,0.6805889750288135
0,0,0,41,0,0,0,1,2,0,1,2,37,74,0,0,1,0.9897498336040454
0,222,0,0,0,0,0,0,0,0,55,1,61,95,2,1,0,0.026193545047300343
1,0,0,21,0,0,0,11,0,0,11,0,80,100,0,0,1,0.3717547608970498
1,0,1,0,0,0,0,17,8,0,0,1,75,114,5,3,0,0.03752811812952092
0,154,0,376,1,0,1,15,2,0,61,0,80,100,0,0,0,0.07951774958319428
1,0,0,84,0,0,1,38,0,0,50,3,49,84,11,3,1,0.9445293326552103
1,564,0,0,0,0,0,0,0,0,100,0,80,100,0,0,0,0.0011452089365673824
0,235,1,99,1,1,4,29,1,0,79,0,80,100,0,0,0,0.0011614634273156039
1,20,0,59,0,0,1,58,3,0,44,0,80,100,0,0,0,0.07215048411782356
1,35,0,0,1,1,0,23,0,0,33,2,74,103,1,3,0,0.0013432894411722607
0,198,0,79,0,0,2,15,3,0,26,1,57,96,0,1,0,0.4806424137019938
0,185,0,60,1,0,3,32,0,1,93,1,67,111,0,2,0,0.011982665400031765
1,114,0,81,1,1,2,52,0,0,68,7,45,83,7,0,1,0.8076330959028473
0,7,0,71,1,0,0,0,0,0,44,5,55,91,0,0,1,0.9193306663245414
1,83,0,0,1,0,3,0,0,0,75,0,72,110,0,2,0,0.1439737554811906
1,123,0,118,0,0,1,17,9,1,32,3,62,95,2,2,0,0.3966409492191061
1,101,0,271,1,0,2,65,6,0,64,4,42,85,5,3,1,0.9827555827772462
0,498,0,337,0,0,0,27,2,1,62,0,73,109,2,5,0,0.0033018587809533905
1,37,0,33,0,0,1,35,1,0,26,0,80,125,0,0,0,0.014069313354739424
1,162,0,84,1,0,3,41,1,0,68,0,82,106,2,1,0,0.001601861345470991
1,246,0,188,0,0,1,0,0,0,57,1,90,119,5,3,0,0.0014997595821167103
1,28,0,35,1,0,1,0,0,0,56,5,75,103,2,1,0,0.08589953029564831
0,276,0,178,0,0,0,43,3,0,51,0,80,100,0,0,0,0.001105382367134013
0,126,0,18,1,0,0,0,0,0,52,1,77,105,0,2,0,0.007885359629790511
1,185,0,99,0,1,2,44,0,0,50,4,53,76,0,2,1,0.7163922946011253
0,232,0,53,1,1,2,25,1,1,88,0,80,100,0,0,0,0.008165808040466798
0,315,0,230,1,0,3,30,1,0,82,0,80,100,0,0,0,0.00702878489776167
0,219,0,0,0,0,0,0,0,0,46,0,80,100,0,0,0,0.038904014474690184
0,165,0,0,0,0,0,0,0,0,100,6,38,68,17,12,1,0.9710709265319727
0,0,0,0,0,0,3,31,3,0,16,1,46,89,4,5,0,0.23221428921451528
0,214,0,11,0,0,1,36,0,0,28,0,80,100,0,0,0,0.001569089241394792
0,39,0,0,0,0,0,0,0,0,3,0,80,100,0,0,0,0.009382505985714494
1,416,0,254,0,0,0,0,0,0,58,1,80,91,8,4,1,0.6260591764656376
1,0,0,2,0,0,0,0,0,0,1,6,80,103,2,2,0,0.3471783727040482
1,8,0,41,1,1,0,13,2,1,40,2,53,81,9,4,1,0.7134707122702705
0,314,0,0,1,1,4,0,0,0,93,3,46,83,5,0,1,0.6689665696434263
1,497,0,0,0,0,0,0,0,0,100,1,89,125,0,0,0,5.903247863385024e-05
0,124,0,0,0,0,0,0,0,0,17,2,80,91,4,3,0,0.6336852452542105
1,6,1,83,1,1,1,31,0,0,55,0,80,100,0,0,0,0.0019333491464825253
1,13,0,21,0,1,1,1,11,0,0,2,74,98,13,2,1,0.7225234203113737
1,87,0,0,0,0,0,0,0,0,20,2,57,91,5,1,0,0.6854443722983077
1,17,0,34,0,0,2,11,3,0,13,0,80,100,0,0,0,0.057671246393538066
0,139,0,80,1,1,1,0,0,0,93,4,36,83,0,1,1,0.9223216689161453
1,61,0,0,0,0,0,0,0,0,11,7,40,74,0,1,1,0.9623057595680193
0,189,1,165,1,0,6,41,4,0,71,0,73,110,0,2,0,0.0022096481759962846
0,143,0,133,1,0,2,33,0,0,83,7,45,78,9,1,0,0.6638073243940268
0,90,0,74,1,0,0,8,2,0,36,0,85,114,3,0,0,0.033892753003767935
0,34,0,0,1,0,1,0,0,0,58,3,75,104,6,0,0,0.005955540934926006
0,338,0,73,0,0,4,23,0,1,66,2,53,90,3,1,1,0.36710972409462944
0,349,0,87,1,1,4,17,1,0,60,0,58,102,11,3,0,0.08192856567729023
1,195,1,47,0,1,1,17,4,0,22,0,59,90,0,0,0,0.12219374179712034
0,152,0,45,0,0,1,14,2,0,19,0,80,100,0,0,0,0.024006472050716775
1,134,0,112,1,1,1,3,1,0,47,0,46,89,0,2,1,0.8923020827562252
0,122,0,0,0,0,0,20,0,0,16,2,77,106,0,0,0,0.22868861343324998
1,180,0,53,1,1,0,0,0,0,78,0,80,100,0,0,0,0.04230757878472264
1,129,0,112,0,1,0,26,0,0,38,0,69,100,3,3,0,0.0373835106751447
1,105,0,51,0,0,0,0,0,0,24,0,80,100,0,0,0,0.1403189095744919
0,637,0,0,0,0,0,0,0,0,100,8,76,102,0,1,0,0.0014741314082175932
1,257,1,203,0,0,0,14,0,0,52,0,80,100,0,0,0,0.003902236854049549
1,142,0,9,0,0,0,5,5,0,0,0,80,100,0,0,0,0.33329086294680393
0,71,0,0,0,1,3,0,0,0,27,7,82,114,0,4,0,0.008361476546620682
1,154,0,33,1,0,6,33,1,1,64,1,66,91,0,2,0,0.24778821031960246
1,141,0,26,0,0,0,0,5,0,0,0,80,100,0,0,1,0.813266182265019
1,84,0,0,0,0,8,0,0,0,31,3,72,101,0,2,0,0.017108452110954606
0,177,0,158,1,0,0,36,0,0,69,3,80,71,0,5,1,0.9779001487375896
0,0,0,26,1,0,2,6,0,0,49,4,80,90,0,2,1,0.9767404034810033
0,74,0,87,1,0,1,39,2,0,73,6,35,72,0,6,1,0.9916840905543236
0,193,0,0,1,0,1,0,0,0,68,0,80,100,0,0,0,0.1685278665167294
0,130,0,0,0,0,0,0,0,0,94,0,80,100,0,0,0,0.058201046845475654
1,0,0,0,0,0,0,0,0,0,0,0,80,100,0,0,1,0.151568676423532
0,204,0,0,0,0,1,0,0,0,39,6,60,94,14,3,1,0.3555001478660567
1,6,0,84,1,0,0,36,0,1,76,4,50,81,13,2,0,0.4834445222932166
0,60,0,55,1,0,1,35,0,0,58,1,80,89,0,3,0,0.5805090406893421
0,110,0,104,0,0,1,26,3,1,41,2,70,105,2,0,0,0.020073641838188196
0,0,1,13,1,0,0,4,1,0,27,6,36,85,0,2,1,0.9061927281757851
0,249,0,60,1,1,1,30,1,0,64,0,80,100,0,0,0,0.0021870109303238875
0,6,0,16,0,0,3,6,4,0,13,0,80,100,0,0,1,0.13254301554128717
0,25,0,8,1,0,0,12,4,0,20,3,50,92,3,3,1,0.713333596619729
0,24,1,186,1,1,0,23,0,0,63,1,80,95,0,1,0,0.08449298038237264
1,118,0,64,0,0,0,16,3,0,17,3,66,108,12,3,0,0.500589592753881
1,0,0,0,0,0,0,0,0,0,0,1,63,89,13,1,0,0.9018771237253171
0,70,0,44,1,0,0,18,1,1,68,0,70,101,0,0,0,0.016375325577473912
0,423,0,170,1,1,9,0,0,0,65,10,58,100,8,1,1,0.24202744193964618
1,116,0,0,0,0,2,0,0,0,34,0,80,100,0,0,1,0.9392049175286247
0,86,0,60,0,0,0,10,5,0,10,5,51,88,0,1,0,0.924895134003725
0,224,0,0,0,1,0,0,0,0,28,1,80,109,5,0,0,0.0704180574709816
1,29,0,0,0,0,0,0,0,0,3,2,80,87,0,2,1,0.9352848722523838
1,395,1,223,1,1,1,17,3,0,68,2,84,105,1,3,0,0.005042909920916886
1,562,0,153,0,1,1,33,0,0,61,1,54,86,0,0,0,0.13790154884413303
1,370,1,102,0,0,0,20,2,0,43,0,61,102,2,2,0,0.03338664318285469
1,341,0,109,1,0,0,18,3,1,55,10,71,111,0,1,0,0.054922534092754674
0,238,1,127,1,1,2,26,0,0,86,4,42,69,4,3,1,0.8771278105604277
1,82,0,0,0,1,1,10,4,0,3,0,80,100,0,0,0,0.32074722649893034
1,247,0,216,0,1,5,32,0,1,76,0,80,100,0,0,0,0.0004764027914686858
0,320,1,138,1,1,1,21,2,0,63,2,66,104,13,0,0,0.01344995899786817
0,412,1,151,0,1,2,24,0,1,77,3,58,85,0,0,1,0.11333323066419128
1,109,0,23,1,0,1,17,3,0,38,6,51,91,0,1,0,0.4081176236660104
0,213,1,165,0,0,3,18,2,0,53,1,52,88,5,1,1,0.6116475171341682
1,47,0,36,1,0,1,6,2,1,41,0,80,100,0,0,0,0.3549772769917147
1,44,0,0,0,0,5,0,0,0,26,0,80,100,0,0,0,0.009465737809583577
1,43,0,0,0,0,0,0,0,0,6,5,64,103,0,2,0,0.38337186583241134
1,111,0,255,1,0,1,50,1,0,71,6,51,75,6,3,1,0.9484063436418597
0,26,0,104,1,1,1,0,0,0,69,1,49,78,0,5,1,0.8926054097212311
0,191,0,29,1,0,0,0,0,0,55,5,32,70,0,5,1,0.9850381581779186
0,61,0,9,1,0,1,28,1,0,52,0,80,99,0,0,0,0.0009500918524440865
1,0,0,23,0,0,1,0,0,0,24,0,80,100,0,0,0,0.5238313474645768
1,0,0,0,0,0,0,11,1,0,2,6,58,84,6,0,1,0.4419548148342629
1,100,1,69,0,1,1,18,0,1,66,4,40,65,0,2,1,0.8694656477228628
1,97,0,0,1,0,4,0,0,0,94,1,80,91,4,1,0,0.12209772834830078
0,58,0,63,1,0,3,23,0,1,89,1,80,128,8,0,0,0.004154413048980986
1,1,0,0,0,0,0,0,0,0,1,6,45,77,4,3,1,0.9727003298739886
0,50,0,101,1,0,0,3,3,0,43,1,89,132,0,0,0,0.005861666674996312
1,0,0,4,0,0,0,2,2,0,0,1,80,107,3,1,0,0.036081857913972414
1,7,0,134,0,0,1,12,6,0,18,0,60,90,4,2,1,0.6547782198573989
0,33,0,0,0,0,0,0,0,0,12,0,80,100,0,0,0,0.006856814561428959
1,114,0,71,0,0,1,15,3,0,17,4,80,92,1,3,1,0.8776854640761323
1,0,0,79,1,0,1,0,0,0,49,0,80,100,0,0,1,0.2928384119511512
0,191,0,81,1,0,3,32,1,1,96,0,80,100,0,0,0,0.0025531735026311235
1,0,1,60,0,0,1,18,1,0,33,2,27,67,21,2,1,0.9861813736790678
0,50,0,22,1,0,1,27,2,1,53,0,75,99,6,1,0,0.001842712569015401
0,280,0,0,0,0,0,0,0,0,60,5,66,95,5,0,0,0.17464182916872759
0,118,0,204,0,1,2,0,0,0,61,5,80,102,0,1,0,0.04934636162346813
0,55,1,136,0,0,1,0,0,0,58,0,80,100,0,0,0,0.0012606795496881095
1,178,0,0,0,0,1,0,0,0,23,5,96,124,0,3,0,0.0004136600107375748
1,231,0,0,0,0,0,0,0,0,100,3,80,93,0,2,1,0.9633920910666344
0,124,0,56,1,0,0,15,2,0,39,2,67,94,14,1,0,0.8125144058310618
1,123,0,40,0,0,1,17,0,0,34,1,76,111,1,0,0,0.006781875901170324
1,0,0,6,1,1,1,0,0,0,36,0,80,100,0,0,0,0.005698039864357987
0,144,0,117,1,0,0,27,0,1,67,2,43,79,0,1,0,0.6996871317631911
0,95,1,62,1,0,0,31,0,0,46,1,65,97,0,2,0,0.00918250864789045
0,74,0,50,1,1,2,34,1,0,54,0,80,100,0,0,0,0.00036896317305549315
0,119,0,109,0,1,5,1,6,1,30,0,78,110,4,1,1,0.05224516333888788
1,49,1,33,0,0,0,27,0,0,40,1,59,110,0,6,0,0.014320383647931157
0,95,0,0,0,1,0,0,0,0,32,0,56,83,3,1,0,0.10985147347167401
1,61,0,0,0,0,0,0,0,0,25,2,68,105,0,1,1,0.09699718217179362
1,186,0,4,0,0,2,15,1,0,28,6,55,97,9,2,0,0.1295697722147717
0,160,0,7,1,0,0,0,0,0,54,1,81,108,0,0,0,0.28081138985969767
0,40,0,0,0,1,0,0,0,0,4,0,80,100,0,0,0,0.30046384511581814
1,295,0,91,1,1,3,0,0,0,95,0,74,112,6,0,0,0.14536975818475834
0,550,0,125,0,1,2,31,1,0,62,9,62,84,0,4,0,0.06138429945817782
0,180,0,0,0,0,2,0,0,0,56,0,47,85,1,0,1,0.46657152484268877
0,148,1,50,0,0,2,0,0,0,42,2,50,79,21,8,1,0.9751804267218503
0,79,0,94,1,0,1,27,2,0,63,5,80,76,0,0,0,0.05879701906025118
1,164,0,0,0,0,0,0,0,0,13,4,62,95,10,1,1,0.7786452026379328
0,0,0,0,0,0,0,0,0,0,0,2,80,78,15,1,0,0.6133358568943954
1,106,0,0,0,0,0,0,0,0,58,0,80,100,0,0,0,0.015607673169534
0,534,0,340,1,1,2,17,0,1,94,1,69,110,0,0,0,0.022364965310734865
0,305,0,0,1,0,3,0,0,0,90,3,69,95,0,0,0,0.020640628749113838
1,194,1,207,0,1,0,0,0,0,49,0,80,100,0,0,0,0.10532077758782324
1,521,0,0,1,1,2,0,0,0,100,1,77,103,0,1,0,0.0009530088780391332
0,124,1,153,0,0,2,24,1,0,55,0,80,100,0,0,0,0.012215946272860814
0,425,1,20,1,0,1,0,0,0,56,3,35,74,15,5,1,0.9588067395191922
0,108,1,65,1,1,3,27,0,0,64,4,66,101,1,2,0,0.05040839978708282
1,353,0,0,0,0,0,0,0,0,94,2,37,73,4,4,1,0.9196730115156825
0,129,0,39,0,0,2,19,2,1,34,0,80,100,0,0,0,0.011388726800486554
0,523,0,0,0,0,0,0,0,0,100,6,92,127,0,1,0,0.0003994476876363595
1,111,0,76,1,0,0,23,1,0,74,2,60,103,0,1,0,0.017021874597828036
0,56,0,34,0,0,1,23,0,1,34,0,42,85,0,1,0,0.1281649432976379
1,91,0,25,1,1,1,21,4,0,39,4,48,88,11,1,1,0.5474891508609442
0,85,0,0,0,0,0,0,0,0,30,0,80,100,0,0,0,0.0015140611460336061
1,52,0,79,0,0,1,0,0,0,41,9,80,99,5,8,1,0.7850424945693175
1,121,0,84,0,0,0,0,0,0,36,3,75,109,1,2,0,0.0390075707954884
0,0,1,0,0,0,2,37,2,0,19,2,80,86,11,0,1,0.46628879998480505
0,99,1,166,1,0,0,19,1,0,59,0,80,100,0,0,0,0.007127645852711541
1,99,0,248,1,1,1,31,0,1,84,5,45,82,0,3,1,0.9523217731909057
0,260,0,71,1,1,3,33,0,0,65,0,80,103,1,3,0,0.0028420068471782917
1,145,0,0,1,0,1,0,0,0,77,0,80,100,0,0,0,0.011043042620252186
0,300,0,9,1,0,6,15,0,0,48,0,80,100,0,0,0,0.0004636704164803404
0,12,1,49,0,0,3,29,2,1,36,2,47,83,6,0,1,0.823223879453631
0,223,1,203,1,0,2,39,0,0,80,5,52,87,14,2,1,0.4804252457110269
1,75,0,103,0,0,0,24,0,0,44,3,61,91,5,1,0,0.4170310493852587
0,278,0,0,1,1,0,0,0,0,68,0,33,75,0,0,1,0.4991917437541537
1,145,0,0,1,1,0,0,0,0,41,2,80,108,0,3,0,0.008284724870659685
1,197,0,23,1,0,0,18,2,1,45,0,80,100,0,0,0,0.04542320670508121
0,325,0,157,1,0,0,27,0,0,78,6,48,97,6,4,0,0.4810339411119548
0,253,0,9,0,0,1,15,1,0,20,0,80,100,0,0,0,0.19694625925616144
1,134,0,27,0,0,2,9,2,0,19,4,83,113,8,0,0,0.12671232973477173
1,0,0,70,1,0,0,10,3,0,30,0,85,118,7,0,0,0.06814676588503409
1,278,0,95,0,0,0,5,1,0,22,1,62,98,0,2,0,0.638329414770878
0,321,1,92,1,0,0,18,3,1,59,3,80,82,2,1,1,0.2873583368994076
0,154,1,97,0,1,3,15,1,1,43,8,41,85,0,1,1,0.9459397343058865
0,70,0,0,1,0,0,0,0,0,54,0,86,120,6,0,0,0.08388692337183724
0,120,0,0,1,0,0,7,6,0,15,0,80,100,0,0,1,0.7718229250952506
0,0,1,42,0,0,1,21,0,1,54,0,80,83,5,3,1,0.47245667513066386
0,220,0,331,0,1,1,16,3,0,41,1,86,117,0,0,0,0.002115125790014654
0,42,0,36,1,0,0,16,0,1,67,0,80,100,0,0,0,0.022718675589577877
1,64,0,0,0,0,1,0,0,0,28,0,80,100,0,0,0,0.18358210211766032
1,28,0,0,0,0,0,0,5,0,0,4,63,92,5,1,1,0.8148017116764819
0,184,0,0,0,0,0,0,0,0,12,3,81,107,8,3,0,0.334859032130959
1,218,1,100,1,0,4,34,3,0,58,12,72,111,11,3,0,0.07192836501210759
1,0,0,124,0,1,3,0,0,0,53,0,80,100,0,0,0,0.24187045653328604
1,146,0,85,0,0,0,0,0,0,24,0,80,85,0,2,0,0.49635661332449776
0,39,1,72,1,0,2,16,1,0,62,4,80,103,0,1,0,0.09820722374521357
0,159,0,0,0,0,0,0,0,0,33,0,85,121,4,1,0,0.006109250757992032
0,0,0,24,0,0,1,23,2,1,26,0,65,111,0,0,0,0.16422895910924046
1,237,1,30,0,0,0,0,0,0,22,1,50,93,7,3,1,0.8705785917001039
0,187,1,85,1,0,4,0,0,0,100,1,80,101,0,0,0,0.0792229112622861
0,0,0,78,1,1,4,9,2,0,59,2,89,126,0,2,0,0.0034335233609537543
1,141,0,42,0,0,0,0,0,0,29,3,80,116,5,3,0,0.043309614336523895
0,293,0,0,0,0,3,0,0,0,40,0,80,100,0,0,0,0.005270407643885055
0,225,0,64,1,1,0,37,1,0,73,0,80,100,0,0,0,0.0006473816156060471
1,2,0,0,0,0,0,0,0,0,0,0,80,100,0,0,0,0.3465485087567342
0,65,0,0,0,0,0,1,1,0,0,0,80,100,0,0,0,0.10983620166063016
0,236,1,115,1,1,2,26,1,0,74,3,54,85,4,3,0,0.1589594361905267
1,69,0,47,1,0,2,23,0,0,51,5,53,93,0,1,1,0.8161277671109699
1,0,1,33,0,0,3,0,0,0,24,0,65,99,7,2,0,0.09508367665829327
0,213,1,190,1,0,0,17,4,0,56,6,80,70,7,1,1,0.84824046205842
1,100,0,24,0,0,0,0,1,0,5,0,80,100,0,0,0,0.5652538432980533
1,192,0,49,1,1,1,8,2,1,47,0,80,100,0,0,0,0.2238240961456162
1,402,0,0,0,0,3,0,0,0,55,0,80,100,0,0,0,0.025117615585899738
1,0,0,0,0,0,0,15,3,1,9,2,82,116,0,1,0,0.03770077701638458
0,41,0,0,0,0,0,0,0,0,5,0,80,100,0,0,0,0.6368832369932804
0,64,0,0,0,0,1,19,4,1,17,2,80,80,0,8,1,0.9488832140462774
0,180,1,67,1,0,1,31,0,0,76,5,80,89,4,0,1,0.8421543090820467
0,279,1,321,1,0,1,0,0,0,85,3,46,87,9,2,1,0.55529673491116
1,118,0,93,0,0,0,12,2,0,17,0,80,100,0,0,0,0.5105666824094256
0,238,0,0,0,0,0,0,0,0,80,1,80,114,0,2,0,0.010912849640368955
1,357,0,193,1,0,2,24,1,0,80,0,43,78,7,2,1,0.8016636628983467
0,90,0,51,0,1,4,21,0,1,48,1,59,90,4,0,0,0.06976227264988859
1,168,0,66,1,0,1,40,1,1,81,12,48,81,16,1,1,0.8490259020093267
1,98,0,9,0,0,0,9,3,0,5,0,76,108,4,0,0,0.028779652495601257
0,51,0,35,1,0,2,34,2,1,58,1,82,122,0,1,0,0.004973551395486541
1,16,0,61,0,0,2,0,0,0,52,1,80,91,0,2,0,0.13696426850215443
0,61,0,0,0,0,1,3,0,0,11,3,80,109,9,0,0,0.13031199978226277
1,73,0,3,1,0,0,3,4,0,19,0,80,100,0,0,0,0.6840117273691638
0,272,0,62,1,0,0,11,6,0,35,3,53,90,3,1,1,0.608507174075688
0,19,1,0,1,0,1,10,0,1,43,3,80,96,0,0,0,0.0297298477831758
0,99,0,0,1,1,0,0,0,0,53,0,80,100,0,0,0,0.0015202361334558283
0,419,0,165,0,0,1,24,0,0,52,0,80,100,0,0,0,0.019922678040387224
1,80,0,0,0,0,0,0,0,0,22,6,59,103,0,3,0,0.17173099410462808
0,187,0,32,0,0,0,34,0,0,52,0,100,130,0,0,0,0.00022953629891133586
1,128,0,0,0,0,0,0,0,0,28,2,80,127,0,3,0,0.04385612584076149
1,289,1,192,0,1,1,14,0,0,50,2,77,106,6,1,1,0.013846907157572386
1,247,0,66,0,0,1,4,1,0,27,0,80,100,0,0,1,0.4323894361177935
1,0,0,0,1,0,0,0,0,0,44,7,58,90,0,4,1,0.9054021632254542
1,0,0,0,0,0,0,0,0,0,0,4,80,106,4,0,1,0.4160162948169548
1,235,0,21,0,0,1,3,3,1,19,0,84,115,1,0,0,0.0041472574551424885
0,188,0,0,1,1,2,0,0,0,96,0,80,100,0,0,0,0.014334670229808756
0,66,1,10,0,0,0,14,1,0,17,0,80,100,0,0,0,0.01186254668417315
1,144,0,89,0,0,1,0,0,0,66,0,33,64,0,4,1,0.9913274323757074
1,274,0,0,1,0,1,23,1,1,53,6,80,107,0,1,0,0.0307937554487883
0,153,1,158,0,0,3,30,1,0,67,3,80,125,4,1,0,0.00026837566797169955
0,19,0,30,0,0,0,22,1,0,20,1,79,108,0,1,0,0.01801592807536639
1,0,0,23,1,0,0,0,0,0,43,3,78,101,0,0,0,0.21747634562991552
0,19,0,100,1,0,2,0,0,0,62,4,80,85,0,1,1,0.8297435170012667
1,131,0,0,1,0,1,0,0,0,89,5,62,99,5,0,0,0.28503427476858095
1,293,1,130,1,1,2,18,0,0,66,1,77,115,0,3,0,0.006611523946668808
0,290,0,111,1,0,5,0,0,0,100,6,80,106,19,5,0,0.04449942560604106
